['CC(C)=CCCC(C)=CCCC(C)=CCCC(C)=CCCC1(C)C=Cc2cc(O)ccc2O1',
 'O=C(NC1CCCC1)C(c1c(F)cccc1Cl)N(C(=O)c1csnn1)C1CC1',
 'NC(=O)C1CCN(c2nc(-c3cccc(Cl)c3)cs2)CC1',
 'CCCCCC=CCCCCCCCCCCC(=O)O',
 'C#CC(O)C(C)C1CCC2C3CC=C4CC(O)CCC4(C)C3CCC12C',
 'Cc1nc(NC(C)c2cccc(C#N)c2)cc(-c2ccc3ncsc3c2)n1',
 'O=C(NCc1ccccc1O)Nc1nc(-c2ccncc2)cs1',
 'CCC(C(=O)C(C)C(O)C(C)CCc1c(N)cc(C)c(O)c1C(=O)O)C1OC(CC)(C2CCC(O)(CC)C(C)O2)CC1C',
 'COc1ccc(CN2C(=O)c3cc(OCc4ccccc4)cc4c3c2cc2cc(OC)c(OCc3ccccc3)c(OC)c24)cc1',
 'c1nncc2c1CC1CCC2N1']
f1 shape: (10,)
f2 shape: (10,)
2025-06-12 17:41:42,193 - INFO - Initial objectives:
[[6.53594771e-02 1.35335283e-01]
 [1.62790698e-01 1.00000000e+00]
 [9.16666667e-02 1.00000000e+00]
 [9.40170940e-02 3.35462628e-04]
 [1.34920635e-01 3.35462628e-04]
 [3.47222222e-02 3.35462628e-04]
 [4.54545455e-02 1.35335283e-01]
 [1.70886076e-01 1.35335283e-01]
 [4.59183673e-02 1.26641655e-14]
 [7.00000000e-02 1.35335283e-01]]
2025-06-12 17:41:43,881 - INFO - Precomputed 10000 Morgan-fps in 1.688s
2025-06-12 17:41:44,829 - INFO - 
--- Iter 0 (train size (10, 2)) ---
2025-06-12 17:41:44,829 - INFO -  Inferred reference point at iter 0: [0.021105836849507738, -0.09999999999998607]
2025-06-12 17:41:44,830 - INFO -  Scoring full pool: 9990 candidates
2025-06-12 17:41:46,114 - INFO -  GP predict time: 1.284s
2025-06-12 17:41:46,115 - INFO -   EHVI: 9990 candidates with 1000 MC samples
2025-06-12 17:45:28,936 - INFO -  EHVI time: 222.821s
f1 shape: (1,)
f2 shape: (1,)
2025-06-12 17:45:28,937 - INFO -  Selected idx=8548 (CCn1cnnc1CNC(=O)c1cc(Cl)c(I)cc1OC) → [0.09322034 1.        ]
2025-06-12 17:45:28,947 - INFO -  Hypervolume: 0.1578
2025-06-12 17:45:28,947 - INFO - 
--- Iter 1 (train size (11, 2)) ---
2025-06-12 17:45:28,947 - INFO -  Inferred reference point at iter 1: [0.021105836849507738, -0.09999999999998607]
2025-06-12 17:45:28,948 - INFO -  Scoring full pool: 9989 candidates
2025-06-12 17:45:30,269 - INFO -  GP predict time: 1.320s
2025-06-12 17:45:30,269 - INFO -   EHVI: 9989 candidates with 1000 MC samples
2025-06-12 17:49:14,490 - INFO -  EHVI time: 224.221s
f1 shape: (1,)
f2 shape: (1,)
2025-06-12 17:49:14,491 - INFO -  Selected idx=3907 (CCN1CCC(N(Cc2cccc(OC)c2)C(=O)Nc2ccc(C)cc2Cl)CC1) → [0.14179104 1.        ]
2025-06-12 17:49:14,501 - INFO -  Hypervolume: 0.1578
2025-06-12 17:49:14,501 - INFO - 
--- Iter 2 (train size (12, 2)) ---
2025-06-12 17:49:14,501 - INFO -  Inferred reference point at iter 2: [0.021105836849507738, -0.09999999999998607]
2025-06-12 17:49:14,502 - INFO -  Scoring full pool: 9988 candidates
2025-06-12 17:49:15,824 - INFO -  GP predict time: 1.322s
2025-06-12 17:49:15,824 - INFO -   EHVI: 9988 candidates with 1000 MC samples
2025-06-12 17:52:59,758 - INFO -  EHVI time: 223.934s
f1 shape: (1,)
f2 shape: (1,)
2025-06-12 17:52:59,759 - INFO -  Selected idx=2478 (O=C(OCCN1CCOCC1)c1ccc(N=NNc2ccc(C(=O)OCCN3CCOCC3)cc2)cc1) → [0.11111111 1.        ]
2025-06-12 17:52:59,769 - INFO -  Hypervolume: 0.1578
2025-06-12 17:52:59,769 - INFO - 
--- Iter 3 (train size (13, 2)) ---
2025-06-12 17:52:59,769 - INFO -  Inferred reference point at iter 3: [0.021105836849507738, -0.09999999999998607]
2025-06-12 17:52:59,770 - INFO -  Scoring full pool: 9987 candidates
2025-06-12 17:53:01,326 - INFO -  GP predict time: 1.556s
2025-06-12 17:53:01,326 - INFO -   EHVI: 9987 candidates with 1000 MC samples
2025-06-12 17:56:46,915 - INFO -  EHVI time: 225.589s
f1 shape: (1,)
f2 shape: (1,)
2025-06-12 17:56:46,917 - INFO -  Selected idx=7327 (O=C(NCCN1CCOCC1)c1cc2ccccc2o1) → [0.09243697 1.        ]
2025-06-12 17:56:46,928 - INFO -  Hypervolume: 0.1578
2025-06-12 17:56:46,928 - INFO - 
--- Iter 4 (train size (14, 2)) ---
2025-06-12 17:56:46,928 - INFO -  Inferred reference point at iter 4: [0.021105836849507738, -0.09999999999998607]
2025-06-12 17:56:46,929 - INFO -  Scoring full pool: 9986 candidates
2025-06-12 17:56:48,449 - INFO -  GP predict time: 1.520s
2025-06-12 17:56:48,449 - INFO -   EHVI: 9986 candidates with 1000 MC samples
2025-06-12 18:00:33,152 - INFO -  EHVI time: 224.703s
f1 shape: (1,)
f2 shape: (1,)
2025-06-12 18:00:33,153 - INFO -  Selected idx=8882 (CC(=O)c1ccc(N(C(=O)CNC(=O)c2ccco2)C(C(=O)NC2CCCC2)c2ccncc2)cc1) → [0.16       0.13533528]
2025-06-12 18:00:33,165 - INFO -  Hypervolume: 0.1578
2025-06-12 18:00:33,165 - INFO - 
--- Iter 5 (train size (15, 2)) ---
2025-06-12 18:00:33,165 - INFO -  Inferred reference point at iter 5: [0.021105836849507738, -0.09999999999998607]
2025-06-12 18:00:33,166 - INFO -  Scoring full pool: 9985 candidates
2025-06-12 18:00:34,797 - INFO -  GP predict time: 1.631s
2025-06-12 18:00:34,797 - INFO -   EHVI: 9985 candidates with 1000 MC samples
2025-06-12 18:04:19,765 - INFO -  EHVI time: 224.968s
f1 shape: (1,)
f2 shape: (1,)
2025-06-12 18:04:19,766 - INFO -  Selected idx=8898 (COc1cc(N)c(Cl)cc1C(=O)NC1CCN(CC2CCN(C(=O)CCCN)CC2)CC1) → [0.15827338 0.13533528]
2025-06-12 18:04:19,775 - INFO -  Hypervolume: 0.1578
2025-06-12 18:04:19,776 - INFO - 
--- Iter 6 (train size (16, 2)) ---
2025-06-12 18:04:19,776 - INFO -  Inferred reference point at iter 6: [0.021105836849507738, -0.09999999999998607]
2025-06-12 18:04:19,776 - INFO -  Scoring full pool: 9984 candidates
2025-06-12 18:04:21,444 - INFO -  GP predict time: 1.667s
2025-06-12 18:04:21,444 - INFO -   EHVI: 9984 candidates with 1000 MC samples
2025-06-12 18:08:06,164 - INFO -  EHVI time: 224.720s
f1 shape: (1,)
f2 shape: (1,)
2025-06-12 18:08:06,165 - INFO -  Selected idx=1562 (CCOC(=O)C1CCN(C(=O)COc2cccc(C)c2)CC1) → [0.20909091 0.13533528]
2025-06-12 18:08:06,177 - INFO -  Hypervolume: 0.1667
2025-06-12 18:08:06,177 - INFO - 
--- Iter 7 (train size (17, 2)) ---
2025-06-12 18:08:06,177 - INFO -  Inferred reference point at iter 7: [0.01728535353535354, -0.09999999999998607]
2025-06-12 18:08:06,178 - INFO -  Scoring full pool: 9983 candidates
2025-06-12 18:08:07,942 - INFO -  GP predict time: 1.764s
2025-06-12 18:08:07,942 - INFO -   EHVI: 9983 candidates with 1000 MC samples
2025-06-12 18:11:52,312 - INFO -  EHVI time: 224.370s
f1 shape: (1,)
f2 shape: (1,)
2025-06-12 18:11:52,314 - INFO -  Selected idx=8596 (CCNc1nc(C)c2cc(-c3cccnc3N)c(=O)n(C3CCCC3)c2n1) → [0.13846154 0.13533528]
2025-06-12 18:11:52,324 - INFO -  Hypervolume: 0.1710
2025-06-12 18:11:52,324 - INFO - 
--- Iter 8 (train size (18, 2)) ---
2025-06-12 18:11:52,325 - INFO -  Inferred reference point at iter 8: [0.01728535353535354, -0.09999999999998607]
2025-06-12 18:11:52,325 - INFO -  Scoring full pool: 9982 candidates
2025-06-12 18:11:54,122 - INFO -  GP predict time: 1.796s
2025-06-12 18:11:54,122 - INFO -   EHVI: 9982 candidates with 1000 MC samples
2025-06-12 18:15:38,784 - INFO -  EHVI time: 224.662s
f1 shape: (1,)
f2 shape: (1,)
2025-06-12 18:15:38,785 - INFO -  Selected idx=6820 (Cc1ccc(NC(=O)c2cnoc2C)cc1C(=O)Nc1cnc(Nc2ccc(N3CCN(C)CC3)cc2)nc1) → [0.08928571 0.00033546]
2025-06-12 18:15:38,796 - INFO -  Hypervolume: 0.1710
2025-06-12 18:15:38,796 - INFO - 
--- Iter 9 (train size (19, 2)) ---
2025-06-12 18:15:38,796 - INFO -  Inferred reference point at iter 9: [0.01728535353535354, -0.09999999999998607]
2025-06-12 18:15:38,797 - INFO -  Scoring full pool: 9981 candidates
2025-06-12 18:15:40,693 - INFO -  GP predict time: 1.896s
2025-06-12 18:15:40,693 - INFO -   EHVI: 9981 candidates with 1000 MC samples
2025-06-12 18:19:25,038 - INFO -  EHVI time: 224.345s
f1 shape: (1,)
f2 shape: (1,)
2025-06-12 18:19:25,040 - INFO -  Selected idx=5047 (CC(C)(C)C(=O)Nc1ccc(N2CCN(Cc3ccccc3)CC2)c(Cl)c1) → [0.09701493 1.        ]
2025-06-12 18:19:25,050 - INFO -  Hypervolume: 0.1710
2025-06-12 18:19:25,050 - INFO - 
--- Iter 10 (train size (20, 2)) ---
2025-06-12 18:19:25,050 - INFO -  Inferred reference point at iter 10: [0.01728535353535354, -0.09999999999998607]
2025-06-12 18:19:25,051 - INFO -  Scoring full pool: 9980 candidates
2025-06-12 18:19:26,986 - INFO -  GP predict time: 1.935s
2025-06-12 18:19:26,986 - INFO -   EHVI: 9980 candidates with 1000 MC samples
2025-06-12 18:23:12,256 - INFO -  EHVI time: 225.270s
f1 shape: (1,)
f2 shape: (1,)
2025-06-12 18:23:12,258 - INFO -  Selected idx=847 (O=C(Nc1cccc(CN2CCC(C(O)=NC3CCCCC3)CC2)c1)c1ccncc1Cl) → [0.15492958 1.        ]
2025-06-12 18:23:12,272 - INFO -  Hypervolume: 0.1710
2025-06-12 18:23:12,272 - INFO - 
--- Iter 11 (train size (21, 2)) ---
2025-06-12 18:23:12,272 - INFO -  Inferred reference point at iter 11: [0.01728535353535354, -0.09999999999998607]
2025-06-12 18:23:12,273 - INFO -  Scoring full pool: 9979 candidates
2025-06-12 18:23:14,406 - INFO -  GP predict time: 2.133s
2025-06-12 18:23:14,406 - INFO -   EHVI: 9979 candidates with 1000 MC samples
2025-06-12 18:26:58,606 - INFO -  EHVI time: 224.200s
f1 shape: (1,)
f2 shape: (1,)
2025-06-12 18:26:58,608 - INFO -  Selected idx=8846 (CCOc1cc2ncc(C(N)=O)c(Nc3cccc(Cl)c3Cl)c2cc1N1CCCN(C)CC1) → [0.11564626 0.13533528]
2025-06-12 18:26:58,622 - INFO -  Hypervolume: 0.1710
2025-06-12 18:26:58,622 - INFO - 
--- Iter 12 (train size (22, 2)) ---
2025-06-12 18:26:58,622 - INFO -  Inferred reference point at iter 12: [0.01728535353535354, -0.09999999999998607]
2025-06-12 18:26:58,623 - INFO -  Scoring full pool: 9978 candidates
2025-06-12 18:27:00,884 - INFO -  GP predict time: 2.260s
2025-06-12 18:27:00,884 - INFO -   EHVI: 9978 candidates with 1000 MC samples
2025-06-12 18:30:46,280 - INFO -  EHVI time: 225.396s
f1 shape: (1,)
f2 shape: (1,)
2025-06-12 18:30:46,281 - INFO -  Selected idx=3630 (C=CCOc1c(Cl)cccc1C(=O)NC1(C(=O)O)Cc2ccccc2C1) → [0.09923664 1.        ]
2025-06-12 18:30:46,296 - INFO -  Hypervolume: 0.1710
2025-06-12 18:30:46,296 - INFO - 
--- Iter 13 (train size (23, 2)) ---
2025-06-12 18:30:46,296 - INFO -  Inferred reference point at iter 13: [0.01728535353535354, -0.09999999999998607]
2025-06-12 18:30:46,297 - INFO -  Scoring full pool: 9977 candidates
2025-06-12 18:30:48,670 - INFO -  GP predict time: 2.373s
2025-06-12 18:30:48,670 - INFO -   EHVI: 9977 candidates with 1000 MC samples
2025-06-12 18:34:34,282 - INFO -  EHVI time: 225.612s
f1 shape: (1,)
f2 shape: (1,)
2025-06-12 18:34:34,284 - INFO -  Selected idx=2408 (Cc1nnn(-c2ccc(Cl)cc2)c1C(=O)N1CCN(c2ccc([N+](=O)[O-])cc2Cl)CC1) → [0.06756757 0.13533528]
2025-06-12 18:34:34,298 - INFO -  Hypervolume: 0.1710
2025-06-12 18:34:34,299 - INFO - 
--- Iter 14 (train size (24, 2)) ---
2025-06-12 18:34:34,299 - INFO -  Inferred reference point at iter 14: [0.01728535353535354, -0.09999999999998607]
2025-06-12 18:34:34,300 - INFO -  Scoring full pool: 9976 candidates
2025-06-12 18:34:36,707 - INFO -  GP predict time: 2.407s
2025-06-12 18:34:36,707 - INFO -   EHVI: 9976 candidates with 1000 MC samples
2025-06-12 18:38:21,670 - INFO -  EHVI time: 224.963s
f1 shape: (1,)
f2 shape: (1,)
2025-06-12 18:38:21,672 - INFO -  Selected idx=4282 (COc1ccc(Br)c(O)c1C(=O)NCCCCN1CCN(c2nsc3ccccc23)CC1) → [0.10135135 0.13533528]
2025-06-12 18:38:21,685 - INFO -  Hypervolume: 0.1710
2025-06-12 18:38:21,685 - INFO - 
--- Iter 15 (train size (25, 2)) ---
2025-06-12 18:38:21,685 - INFO -  Inferred reference point at iter 15: [0.01728535353535354, -0.09999999999998607]
2025-06-12 18:38:21,686 - INFO -  Scoring full pool: 9975 candidates
2025-06-12 18:38:24,113 - INFO -  GP predict time: 2.427s
2025-06-12 18:38:24,113 - INFO -   EHVI: 9975 candidates with 1000 MC samples
2025-06-12 18:42:09,152 - INFO -  EHVI time: 225.040s
f1 shape: (1,)
f2 shape: (1,)
2025-06-12 18:42:09,154 - INFO -  Selected idx=1673 (CC(C)(C)CC(C)(C)NC1=Nc2ccccc2NC12CC1CCCC(=O)N3CCC(C2)C13) → [0.14184397 0.13533528]
2025-06-12 18:42:09,168 - INFO -  Hypervolume: 0.1710
2025-06-12 18:42:09,168 - INFO - 
--- Iter 16 (train size (26, 2)) ---
2025-06-12 18:42:09,168 - INFO -  Inferred reference point at iter 16: [0.01728535353535354, -0.09999999999998607]
2025-06-12 18:42:09,169 - INFO -  Scoring full pool: 9974 candidates
2025-06-12 18:42:11,668 - INFO -  GP predict time: 2.498s
2025-06-12 18:42:11,668 - INFO -   EHVI: 9974 candidates with 1000 MC samples
2025-06-12 18:45:56,228 - INFO -  EHVI time: 224.561s
f1 shape: (1,)
f2 shape: (1,)
2025-06-12 18:45:56,230 - INFO -  Selected idx=1578 (NC1=NC(c2cc(NC(=O)c3ccc(=O)[nH]c3)ccc2F)(C(F)F)COC1) → [0.05797101 1.        ]
2025-06-12 18:45:56,245 - INFO -  Hypervolume: 0.1710
2025-06-12 18:45:56,245 - INFO - 
--- Iter 17 (train size (27, 2)) ---
2025-06-12 18:45:56,246 - INFO -  Inferred reference point at iter 17: [0.01728535353535354, -0.09999999999998607]
2025-06-12 18:45:56,246 - INFO -  Scoring full pool: 9973 candidates
2025-06-12 18:45:58,844 - INFO -  GP predict time: 2.597s
2025-06-12 18:45:58,844 - INFO -   EHVI: 9973 candidates with 1000 MC samples
2025-06-12 18:49:44,927 - INFO -  EHVI time: 226.083s
f1 shape: (1,)
f2 shape: (1,)
2025-06-12 18:49:44,929 - INFO -  Selected idx=7096 (N#CC(Cc1ccc(-c2ccc(S(=O)(=O)N3CCC(F)(F)CC3)cc2)cc1F)NC(=O)C1NC2CCC1C2) → [0.13375796 1.        ]
2025-06-12 18:49:44,945 - INFO -  Hypervolume: 0.1710
2025-06-12 18:49:44,945 - INFO - 
--- Iter 18 (train size (28, 2)) ---
2025-06-12 18:49:44,946 - INFO -  Inferred reference point at iter 18: [0.01728535353535354, -0.09999999999998607]
2025-06-12 18:49:44,947 - INFO -  Scoring full pool: 9972 candidates
2025-06-12 18:49:47,706 - INFO -  GP predict time: 2.760s
2025-06-12 18:49:47,707 - INFO -   EHVI: 9972 candidates with 1000 MC samples
2025-06-12 18:53:32,854 - INFO -  EHVI time: 225.148s
f1 shape: (1,)
f2 shape: (1,)
2025-06-12 18:53:32,856 - INFO -  Selected idx=8740 (Fc1ccc(C(OCCN2C3CCC2CC(Cc2ccccc2)C3)c2ccc(F)cc2)cc1) → [0.10526316 0.13533528]
2025-06-12 18:53:32,873 - INFO -  Hypervolume: 0.1710
2025-06-12 18:53:32,873 - INFO - 
--- Iter 19 (train size (29, 2)) ---
2025-06-12 18:53:32,873 - INFO -  Inferred reference point at iter 19: [0.01728535353535354, -0.09999999999998607]
2025-06-12 18:53:32,874 - INFO -  Scoring full pool: 9971 candidates
2025-06-12 18:53:35,755 - INFO -  GP predict time: 2.881s
2025-06-12 18:53:35,755 - INFO -   EHVI: 9971 candidates with 1000 MC samples
2025-06-12 18:57:21,768 - INFO -  EHVI time: 226.012s
f1 shape: (1,)
f2 shape: (1,)
2025-06-12 18:57:21,769 - INFO -  Selected idx=837 (O=C(NCc1ccccc1Cl)C1CCCN1C(=O)NC1CCCCC1) → [0.19166667 0.13533528]
2025-06-12 18:57:21,787 - INFO -  Hypervolume: 0.1710
2025-06-12 18:57:21,787 - INFO - 
--- Iter 20 (train size (30, 2)) ---
2025-06-12 18:57:21,787 - INFO -  Inferred reference point at iter 20: [0.01728535353535354, -0.09999999999998607]
2025-06-12 18:57:21,788 - INFO -  Scoring full pool: 9970 candidates
2025-06-12 18:57:24,693 - INFO -  GP predict time: 2.905s
2025-06-12 18:57:24,693 - INFO -   EHVI: 9970 candidates with 1000 MC samples
2025-06-12 19:01:09,492 - INFO -  EHVI time: 224.799s
f1 shape: (1,)
f2 shape: (1,)
2025-06-12 19:01:09,494 - INFO -  Selected idx=4313 (CC(=O)Oc1cccc(C(=O)N(O)CCC(c2ccc(Cl)c(Cl)c2)P(=O)(O)O)c1) → [0.1037037 1.       ]
2025-06-12 19:01:09,512 - INFO -  Hypervolume: 0.1710
2025-06-12 19:01:09,512 - INFO - 
--- Iter 21 (train size (31, 2)) ---
2025-06-12 19:01:09,512 - INFO -  Inferred reference point at iter 21: [0.01728535353535354, -0.09999999999998607]
2025-06-12 19:01:09,513 - INFO -  Scoring full pool: 9969 candidates
2025-06-12 19:01:12,615 - INFO -  GP predict time: 3.102s
2025-06-12 19:01:12,615 - INFO -   EHVI: 9969 candidates with 1000 MC samples
2025-06-12 19:04:57,213 - INFO -  EHVI time: 224.598s
f1 shape: (1,)
f2 shape: (1,)
2025-06-12 19:04:57,215 - INFO -  Selected idx=3800 (O=C(Nc1cccc(Cl)c1N1CCOCC1)c1ccc([N+](=O)[O-])o1) → [0.07751938 1.        ]
2025-06-12 19:04:57,233 - INFO -  Hypervolume: 0.1710
2025-06-12 19:04:57,233 - INFO - 
--- Iter 22 (train size (32, 2)) ---
2025-06-12 19:04:57,234 - INFO -  Inferred reference point at iter 22: [0.01728535353535354, -0.09999999999998607]
2025-06-12 19:04:57,235 - INFO -  Scoring full pool: 9968 candidates
2025-06-12 19:05:00,301 - INFO -  GP predict time: 3.066s
2025-06-12 19:05:00,301 - INFO -   EHVI: 9968 candidates with 1000 MC samples
2025-06-12 19:08:45,657 - INFO -  EHVI time: 225.356s
f1 shape: (1,)
f2 shape: (1,)
2025-06-12 19:08:45,659 - INFO -  Selected idx=8238 (CC(O)(C(=O)Nc1ccc(S(=O)(=O)c2ccccc2)c(C(=O)O)c1)C(F)(F)F) → [0.08208955 1.        ]
2025-06-12 19:08:45,678 - INFO -  Hypervolume: 0.1710
2025-06-12 19:08:45,678 - INFO - 
--- Iter 23 (train size (33, 2)) ---
2025-06-12 19:08:45,678 - INFO -  Inferred reference point at iter 23: [0.01728535353535354, -0.09999999999998607]
2025-06-12 19:08:45,679 - INFO -  Scoring full pool: 9967 candidates
2025-06-12 19:08:48,968 - INFO -  GP predict time: 3.288s
2025-06-12 19:08:48,968 - INFO -   EHVI: 9967 candidates with 1000 MC samples
2025-06-12 19:12:33,969 - INFO -  EHVI time: 225.001s
f1 shape: (1,)
f2 shape: (1,)
2025-06-12 19:12:33,971 - INFO -  Selected idx=7686 (CCN(CC)C(=O)c1ccc(CNS(=O)(=O)c2cccc(Cl)c2)cc1) → [0.1023622 1.       ]
2025-06-12 19:12:33,990 - INFO -  Hypervolume: 0.1710
2025-06-12 19:12:33,990 - INFO - 
--- Iter 24 (train size (34, 2)) ---
2025-06-12 19:12:33,990 - INFO -  Inferred reference point at iter 24: [0.01728535353535354, -0.09999999999998607]
2025-06-12 19:12:33,991 - INFO -  Scoring full pool: 9966 candidates
2025-06-12 19:12:37,175 - INFO -  GP predict time: 3.183s
2025-06-12 19:12:37,175 - INFO -   EHVI: 9966 candidates with 1000 MC samples
2025-06-12 19:16:22,601 - INFO -  EHVI time: 225.426s
f1 shape: (1,)
f2 shape: (1,)
2025-06-12 19:16:22,603 - INFO -  Selected idx=9032 (COc1ccc(C=NNC(=O)c2cccc(O)c2)cc1Cn1nc(C)c([N+](=O)[O-])c1C) → [0.08275862 0.13533528]
2025-06-12 19:16:22,622 - INFO -  Hypervolume: 0.1710
2025-06-12 19:16:22,622 - INFO - 
--- Iter 25 (train size (35, 2)) ---
2025-06-12 19:16:22,622 - INFO -  Inferred reference point at iter 25: [0.01728535353535354, -0.09999999999998607]
2025-06-12 19:16:22,623 - INFO -  Scoring full pool: 9965 candidates
2025-06-12 19:16:25,918 - INFO -  GP predict time: 3.295s
2025-06-12 19:16:25,919 - INFO -   EHVI: 9965 candidates with 1000 MC samples
2025-06-12 19:20:10,863 - INFO -  EHVI time: 224.944s
f1 shape: (1,)
f2 shape: (1,)
2025-06-12 19:20:10,864 - INFO -  Selected idx=7382 (NS(=O)(=O)c1cc(NC(=O)NCCCN2CCOCC2)c(Cl)cc1Cl) → [0.11111111 0.13533528]
2025-06-12 19:20:10,882 - INFO -  Hypervolume: 0.1710
2025-06-12 19:20:10,882 - INFO - 
--- Iter 26 (train size (36, 2)) ---
2025-06-12 19:20:10,882 - INFO -  Inferred reference point at iter 26: [0.01728535353535354, -0.09999999999998607]
2025-06-12 19:20:10,883 - INFO -  Scoring full pool: 9964 candidates
2025-06-12 19:20:14,207 - INFO -  GP predict time: 3.324s
2025-06-12 19:20:14,207 - INFO -   EHVI: 9964 candidates with 1000 MC samples
2025-06-12 19:23:59,391 - INFO -  EHVI time: 225.184s
f1 shape: (1,)
f2 shape: (1,)
2025-06-12 19:23:59,393 - INFO -  Selected idx=8446 (COc1cc(SC)ccc1C(=O)Nc1cccc(S(=O)(=O)NC2=NCCCCC2)c1) → [0.11428571 1.        ]
2025-06-12 19:23:59,414 - INFO -  Hypervolume: 0.1710
2025-06-12 19:23:59,414 - INFO - 
--- Iter 27 (train size (37, 2)) ---
2025-06-12 19:23:59,414 - INFO -  Inferred reference point at iter 27: [0.01728535353535354, -0.09999999999998607]
2025-06-12 19:23:59,415 - INFO -  Scoring full pool: 9963 candidates
2025-06-12 19:24:02,927 - INFO -  GP predict time: 3.512s
2025-06-12 19:24:02,927 - INFO -   EHVI: 9963 candidates with 1000 MC samples
2025-06-12 19:27:47,874 - INFO -  EHVI time: 224.947s
f1 shape: (1,)
f2 shape: (1,)
2025-06-12 19:27:47,876 - INFO -  Selected idx=4897 (O=C(Nc1ccc(Cl)c(Cl)c1)c1cc2ccccc2o1) → [0.03225806 0.13533528]
2025-06-12 19:27:47,897 - INFO -  Hypervolume: 0.1710
2025-06-12 19:27:47,897 - INFO - 
--- Iter 28 (train size (38, 2)) ---
2025-06-12 19:27:47,897 - INFO -  Inferred reference point at iter 28: [0.014574780058651027, -0.09999999999998607]
2025-06-12 19:27:47,898 - INFO -  Scoring full pool: 9962 candidates
2025-06-12 19:27:51,395 - INFO -  GP predict time: 3.497s
2025-06-12 19:27:51,395 - INFO -   EHVI: 9962 candidates with 1000 MC samples
2025-06-12 19:31:35,687 - INFO -  EHVI time: 224.292s
f1 shape: (1,)
f2 shape: (1,)
2025-06-12 19:31:35,689 - INFO -  Selected idx=7590 (O=C(NCCC1CCN(Cc2ccccc2)CC1)c1cc2ccc(O)cc2oc1=O) → [0.12056738 0.13533528]
2025-06-12 19:31:35,712 - INFO -  Hypervolume: 0.1739
2025-06-12 19:31:35,712 - INFO - 
--- Iter 29 (train size (39, 2)) ---
2025-06-12 19:31:35,712 - INFO -  Inferred reference point at iter 29: [0.014574780058651027, -0.09999999999998607]
2025-06-12 19:31:35,713 - INFO -  Scoring full pool: 9961 candidates
2025-06-12 19:31:39,397 - INFO -  GP predict time: 3.684s
2025-06-12 19:31:39,397 - INFO -   EHVI: 9961 candidates with 1000 MC samples
2025-06-12 19:35:24,700 - INFO -  EHVI time: 225.303s
f1 shape: (1,)
f2 shape: (1,)
2025-06-12 19:35:24,701 - INFO -  Selected idx=1545 (CC(=O)NC(C)c1ccc(OC2CCN(c3ncnc(OC4CCC4)c3Cl)C2)cc1) → [0.14705882 1.        ]
2025-06-12 19:35:24,722 - INFO -  Hypervolume: 0.1739
2025-06-12 19:35:24,722 - INFO - 
--- Iter 30 (train size (40, 2)) ---
2025-06-12 19:35:24,722 - INFO -  Inferred reference point at iter 30: [0.014574780058651027, -0.09999999999998607]
2025-06-12 19:35:24,723 - INFO -  Scoring full pool: 9960 candidates
2025-06-12 19:35:28,342 - INFO -  GP predict time: 3.619s
2025-06-12 19:35:28,342 - INFO -   EHVI: 9960 candidates with 1000 MC samples
2025-06-12 19:39:12,659 - INFO -  EHVI time: 224.317s
f1 shape: (1,)
f2 shape: (1,)
2025-06-12 19:39:12,660 - INFO -  Selected idx=27 (CCCOC(=O)Nc1ccc(S(=O)(=O)N2CC(c3ccccc3)NC2=O)cc1CC) → [0.13970588 1.        ]
2025-06-12 19:39:12,681 - INFO -  Hypervolume: 0.1739
2025-06-12 19:39:12,681 - INFO - 
--- Iter 31 (train size (41, 2)) ---
2025-06-12 19:39:12,681 - INFO -  Inferred reference point at iter 31: [0.014574780058651027, -0.09999999999998607]
2025-06-12 19:39:12,682 - INFO -  Scoring full pool: 9959 candidates
2025-06-12 19:39:16,425 - INFO -  GP predict time: 3.743s
2025-06-12 19:39:16,425 - INFO -   EHVI: 9959 candidates with 1000 MC samples
2025-06-12 19:43:02,092 - INFO -  EHVI time: 225.666s
f1 shape: (1,)
f2 shape: (1,)
2025-06-12 19:43:02,093 - INFO -  Selected idx=7172 (NC(=O)c1cc(-c2ccccc2)nc(N2CCOCC2)n1) → [0.06451613 1.        ]
2025-06-12 19:43:02,117 - INFO -  Hypervolume: 0.1739
2025-06-12 19:43:02,118 - INFO - 
--- Iter 32 (train size (42, 2)) ---
2025-06-12 19:43:02,118 - INFO -  Inferred reference point at iter 32: [0.014574780058651027, -0.09999999999998607]
2025-06-12 19:43:02,119 - INFO -  Scoring full pool: 9958 candidates
2025-06-12 19:43:05,938 - INFO -  GP predict time: 3.819s
2025-06-12 19:43:05,938 - INFO -   EHVI: 9958 candidates with 1000 MC samples
2025-06-12 19:46:51,779 - INFO -  EHVI time: 225.841s
f1 shape: (1,)
f2 shape: (1,)
2025-06-12 19:46:51,781 - INFO -  Selected idx=503 (O=C(Nc1ccccc1[N+](=O)[O-])c1ccccc1NC(=O)C1CCCCC1) → [0.15625 1.     ]
2025-06-12 19:46:51,805 - INFO -  Hypervolume: 0.1739
2025-06-12 19:46:51,805 - INFO - 
--- Iter 33 (train size (43, 2)) ---
2025-06-12 19:46:51,805 - INFO -  Inferred reference point at iter 33: [0.014574780058651027, -0.09999999999998607]
2025-06-12 19:46:51,806 - INFO -  Scoring full pool: 9957 candidates
2025-06-12 19:46:55,853 - INFO -  GP predict time: 4.047s
2025-06-12 19:46:55,853 - INFO -   EHVI: 9957 candidates with 1000 MC samples
2025-06-12 19:50:41,110 - INFO -  EHVI time: 225.257s
f1 shape: (1,)
f2 shape: (1,)
2025-06-12 19:50:41,112 - INFO -  Selected idx=433 (O=C(c1ccc(NS(=O)(=O)c2cccc(F)c2)cc1)N1CCCCC1) → [0.109375 1.      ]
2025-06-12 19:50:41,137 - INFO -  Hypervolume: 0.1739
2025-06-12 19:50:41,138 - INFO - 
--- Iter 34 (train size (44, 2)) ---
2025-06-12 19:50:41,138 - INFO -  Inferred reference point at iter 34: [0.014574780058651027, -0.09999999999998607]
2025-06-12 19:50:41,139 - INFO -  Scoring full pool: 9956 candidates
2025-06-12 19:50:45,072 - INFO -  GP predict time: 3.933s
2025-06-12 19:50:45,072 - INFO -   EHVI: 9956 candidates with 1000 MC samples
2025-06-12 19:54:29,875 - INFO -  EHVI time: 224.802s
f1 shape: (1,)
f2 shape: (1,)
2025-06-12 19:54:29,876 - INFO -  Selected idx=1036 (O=C(NCc1ccc(F)cc1)c1cc(S(=O)(=O)N2CCCCC2)c[nH]1) → [0.11811024 1.        ]
2025-06-12 19:54:29,903 - INFO -  Hypervolume: 0.1739
2025-06-12 19:54:29,903 - INFO - 
--- Iter 35 (train size (45, 2)) ---
2025-06-12 19:54:29,903 - INFO -  Inferred reference point at iter 35: [0.014574780058651027, -0.09999999999998607]
2025-06-12 19:54:29,904 - INFO -  Scoring full pool: 9955 candidates
2025-06-12 19:54:34,014 - INFO -  GP predict time: 4.110s
2025-06-12 19:54:34,014 - INFO -   EHVI: 9955 candidates with 1000 MC samples
2025-06-12 19:58:19,031 - INFO -  EHVI time: 225.017s
f1 shape: (1,)
f2 shape: (1,)
2025-06-12 19:58:19,033 - INFO -  Selected idx=9804 (O=C(COc1ccc(S(=O)(=O)NC2CCCCC2)cc1)NCCC1=CCCCC1) → [0.16541353 0.13533528]
2025-06-12 19:58:19,220 - INFO -  Hypervolume: 0.1739
2025-06-12 19:58:19,221 - INFO - 
--- Iter 36 (train size (46, 2)) ---
2025-06-12 19:58:19,221 - INFO -  Inferred reference point at iter 36: [0.014574780058651027, -0.09999999999998607]
2025-06-12 19:58:19,222 - INFO -  Scoring full pool: 9954 candidates
2025-06-12 19:58:23,264 - INFO -  GP predict time: 4.043s
2025-06-12 19:58:23,265 - INFO -   EHVI: 9954 candidates with 1000 MC samples
2025-06-12 20:02:08,256 - INFO -  EHVI time: 224.991s
f1 shape: (1,)
f2 shape: (1,)
2025-06-12 20:02:08,257 - INFO -  Selected idx=9136 (O=C(Nc1ccc(Cl)cc1)C1CCCN(S(=O)(=O)c2c[nH]cn2)C1) → [0.112 1.   ]
2025-06-12 20:02:08,285 - INFO -  Hypervolume: 0.1739
2025-06-12 20:02:08,285 - INFO - 
--- Iter 37 (train size (47, 2)) ---
2025-06-12 20:02:08,285 - INFO -  Inferred reference point at iter 37: [0.014574780058651027, -0.09999999999998607]
2025-06-12 20:02:08,287 - INFO -  Scoring full pool: 9953 candidates
2025-06-12 20:02:12,598 - INFO -  GP predict time: 4.311s
2025-06-12 20:02:12,598 - INFO -   EHVI: 9953 candidates with 1000 MC samples
2025-06-12 20:05:58,035 - INFO -  EHVI time: 225.437s
f1 shape: (1,)
f2 shape: (1,)
2025-06-12 20:05:58,036 - INFO -  Selected idx=2354 (CC(=O)Nc1ccc(NC(=O)COC(=O)c2ccccc2SCC(=O)N2CCCC2)cc1) → [0.15714286 1.        ]
2025-06-12 20:05:58,062 - INFO -  Hypervolume: 0.1739
2025-06-12 20:05:58,062 - INFO - 
--- Iter 38 (train size (48, 2)) ---
2025-06-12 20:05:58,062 - INFO -  Inferred reference point at iter 38: [0.014574780058651027, -0.09999999999998607]
2025-06-12 20:05:58,063 - INFO -  Scoring full pool: 9952 candidates
2025-06-12 20:06:02,362 - INFO -  GP predict time: 4.299s
2025-06-12 20:06:02,362 - INFO -   EHVI: 9952 candidates with 1000 MC samples
2025-06-12 20:09:47,488 - INFO -  EHVI time: 225.126s
f1 shape: (1,)
f2 shape: (1,)
2025-06-12 20:09:47,489 - INFO -  Selected idx=6496 (COc1cccc(CNC(=O)c2cc(S(=O)(=O)N3CCCC3)cn2C)c1) → [0.13385827 1.        ]
2025-06-12 20:09:47,516 - INFO -  Hypervolume: 0.1739
2025-06-12 20:09:47,516 - INFO - 
--- Iter 39 (train size (49, 2)) ---
2025-06-12 20:09:47,516 - INFO -  Inferred reference point at iter 39: [0.014574780058651027, -0.09999999999998607]
2025-06-12 20:09:47,518 - INFO -  Scoring full pool: 9951 candidates
2025-06-12 20:09:51,835 - INFO -  GP predict time: 4.318s
2025-06-12 20:09:51,836 - INFO -   EHVI: 9951 candidates with 1000 MC samples
2025-06-12 20:13:36,973 - INFO -  EHVI time: 225.138s
f1 shape: (1,)
f2 shape: (1,)
2025-06-12 20:13:36,975 - INFO -  Selected idx=2492 (COc1ccc(S(=O)(=O)Nc2cc(Cl)ccc2C(=O)O)cc1) → [0.08264463 1.        ]
2025-06-12 20:13:37,003 - INFO -  Hypervolume: 0.1739
2025-06-12 20:13:37,003 - INFO - 
--- Iter 40 (train size (50, 2)) ---
2025-06-12 20:13:37,003 - INFO -  Inferred reference point at iter 40: [0.014574780058651027, -0.09999999999998607]
2025-06-12 20:13:37,004 - INFO -  Scoring full pool: 9950 candidates
2025-06-12 20:13:41,547 - INFO -  GP predict time: 4.542s
2025-06-12 20:13:41,547 - INFO -   EHVI: 9950 candidates with 1000 MC samples
2025-06-12 20:17:27,410 - INFO -  EHVI time: 225.863s
f1 shape: (1,)
f2 shape: (1,)
2025-06-12 20:17:27,412 - INFO -  Selected idx=1997 (CCOc1ccc(NS(=O)(=O)c2cc(C(=O)N3CCCC3)ccc2Cl)cc1) → [0.13953488 1.        ]
2025-06-12 20:17:27,439 - INFO -  Hypervolume: 0.1739
2025-06-12 20:17:27,439 - INFO - 
--- Iter 41 (train size (51, 2)) ---
2025-06-12 20:17:27,439 - INFO -  Inferred reference point at iter 41: [0.014574780058651027, -0.09999999999998607]
2025-06-12 20:17:27,441 - INFO -  Scoring full pool: 9949 candidates
2025-06-12 20:17:32,033 - INFO -  GP predict time: 4.592s
2025-06-12 20:17:32,033 - INFO -   EHVI: 9949 candidates with 1000 MC samples
2025-06-12 20:21:17,421 - INFO -  EHVI time: 225.388s
f1 shape: (1,)
f2 shape: (1,)
2025-06-12 20:21:17,423 - INFO -  Selected idx=2720 (Cc1ccc(S(=O)(=O)N2CC(C)N(C(=O)N3CCOCC3)C2C)cc1) → [0.13821138 0.13533528]
2025-06-12 20:21:17,452 - INFO -  Hypervolume: 0.1739
2025-06-12 20:21:17,452 - INFO - 
--- Iter 42 (train size (52, 2)) ---
2025-06-12 20:21:17,452 - INFO -  Inferred reference point at iter 42: [0.014574780058651027, -0.09999999999998607]
2025-06-12 20:21:17,454 - INFO -  Scoring full pool: 9948 candidates
2025-06-12 20:21:22,216 - INFO -  GP predict time: 4.762s
2025-06-12 20:21:22,216 - INFO -   EHVI: 9948 candidates with 1000 MC samples
2025-06-12 20:25:07,194 - INFO -  EHVI time: 224.978s
f1 shape: (1,)
f2 shape: (1,)
2025-06-12 20:25:07,196 - INFO -  Selected idx=2924 (CC(=O)NC(CC(=O)Nc1cccc(S(=O)(=O)N2CCCCC2)c1)c1ccccc1) → [0.13868613 1.        ]
2025-06-12 20:25:07,226 - INFO -  Hypervolume: 0.1739
2025-06-12 20:25:07,226 - INFO - 
--- Iter 43 (train size (53, 2)) ---
2025-06-12 20:25:07,226 - INFO -  Inferred reference point at iter 43: [0.014574780058651027, -0.09999999999998607]
2025-06-12 20:25:07,228 - INFO -  Scoring full pool: 9947 candidates
2025-06-12 20:25:12,025 - INFO -  GP predict time: 4.798s
2025-06-12 20:25:12,025 - INFO -   EHVI: 9947 candidates with 1000 MC samples
2025-06-12 20:28:57,363 - INFO -  EHVI time: 225.337s
f1 shape: (1,)
f2 shape: (1,)
2025-06-12 20:28:57,365 - INFO -  Selected idx=5752 (CC(=O)c1cc(CNC(=O)c2ccc(OP(=O)(O)O)cc2)ccc1OCC1CCCCC1) → [0.18382353 1.        ]
2025-06-12 20:28:57,397 - INFO -  Hypervolume: 0.1921
2025-06-12 20:28:57,397 - INFO - 
--- Iter 44 (train size (54, 2)) ---
2025-06-12 20:28:57,397 - INFO -  Inferred reference point at iter 44: [0.014574780058651027, -0.09999999999998607]
2025-06-12 20:28:57,399 - INFO -  Scoring full pool: 9946 candidates
2025-06-12 20:29:02,458 - INFO -  GP predict time: 5.059s
2025-06-12 20:29:02,458 - INFO -   EHVI: 9946 candidates with 1000 MC samples
2025-06-12 20:32:48,592 - INFO -  EHVI time: 226.134s
f1 shape: (1,)
f2 shape: (1,)
2025-06-12 20:32:48,593 - INFO -  Selected idx=7506 (COc1cccc(NS(=O)(=O)c2ccc3c(c2)CCCN3C(C)=O)c1) → [0.11023622 1.        ]
2025-06-12 20:32:48,623 - INFO -  Hypervolume: 0.1921
2025-06-12 20:32:48,623 - INFO - 
--- Iter 45 (train size (55, 2)) ---
2025-06-12 20:32:48,623 - INFO -  Inferred reference point at iter 45: [0.014574780058651027, -0.09999999999998607]
2025-06-12 20:32:48,624 - INFO -  Scoring full pool: 9945 candidates
2025-06-12 20:32:53,579 - INFO -  GP predict time: 4.955s
2025-06-12 20:32:53,579 - INFO -   EHVI: 9945 candidates with 1000 MC samples
2025-06-12 20:36:38,239 - INFO -  EHVI time: 224.659s
f1 shape: (1,)
f2 shape: (1,)
2025-06-12 20:36:38,240 - INFO -  Selected idx=5374 (CC(C)OC(=O)C1CC=CCC1C(=O)Nc1ccc(Cl)cc1) → [0.13793103 0.13533528]
2025-06-12 20:36:38,275 - INFO -  Hypervolume: 0.1921
2025-06-12 20:36:38,275 - INFO - 
--- Iter 46 (train size (56, 2)) ---
2025-06-12 20:36:38,275 - INFO -  Inferred reference point at iter 46: [0.014574780058651027, -0.09999999999998607]
2025-06-12 20:36:38,276 - INFO -  Scoring full pool: 9944 candidates
2025-06-12 20:36:43,502 - INFO -  GP predict time: 5.226s
2025-06-12 20:36:43,502 - INFO -   EHVI: 9944 candidates with 1000 MC samples
2025-06-12 20:40:28,547 - INFO -  EHVI time: 225.044s
f1 shape: (1,)
f2 shape: (1,)
2025-06-12 20:40:28,549 - INFO -  Selected idx=4758 (Cc1ccc(NC(=O)c2c(F)cccc2Cl)cc1S(=O)(=O)N1CCOCC1) → [0.08955224 1.        ]
2025-06-12 20:40:28,583 - INFO -  Hypervolume: 0.1921
2025-06-12 20:40:28,584 - INFO - 
--- Iter 47 (train size (57, 2)) ---
2025-06-12 20:40:28,584 - INFO -  Inferred reference point at iter 47: [0.014574780058651027, -0.09999999999998607]
2025-06-12 20:40:28,585 - INFO -  Scoring full pool: 9943 candidates
2025-06-12 20:40:33,864 - INFO -  GP predict time: 5.279s
2025-06-12 20:40:33,864 - INFO -   EHVI: 9943 candidates with 1000 MC samples
2025-06-12 20:44:19,152 - INFO -  EHVI time: 225.288s
f1 shape: (1,)
f2 shape: (1,)
2025-06-12 20:44:19,154 - INFO -  Selected idx=6636 (CCn1c(CNc2ccc(F)cc2)nnc1SCC(=O)OC1CCCCC1) → [0.18253968 1.        ]
2025-06-12 20:44:19,190 - INFO -  Hypervolume: 0.1921
2025-06-12 20:44:19,190 - INFO - 
--- Iter 48 (train size (58, 2)) ---
2025-06-12 20:44:19,190 - INFO -  Inferred reference point at iter 48: [0.014574780058651027, -0.09999999999998607]
2025-06-12 20:44:19,192 - INFO -  Scoring full pool: 9942 candidates
2025-06-12 20:44:24,475 - INFO -  GP predict time: 5.283s
2025-06-12 20:44:24,475 - INFO -   EHVI: 9942 candidates with 1000 MC samples
2025-06-12 20:48:10,506 - INFO -  EHVI time: 226.031s
f1 shape: (1,)
f2 shape: (1,)
2025-06-12 20:48:10,508 - INFO -  Selected idx=7490 (CC(=O)Nc1ccc(S(=O)(=O)N2CCOC(Cn3ccnc3)C2)cc1) → [0.10077519 1.        ]
2025-06-12 20:48:10,543 - INFO -  Hypervolume: 0.1921
2025-06-12 20:48:10,543 - INFO - 
--- Iter 49 (train size (59, 2)) ---
2025-06-12 20:48:10,544 - INFO -  Inferred reference point at iter 49: [0.014574780058651027, -0.09999999999998607]
2025-06-12 20:48:10,545 - INFO -  Scoring full pool: 9941 candidates
2025-06-12 20:48:15,746 - INFO -  GP predict time: 5.201s
2025-06-12 20:48:15,746 - INFO -   EHVI: 9941 candidates with 1000 MC samples
2025-06-12 20:52:00,656 - INFO -  EHVI time: 224.910s
f1 shape: (1,)
f2 shape: (1,)
2025-06-12 20:52:00,657 - INFO -  Selected idx=1776 (CC(OC(=O)c1cccc(S(=O)(=O)N(C)C)c1)C(=O)NCC(=O)Nc1ccc(F)c(F)c1F) → [0.11971831 1.        ]
2025-06-12 20:52:00,691 - INFO -  Hypervolume: 0.1921
2025-06-12 20:52:00,691 - INFO - 
--- Iter 50 (train size (60, 2)) ---
2025-06-12 20:52:00,691 - INFO -  Inferred reference point at iter 50: [0.014574780058651027, -0.09999999999998607]
2025-06-12 20:52:00,693 - INFO -  Scoring full pool: 9940 candidates
2025-06-12 20:52:06,013 - INFO -  GP predict time: 5.321s
2025-06-12 20:52:06,014 - INFO -   EHVI: 9940 candidates with 1000 MC samples
2025-06-12 20:55:51,459 - INFO -  EHVI time: 225.445s
f1 shape: (1,)
f2 shape: (1,)
2025-06-12 20:55:51,461 - INFO -  Selected idx=9621 (Cc1cc(-c2nnc(NCCCN3CCCCC3)o2)ccc1NC(=O)c1ccccc1F) → [0.10810811 0.13533528]
2025-06-12 20:55:51,500 - INFO -  Hypervolume: 0.1921
2025-06-12 20:55:51,500 - INFO - 
--- Iter 51 (train size (61, 2)) ---
2025-06-12 20:55:51,501 - INFO -  Inferred reference point at iter 51: [0.014574780058651027, -0.09999999999998607]
2025-06-12 20:55:51,502 - INFO -  Scoring full pool: 9939 candidates
2025-06-12 20:55:57,080 - INFO -  GP predict time: 5.578s
2025-06-12 20:55:57,080 - INFO -   EHVI: 9939 candidates with 1000 MC samples
2025-06-12 20:59:41,463 - INFO -  EHVI time: 224.383s
f1 shape: (1,)
f2 shape: (1,)
2025-06-12 20:59:41,465 - INFO -  Selected idx=8709 (CC(=O)N1CCN(S(=O)(=O)c2cccc(C(=O)OCC(=O)NC(=O)c3cccn3C)c2)CC1) → [0.14084507 1.        ]
2025-06-12 20:59:41,504 - INFO -  Hypervolume: 0.1921
2025-06-12 20:59:41,504 - INFO - 
--- Iter 52 (train size (62, 2)) ---
2025-06-12 20:59:41,504 - INFO -  Inferred reference point at iter 52: [0.014574780058651027, -0.09999999999998607]
2025-06-12 20:59:41,506 - INFO -  Scoring full pool: 9938 candidates
2025-06-12 20:59:47,043 - INFO -  GP predict time: 5.537s
2025-06-12 20:59:47,043 - INFO -   EHVI: 9938 candidates with 1000 MC samples
2025-06-12 21:03:32,504 - INFO -  EHVI time: 225.460s
f1 shape: (1,)
f2 shape: (1,)
2025-06-12 21:03:32,505 - INFO -  Selected idx=9842 (CCOc1ccccc1NC(=O)CCN1CCN(S(=O)(=O)c2ccc(OC)cc2)CC1) → [0.13571429 1.        ]
2025-06-12 21:03:32,545 - INFO -  Hypervolume: 0.1921
2025-06-12 21:03:32,546 - INFO - 
--- Iter 53 (train size (63, 2)) ---
2025-06-12 21:03:32,546 - INFO -  Inferred reference point at iter 53: [0.014574780058651027, -0.09999999999998607]
2025-06-12 21:03:32,547 - INFO -  Scoring full pool: 9937 candidates
2025-06-12 21:03:38,435 - INFO -  GP predict time: 5.888s
2025-06-12 21:03:38,435 - INFO -   EHVI: 9937 candidates with 1000 MC samples
2025-06-12 21:07:23,385 - INFO -  EHVI time: 224.950s
f1 shape: (1,)
f2 shape: (1,)
2025-06-12 21:07:23,386 - INFO -  Selected idx=7780 (O=C(COC(=O)c1cnc(O)nc1O)Nc1cccc(S(=O)(=O)N2CCCCC2)c1) → [0.14814815 1.        ]
2025-06-12 21:07:23,424 - INFO -  Hypervolume: 0.1921
2025-06-12 21:07:23,424 - INFO - 
--- Iter 54 (train size (64, 2)) ---
2025-06-12 21:07:23,424 - INFO -  Inferred reference point at iter 54: [0.014574780058651027, -0.09999999999998607]
2025-06-12 21:07:23,425 - INFO -  Scoring full pool: 9936 candidates
2025-06-12 21:07:29,191 - INFO -  GP predict time: 5.765s
2025-06-12 21:07:29,191 - INFO -   EHVI: 9936 candidates with 1000 MC samples
2025-06-12 21:11:15,650 - INFO -  EHVI time: 226.459s
f1 shape: (1,)
f2 shape: (1,)
2025-06-12 21:11:15,651 - INFO -  Selected idx=4585 (CC(=O)N1c2ccccc2CC1C(=O)N1CCN(c2cccc(Cl)c2)CC1) → [0.11278195 1.        ]
2025-06-12 21:11:15,692 - INFO -  Hypervolume: 0.1921
2025-06-12 21:11:15,692 - INFO - 
--- Iter 55 (train size (65, 2)) ---
2025-06-12 21:11:15,692 - INFO -  Inferred reference point at iter 55: [0.014574780058651027, -0.09999999999998607]
2025-06-12 21:11:15,694 - INFO -  Scoring full pool: 9935 candidates
2025-06-12 21:11:21,364 - INFO -  GP predict time: 5.670s
2025-06-12 21:11:21,364 - INFO -   EHVI: 9935 candidates with 1000 MC samples
2025-06-12 21:15:06,589 - INFO -  EHVI time: 225.225s
f1 shape: (1,)
f2 shape: (1,)
2025-06-12 21:15:06,591 - INFO -  Selected idx=425 (O=C(COc1ccc(S(=O)(=O)N2CCCC2)cc1)NCc1ccccn1) → [0.12307692 1.        ]
2025-06-12 21:15:06,634 - INFO -  Hypervolume: 0.1921
2025-06-12 21:15:06,634 - INFO - 
--- Iter 56 (train size (66, 2)) ---
2025-06-12 21:15:06,634 - INFO -  Inferred reference point at iter 56: [0.014574780058651027, -0.09999999999998607]
2025-06-12 21:15:06,636 - INFO -  Scoring full pool: 9934 candidates
2025-06-12 21:15:12,648 - INFO -  GP predict time: 6.012s
2025-06-12 21:15:12,648 - INFO -   EHVI: 9934 candidates with 1000 MC samples
2025-06-12 21:18:58,037 - INFO -  EHVI time: 225.389s
f1 shape: (1,)
f2 shape: (1,)
2025-06-12 21:18:58,039 - INFO -  Selected idx=8126 (O=C(c1ccc(F)cc1)N1CCN(C2=NS(=O)(=O)c3ccccc32)CC1) → [0.07407407 1.        ]
2025-06-12 21:18:58,082 - INFO -  Hypervolume: 0.1921
2025-06-12 21:18:58,082 - INFO - 
--- Iter 57 (train size (67, 2)) ---
2025-06-12 21:18:58,082 - INFO -  Inferred reference point at iter 57: [0.014574780058651027, -0.09999999999998607]
2025-06-12 21:18:58,084 - INFO -  Scoring full pool: 9933 candidates
2025-06-12 21:19:04,074 - INFO -  GP predict time: 5.990s
2025-06-12 21:19:04,074 - INFO -   EHVI: 9933 candidates with 1000 MC samples
2025-06-12 21:22:49,009 - INFO -  EHVI time: 224.935s
f1 shape: (1,)
f2 shape: (1,)
2025-06-12 21:22:49,011 - INFO -  Selected idx=6691 (O=C(OCC(=O)c1ccc[nH]1)c1ccc(S(=O)(=O)N2CCCCC2)cc1) → [0.14173228 1.        ]
2025-06-12 21:22:49,052 - INFO -  Hypervolume: 0.1921
2025-06-12 21:22:49,052 - INFO - 
--- Iter 58 (train size (68, 2)) ---
2025-06-12 21:22:49,052 - INFO -  Inferred reference point at iter 58: [0.014574780058651027, -0.09999999999998607]
2025-06-12 21:22:49,054 - INFO -  Scoring full pool: 9932 candidates
2025-06-12 21:22:55,188 - INFO -  GP predict time: 6.134s
2025-06-12 21:22:55,188 - INFO -   EHVI: 9932 candidates with 1000 MC samples
2025-06-12 21:26:40,168 - INFO -  EHVI time: 224.980s
f1 shape: (1,)
f2 shape: (1,)
2025-06-12 21:26:40,169 - INFO -  Selected idx=603 (Cc1cccnc1NC(=O)c1cccc(S(=O)(=O)N2CCCC2)c1) → [0.112 1.   ]
2025-06-12 21:26:40,212 - INFO -  Hypervolume: 0.1921
2025-06-12 21:26:40,212 - INFO - 
--- Iter 59 (train size (69, 2)) ---
2025-06-12 21:26:40,212 - INFO -  Inferred reference point at iter 59: [0.014574780058651027, -0.09999999999998607]
2025-06-12 21:26:40,214 - INFO -  Scoring full pool: 9931 candidates
2025-06-12 21:26:46,353 - INFO -  GP predict time: 6.140s
2025-06-12 21:26:46,354 - INFO -   EHVI: 9931 candidates with 1000 MC samples
2025-06-12 21:30:31,403 - INFO -  EHVI time: 225.049s
f1 shape: (1,)
f2 shape: (1,)
2025-06-12 21:30:31,405 - INFO -  Selected idx=8430 (Cc1oc(S(=O)(=O)N2CCCC2)cc1C(=O)Nc1ccc(F)cc1) → [0.11290323 1.        ]
2025-06-12 21:30:31,451 - INFO -  Hypervolume: 0.1921
2025-06-12 21:30:31,451 - INFO - 
--- Iter 60 (train size (70, 2)) ---
2025-06-12 21:30:31,451 - INFO -  Inferred reference point at iter 60: [0.014574780058651027, -0.09999999999998607]
2025-06-12 21:30:31,453 - INFO -  Scoring full pool: 9930 candidates
2025-06-12 21:30:37,702 - INFO -  GP predict time: 6.249s
2025-06-12 21:30:37,702 - INFO -   EHVI: 9930 candidates with 1000 MC samples
2025-06-12 21:34:23,507 - INFO -  EHVI time: 225.805s
f1 shape: (1,)
f2 shape: (1,)
2025-06-12 21:34:23,509 - INFO -  Selected idx=1038 (COc1cccc(NC(=O)C(=O)NCCc2ccc(F)cc2)c1) → [0.088 1.   ]
2025-06-12 21:34:23,557 - INFO -  Hypervolume: 0.1921
2025-06-12 21:34:23,557 - INFO - 
--- Iter 61 (train size (71, 2)) ---
2025-06-12 21:34:23,557 - INFO -  Inferred reference point at iter 61: [0.014574780058651027, -0.09999999999998607]
2025-06-12 21:34:23,559 - INFO -  Scoring full pool: 9929 candidates
2025-06-12 21:34:29,964 - INFO -  GP predict time: 6.406s
2025-06-12 21:34:29,964 - INFO -   EHVI: 9929 candidates with 1000 MC samples
2025-06-12 21:38:15,381 - INFO -  EHVI time: 225.417s
f1 shape: (1,)
f2 shape: (1,)
2025-06-12 21:38:15,383 - INFO -  Selected idx=9068 (NC(=O)c1ccc(NC(=O)CN2CCN(S(=O)(=O)c3ccc4c(c3)OCCO4)CC2)cc1) → [0.10204082 1.        ]
2025-06-12 21:38:15,432 - INFO -  Hypervolume: 0.1921
2025-06-12 21:38:15,432 - INFO - 
--- Iter 62 (train size (72, 2)) ---
2025-06-12 21:38:15,432 - INFO -  Inferred reference point at iter 62: [0.014574780058651027, -0.09999999999998607]
2025-06-12 21:38:15,434 - INFO -  Scoring full pool: 9928 candidates
2025-06-12 21:38:22,021 - INFO -  GP predict time: 6.588s
2025-06-12 21:38:22,021 - INFO -   EHVI: 9928 candidates with 1000 MC samples
2025-06-12 21:42:07,979 - INFO -  EHVI time: 225.958s
f1 shape: (1,)
f2 shape: (1,)
2025-06-12 21:42:07,981 - INFO -  Selected idx=1005 (O=C(CNc1ccc(C(F)(F)F)cc1)Nc1cccc(S(=O)(=O)N2CCCC2)c1) → [0.10144928 1.        ]
2025-06-12 21:42:08,030 - INFO -  Hypervolume: 0.1921
2025-06-12 21:42:08,030 - INFO - 
--- Iter 63 (train size (73, 2)) ---
2025-06-12 21:42:08,030 - INFO -  Inferred reference point at iter 63: [0.014574780058651027, -0.09999999999998607]
2025-06-12 21:42:08,032 - INFO -  Scoring full pool: 9927 candidates
2025-06-12 21:42:14,476 - INFO -  GP predict time: 6.444s
2025-06-12 21:42:14,476 - INFO -   EHVI: 9927 candidates with 1000 MC samples
2025-06-12 21:45:59,724 - INFO -  EHVI time: 225.247s
f1 shape: (1,)
f2 shape: (1,)
2025-06-12 21:45:59,725 - INFO -  Selected idx=5958 (CCOc1cc(NC(=O)N2CCC(O)(CC(CC)CC)CC2)cc(Oc2ccc(F)cc2)c1) → [0.14685315 1.        ]
2025-06-12 21:45:59,774 - INFO -  Hypervolume: 0.1921
2025-06-12 21:45:59,774 - INFO - 
--- Iter 64 (train size (74, 2)) ---
2025-06-12 21:45:59,774 - INFO -  Inferred reference point at iter 64: [0.014574780058651027, -0.09999999999998607]
2025-06-12 21:45:59,776 - INFO -  Scoring full pool: 9926 candidates
2025-06-12 21:46:06,331 - INFO -  GP predict time: 6.555s
2025-06-12 21:46:06,331 - INFO -   EHVI: 9926 candidates with 1000 MC samples
2025-06-12 21:49:51,305 - INFO -  EHVI time: 224.973s
f1 shape: (1,)
f2 shape: (1,)
2025-06-12 21:49:51,306 - INFO -  Selected idx=9008 (O=C(CN(c1cccc([N+](=O)[O-])c1)S(=O)(=O)c1ccccc1)N1CCCCC1) → [0.10294118 1.        ]
2025-06-12 21:49:51,358 - INFO -  Hypervolume: 0.1921
2025-06-12 21:49:51,358 - INFO - 
--- Iter 65 (train size (75, 2)) ---
2025-06-12 21:49:51,358 - INFO -  Inferred reference point at iter 65: [0.014574780058651027, -0.09999999999998607]
2025-06-12 21:49:51,360 - INFO -  Scoring full pool: 9925 candidates
2025-06-12 21:49:57,958 - INFO -  GP predict time: 6.598s
2025-06-12 21:49:57,958 - INFO -   EHVI: 9925 candidates with 1000 MC samples
2025-06-12 21:53:42,837 - INFO -  EHVI time: 224.879s
f1 shape: (1,)
f2 shape: (1,)
2025-06-12 21:53:42,838 - INFO -  Selected idx=6734 (CS(=O)(=O)N1CCc2cc(C(=O)OCC(=O)c3ccccc3)ccc21) → [0.11023622 1.        ]
2025-06-12 21:53:42,891 - INFO -  Hypervolume: 0.1921
2025-06-12 21:53:42,891 - INFO - 
--- Iter 66 (train size (76, 2)) ---
2025-06-12 21:53:42,891 - INFO -  Inferred reference point at iter 66: [0.014574780058651027, -0.09999999999998607]
2025-06-12 21:53:42,893 - INFO -  Scoring full pool: 9924 candidates
2025-06-12 21:53:49,864 - INFO -  GP predict time: 6.971s
2025-06-12 21:53:49,864 - INFO -   EHVI: 9924 candidates with 1000 MC samples
2025-06-12 21:57:34,680 - INFO -  EHVI time: 224.816s
f1 shape: (1,)
f2 shape: (1,)
2025-06-12 21:57:34,682 - INFO -  Selected idx=4439 (Cc1ccc(C)c(NC(=O)COC(=O)c2ccc(S(=O)(=O)N3CCCC3)cc2)c1) → [0.15151515 1.        ]
2025-06-12 21:57:34,736 - INFO -  Hypervolume: 0.1921
2025-06-12 21:57:34,736 - INFO - 
--- Iter 67 (train size (77, 2)) ---
2025-06-12 21:57:34,736 - INFO -  Inferred reference point at iter 67: [0.014574780058651027, -0.09999999999998607]
2025-06-12 21:57:34,738 - INFO -  Scoring full pool: 9923 candidates
2025-06-12 21:57:41,816 - INFO -  GP predict time: 7.078s
2025-06-12 21:57:41,816 - INFO -   EHVI: 9923 candidates with 1000 MC samples
2025-06-12 22:01:26,769 - INFO -  EHVI time: 224.953s
f1 shape: (1,)
f2 shape: (1,)
2025-06-12 22:01:26,771 - INFO -  Selected idx=7911 (O=C(CS(=O)(=O)c1ccc(F)cc1)NCc1ccccc1) → [0.06557377 1.        ]
2025-06-12 22:01:26,825 - INFO -  Hypervolume: 0.1921
2025-06-12 22:01:26,825 - INFO - 
--- Iter 68 (train size (78, 2)) ---
2025-06-12 22:01:26,826 - INFO -  Inferred reference point at iter 68: [0.014574780058651027, -0.09999999999998607]
2025-06-12 22:01:26,827 - INFO -  Scoring full pool: 9922 candidates
2025-06-12 22:01:33,888 - INFO -  GP predict time: 7.060s
2025-06-12 22:01:33,888 - INFO -   EHVI: 9922 candidates with 1000 MC samples
2025-06-12 22:05:19,273 - INFO -  EHVI time: 225.386s
f1 shape: (1,)
f2 shape: (1,)
2025-06-12 22:05:19,275 - INFO -  Selected idx=3182 (CCOc1ccc(C(=O)CN2CCN(S(=O)(=O)c3ccc(Cl)cc3)CC2)cc1) → [0.11940299 1.        ]
2025-06-12 22:05:19,331 - INFO -  Hypervolume: 0.1921
2025-06-12 22:05:19,331 - INFO - 
--- Iter 69 (train size (79, 2)) ---
2025-06-12 22:05:19,331 - INFO -  Inferred reference point at iter 69: [0.014574780058651027, -0.09999999999998607]
2025-06-12 22:05:19,333 - INFO -  Scoring full pool: 9921 candidates
2025-06-12 22:05:26,413 - INFO -  GP predict time: 7.080s
2025-06-12 22:05:26,413 - INFO -   EHVI: 9921 candidates with 1000 MC samples
2025-06-12 22:09:11,696 - INFO -  EHVI time: 225.283s
f1 shape: (1,)
f2 shape: (1,)
2025-06-12 22:09:11,697 - INFO -  Selected idx=1785 (CC(C)(C)c1ccc(CC(=O)N2CCC2(C)C(=O)NS(=O)(=O)c2cccc(F)c2)cc1) → [0.10714286 1.        ]
2025-06-12 22:09:11,749 - INFO -  Hypervolume: 0.1921
2025-06-12 22:09:11,749 - INFO - 
--- Iter 70 (train size (80, 2)) ---
2025-06-12 22:09:11,750 - INFO -  Inferred reference point at iter 70: [0.014574780058651027, -0.09999999999998607]
2025-06-12 22:09:11,751 - INFO -  Scoring full pool: 9920 candidates
2025-06-12 22:09:18,471 - INFO -  GP predict time: 6.720s
2025-06-12 22:09:18,471 - INFO -   EHVI: 9920 candidates with 1000 MC samples
2025-06-12 22:13:04,480 - INFO -  EHVI time: 226.009s
f1 shape: (1,)
f2 shape: (1,)
2025-06-12 22:13:04,481 - INFO -  Selected idx=2329 (CCCS(=O)(=O)NCC(=O)Nc1ccc2c(c1)C(C1(c3ccc(Cl)cc3)CCC1)NCC2) → [0.13380282 1.        ]
2025-06-12 22:13:04,540 - INFO -  Hypervolume: 0.1921
2025-06-12 22:13:04,540 - INFO - 
--- Iter 71 (train size (81, 2)) ---
2025-06-12 22:13:04,540 - INFO -  Inferred reference point at iter 71: [0.014574780058651027, -0.09999999999998607]
2025-06-12 22:13:04,542 - INFO -  Scoring full pool: 9919 candidates
2025-06-12 22:13:11,902 - INFO -  GP predict time: 7.361s
2025-06-12 22:13:11,903 - INFO -   EHVI: 9919 candidates with 1000 MC samples
2025-06-12 22:16:56,376 - INFO -  EHVI time: 224.474s
f1 shape: (1,)
f2 shape: (1,)
2025-06-12 22:16:56,378 - INFO -  Selected idx=3409 (CC(=O)c1ccc(N2CCCC(CO)(Cc3ccccc3F)C2)nc1) → [0.10077519 1.        ]
2025-06-12 22:16:56,433 - INFO -  Hypervolume: 0.1921
2025-06-12 22:16:56,433 - INFO - 
--- Iter 72 (train size (82, 2)) ---
2025-06-12 22:16:56,433 - INFO -  Inferred reference point at iter 72: [0.014574780058651027, -0.09999999999998607]
2025-06-12 22:16:56,435 - INFO -  Scoring full pool: 9918 candidates
2025-06-12 22:17:03,613 - INFO -  GP predict time: 7.178s
2025-06-12 22:17:03,613 - INFO -   EHVI: 9918 candidates with 1000 MC samples
2025-06-12 22:20:48,786 - INFO -  EHVI time: 225.172s
f1 shape: (1,)
f2 shape: (1,)
2025-06-12 22:20:48,787 - INFO -  Selected idx=5985 (O=C(CNc1cccc(Br)c1)Nc1ccccc1C(=O)O) → [0.08333333 1.        ]
2025-06-12 22:20:48,847 - INFO -  Hypervolume: 0.1921
2025-06-12 22:20:48,847 - INFO - 
--- Iter 73 (train size (83, 2)) ---
2025-06-12 22:20:48,847 - INFO -  Inferred reference point at iter 73: [0.014574780058651027, -0.09999999999998607]
2025-06-12 22:20:48,849 - INFO -  Scoring full pool: 9917 candidates
2025-06-12 22:20:56,411 - INFO -  GP predict time: 7.562s
2025-06-12 22:20:56,411 - INFO -   EHVI: 9917 candidates with 1000 MC samples
2025-06-12 22:24:42,605 - INFO -  EHVI time: 226.194s
f1 shape: (1,)
f2 shape: (1,)
2025-06-12 22:24:42,607 - INFO -  Selected idx=9109 (Cc1ccc(S(=O)(=O)N2CCC(C(=O)N3CCc4ccccc43)CC2)cc1) → [0.11278195 1.        ]
2025-06-12 22:24:42,668 - INFO -  Hypervolume: 0.1921
2025-06-12 22:24:42,668 - INFO - 
--- Iter 74 (train size (84, 2)) ---
2025-06-12 22:24:42,668 - INFO -  Inferred reference point at iter 74: [0.014574780058651027, -0.09999999999998607]
2025-06-12 22:24:42,670 - INFO -  Scoring full pool: 9916 candidates
2025-06-12 22:24:50,449 - INFO -  GP predict time: 7.779s
2025-06-12 22:24:50,449 - INFO -   EHVI: 9916 candidates with 1000 MC samples
2025-06-12 22:28:35,304 - INFO -  EHVI time: 224.855s
f1 shape: (1,)
f2 shape: (1,)
2025-06-12 22:28:35,305 - INFO -  Selected idx=4634 (Cc1ccccc1S(=O)(=O)Cc1ccc(C(=O)O)o1) → [0.07894737 1.        ]
2025-06-12 22:28:35,368 - INFO -  Hypervolume: 0.1921
2025-06-12 22:28:35,368 - INFO - 
--- Iter 75 (train size (85, 2)) ---
2025-06-12 22:28:35,368 - INFO -  Inferred reference point at iter 75: [0.014574780058651027, -0.09999999999998607]
2025-06-12 22:28:35,370 - INFO -  Scoring full pool: 9915 candidates
2025-06-12 22:28:43,140 - INFO -  GP predict time: 7.769s
2025-06-12 22:28:43,140 - INFO -   EHVI: 9915 candidates with 1000 MC samples
2025-06-12 22:32:29,158 - INFO -  EHVI time: 226.018s
f1 shape: (1,)
f2 shape: (1,)
2025-06-12 22:32:29,160 - INFO -  Selected idx=114 (O=C(c1ccccc1NS(=O)(=O)c1ccccc1)N1CCCCCC1) → [0.10852713 1.        ]
2025-06-12 22:32:29,222 - INFO -  Hypervolume: 0.1921
2025-06-12 22:32:29,222 - INFO - 
--- Iter 76 (train size (86, 2)) ---
2025-06-12 22:32:29,223 - INFO -  Inferred reference point at iter 76: [0.014574780058651027, -0.09999999999998607]
2025-06-12 22:32:29,225 - INFO -  Scoring full pool: 9914 candidates
2025-06-12 22:32:36,978 - INFO -  GP predict time: 7.753s
2025-06-12 22:32:36,978 - INFO -   EHVI: 9914 candidates with 1000 MC samples
2025-06-12 22:36:21,888 - INFO -  EHVI time: 224.910s
f1 shape: (1,)
f2 shape: (1,)
2025-06-12 22:36:21,889 - INFO -  Selected idx=2569 (COC(C(=O)Nc1ccc(S(=O)(=O)N2CCCCC2)cc1)c1ccccc1) → [0.12977099 1.        ]
2025-06-12 22:36:21,953 - INFO -  Hypervolume: 0.1921
2025-06-12 22:36:21,953 - INFO - 
--- Iter 77 (train size (87, 2)) ---
2025-06-12 22:36:21,953 - INFO -  Inferred reference point at iter 77: [0.014574780058651027, -0.09999999999998607]
2025-06-12 22:36:21,955 - INFO -  Scoring full pool: 9913 candidates
2025-06-12 22:36:29,648 - INFO -  GP predict time: 7.693s
2025-06-12 22:36:29,648 - INFO -   EHVI: 9913 candidates with 1000 MC samples
2025-06-12 22:40:14,246 - INFO -  EHVI time: 224.598s
f1 shape: (1,)
f2 shape: (1,)
2025-06-12 22:40:14,248 - INFO -  Selected idx=8904 (O=S(=O)(CCC1CCNCC1)c1ccccc1-c1cccc(Cl)c1) → [0.08527132 1.        ]
2025-06-12 22:40:14,309 - INFO -  Hypervolume: 0.1921
2025-06-12 22:40:14,309 - INFO - 
--- Iter 78 (train size (88, 2)) ---
2025-06-12 22:40:14,309 - INFO -  Inferred reference point at iter 78: [0.014574780058651027, -0.09999999999998607]
2025-06-12 22:40:14,311 - INFO -  Scoring full pool: 9912 candidates
2025-06-12 22:40:21,795 - INFO -  GP predict time: 7.484s
2025-06-12 22:40:21,795 - INFO -   EHVI: 9912 candidates with 1000 MC samples
2025-06-12 22:44:06,769 - INFO -  EHVI time: 224.974s
f1 shape: (1,)
f2 shape: (1,)
2025-06-12 22:44:06,771 - INFO -  Selected idx=7455 (CCOc1ccc(NC(=O)N2CCC(NC(=O)C(Cc3ccccc3OC)NC(C)=O)CC2)cc1) → [0.1971831 1.       ]
2025-06-12 22:44:06,838 - INFO -  Hypervolume: 0.2037
2025-06-12 22:44:06,838 - INFO - 
--- Iter 79 (train size (89, 2)) ---
2025-06-12 22:44:06,838 - INFO -  Inferred reference point at iter 79: [0.014574780058651027, -0.09999999999998607]
2025-06-12 22:44:06,840 - INFO -  Scoring full pool: 9911 candidates
2025-06-12 22:44:14,643 - INFO -  GP predict time: 7.803s
2025-06-12 22:44:14,643 - INFO -   EHVI: 9911 candidates with 1000 MC samples
2025-06-12 22:47:59,558 - INFO -  EHVI time: 224.915s
f1 shape: (1,)
f2 shape: (1,)
2025-06-12 22:47:59,560 - INFO -  Selected idx=332 (CCOc1ccccc1NC(=O)C1CCCCN1S(=O)(=O)c1ccccc1) → [0.17460317 1.        ]
2025-06-12 22:47:59,628 - INFO -  Hypervolume: 0.2037
2025-06-12 22:47:59,628 - INFO - 
--- Iter 80 (train size (90, 2)) ---
2025-06-12 22:47:59,628 - INFO -  Inferred reference point at iter 80: [0.014574780058651027, -0.09999999999998607]
2025-06-12 22:47:59,630 - INFO -  Scoring full pool: 9910 candidates
2025-06-12 22:48:07,595 - INFO -  GP predict time: 7.964s
2025-06-12 22:48:07,595 - INFO -   EHVI: 9910 candidates with 1000 MC samples
2025-06-12 22:51:52,090 - INFO -  EHVI time: 224.496s
f1 shape: (1,)
f2 shape: (1,)
2025-06-12 22:51:52,092 - INFO -  Selected idx=1430 (CN(CC(=O)Nc1ccccc1Cl)C(=O)C1CCN(C(=O)c2ccc(F)cc2)CC1) → [0.14814815 1.        ]
2025-06-12 22:51:52,162 - INFO -  Hypervolume: 0.2037
2025-06-12 22:51:52,162 - INFO - 
--- Iter 81 (train size (91, 2)) ---
2025-06-12 22:51:52,162 - INFO -  Inferred reference point at iter 81: [0.014574780058651027, -0.09999999999998607]
2025-06-12 22:51:52,165 - INFO -  Scoring full pool: 9909 candidates
2025-06-12 22:52:00,410 - INFO -  GP predict time: 8.246s
2025-06-12 22:52:00,410 - INFO -   EHVI: 9909 candidates with 1000 MC samples
2025-06-12 22:55:44,966 - INFO -  EHVI time: 224.555s
f1 shape: (1,)
f2 shape: (1,)
2025-06-12 22:55:44,967 - INFO -  Selected idx=2860 (COc1ccc(CC(=O)OCC(=O)Nc2cc(S(=O)(=O)N3CCOCC3)ccc2N2CCCC2)cc1) → [0.1372549 1.       ]
2025-06-12 22:55:45,037 - INFO -  Hypervolume: 0.2037
2025-06-12 22:55:45,037 - INFO - 
--- Iter 82 (train size (92, 2)) ---
2025-06-12 22:55:45,037 - INFO -  Inferred reference point at iter 82: [0.014574780058651027, -0.09999999999998607]
2025-06-12 22:55:45,039 - INFO -  Scoring full pool: 9908 candidates
2025-06-12 22:55:53,085 - INFO -  GP predict time: 8.045s
2025-06-12 22:55:53,085 - INFO -   EHVI: 9908 candidates with 1000 MC samples
2025-06-12 22:59:38,859 - INFO -  EHVI time: 225.774s
f1 shape: (1,)
f2 shape: (1,)
2025-06-12 22:59:38,861 - INFO -  Selected idx=6001 (Cc1cc(F)ccc1NC(=O)CCc1ccc(S(=O)(=O)N2CCOCC2)cc1) → [0.10294118 1.        ]
2025-06-12 22:59:38,934 - INFO -  Hypervolume: 0.2037
2025-06-12 22:59:38,934 - INFO - 
--- Iter 83 (train size (93, 2)) ---
2025-06-12 22:59:38,934 - INFO -  Inferred reference point at iter 83: [0.014574780058651027, -0.09999999999998607]
2025-06-12 22:59:38,936 - INFO -  Scoring full pool: 9907 candidates
2025-06-12 22:59:47,143 - INFO -  GP predict time: 8.207s
2025-06-12 22:59:47,143 - INFO -   EHVI: 9907 candidates with 1000 MC samples
2025-06-12 23:03:31,794 - INFO -  EHVI time: 224.651s
f1 shape: (1,)
f2 shape: (1,)
2025-06-12 23:03:31,796 - INFO -  Selected idx=1653 (O=C(NNS(=O)(=O)c1ccc(Cl)cc1)c1ccc(S(=O)(=O)N2CCCCC2)cc1) → [0.10144928 1.        ]
2025-06-12 23:03:31,870 - INFO -  Hypervolume: 0.2037
2025-06-12 23:03:31,870 - INFO - 
--- Iter 84 (train size (94, 2)) ---
2025-06-12 23:03:31,870 - INFO -  Inferred reference point at iter 84: [0.014574780058651027, -0.09999999999998607]
2025-06-12 23:03:31,872 - INFO -  Scoring full pool: 9906 candidates
2025-06-12 23:03:40,380 - INFO -  GP predict time: 8.508s
2025-06-12 23:03:40,380 - INFO -   EHVI: 9906 candidates with 1000 MC samples
2025-06-12 23:07:25,138 - INFO -  EHVI time: 224.758s
f1 shape: (1,)
f2 shape: (1,)
2025-06-12 23:07:25,140 - INFO -  Selected idx=4231 (CCOc1ccc(NC(=O)c2ccccc2NS(C)(=O)=O)cc1) → [0.09756098 1.        ]
2025-06-12 23:07:25,215 - INFO -  Hypervolume: 0.2037
2025-06-12 23:07:25,215 - INFO - 
--- Iter 85 (train size (95, 2)) ---
2025-06-12 23:07:25,216 - INFO -  Inferred reference point at iter 85: [0.014574780058651027, -0.09999999999998607]
2025-06-12 23:07:25,218 - INFO -  Scoring full pool: 9905 candidates
2025-06-12 23:07:33,762 - INFO -  GP predict time: 8.544s
2025-06-12 23:07:33,762 - INFO -   EHVI: 9905 candidates with 1000 MC samples
2025-06-12 23:11:19,671 - INFO -  EHVI time: 225.909s
f1 shape: (1,)
f2 shape: (1,)
2025-06-12 23:11:19,673 - INFO -  Selected idx=804 (CCc1ccc(NC(=O)C(=O)c2cn(CC(=O)N3CCCCC3)c3ccccc23)cc1) → [0.15942029 0.13533528]
2025-06-12 23:11:19,749 - INFO -  Hypervolume: 0.2037
2025-06-12 23:11:19,750 - INFO - 
--- Iter 86 (train size (96, 2)) ---
2025-06-12 23:11:19,750 - INFO -  Inferred reference point at iter 86: [0.014574780058651027, -0.09999999999998607]
2025-06-12 23:11:19,752 - INFO -  Scoring full pool: 9904 candidates
2025-06-12 23:11:28,448 - INFO -  GP predict time: 8.696s
2025-06-12 23:11:28,448 - INFO -   EHVI: 9904 candidates with 1000 MC samples
2025-06-12 23:15:12,972 - INFO -  EHVI time: 224.524s
f1 shape: (1,)
f2 shape: (1,)
2025-06-12 23:15:12,974 - INFO -  Selected idx=5885 (CSc1cccc(NC(=O)N2CCc3ccc(NC(=O)c4ccccn4)cc3C2)c1) → [0.08219178 0.13533528]
2025-06-12 23:15:13,049 - INFO -  Hypervolume: 0.2037
2025-06-12 23:15:13,049 - INFO - 
--- Iter 87 (train size (97, 2)) ---
2025-06-12 23:15:13,049 - INFO -  Inferred reference point at iter 87: [0.014574780058651027, -0.09999999999998607]
2025-06-12 23:15:13,051 - INFO -  Scoring full pool: 9903 candidates
2025-06-12 23:15:21,531 - INFO -  GP predict time: 8.480s
2025-06-12 23:15:21,532 - INFO -   EHVI: 9903 candidates with 1000 MC samples
2025-06-12 23:19:06,609 - INFO -  EHVI time: 225.077s
f1 shape: (1,)
f2 shape: (1,)
2025-06-12 23:19:06,611 - INFO -  Selected idx=5479 (COc1cccc(C(=O)NC2(C(=O)c3cccc(C)c3)CCCC2)c1C) → [0.13385827 1.        ]
2025-06-12 23:19:06,690 - INFO -  Hypervolume: 0.2037
2025-06-12 23:19:06,690 - INFO - 
--- Iter 88 (train size (98, 2)) ---
2025-06-12 23:19:06,690 - INFO -  Inferred reference point at iter 88: [0.014574780058651027, -0.09999999999998607]
2025-06-12 23:19:06,692 - INFO -  Scoring full pool: 9902 candidates
2025-06-12 23:19:15,489 - INFO -  GP predict time: 8.796s
2025-06-12 23:19:15,489 - INFO -   EHVI: 9902 candidates with 1000 MC samples
2025-06-12 23:22:59,868 - INFO -  EHVI time: 224.379s
f1 shape: (1,)
f2 shape: (1,)
2025-06-12 23:22:59,869 - INFO -  Selected idx=6342 (O=C(NCCN1CCc2ccccc2C1)Nc1ccc(F)cc1) → [0.078125 1.      ]
2025-06-12 23:22:59,947 - INFO -  Hypervolume: 0.2037
2025-06-12 23:22:59,947 - INFO - 
--- Iter 89 (train size (99, 2)) ---
2025-06-12 23:22:59,947 - INFO -  Inferred reference point at iter 89: [0.014574780058651027, -0.09999999999998607]
2025-06-12 23:22:59,949 - INFO -  Scoring full pool: 9901 candidates
2025-06-12 23:23:08,639 - INFO -  GP predict time: 8.690s
2025-06-12 23:23:08,639 - INFO -   EHVI: 9901 candidates with 1000 MC samples
2025-06-12 23:26:52,730 - INFO -  EHVI time: 224.091s
f1 shape: (1,)
f2 shape: (1,)
2025-06-12 23:26:52,732 - INFO -  Selected idx=3075 (Cc1ccc(S(=O)(=O)N2CCC(C(=O)OCC(=O)NC(C)c3ccc(F)cc3)CC2)cc1C) → [0.17391304 1.        ]
2025-06-12 23:26:53,130 - INFO -  Hypervolume: 0.2037
2025-06-12 23:26:53,130 - INFO - 
--- Iter 90 (train size (100, 2)) ---
2025-06-12 23:26:53,130 - INFO -  Inferred reference point at iter 90: [0.014574780058651027, -0.09999999999998607]
2025-06-12 23:26:53,133 - INFO -  Scoring full pool: 9900 candidates
2025-06-12 23:27:01,532 - INFO -  GP predict time: 8.399s
2025-06-12 23:27:01,532 - INFO -   EHVI: 9900 candidates with 1000 MC samples
2025-06-12 23:30:47,182 - INFO -  EHVI time: 225.650s
f1 shape: (1,)
f2 shape: (1,)
2025-06-12 23:30:47,184 - INFO -  Selected idx=8620 (CSCCC(NC(=O)c1cccc(S(=O)(=O)N2CCN(C(C)=O)CC2)c1)c1nc2ccccc2[nH]1) → [0.12582781 0.13533528]
2025-06-12 23:30:47,267 - INFO -  Hypervolume: 0.2037
2025-06-12 23:30:47,267 - INFO - 
--- Iter 91 (train size (101, 2)) ---
2025-06-12 23:30:47,267 - INFO -  Inferred reference point at iter 91: [0.014574780058651027, -0.09999999999998607]
2025-06-12 23:30:47,270 - INFO -  Scoring full pool: 9899 candidates
2025-06-12 23:30:56,016 - INFO -  GP predict time: 8.745s
2025-06-12 23:30:56,016 - INFO -   EHVI: 9899 candidates with 1000 MC samples
2025-06-12 23:34:41,493 - INFO -  EHVI time: 225.477s
f1 shape: (1,)
f2 shape: (1,)
2025-06-12 23:34:41,495 - INFO -  Selected idx=7348 (COCCSc1ccccc1C(=O)N1CCN(c2ccccc2OC)CC1) → [0.09558824 1.        ]
2025-06-12 23:34:41,580 - INFO -  Hypervolume: 0.2037
2025-06-12 23:34:41,580 - INFO - 
--- Iter 92 (train size (102, 2)) ---
2025-06-12 23:34:41,580 - INFO -  Inferred reference point at iter 92: [0.014574780058651027, -0.09999999999998607]
2025-06-12 23:34:41,583 - INFO -  Scoring full pool: 9898 candidates
2025-06-12 23:34:50,844 - INFO -  GP predict time: 9.261s
2025-06-12 23:34:50,844 - INFO -   EHVI: 9898 candidates with 1000 MC samples
2025-06-12 23:38:35,441 - INFO -  EHVI time: 224.597s
f1 shape: (1,)
f2 shape: (1,)
2025-06-12 23:38:35,442 - INFO -  Selected idx=4107 (O=C(O)C1(P(=O)(c2ccc(Cl)cc2)c2ccc(Cl)cc2)CCCC1) → [0.0952381 1.       ]
2025-06-12 23:38:35,525 - INFO -  Hypervolume: 0.2037
2025-06-12 23:38:35,525 - INFO - 
--- Iter 93 (train size (103, 2)) ---
2025-06-12 23:38:35,525 - INFO -  Inferred reference point at iter 93: [0.014574780058651027, -0.09999999999998607]
2025-06-12 23:38:35,528 - INFO -  Scoring full pool: 9897 candidates
2025-06-12 23:38:44,512 - INFO -  GP predict time: 8.984s
2025-06-12 23:38:44,512 - INFO -   EHVI: 9897 candidates with 1000 MC samples
2025-06-12 23:42:28,850 - INFO -  EHVI time: 224.338s
f1 shape: (1,)
f2 shape: (1,)
2025-06-12 23:42:28,852 - INFO -  Selected idx=9522 (CC1CCN(S(=O)(=O)c2ccc(F)c(C(=O)O)c2)CC1) → [0.14678899 0.13533528]
2025-06-12 23:42:28,939 - INFO -  Hypervolume: 0.2037
2025-06-12 23:42:28,939 - INFO - 
--- Iter 94 (train size (104, 2)) ---
2025-06-12 23:42:28,939 - INFO -  Inferred reference point at iter 94: [0.014574780058651027, -0.09999999999998607]
2025-06-12 23:42:28,942 - INFO -  Scoring full pool: 9896 candidates
2025-06-12 23:42:38,273 - INFO -  GP predict time: 9.331s
2025-06-12 23:42:38,273 - INFO -   EHVI: 9896 candidates with 1000 MC samples
2025-06-12 23:46:23,410 - INFO -  EHVI time: 225.137s
f1 shape: (1,)
f2 shape: (1,)
2025-06-12 23:46:23,412 - INFO -  Selected idx=1905 (COc1ccc(C(=O)CCS(=O)(=O)c2ccc(F)cc2)cc1OC) → [0.07874016 1.        ]
2025-06-12 23:46:23,501 - INFO -  Hypervolume: 0.2037
2025-06-12 23:46:23,501 - INFO - 
--- Iter 95 (train size (105, 2)) ---
2025-06-12 23:46:23,501 - INFO -  Inferred reference point at iter 95: [0.014574780058651027, -0.09999999999998607]
2025-06-12 23:46:23,504 - INFO -  Scoring full pool: 9895 candidates
2025-06-12 23:46:32,803 - INFO -  GP predict time: 9.299s
2025-06-12 23:46:32,804 - INFO -   EHVI: 9895 candidates with 1000 MC samples
2025-06-12 23:50:17,670 - INFO -  EHVI time: 224.866s
f1 shape: (1,)
f2 shape: (1,)
2025-06-12 23:50:17,671 - INFO -  Selected idx=9006 (COc1cccc(N2C(=O)Nc3ccc(Br)cc3C2(O)C(=O)NCCN(C)C)c1) → [0.0942029 1.       ]
2025-06-12 23:50:17,762 - INFO -  Hypervolume: 0.2037
2025-06-12 23:50:17,762 - INFO - 
--- Iter 96 (train size (106, 2)) ---
2025-06-12 23:50:17,762 - INFO -  Inferred reference point at iter 96: [0.014574780058651027, -0.09999999999998607]
2025-06-12 23:50:17,765 - INFO -  Scoring full pool: 9894 candidates
2025-06-12 23:50:27,068 - INFO -  GP predict time: 9.302s
2025-06-12 23:50:27,068 - INFO -   EHVI: 9894 candidates with 1000 MC samples
2025-06-12 23:54:11,378 - INFO -  EHVI time: 224.310s
f1 shape: (1,)
f2 shape: (1,)
2025-06-12 23:54:11,380 - INFO -  Selected idx=7190 (CC(=O)NC(C)Cc1ccc(C#Cc2cnc(N3CCCC3)nc2)cc1) → [0.12307692 1.        ]
2025-06-12 23:54:11,474 - INFO -  Hypervolume: 0.2037
2025-06-12 23:54:11,474 - INFO - 
--- Iter 97 (train size (107, 2)) ---
2025-06-12 23:54:11,474 - INFO -  Inferred reference point at iter 97: [0.014574780058651027, -0.09999999999998607]
2025-06-12 23:54:11,477 - INFO -  Scoring full pool: 9893 candidates
2025-06-12 23:54:21,139 - INFO -  GP predict time: 9.662s
2025-06-12 23:54:21,139 - INFO -   EHVI: 9893 candidates with 1000 MC samples
2025-06-12 23:58:05,667 - INFO -  EHVI time: 224.528s
f1 shape: (1,)
f2 shape: (1,)
2025-06-12 23:58:05,669 - INFO -  Selected idx=7251 (COc1ccccc1N1CCN(S(=O)(=O)c2ccc(Cl)cc2)C1=N) → [0.05343511 1.        ]
2025-06-12 23:58:05,758 - INFO -  Hypervolume: 0.2037
2025-06-12 23:58:05,758 - INFO - 
--- Iter 98 (train size (108, 2)) ---
2025-06-12 23:58:05,758 - INFO -  Inferred reference point at iter 98: [0.014574780058651027, -0.09999999999998607]
2025-06-12 23:58:05,761 - INFO -  Scoring full pool: 9892 candidates
2025-06-12 23:58:15,245 - INFO -  GP predict time: 9.484s
2025-06-12 23:58:15,245 - INFO -   EHVI: 9892 candidates with 1000 MC samples
2025-06-13 00:01:59,889 - INFO -  EHVI time: 224.644s
f1 shape: (1,)
f2 shape: (1,)
2025-06-13 00:01:59,891 - INFO -  Selected idx=9631 (COc1cccc(N2CCN(CCCC(=O)Nc3ccc(F)cc3F)CC2)c1) → [0.10218978 1.        ]
2025-06-13 00:01:59,985 - INFO -  Hypervolume: 0.2037
2025-06-13 00:01:59,985 - INFO - 
--- Iter 99 (train size (109, 2)) ---
2025-06-13 00:01:59,985 - INFO -  Inferred reference point at iter 99: [0.014574780058651027, -0.09999999999998607]
2025-06-13 00:01:59,988 - INFO -  Scoring full pool: 9891 candidates
2025-06-13 00:02:09,599 - INFO -  GP predict time: 9.611s
2025-06-13 00:02:09,599 - INFO -   EHVI: 9891 candidates with 1000 MC samples
2025-06-13 00:05:54,392 - INFO -  EHVI time: 224.793s
f1 shape: (1,)
f2 shape: (1,)
2025-06-13 00:05:54,394 - INFO -  Selected idx=6996 (COc1cccc(CNC(=O)C2CCCN2C(=O)C2CCCN2C(=O)c2ccc(Cl)cc2)c1) → [0.18705036 1.        ]
2025-06-13 00:05:54,487 - INFO -  Hypervolume: 0.2037
2025-06-13 00:05:54,488 - INFO - 
--- Iter 100 (train size (110, 2)) ---
2025-06-13 00:05:54,488 - INFO -  Inferred reference point at iter 100: [0.014574780058651027, -0.09999999999998607]
2025-06-13 00:05:54,490 - INFO -  Scoring full pool: 9890 candidates
2025-06-13 00:06:04,150 - INFO -  GP predict time: 9.660s
2025-06-13 00:06:04,151 - INFO -   EHVI: 9890 candidates with 1000 MC samples
2025-06-13 00:09:48,630 - INFO -  EHVI time: 224.480s
f1 shape: (1,)
f2 shape: (1,)
2025-06-13 00:09:48,632 - INFO -  Selected idx=3591 (CC1(CS(=O)(=O)N2CCC(Oc3ccc(OCc4cccc(F)c4)cc3)CC2)NC(=O)NC1=O) → [0.09868421 1.        ]
2025-06-13 00:09:48,728 - INFO -  Hypervolume: 0.2037
2025-06-13 00:09:48,728 - INFO - 
--- Iter 101 (train size (111, 2)) ---
2025-06-13 00:09:48,728 - INFO -  Inferred reference point at iter 101: [0.014574780058651027, -0.09999999999998607]
2025-06-13 00:09:48,731 - INFO -  Scoring full pool: 9889 candidates
2025-06-13 00:09:58,933 - INFO -  GP predict time: 10.202s
2025-06-13 00:09:58,933 - INFO -   EHVI: 9889 candidates with 1000 MC samples
2025-06-13 00:13:43,232 - INFO -  EHVI time: 224.298s
f1 shape: (1,)
f2 shape: (1,)
2025-06-13 00:13:43,233 - INFO -  Selected idx=7068 (CC(Oc1ccc(Cl)cc1CN1CCN(C(=O)Cc2ccc(Cl)cc2)C(C)C1)C(=O)O) → [0.1459854 1.       ]
2025-06-13 00:13:43,333 - INFO -  Hypervolume: 0.2037
2025-06-13 00:13:43,333 - INFO - 
--- Iter 102 (train size (112, 2)) ---
2025-06-13 00:13:43,333 - INFO -  Inferred reference point at iter 102: [0.014574780058651027, -0.09999999999998607]
2025-06-13 00:13:43,336 - INFO -  Scoring full pool: 9888 candidates
2025-06-13 00:13:53,721 - INFO -  GP predict time: 10.385s
2025-06-13 00:13:53,721 - INFO -   EHVI: 9888 candidates with 1000 MC samples
2025-06-13 00:17:39,546 - INFO -  EHVI time: 225.825s
f1 shape: (1,)
f2 shape: (1,)
2025-06-13 00:17:39,548 - INFO -  Selected idx=182 (Cc1cncc(NC(=O)c2ccc(CN3CCC(O)C3)cc2)c1) → [0.10483871 1.        ]
2025-06-13 00:17:39,646 - INFO -  Hypervolume: 0.2037
2025-06-13 00:17:39,646 - INFO - 
--- Iter 103 (train size (113, 2)) ---
2025-06-13 00:17:39,646 - INFO -  Inferred reference point at iter 103: [0.014574780058651027, -0.09999999999998607]
2025-06-13 00:17:39,649 - INFO -  Scoring full pool: 9887 candidates
2025-06-13 00:17:49,559 - INFO -  GP predict time: 9.910s
2025-06-13 00:17:49,559 - INFO -   EHVI: 9887 candidates with 1000 MC samples
2025-06-13 00:21:34,725 - INFO -  EHVI time: 225.166s
f1 shape: (1,)
f2 shape: (1,)
2025-06-13 00:21:34,727 - INFO -  Selected idx=1769 (CC(NC(=O)CO)c1ccc(OC2CCN(c3cccc(C(F)(F)F)n3)C2)cc1) → [0.11764706 1.        ]
2025-06-13 00:21:34,828 - INFO -  Hypervolume: 0.2037
2025-06-13 00:21:34,828 - INFO - 
--- Iter 104 (train size (114, 2)) ---
2025-06-13 00:21:34,828 - INFO -  Inferred reference point at iter 104: [0.014574780058651027, -0.09999999999998607]
2025-06-13 00:21:34,831 - INFO -  Scoring full pool: 9886 candidates
2025-06-13 00:21:44,998 - INFO -  GP predict time: 10.167s
2025-06-13 00:21:44,998 - INFO -   EHVI: 9886 candidates with 1000 MC samples
2025-06-13 00:25:29,894 - INFO -  EHVI time: 224.895s
f1 shape: (1,)
f2 shape: (1,)
2025-06-13 00:25:29,895 - INFO -  Selected idx=6269 (O=C(NCc1ccc(S(=O)(=O)N2CCCCC2)cc1)c1cc2ccncc2s1) → [0.10948905 0.13533528]
2025-06-13 00:25:29,999 - INFO -  Hypervolume: 0.2037
2025-06-13 00:25:29,999 - INFO - 
--- Iter 105 (train size (115, 2)) ---
2025-06-13 00:25:29,999 - INFO -  Inferred reference point at iter 105: [0.014574780058651027, -0.09999999999998607]
2025-06-13 00:25:30,002 - INFO -  Scoring full pool: 9885 candidates
2025-06-13 00:25:40,549 - INFO -  GP predict time: 10.547s
2025-06-13 00:25:40,550 - INFO -   EHVI: 9885 candidates with 1000 MC samples
2025-06-13 00:29:25,980 - INFO -  EHVI time: 225.430s
f1 shape: (1,)
f2 shape: (1,)
2025-06-13 00:29:25,981 - INFO -  Selected idx=5119 (CN(C)CCC(=O)OC1(c2ccc(Cl)cc2)CCN(CCCC(=O)c2ccc(F)cc2)CC1) → [0.11564626 1.        ]
2025-06-13 00:29:26,088 - INFO -  Hypervolume: 0.2037
2025-06-13 00:29:26,088 - INFO - 
--- Iter 106 (train size (116, 2)) ---
2025-06-13 00:29:26,088 - INFO -  Inferred reference point at iter 106: [0.014574780058651027, -0.09999999999998607]
2025-06-13 00:29:26,091 - INFO -  Scoring full pool: 9884 candidates
2025-06-13 00:29:36,627 - INFO -  GP predict time: 10.536s
2025-06-13 00:29:36,628 - INFO -   EHVI: 9884 candidates with 1000 MC samples
2025-06-13 00:33:21,385 - INFO -  EHVI time: 224.757s
f1 shape: (1,)
f2 shape: (1,)
2025-06-13 00:33:21,386 - INFO -  Selected idx=4364 (Cc1cc(C(=O)OCC(=O)c2ccccc2)c2ccccc2n1) → [0.07874016 0.13533528]
2025-06-13 00:33:21,492 - INFO -  Hypervolume: 0.2037
2025-06-13 00:33:21,492 - INFO - 
--- Iter 107 (train size (117, 2)) ---
2025-06-13 00:33:21,492 - INFO -  Inferred reference point at iter 107: [0.014574780058651027, -0.09999999999998607]
2025-06-13 00:33:21,495 - INFO -  Scoring full pool: 9883 candidates
2025-06-13 00:33:32,094 - INFO -  GP predict time: 10.598s
2025-06-13 00:33:32,094 - INFO -   EHVI: 9883 candidates with 1000 MC samples
2025-06-13 00:37:17,130 - INFO -  EHVI time: 225.036s
f1 shape: (1,)
f2 shape: (1,)
2025-06-13 00:37:17,131 - INFO -  Selected idx=6767 (COc1ccc(CN2CCCC2)cc1Oc1ccc(NC(C)=O)cc1) → [0.1171875 1.       ]
2025-06-13 00:37:17,714 - INFO -  Hypervolume: 0.2037
2025-06-13 00:37:17,714 - INFO - 
--- Iter 108 (train size (118, 2)) ---
2025-06-13 00:37:17,714 - INFO -  Inferred reference point at iter 108: [0.014574780058651027, -0.09999999999998607]
2025-06-13 00:37:17,717 - INFO -  Scoring full pool: 9882 candidates
2025-06-13 00:37:28,071 - INFO -  GP predict time: 10.354s
2025-06-13 00:37:28,071 - INFO -   EHVI: 9882 candidates with 1000 MC samples
2025-06-13 00:41:12,239 - INFO -  EHVI time: 224.168s
f1 shape: (1,)
f2 shape: (1,)
2025-06-13 00:41:12,241 - INFO -  Selected idx=9670 (Cc1cccc(CS(=O)(=O)NCc2ccc(N3CCCC3)cc2)c1) → [0.1023622 1.       ]
2025-06-13 00:41:12,716 - INFO -  Hypervolume: 0.2037
2025-06-13 00:41:12,716 - INFO - 
--- Iter 109 (train size (119, 2)) ---
2025-06-13 00:41:12,716 - INFO -  Inferred reference point at iter 109: [0.014574780058651027, -0.09999999999998607]
2025-06-13 00:41:12,719 - INFO -  Scoring full pool: 9881 candidates
2025-06-13 00:41:23,155 - INFO -  GP predict time: 10.436s
2025-06-13 00:41:23,155 - INFO -   EHVI: 9881 candidates with 1000 MC samples
2025-06-13 00:45:07,480 - INFO -  EHVI time: 224.325s
f1 shape: (1,)
f2 shape: (1,)
2025-06-13 00:45:07,482 - INFO -  Selected idx=3925 (Cc1cccc(S(=O)(=O)NC(=O)C2(C)CCN2C(=O)C2(c3ccc(Cl)cc3)CC2)c1) → [0.10869565 1.        ]
2025-06-13 00:45:07,593 - INFO -  Hypervolume: 0.2037
2025-06-13 00:45:07,593 - INFO - 
--- Iter 110 (train size (120, 2)) ---
2025-06-13 00:45:07,593 - INFO -  Inferred reference point at iter 110: [0.014574780058651027, -0.09999999999998607]
2025-06-13 00:45:07,596 - INFO -  Scoring full pool: 9880 candidates
2025-06-13 00:45:18,424 - INFO -  GP predict time: 10.828s
2025-06-13 00:45:18,424 - INFO -   EHVI: 9880 candidates with 1000 MC samples
2025-06-13 00:49:02,469 - INFO -  EHVI time: 224.045s
f1 shape: (1,)
f2 shape: (1,)
2025-06-13 00:49:02,471 - INFO -  Selected idx=4451 (CC(=O)NC(C)c1ccc(OC2CCN(c3nc(N4CCCOCC4)ncc3F)C2)cc1) → [0.12413793 1.        ]
2025-06-13 00:49:02,583 - INFO -  Hypervolume: 0.2037
2025-06-13 00:49:02,583 - INFO - 
--- Iter 111 (train size (121, 2)) ---
2025-06-13 00:49:02,583 - INFO -  Inferred reference point at iter 111: [0.014574780058651027, -0.09999999999998607]
2025-06-13 00:49:02,586 - INFO -  Scoring full pool: 9879 candidates
2025-06-13 00:49:13,666 - INFO -  GP predict time: 11.080s
2025-06-13 00:49:13,666 - INFO -   EHVI: 9879 candidates with 1000 MC samples
2025-06-13 00:52:58,038 - INFO -  EHVI time: 224.371s
f1 shape: (1,)
f2 shape: (1,)
2025-06-13 00:52:58,040 - INFO -  Selected idx=7294 (COc1ccc(CC(=O)Oc2ccc(C(C)C)cc2)cc1S(=O)(=O)N1CCOCC1) → [0.12318841 1.        ]
2025-06-13 00:52:58,155 - INFO -  Hypervolume: 0.2037
2025-06-13 00:52:58,155 - INFO - 
--- Iter 112 (train size (122, 2)) ---
2025-06-13 00:52:58,155 - INFO -  Inferred reference point at iter 112: [0.014574780058651027, -0.09999999999998607]
2025-06-13 00:52:58,158 - INFO -  Scoring full pool: 9878 candidates
2025-06-13 00:53:09,627 - INFO -  GP predict time: 11.469s
2025-06-13 00:53:09,627 - INFO -   EHVI: 9878 candidates with 1000 MC samples
2025-06-13 00:56:53,273 - INFO -  EHVI time: 223.645s
f1 shape: (1,)
f2 shape: (1,)
2025-06-13 00:56:53,274 - INFO -  Selected idx=2368 (Cc1ccc(S(=O)(=O)CCC(=O)Nc2ccccc2N2CCCC2)cc1) → [0.12403101 1.        ]
2025-06-13 00:56:53,389 - INFO -  Hypervolume: 0.2037
2025-06-13 00:56:53,390 - INFO - 
--- Iter 113 (train size (123, 2)) ---
2025-06-13 00:56:53,390 - INFO -  Inferred reference point at iter 113: [0.014574780058651027, -0.09999999999998607]
2025-06-13 00:56:53,393 - INFO -  Scoring full pool: 9877 candidates
2025-06-13 00:57:04,703 - INFO -  GP predict time: 11.310s
2025-06-13 00:57:04,703 - INFO -   EHVI: 9877 candidates with 1000 MC samples
2025-06-13 01:00:48,083 - INFO -  EHVI time: 223.380s
f1 shape: (1,)
f2 shape: (1,)
2025-06-13 01:00:48,085 - INFO -  Selected idx=3241 (COc1ccc(N2CCN(C(=O)COC(=O)c3cc(S(=O)(=O)N(C)C)ccc3N3CCCC3)CC2)cc1) → [0.13636364 1.        ]
2025-06-13 01:00:48,693 - INFO -  Hypervolume: 0.2037
2025-06-13 01:00:48,693 - INFO - 
--- Iter 114 (train size (124, 2)) ---
2025-06-13 01:00:48,693 - INFO -  Inferred reference point at iter 114: [0.014574780058651027, -0.09999999999998607]
2025-06-13 01:00:48,697 - INFO -  Scoring full pool: 9876 candidates
2025-06-13 01:00:59,689 - INFO -  GP predict time: 10.993s
2025-06-13 01:00:59,690 - INFO -   EHVI: 9876 candidates with 1000 MC samples
2025-06-13 01:04:43,389 - INFO -  EHVI time: 223.699s
f1 shape: (1,)
f2 shape: (1,)
2025-06-13 01:04:43,390 - INFO -  Selected idx=8648 (N=C(N)Nc1ccc(C(=O)Oc2cccc([N+](=O)[O-])c2)cc1) → [0.056 1.   ]
2025-06-13 01:04:43,507 - INFO -  Hypervolume: 0.2037
2025-06-13 01:04:43,507 - INFO - 
--- Iter 115 (train size (125, 2)) ---
2025-06-13 01:04:43,507 - INFO -  Inferred reference point at iter 115: [0.014574780058651027, -0.09999999999998607]
2025-06-13 01:04:43,510 - INFO -  Scoring full pool: 9875 candidates
2025-06-13 01:04:54,926 - INFO -  GP predict time: 11.415s
2025-06-13 01:04:54,926 - INFO -   EHVI: 9875 candidates with 1000 MC samples
2025-06-13 01:08:38,774 - INFO -  EHVI time: 223.849s
f1 shape: (1,)
f2 shape: (1,)
2025-06-13 01:08:38,776 - INFO -  Selected idx=4355 (Cc1ccc(OC(CC2CNC2)c2ccc(F)c(F)c2)cc1) → [0.05555556 1.        ]
2025-06-13 01:08:38,894 - INFO -  Hypervolume: 0.2037
2025-06-13 01:08:38,894 - INFO - 
--- Iter 116 (train size (126, 2)) ---
2025-06-13 01:08:38,894 - INFO -  Inferred reference point at iter 116: [0.014574780058651027, -0.09999999999998607]
2025-06-13 01:08:38,897 - INFO -  Scoring full pool: 9874 candidates
2025-06-13 01:08:50,265 - INFO -  GP predict time: 11.368s
2025-06-13 01:08:50,265 - INFO -   EHVI: 9874 candidates with 1000 MC samples
2025-06-13 01:12:35,055 - INFO -  EHVI time: 224.789s
f1 shape: (1,)
f2 shape: (1,)
2025-06-13 01:12:35,056 - INFO -  Selected idx=2369 (CC(C)NS(=O)(=O)c1ccc(NC2CCN(CC(O)=Nc3ccccc3)CC2)c([N+](=O)O)c1) → [0.13986014 1.        ]
2025-06-13 01:12:35,175 - INFO -  Hypervolume: 0.2037
2025-06-13 01:12:35,175 - INFO - 
--- Iter 117 (train size (127, 2)) ---
2025-06-13 01:12:35,176 - INFO -  Inferred reference point at iter 117: [0.014574780058651027, -0.09999999999998607]
2025-06-13 01:12:35,179 - INFO -  Scoring full pool: 9873 candidates
2025-06-13 01:12:46,299 - INFO -  GP predict time: 11.121s
2025-06-13 01:12:46,299 - INFO -   EHVI: 9873 candidates with 1000 MC samples
2025-06-13 01:16:30,099 - INFO -  EHVI time: 223.799s
f1 shape: (1,)
f2 shape: (1,)
2025-06-13 01:16:30,100 - INFO -  Selected idx=879 (COc1ccccc1N1CCN(S(=O)(=O)c2cccc(F)c2)CC1) → [0.06923077 1.        ]
2025-06-13 01:16:30,224 - INFO -  Hypervolume: 0.2037
2025-06-13 01:16:30,224 - INFO - 
--- Iter 118 (train size (128, 2)) ---
2025-06-13 01:16:30,224 - INFO -  Inferred reference point at iter 118: [0.014574780058651027, -0.09999999999998607]
2025-06-13 01:16:30,227 - INFO -  Scoring full pool: 9872 candidates
2025-06-13 01:16:41,847 - INFO -  GP predict time: 11.619s
2025-06-13 01:16:41,847 - INFO -   EHVI: 9872 candidates with 1000 MC samples
2025-06-13 01:20:25,432 - INFO -  EHVI time: 223.585s
f1 shape: (1,)
f2 shape: (1,)
2025-06-13 01:20:25,433 - INFO -  Selected idx=5584 (O=C(Cn1nnc(-c2ccccc2Cl)n1)Nc1cccc(S(=O)(=O)N2CCCC2)c1) → [0.0979021  0.13533528]
2025-06-13 01:20:25,561 - INFO -  Hypervolume: 0.2037
2025-06-13 01:20:25,561 - INFO - 
--- Iter 119 (train size (129, 2)) ---
2025-06-13 01:20:25,561 - INFO -  Inferred reference point at iter 119: [0.014574780058651027, -0.09999999999998607]
2025-06-13 01:20:25,564 - INFO -  Scoring full pool: 9871 candidates
2025-06-13 01:20:37,221 - INFO -  GP predict time: 11.657s
2025-06-13 01:20:37,221 - INFO -   EHVI: 9871 candidates with 1000 MC samples
2025-06-13 01:24:21,092 - INFO -  EHVI time: 223.870s
f1 shape: (1,)
f2 shape: (1,)
2025-06-13 01:24:21,093 - INFO -  Selected idx=5341 (Cc1ccc(C(=O)NCC(c2ccc(F)cc2)N2CCOCC2)cc1S(=O)(=O)N1CCOCC1) → [0.09803922 1.        ]
2025-06-13 01:24:21,221 - INFO -  Hypervolume: 0.2037
2025-06-13 01:24:21,221 - INFO - 
--- Iter 120 (train size (130, 2)) ---
2025-06-13 01:24:21,221 - INFO -  Inferred reference point at iter 120: [0.014574780058651027, -0.09999999999998607]
2025-06-13 01:24:21,225 - INFO -  Scoring full pool: 9870 candidates
2025-06-13 01:24:33,367 - INFO -  GP predict time: 12.143s
2025-06-13 01:24:33,368 - INFO -   EHVI: 9870 candidates with 1000 MC samples
2025-06-13 01:28:16,913 - INFO -  EHVI time: 223.545s
f1 shape: (1,)
f2 shape: (1,)
2025-06-13 01:28:16,915 - INFO -  Selected idx=3784 (O=C(Cc1cccs1)Nc1ccc(N2CCOCC2)cc1) → [0.08130081 1.        ]
2025-06-13 01:28:17,043 - INFO -  Hypervolume: 0.2037
2025-06-13 01:28:17,043 - INFO - 
--- Iter 121 (train size (131, 2)) ---
2025-06-13 01:28:17,043 - INFO -  Inferred reference point at iter 121: [0.014574780058651027, -0.09999999999998607]
2025-06-13 01:28:17,046 - INFO -  Scoring full pool: 9869 candidates
2025-06-13 01:28:29,131 - INFO -  GP predict time: 12.085s
2025-06-13 01:28:29,131 - INFO -   EHVI: 9869 candidates with 1000 MC samples
2025-06-13 01:32:13,128 - INFO -  EHVI time: 223.997s
f1 shape: (1,)
f2 shape: (1,)
2025-06-13 01:32:13,130 - INFO -  Selected idx=2222 (CCN(CC)S(=O)(=O)c1ccc(N2CCOCC2)c(NC(=O)c2ccc(O)nc2)c1) → [0.13138686 1.        ]
2025-06-13 01:32:13,260 - INFO -  Hypervolume: 0.2037
2025-06-13 01:32:13,260 - INFO - 
--- Iter 122 (train size (132, 2)) ---
2025-06-13 01:32:13,261 - INFO -  Inferred reference point at iter 122: [0.014574780058651027, -0.09999999999998607]
2025-06-13 01:32:13,264 - INFO -  Scoring full pool: 9868 candidates
2025-06-13 01:32:25,429 - INFO -  GP predict time: 12.166s
2025-06-13 01:32:25,430 - INFO -   EHVI: 9868 candidates with 1000 MC samples
2025-06-13 01:36:09,179 - INFO -  EHVI time: 223.750s
f1 shape: (1,)
f2 shape: (1,)
2025-06-13 01:36:09,181 - INFO -  Selected idx=5471 (COc1ccc2cc(S(=O)(=O)NN(Cc3cccc(C(=N)NO)c3)C(=O)N3CCCCC3C)ccc2c1) → [0.14379085 0.13533528]
2025-06-13 01:36:09,311 - INFO -  Hypervolume: 0.2037
2025-06-13 01:36:09,311 - INFO - 
--- Iter 123 (train size (133, 2)) ---
2025-06-13 01:36:09,311 - INFO -  Inferred reference point at iter 123: [0.014574780058651027, -0.09999999999998607]
2025-06-13 01:36:09,315 - INFO -  Scoring full pool: 9867 candidates
2025-06-13 01:36:21,367 - INFO -  GP predict time: 12.053s
2025-06-13 01:36:21,368 - INFO -   EHVI: 9867 candidates with 1000 MC samples
2025-06-13 01:40:06,353 - INFO -  EHVI time: 224.985s
f1 shape: (1,)
f2 shape: (1,)
2025-06-13 01:40:06,355 - INFO -  Selected idx=9398 (Cc1ccc(CCNS(=O)(=O)c2ccc3c(c2)CC(C)N3C(=O)C2CCC2)cc1) → [0.15151515 1.        ]
2025-06-13 01:40:06,489 - INFO -  Hypervolume: 0.2037
2025-06-13 01:40:06,489 - INFO - 
--- Iter 124 (train size (134, 2)) ---
2025-06-13 01:40:06,489 - INFO -  Inferred reference point at iter 124: [0.014574780058651027, -0.09999999999998607]
2025-06-13 01:40:06,492 - INFO -  Scoring full pool: 9866 candidates
2025-06-13 01:40:18,819 - INFO -  GP predict time: 12.327s
2025-06-13 01:40:18,819 - INFO -   EHVI: 9866 candidates with 1000 MC samples
2025-06-13 01:44:02,518 - INFO -  EHVI time: 223.698s
f1 shape: (1,)
f2 shape: (1,)
2025-06-13 01:44:02,519 - INFO -  Selected idx=8348 (CCS(=O)(=O)NC(C)C(c1cccs1)N1CCN(c2ccc(F)cc2)CC1) → [0.11363636 1.        ]
2025-06-13 01:44:03,062 - INFO -  Hypervolume: 0.2037
2025-06-13 01:44:03,062 - INFO - 
--- Iter 125 (train size (135, 2)) ---
2025-06-13 01:44:03,062 - INFO -  Inferred reference point at iter 125: [0.014574780058651027, -0.09999999999998607]
2025-06-13 01:44:03,065 - INFO -  Scoring full pool: 9865 candidates
2025-06-13 01:44:14,914 - INFO -  GP predict time: 11.848s
2025-06-13 01:44:14,914 - INFO -   EHVI: 9865 candidates with 1000 MC samples
2025-06-13 01:47:58,242 - INFO -  EHVI time: 223.328s
f1 shape: (1,)
f2 shape: (1,)
2025-06-13 01:47:58,244 - INFO -  Selected idx=5482 (C=CCN1C(=O)c2ccc(C(=O)N(CC)CC(=O)Nc3ccc(OC)cc3)cc2C1=O) → [0.11347518 1.        ]
2025-06-13 01:47:58,382 - INFO -  Hypervolume: 0.2037
2025-06-13 01:47:58,382 - INFO - 
--- Iter 126 (train size (136, 2)) ---
2025-06-13 01:47:58,382 - INFO -  Inferred reference point at iter 126: [0.014574780058651027, -0.09999999999998607]
2025-06-13 01:47:58,386 - INFO -  Scoring full pool: 9864 candidates
2025-06-13 01:48:10,722 - INFO -  GP predict time: 12.337s
2025-06-13 01:48:10,723 - INFO -   EHVI: 9864 candidates with 1000 MC samples
2025-06-13 01:51:54,166 - INFO -  EHVI time: 223.443s
f1 shape: (1,)
f2 shape: (1,)
2025-06-13 01:51:54,168 - INFO -  Selected idx=9067 (CC(O)(CSc1ccc(F)cc1)C(=O)Nc1ccc(C#N)c(C(F)(F)F)c1) → [0.05109489 1.        ]
2025-06-13 01:51:54,307 - INFO -  Hypervolume: 0.2037
2025-06-13 01:51:54,307 - INFO - 
--- Iter 127 (train size (137, 2)) ---
2025-06-13 01:51:54,307 - INFO -  Inferred reference point at iter 127: [0.014574780058651027, -0.09999999999998607]
2025-06-13 01:51:54,310 - INFO -  Scoring full pool: 9863 candidates
2025-06-13 01:52:07,082 - INFO -  GP predict time: 12.772s
2025-06-13 01:52:07,083 - INFO -   EHVI: 9863 candidates with 1000 MC samples
2025-06-13 01:55:51,682 - INFO -  EHVI time: 224.599s
f1 shape: (1,)
f2 shape: (1,)
2025-06-13 01:55:51,683 - INFO -  Selected idx=5928 (CC(=O)c1ccc(S(=O)(=O)N2CCCC(N(C)CCc3ccccc3)C2)cc1) → [0.12781955 1.        ]
2025-06-13 01:55:51,820 - INFO -  Hypervolume: 0.2037
2025-06-13 01:55:51,820 - INFO - 
--- Iter 128 (train size (138, 2)) ---
2025-06-13 01:55:51,821 - INFO -  Inferred reference point at iter 128: [0.014574780058651027, -0.09999999999998607]
2025-06-13 01:55:51,824 - INFO -  Scoring full pool: 9862 candidates
2025-06-13 01:56:04,390 - INFO -  GP predict time: 12.567s
2025-06-13 01:56:04,391 - INFO -   EHVI: 9862 candidates with 1000 MC samples
2025-06-13 01:59:48,044 - INFO -  EHVI time: 223.653s
f1 shape: (1,)
f2 shape: (1,)
2025-06-13 01:59:48,045 - INFO -  Selected idx=9859 (COc1ccc(NC(=O)NNC(=O)c2cc([N+](=O)[O-])cn2C)cc1) → [0.096 1.   ]
2025-06-13 01:59:48,186 - INFO -  Hypervolume: 0.2037
2025-06-13 01:59:48,186 - INFO - 
--- Iter 129 (train size (139, 2)) ---
2025-06-13 01:59:48,186 - INFO -  Inferred reference point at iter 129: [0.014574780058651027, -0.09999999999998607]
2025-06-13 01:59:48,190 - INFO -  Scoring full pool: 9861 candidates
2025-06-13 02:00:00,745 - INFO -  GP predict time: 12.555s
2025-06-13 02:00:00,745 - INFO -   EHVI: 9861 candidates with 1000 MC samples
2025-06-13 02:03:44,323 - INFO -  EHVI time: 223.578s
f1 shape: (1,)
f2 shape: (1,)
2025-06-13 02:03:44,324 - INFO -  Selected idx=5052 (CC1CCCCC1NC(=O)CN1C(=O)NC(C)(c2cccc(Br)c2)C1=O) → [0.18181818 0.13533528]
2025-06-13 02:03:44,468 - INFO -  Hypervolume: 0.2037
2025-06-13 02:03:44,469 - INFO - 
--- Iter 130 (train size (140, 2)) ---
2025-06-13 02:03:44,469 - INFO -  Inferred reference point at iter 130: [0.014574780058651027, -0.09999999999998607]
2025-06-13 02:03:44,472 - INFO -  Scoring full pool: 9860 candidates
2025-06-13 02:03:57,165 - INFO -  GP predict time: 12.693s
2025-06-13 02:03:57,165 - INFO -   EHVI: 9860 candidates with 1000 MC samples
2025-06-13 02:07:41,396 - INFO -  EHVI time: 224.231s
f1 shape: (1,)
f2 shape: (1,)
2025-06-13 02:07:41,397 - INFO -  Selected idx=6120 (COc1ccc(OCC(=O)Nc2ccc(N3CCOCC3)cc2)c([N+](=O)[O-])c1) → [0.0942029 1.       ]
2025-06-13 02:07:41,992 - INFO -  Hypervolume: 0.2037
2025-06-13 02:07:41,992 - INFO - 
--- Iter 131 (train size (141, 2)) ---
2025-06-13 02:07:41,993 - INFO -  Inferred reference point at iter 131: [0.014574780058651027, -0.09999999999998607]
2025-06-13 02:07:41,996 - INFO -  Scoring full pool: 9859 candidates
2025-06-13 02:07:54,719 - INFO -  GP predict time: 12.723s
2025-06-13 02:07:54,719 - INFO -   EHVI: 9859 candidates with 1000 MC samples
2025-06-13 02:11:39,755 - INFO -  EHVI time: 225.036s
f1 shape: (1,)
f2 shape: (1,)
2025-06-13 02:11:39,757 - INFO -  Selected idx=5719 (COc1ccc(NC(=O)C(=O)Nc2ccc(C)cc2OC)cc1) → [0.08870968 1.        ]
2025-06-13 02:11:39,905 - INFO -  Hypervolume: 0.2037
2025-06-13 02:11:39,905 - INFO - 
--- Iter 132 (train size (142, 2)) ---
2025-06-13 02:11:39,905 - INFO -  Inferred reference point at iter 132: [0.014574780058651027, -0.09999999999998607]
2025-06-13 02:11:39,909 - INFO -  Scoring full pool: 9858 candidates
2025-06-13 02:11:53,295 - INFO -  GP predict time: 13.386s
2025-06-13 02:11:53,295 - INFO -   EHVI: 9858 candidates with 1000 MC samples
2025-06-13 02:15:37,807 - INFO -  EHVI time: 224.512s
f1 shape: (1,)
f2 shape: (1,)
2025-06-13 02:15:37,808 - INFO -  Selected idx=9428 (O=C(NC1CCCCC1)c1ccc(-c2ccccc2)cc1) → [0.13675214 1.        ]
2025-06-13 02:15:37,955 - INFO -  Hypervolume: 0.2037
2025-06-13 02:15:37,955 - INFO - 
--- Iter 133 (train size (143, 2)) ---
2025-06-13 02:15:37,955 - INFO -  Inferred reference point at iter 133: [0.014574780058651027, -0.09999999999998607]
2025-06-13 02:15:37,958 - INFO -  Scoring full pool: 9857 candidates
2025-06-13 02:15:50,865 - INFO -  GP predict time: 12.906s
2025-06-13 02:15:50,865 - INFO -   EHVI: 9857 candidates with 1000 MC samples
2025-06-13 02:19:34,850 - INFO -  EHVI time: 223.985s
f1 shape: (1,)
f2 shape: (1,)
2025-06-13 02:19:34,852 - INFO -  Selected idx=1268 (COc1ccc(C(=O)C=CC(=O)N2CCN(c3ccc(N4CC(CNC(C)=O)OC4=O)cc3F)CC2)cc1) → [0.13375796 1.        ]
2025-06-13 02:19:35,004 - INFO -  Hypervolume: 0.2037
2025-06-13 02:19:35,004 - INFO - 
--- Iter 134 (train size (144, 2)) ---
2025-06-13 02:19:35,004 - INFO -  Inferred reference point at iter 134: [0.014574780058651027, -0.09999999999998607]
2025-06-13 02:19:35,008 - INFO -  Scoring full pool: 9856 candidates
2025-06-13 02:19:48,424 - INFO -  GP predict time: 13.416s
2025-06-13 02:19:48,425 - INFO -   EHVI: 9856 candidates with 1000 MC samples
2025-06-13 02:23:32,034 - INFO -  EHVI time: 223.609s
f1 shape: (1,)
f2 shape: (1,)
2025-06-13 02:23:32,035 - INFO -  Selected idx=3100 (CCC(=O)N1CCc2cc(S(=O)(=O)CCC(=O)N(C)c3ccc(OC)cc3)ccc21) → [0.13235294 1.        ]
2025-06-13 02:23:32,186 - INFO -  Hypervolume: 0.2037
2025-06-13 02:23:32,186 - INFO - 
--- Iter 135 (train size (145, 2)) ---
2025-06-13 02:23:32,186 - INFO -  Inferred reference point at iter 135: [0.014574780058651027, -0.09999999999998607]
2025-06-13 02:23:32,189 - INFO -  Scoring full pool: 9855 candidates
2025-06-13 02:23:45,240 - INFO -  GP predict time: 13.050s
2025-06-13 02:23:45,240 - INFO -   EHVI: 9855 candidates with 1000 MC samples
2025-06-13 02:27:28,305 - INFO -  EHVI time: 223.066s
f1 shape: (1,)
f2 shape: (1,)
2025-06-13 02:27:28,307 - INFO -  Selected idx=3768 (O=C(Nc1ccccc1)C1CCCN(C(=O)c2ccc(F)cc2)C1) → [0.12 1.  ]
2025-06-13 02:27:28,459 - INFO -  Hypervolume: 0.2037
2025-06-13 02:27:28,459 - INFO - 
--- Iter 136 (train size (146, 2)) ---
2025-06-13 02:27:28,459 - INFO -  Inferred reference point at iter 136: [0.014574780058651027, -0.09999999999998607]
2025-06-13 02:27:28,463 - INFO -  Scoring full pool: 9854 candidates
2025-06-13 02:27:41,661 - INFO -  GP predict time: 13.199s
2025-06-13 02:27:41,661 - INFO -   EHVI: 9854 candidates with 1000 MC samples
2025-06-13 02:31:27,157 - INFO -  EHVI time: 225.496s
f1 shape: (1,)
f2 shape: (1,)
2025-06-13 02:31:27,159 - INFO -  Selected idx=8189 (CC(=O)NC(C)c1ccc(OC2CCN(c3ccnc(OC4CCCCC4)c3)C2)cc1) → [0.16666667 1.        ]
2025-06-13 02:31:27,752 - INFO -  Hypervolume: 0.2037
2025-06-13 02:31:27,753 - INFO - 
--- Iter 137 (train size (147, 2)) ---
2025-06-13 02:31:27,753 - INFO -  Inferred reference point at iter 137: [0.014574780058651027, -0.09999999999998607]
2025-06-13 02:31:27,756 - INFO -  Scoring full pool: 9853 candidates
2025-06-13 02:31:40,652 - INFO -  GP predict time: 12.896s
2025-06-13 02:31:40,652 - INFO -   EHVI: 9853 candidates with 1000 MC samples
2025-06-13 02:35:24,019 - INFO -  EHVI time: 223.367s
f1 shape: (1,)
f2 shape: (1,)
2025-06-13 02:35:24,020 - INFO -  Selected idx=9602 (CSc1ccc(C=NNc2cccc(C(=O)O)c2)cc1) → [0.05785124 1.        ]
2025-06-13 02:35:24,180 - INFO -  Hypervolume: 0.2037
2025-06-13 02:35:24,181 - INFO - 
--- Iter 138 (train size (148, 2)) ---
2025-06-13 02:35:24,181 - INFO -  Inferred reference point at iter 138: [0.014574780058651027, -0.09999999999998607]
2025-06-13 02:35:24,184 - INFO -  Scoring full pool: 9852 candidates
2025-06-13 02:35:37,594 - INFO -  GP predict time: 13.410s
2025-06-13 02:35:37,594 - INFO -   EHVI: 9852 candidates with 1000 MC samples
2025-06-13 02:39:21,254 - INFO -  EHVI time: 223.660s
f1 shape: (1,)
f2 shape: (1,)
2025-06-13 02:39:21,256 - INFO -  Selected idx=8956 (O=C(CCNC(=O)C1CCN(S(=O)(=O)c2ccccc2)CC1)NCc1cccc(C(F)(F)F)c1) → [0.1292517 1.       ]
2025-06-13 02:39:21,419 - INFO -  Hypervolume: 0.2037
2025-06-13 02:39:21,419 - INFO - 
--- Iter 139 (train size (149, 2)) ---
2025-06-13 02:39:21,419 - INFO -  Inferred reference point at iter 139: [0.014574780058651027, -0.09999999999998607]
2025-06-13 02:39:21,423 - INFO -  Scoring full pool: 9851 candidates
2025-06-13 02:39:35,059 - INFO -  GP predict time: 13.636s
2025-06-13 02:39:35,059 - INFO -   EHVI: 9851 candidates with 1000 MC samples
2025-06-13 02:43:19,514 - INFO -  EHVI time: 224.455s
f1 shape: (1,)
f2 shape: (1,)
2025-06-13 02:43:19,516 - INFO -  Selected idx=1840 (COc1ccc(S(=O)(=O)N(C)CC(=O)N2CCN(c3ccccc3)CC2)cc1) → [0.10294118 1.        ]
2025-06-13 02:43:19,680 - INFO -  Hypervolume: 0.2037
2025-06-13 02:43:19,681 - INFO - 
--- Iter 140 (train size (150, 2)) ---
2025-06-13 02:43:19,681 - INFO -  Inferred reference point at iter 140: [0.014574780058651027, -0.09999999999998607]
2025-06-13 02:43:19,684 - INFO -  Scoring full pool: 9850 candidates
2025-06-13 02:43:33,692 - INFO -  GP predict time: 14.007s
2025-06-13 02:43:33,692 - INFO -   EHVI: 9850 candidates with 1000 MC samples
2025-06-13 02:47:17,817 - INFO -  EHVI time: 224.125s
f1 shape: (1,)
f2 shape: (1,)
2025-06-13 02:47:17,818 - INFO -  Selected idx=2758 (CC(C)c1cccc(C(C)C)c1OC(=O)NS(=O)(=O)N1CCc2ccccc21) → [0.12121212 1.        ]
2025-06-13 02:47:17,985 - INFO -  Hypervolume: 0.2037
2025-06-13 02:47:17,985 - INFO - 
--- Iter 141 (train size (151, 2)) ---
2025-06-13 02:47:17,985 - INFO -  Inferred reference point at iter 141: [0.014574780058651027, -0.09999999999998607]
2025-06-13 02:47:17,989 - INFO -  Scoring full pool: 9849 candidates
2025-06-13 02:47:32,129 - INFO -  GP predict time: 14.139s
2025-06-13 02:47:32,129 - INFO -   EHVI: 9849 candidates with 1000 MC samples
2025-06-13 02:51:16,124 - INFO -  EHVI time: 223.995s
f1 shape: (1,)
f2 shape: (1,)
2025-06-13 02:51:16,125 - INFO -  Selected idx=4992 (COc1ccc(C2CCCN2C(=O)c2cccs2)cc1) → [0.1025641 1.       ]
2025-06-13 02:51:16,292 - INFO -  Hypervolume: 0.2037
2025-06-13 02:51:16,292 - INFO - 
--- Iter 142 (train size (152, 2)) ---
2025-06-13 02:51:16,292 - INFO -  Inferred reference point at iter 142: [0.014574780058651027, -0.09999999999998607]
2025-06-13 02:51:16,296 - INFO -  Scoring full pool: 9848 candidates
2025-06-13 02:51:30,109 - INFO -  GP predict time: 13.814s
2025-06-13 02:51:30,109 - INFO -   EHVI: 9848 candidates with 1000 MC samples
2025-06-13 02:55:14,844 - INFO -  EHVI time: 224.735s
f1 shape: (1,)
f2 shape: (1,)
2025-06-13 02:55:14,845 - INFO -  Selected idx=6422 (COc1ccc(OC)c(S(=O)(=O)N2CCC(Oc3ccc(C(F)(F)F)cc3)CC2)c1C(=O)NO) → [0.12328767 1.        ]
2025-06-13 02:55:15,012 - INFO -  Hypervolume: 0.2037
2025-06-13 02:55:15,012 - INFO - 
--- Iter 143 (train size (153, 2)) ---
2025-06-13 02:55:15,012 - INFO -  Inferred reference point at iter 143: [0.014574780058651027, -0.09999999999998607]
2025-06-13 02:55:15,015 - INFO -  Scoring full pool: 9847 candidates
2025-06-13 02:55:28,729 - INFO -  GP predict time: 13.714s
2025-06-13 02:55:28,730 - INFO -   EHVI: 9847 candidates with 1000 MC samples
2025-06-13 02:59:12,427 - INFO -  EHVI time: 223.697s
f1 shape: (1,)
f2 shape: (1,)
2025-06-13 02:59:12,429 - INFO -  Selected idx=6230 (COc1cccc(C(O)=NCC(c2ccc(F)cc2)N2CCC(F)(F)CC2)c1Cl) → [0.08571429 1.        ]
2025-06-13 02:59:12,601 - INFO -  Hypervolume: 0.2037
2025-06-13 02:59:12,601 - INFO - 
--- Iter 144 (train size (154, 2)) ---
2025-06-13 02:59:12,601 - INFO -  Inferred reference point at iter 144: [0.014574780058651027, -0.09999999999998607]
2025-06-13 02:59:12,605 - INFO -  Scoring full pool: 9846 candidates
2025-06-13 02:59:26,602 - INFO -  GP predict time: 13.997s
2025-06-13 02:59:26,602 - INFO -   EHVI: 9846 candidates with 1000 MC samples
2025-06-13 03:03:10,177 - INFO -  EHVI time: 223.576s
f1 shape: (1,)
f2 shape: (1,)
2025-06-13 03:03:10,179 - INFO -  Selected idx=4344 (COc1ccc(CCNC(=O)C2CCN(C(=O)c3ccc([N+](=O)[O-])cc3)CC2)cc1) → [0.14705882 1.        ]
2025-06-13 03:03:10,349 - INFO -  Hypervolume: 0.2037
2025-06-13 03:03:10,349 - INFO - 
--- Iter 145 (train size (155, 2)) ---
2025-06-13 03:03:10,349 - INFO -  Inferred reference point at iter 145: [0.014574780058651027, -0.09999999999998607]
2025-06-13 03:03:10,353 - INFO -  Scoring full pool: 9845 candidates
2025-06-13 03:03:24,363 - INFO -  GP predict time: 14.010s
2025-06-13 03:03:24,363 - INFO -   EHVI: 9845 candidates with 1000 MC samples
2025-06-13 03:07:07,648 - INFO -  EHVI time: 223.285s
f1 shape: (1,)
f2 shape: (1,)
2025-06-13 03:07:07,650 - INFO -  Selected idx=4906 (CCOc1ccc(N2CC(CNS(=O)(=O)c3cccc(C(F)(F)F)c3)CC2=O)cc1) → [0.1 1. ]
2025-06-13 03:07:07,826 - INFO -  Hypervolume: 0.2037
2025-06-13 03:07:07,826 - INFO - 
--- Iter 146 (train size (156, 2)) ---
2025-06-13 03:07:07,826 - INFO -  Inferred reference point at iter 146: [0.014574780058651027, -0.09999999999998607]
2025-06-13 03:07:07,830 - INFO -  Scoring full pool: 9844 candidates
2025-06-13 03:07:22,240 - INFO -  GP predict time: 14.410s
2025-06-13 03:07:22,240 - INFO -   EHVI: 9844 candidates with 1000 MC samples
2025-06-13 03:11:04,922 - INFO -  EHVI time: 222.682s
f1 shape: (1,)
f2 shape: (1,)
2025-06-13 03:11:04,924 - INFO -  Selected idx=3920 (C=CC(CC(=O)c1ccc(OC)cc1)c1cccc(O)c1) → [0.06557377 1.        ]
2025-06-13 03:11:05,100 - INFO -  Hypervolume: 0.2037
2025-06-13 03:11:05,100 - INFO - 
--- Iter 147 (train size (157, 2)) ---
2025-06-13 03:11:05,100 - INFO -  Inferred reference point at iter 147: [0.014574780058651027, -0.09999999999998607]
2025-06-13 03:11:05,103 - INFO -  Scoring full pool: 9843 candidates
2025-06-13 03:11:19,622 - INFO -  GP predict time: 14.518s
2025-06-13 03:11:19,622 - INFO -   EHVI: 9843 candidates with 1000 MC samples
2025-06-13 03:15:02,421 - INFO -  EHVI time: 222.799s
f1 shape: (1,)
f2 shape: (1,)
2025-06-13 03:15:02,423 - INFO -  Selected idx=6388 (O=C(c1ccc(NS(=O)(=O)c2cccc3c2OCCO3)cc1)N1CCC(O)(Cc2ccccc2)CC1) → [0.08695652 0.13533528]
2025-06-13 03:15:02,602 - INFO -  Hypervolume: 0.2037
2025-06-13 03:15:02,602 - INFO - 
--- Iter 148 (train size (158, 2)) ---
2025-06-13 03:15:02,602 - INFO -  Inferred reference point at iter 148: [0.014574780058651027, -0.09999999999998607]
2025-06-13 03:15:02,606 - INFO -  Scoring full pool: 9842 candidates
2025-06-13 03:15:16,990 - INFO -  GP predict time: 14.385s
2025-06-13 03:15:16,990 - INFO -   EHVI: 9842 candidates with 1000 MC samples
2025-06-13 03:19:00,923 - INFO -  EHVI time: 223.932s
f1 shape: (1,)
f2 shape: (1,)
2025-06-13 03:19:00,924 - INFO -  Selected idx=1290 (CCc1ccc(C=NNC(=O)c2ccc(OCCN(C)C)cc2)cc1) → [0.09230769 1.        ]
2025-06-13 03:19:01,108 - INFO -  Hypervolume: 0.2037
2025-06-13 03:19:01,108 - INFO - 
--- Iter 149 (train size (159, 2)) ---
2025-06-13 03:19:01,108 - INFO -  Inferred reference point at iter 149: [0.014574780058651027, -0.09999999999998607]
2025-06-13 03:19:01,112 - INFO -  Scoring full pool: 9841 candidates
2025-06-13 03:19:15,509 - INFO -  GP predict time: 14.398s
2025-06-13 03:19:15,510 - INFO -   EHVI: 9841 candidates with 1000 MC samples
2025-06-13 03:22:58,662 - INFO -  EHVI time: 223.152s
f1 shape: (1,)
f2 shape: (1,)
2025-06-13 03:22:58,664 - INFO -  Selected idx=8298 (CS(=O)(=O)N1CCC(NC(c2cccnc2)c2ccc(Cl)cc2F)CC1) → [0.09923664 1.        ]
2025-06-13 03:22:58,850 - INFO -  Hypervolume: 0.2037
2025-06-13 03:22:58,850 - INFO - 
--- Iter 150 (train size (160, 2)) ---
2025-06-13 03:22:58,851 - INFO -  Inferred reference point at iter 150: [0.014574780058651027, -0.09999999999998607]
2025-06-13 03:22:58,854 - INFO -  Scoring full pool: 9840 candidates
2025-06-13 03:23:13,275 - INFO -  GP predict time: 14.421s
2025-06-13 03:23:13,275 - INFO -   EHVI: 9840 candidates with 1000 MC samples
2025-06-13 03:26:56,652 - INFO -  EHVI time: 223.377s
f1 shape: (1,)
f2 shape: (1,)
2025-06-13 03:26:56,653 - INFO -  Selected idx=3764 (CCN(CC(=O)NCc1cccs1)C(=O)C=Cc1cc(OC)ccc1OC) → [0.11363636 1.        ]
2025-06-13 03:26:56,837 - INFO -  Hypervolume: 0.2037
2025-06-13 03:26:56,837 - INFO - 
--- Iter 151 (train size (161, 2)) ---
2025-06-13 03:26:56,837 - INFO -  Inferred reference point at iter 151: [0.014574780058651027, -0.09999999999998607]
2025-06-13 03:26:56,841 - INFO -  Scoring full pool: 9839 candidates
2025-06-13 03:27:11,305 - INFO -  GP predict time: 14.464s
2025-06-13 03:27:11,305 - INFO -   EHVI: 9839 candidates with 1000 MC samples
2025-06-13 03:30:54,696 - INFO -  EHVI time: 223.391s
f1 shape: (1,)
f2 shape: (1,)
2025-06-13 03:30:54,698 - INFO -  Selected idx=3995 (Cc1ccc(S(=O)(=O)NC(=O)N(C)c2ccc(Cl)cc2)cc1) → [0.06504065 1.        ]
2025-06-13 03:30:54,886 - INFO -  Hypervolume: 0.2037
2025-06-13 03:30:54,886 - INFO - 
--- Iter 152 (train size (162, 2)) ---
2025-06-13 03:30:54,887 - INFO -  Inferred reference point at iter 152: [0.014574780058651027, -0.09999999999998607]
2025-06-13 03:30:54,890 - INFO -  Scoring full pool: 9838 candidates
2025-06-13 03:31:09,984 - INFO -  GP predict time: 15.094s
2025-06-13 03:31:09,985 - INFO -   EHVI: 9838 candidates with 1000 MC samples
2025-06-13 03:34:53,897 - INFO -  EHVI time: 223.912s
f1 shape: (1,)
f2 shape: (1,)
2025-06-13 03:34:53,899 - INFO -  Selected idx=3668 (CCCCOc1ccc(NC(=O)c2ccc(OC)cc2)cc1) → [0.09836066 1.        ]
2025-06-13 03:34:54,089 - INFO -  Hypervolume: 0.2037
2025-06-13 03:34:54,089 - INFO - 
--- Iter 153 (train size (163, 2)) ---
2025-06-13 03:34:54,089 - INFO -  Inferred reference point at iter 153: [0.014574780058651027, -0.09999999999998607]
2025-06-13 03:34:54,093 - INFO -  Scoring full pool: 9837 candidates
2025-06-13 03:35:09,289 - INFO -  GP predict time: 15.197s
2025-06-13 03:35:09,289 - INFO -   EHVI: 9837 candidates with 1000 MC samples
2025-06-13 03:38:51,052 - INFO -  EHVI time: 221.763s
f1 shape: (1,)
f2 shape: (1,)
2025-06-13 03:38:51,054 - INFO -  Selected idx=7445 (COc1ccc(N(CCC(N)=O)C(=O)CSc2ccc(F)c(F)c2)cc1) → [0.08333333 1.        ]
2025-06-13 03:38:51,246 - INFO -  Hypervolume: 0.2037
2025-06-13 03:38:51,246 - INFO - 
--- Iter 154 (train size (164, 2)) ---
2025-06-13 03:38:51,246 - INFO -  Inferred reference point at iter 154: [0.014574780058651027, -0.09999999999998607]
2025-06-13 03:38:51,250 - INFO -  Scoring full pool: 9836 candidates
2025-06-13 03:39:06,601 - INFO -  GP predict time: 15.351s
2025-06-13 03:39:06,601 - INFO -   EHVI: 9836 candidates with 1000 MC samples
2025-06-13 03:42:48,604 - INFO -  EHVI time: 222.002s
f1 shape: (1,)
f2 shape: (1,)
2025-06-13 03:42:48,605 - INFO -  Selected idx=5759 (COc1ccc(C=C(NC(=O)c2ccc(C)cc2)C(=O)N2CCCCC2)cc1) → [0.14393939 1.        ]
2025-06-13 03:42:48,800 - INFO -  Hypervolume: 0.2037
2025-06-13 03:42:48,800 - INFO - 
--- Iter 155 (train size (165, 2)) ---
2025-06-13 03:42:48,800 - INFO -  Inferred reference point at iter 155: [0.014574780058651027, -0.09999999999998607]
2025-06-13 03:42:48,804 - INFO -  Scoring full pool: 9835 candidates
2025-06-13 03:43:03,744 - INFO -  GP predict time: 14.940s
2025-06-13 03:43:03,744 - INFO -   EHVI: 9835 candidates with 1000 MC samples
2025-06-13 03:46:46,530 - INFO -  EHVI time: 222.786s
f1 shape: (1,)
f2 shape: (1,)
2025-06-13 03:46:46,532 - INFO -  Selected idx=4993 (CN(CC(=O)NCc1ccccc1F)S(=O)(=O)c1ccc(Cl)cc1) → [0.0703125 1.       ]
2025-06-13 03:46:46,729 - INFO -  Hypervolume: 0.2037
2025-06-13 03:46:46,730 - INFO - 
--- Iter 156 (train size (166, 2)) ---
2025-06-13 03:46:46,730 - INFO -  Inferred reference point at iter 156: [0.014574780058651027, -0.09999999999998607]
2025-06-13 03:46:46,733 - INFO -  Scoring full pool: 9834 candidates
2025-06-13 03:47:01,713 - INFO -  GP predict time: 14.980s
2025-06-13 03:47:01,713 - INFO -   EHVI: 9834 candidates with 1000 MC samples
2025-06-13 03:50:45,220 - INFO -  EHVI time: 223.506s
f1 shape: (1,)
f2 shape: (1,)
2025-06-13 03:50:45,221 - INFO -  Selected idx=6338 (CN(C)Cc1cc(S(N)(=O)=O)ccc1Oc1ccc(OC(F)(F)F)cc1) → [0.04444444 1.        ]
2025-06-13 03:50:45,421 - INFO -  Hypervolume: 0.2037
2025-06-13 03:50:45,421 - INFO - 
--- Iter 157 (train size (167, 2)) ---
2025-06-13 03:50:45,421 - INFO -  Inferred reference point at iter 157: [0.014574780058651027, -0.09999999999998607]
2025-06-13 03:50:45,425 - INFO -  Scoring full pool: 9833 candidates
2025-06-13 03:51:00,482 - INFO -  GP predict time: 15.057s
2025-06-13 03:51:00,482 - INFO -   EHVI: 9833 candidates with 1000 MC samples
2025-06-13 03:54:43,549 - INFO -  EHVI time: 223.066s
f1 shape: (1,)
f2 shape: (1,)
2025-06-13 03:54:43,550 - INFO -  Selected idx=3625 (CCN1CCC(NCc2ccc(-c3ccc(Cl)cc3)cc2)CC1) → [0.104 1.   ]
2025-06-13 03:54:43,753 - INFO -  Hypervolume: 0.2037
2025-06-13 03:54:43,753 - INFO - 
--- Iter 158 (train size (168, 2)) ---
2025-06-13 03:54:43,753 - INFO -  Inferred reference point at iter 158: [0.014574780058651027, -0.09999999999998607]
2025-06-13 03:54:43,757 - INFO -  Scoring full pool: 9832 candidates
2025-06-13 03:54:59,349 - INFO -  GP predict time: 15.592s
2025-06-13 03:54:59,349 - INFO -   EHVI: 9832 candidates with 1000 MC samples
2025-06-13 03:58:42,624 - INFO -  EHVI time: 223.275s
f1 shape: (1,)
f2 shape: (1,)
2025-06-13 03:58:42,626 - INFO -  Selected idx=3617 (COc1ccc(NS(=O)(=O)c2ccccc2)c(OC)c1) → [0.04958678 1.        ]
2025-06-13 03:58:42,828 - INFO -  Hypervolume: 0.2037
2025-06-13 03:58:42,829 - INFO - 
--- Iter 159 (train size (169, 2)) ---
2025-06-13 03:58:42,829 - INFO -  Inferred reference point at iter 159: [0.014574780058651027, -0.09999999999998607]
2025-06-13 03:58:42,833 - INFO -  Scoring full pool: 9831 candidates
2025-06-13 03:58:58,220 - INFO -  GP predict time: 15.387s
2025-06-13 03:58:58,220 - INFO -   EHVI: 9831 candidates with 1000 MC samples
2025-06-13 04:02:40,862 - INFO -  EHVI time: 222.642s
f1 shape: (1,)
f2 shape: (1,)
2025-06-13 04:02:40,864 - INFO -  Selected idx=9905 (Nc1sccc1C(=O)c1cccc(F)c1) → [0.02727273 1.        ]
2025-06-13 04:02:41,624 - INFO -  Hypervolume: 0.2037
2025-06-13 04:02:41,624 - INFO - 
--- Iter 160 (train size (170, 2)) ---
2025-06-13 04:02:41,624 - INFO -  Inferred reference point at iter 160: [0.00909090909090909, -0.09999999999998607]
2025-06-13 04:02:41,628 - INFO -  Scoring full pool: 9830 candidates
2025-06-13 04:02:56,890 - INFO -  GP predict time: 15.262s
2025-06-13 04:02:56,890 - INFO -   EHVI: 9830 candidates with 1000 MC samples
2025-06-13 04:06:40,197 - INFO -  EHVI time: 223.306s
f1 shape: (1,)
f2 shape: (1,)
2025-06-13 04:06:40,199 - INFO -  Selected idx=8264 (O=C(O)c1ccc(CN(CCC2CC2)C(=O)c2ccc(Oc3ccccc3F)cc2)cc1) → [0.11724138 0.13533528]
2025-06-13 04:06:40,407 - INFO -  Hypervolume: 0.2097
2025-06-13 04:06:40,407 - INFO - 
--- Iter 161 (train size (171, 2)) ---
2025-06-13 04:06:40,407 - INFO -  Inferred reference point at iter 161: [0.00909090909090909, -0.09999999999998607]
2025-06-13 04:06:40,411 - INFO -  Scoring full pool: 9829 candidates
2025-06-13 04:06:55,790 - INFO -  GP predict time: 15.379s
2025-06-13 04:06:55,790 - INFO -   EHVI: 9829 candidates with 1000 MC samples
2025-06-13 04:10:40,090 - INFO -  EHVI time: 224.300s
f1 shape: (1,)
f2 shape: (1,)
2025-06-13 04:10:40,092 - INFO -  Selected idx=965 (CCN(CC)S(=O)(=O)c1ccc(Cl)c(NC(=O)c2ccc(C#N)cc2)c1) → [0.09230769 1.        ]
2025-06-13 04:10:40,303 - INFO -  Hypervolume: 0.2097
2025-06-13 04:10:40,303 - INFO - 
--- Iter 162 (train size (172, 2)) ---
2025-06-13 04:10:40,303 - INFO -  Inferred reference point at iter 162: [0.00909090909090909, -0.09999999999998607]
2025-06-13 04:10:40,307 - INFO -  Scoring full pool: 9828 candidates
2025-06-13 04:10:55,837 - INFO -  GP predict time: 15.530s
2025-06-13 04:10:55,837 - INFO -   EHVI: 9828 candidates with 1000 MC samples
2025-06-13 04:14:39,711 - INFO -  EHVI time: 223.874s
f1 shape: (1,)
f2 shape: (1,)
2025-06-13 04:14:39,713 - INFO -  Selected idx=7803 (CCOC(=O)c1cc(-c2ccccc2)sc1NC(=O)COC) → [0.13675214 1.        ]
2025-06-13 04:14:39,923 - INFO -  Hypervolume: 0.2097
2025-06-13 04:14:39,923 - INFO - 
--- Iter 163 (train size (173, 2)) ---
2025-06-13 04:14:39,923 - INFO -  Inferred reference point at iter 163: [0.00909090909090909, -0.09999999999998607]
2025-06-13 04:14:39,927 - INFO -  Scoring full pool: 9827 candidates
2025-06-13 04:14:55,866 - INFO -  GP predict time: 15.939s
2025-06-13 04:14:55,867 - INFO -   EHVI: 9827 candidates with 1000 MC samples
2025-06-13 04:18:38,856 - INFO -  EHVI time: 222.989s
f1 shape: (1,)
f2 shape: (1,)
2025-06-13 04:18:38,857 - INFO -  Selected idx=2231 (CC(NC(=O)c1ccc(C(C)(C)C)cc1)C(c1cccs1)N1CCOCC1) → [0.11363636 1.        ]
2025-06-13 04:18:39,066 - INFO -  Hypervolume: 0.2097
2025-06-13 04:18:39,067 - INFO - 
--- Iter 164 (train size (174, 2)) ---
2025-06-13 04:18:39,067 - INFO -  Inferred reference point at iter 164: [0.00909090909090909, -0.09999999999998607]
2025-06-13 04:18:39,070 - INFO -  Scoring full pool: 9826 candidates
2025-06-13 04:18:55,089 - INFO -  GP predict time: 16.018s
2025-06-13 04:18:55,089 - INFO -   EHVI: 9826 candidates with 1000 MC samples
2025-06-13 04:22:37,084 - INFO -  EHVI time: 221.995s
f1 shape: (1,)
f2 shape: (1,)
2025-06-13 04:22:37,086 - INFO -  Selected idx=2909 (Cc1ccc(CCNS(=O)(=O)c2ccc3c(c2)CCN3C(=O)CCC(=O)O)cc1) → [0.12592593 1.        ]
2025-06-13 04:22:37,301 - INFO -  Hypervolume: 0.2097
2025-06-13 04:22:37,301 - INFO - 
--- Iter 165 (train size (175, 2)) ---
2025-06-13 04:22:37,301 - INFO -  Inferred reference point at iter 165: [0.00909090909090909, -0.09999999999998607]
2025-06-13 04:22:37,305 - INFO -  Scoring full pool: 9825 candidates
2025-06-13 04:22:53,499 - INFO -  GP predict time: 16.194s
2025-06-13 04:22:53,500 - INFO -   EHVI: 9825 candidates with 1000 MC samples
2025-06-13 04:26:36,330 - INFO -  EHVI time: 222.830s
f1 shape: (1,)
f2 shape: (1,)
2025-06-13 04:26:36,332 - INFO -  Selected idx=5244 (CC(=O)C(=NNc1ccccc1)Nc1cccc(Cl)c1) → [0.04918033 1.        ]
2025-06-13 04:26:36,551 - INFO -  Hypervolume: 0.2097
2025-06-13 04:26:36,551 - INFO - 
--- Iter 166 (train size (176, 2)) ---
2025-06-13 04:26:36,551 - INFO -  Inferred reference point at iter 166: [0.00909090909090909, -0.09999999999998607]
2025-06-13 04:26:36,555 - INFO -  Scoring full pool: 9824 candidates
2025-06-13 04:26:52,870 - INFO -  GP predict time: 16.315s
2025-06-13 04:26:52,870 - INFO -   EHVI: 9824 candidates with 1000 MC samples
2025-06-13 04:30:34,844 - INFO -  EHVI time: 221.973s
f1 shape: (1,)
f2 shape: (1,)
2025-06-13 04:30:34,845 - INFO -  Selected idx=7442 (O=C(NCC(Cc1ccccc1)N1CCC(O)(C(F)(F)F)CC1)C1(c2ccc(Cl)cc2)CC1) → [0.09395973 1.        ]
2025-06-13 04:30:35,066 - INFO -  Hypervolume: 0.2097
2025-06-13 04:30:35,066 - INFO - 
--- Iter 167 (train size (177, 2)) ---
2025-06-13 04:30:35,067 - INFO -  Inferred reference point at iter 167: [0.00909090909090909, -0.09999999999998607]
2025-06-13 04:30:35,070 - INFO -  Scoring full pool: 9823 candidates
2025-06-13 04:30:51,126 - INFO -  GP predict time: 16.056s
2025-06-13 04:30:51,126 - INFO -   EHVI: 9823 candidates with 1000 MC samples
2025-06-13 04:34:34,180 - INFO -  EHVI time: 223.054s
f1 shape: (1,)
f2 shape: (1,)
2025-06-13 04:34:34,182 - INFO -  Selected idx=7676 (COCc1cc(CN2CCCC(C(=O)c3cccc(C(F)(F)F)c3)C2)ccc1OC) → [0.11510791 1.        ]
2025-06-13 04:34:34,914 - INFO -  Hypervolume: 0.2097
2025-06-13 04:34:34,914 - INFO - 
--- Iter 168 (train size (178, 2)) ---
2025-06-13 04:34:34,914 - INFO -  Inferred reference point at iter 168: [0.00909090909090909, -0.09999999999998607]
2025-06-13 04:34:34,918 - INFO -  Scoring full pool: 9822 candidates
2025-06-13 04:34:50,823 - INFO -  GP predict time: 15.905s
2025-06-13 04:34:50,823 - INFO -   EHVI: 9822 candidates with 1000 MC samples
2025-06-13 04:38:32,802 - INFO -  EHVI time: 221.979s
f1 shape: (1,)
f2 shape: (1,)
2025-06-13 04:38:32,804 - INFO -  Selected idx=3451 (CS(=O)(=O)CCC(C(=O)Nc1cccc(C(F)(F)F)c1)N1Cc2ccccc2C1=O) → [0.09285714 1.        ]
2025-06-13 04:38:33,031 - INFO -  Hypervolume: 0.2097
2025-06-13 04:38:33,031 - INFO - 
--- Iter 169 (train size (179, 2)) ---
2025-06-13 04:38:33,031 - INFO -  Inferred reference point at iter 169: [0.00909090909090909, -0.09999999999998607]
2025-06-13 04:38:33,035 - INFO -  Scoring full pool: 9821 candidates
2025-06-13 04:38:49,179 - INFO -  GP predict time: 16.144s
2025-06-13 04:38:49,179 - INFO -   EHVI: 9821 candidates with 1000 MC samples
2025-06-13 04:42:32,421 - INFO -  EHVI time: 223.242s
f1 shape: (1,)
f2 shape: (1,)
2025-06-13 04:42:32,423 - INFO -  Selected idx=3004 (CC(Oc1ccc(F)cc1)C(=O)Nc1cccc(-c2nn[nH]n2)c1) → [0.06060606 0.13533528]
2025-06-13 04:42:32,652 - INFO -  Hypervolume: 0.2097
2025-06-13 04:42:32,652 - INFO - 
--- Iter 170 (train size (180, 2)) ---
2025-06-13 04:42:32,652 - INFO -  Inferred reference point at iter 170: [0.00909090909090909, -0.09999999999998607]
2025-06-13 04:42:32,656 - INFO -  Scoring full pool: 9820 candidates
2025-06-13 04:42:48,824 - INFO -  GP predict time: 16.168s
2025-06-13 04:42:48,824 - INFO -   EHVI: 9820 candidates with 1000 MC samples
2025-06-13 04:46:30,859 - INFO -  EHVI time: 222.035s
f1 shape: (1,)
f2 shape: (1,)
2025-06-13 04:46:30,861 - INFO -  Selected idx=982 (CCCOc1ccc(N2CCC(Oc3ccc(C(C)C(O)=NCC)cc3)C2)c(Cl)c1) → [0.15555556 1.        ]
2025-06-13 04:46:31,092 - INFO -  Hypervolume: 0.2097
2025-06-13 04:46:31,092 - INFO - 
--- Iter 171 (train size (181, 2)) ---
2025-06-13 04:46:31,092 - INFO -  Inferred reference point at iter 171: [0.00909090909090909, -0.09999999999998607]
2025-06-13 04:46:31,096 - INFO -  Scoring full pool: 9819 candidates
2025-06-13 04:46:47,385 - INFO -  GP predict time: 16.288s
2025-06-13 04:46:47,385 - INFO -   EHVI: 9819 candidates with 1000 MC samples
2025-06-13 04:50:30,440 - INFO -  EHVI time: 223.055s
f1 shape: (1,)
f2 shape: (1,)
2025-06-13 04:50:30,442 - INFO -  Selected idx=8754 (O=C(O)CCC(=O)NC(CC(=O)O)Cc1ccc(-c2cccc(F)c2)cc1) → [0.12307692 1.        ]
2025-06-13 04:50:30,676 - INFO -  Hypervolume: 0.2097
2025-06-13 04:50:30,676 - INFO - 
--- Iter 172 (train size (182, 2)) ---
2025-06-13 04:50:30,676 - INFO -  Inferred reference point at iter 172: [0.00909090909090909, -0.09999999999998607]
2025-06-13 04:50:30,680 - INFO -  Scoring full pool: 9818 candidates
2025-06-13 04:50:47,090 - INFO -  GP predict time: 16.409s
2025-06-13 04:50:47,090 - INFO -   EHVI: 9818 candidates with 1000 MC samples
2025-06-13 04:54:29,235 - INFO -  EHVI time: 222.145s
f1 shape: (1,)
f2 shape: (1,)
2025-06-13 04:54:29,237 - INFO -  Selected idx=7160 (O=C(O)COc1ccc(C(F)(F)F)cc1CN1CCN(S(=O)(=O)c2ccccc2)CC1) → [0.1056338 1.       ]
2025-06-13 04:54:29,988 - INFO -  Hypervolume: 0.2097
2025-06-13 04:54:29,988 - INFO - 
--- Iter 173 (train size (183, 2)) ---
2025-06-13 04:54:29,988 - INFO -  Inferred reference point at iter 173: [0.00909090909090909, -0.09999999999998607]
2025-06-13 04:54:29,992 - INFO -  Scoring full pool: 9817 candidates
2025-06-13 04:54:46,366 - INFO -  GP predict time: 16.374s
2025-06-13 04:54:46,366 - INFO -   EHVI: 9817 candidates with 1000 MC samples
2025-06-13 04:58:28,830 - INFO -  EHVI time: 222.464s
f1 shape: (1,)
f2 shape: (1,)
2025-06-13 04:58:28,831 - INFO -  Selected idx=2571 (Cc1cccc(C#Cc2ccc(OCC(=O)O)cc2)c1) → [0.06666667 1.        ]
2025-06-13 04:58:29,069 - INFO -  Hypervolume: 0.2097
2025-06-13 04:58:29,070 - INFO - 
--- Iter 174 (train size (184, 2)) ---
2025-06-13 04:58:29,070 - INFO -  Inferred reference point at iter 174: [0.00909090909090909, -0.09999999999998607]
2025-06-13 04:58:29,074 - INFO -  Scoring full pool: 9816 candidates
2025-06-13 04:58:46,151 - INFO -  GP predict time: 17.077s
2025-06-13 04:58:46,151 - INFO -   EHVI: 9816 candidates with 1000 MC samples
2025-06-13 05:02:28,750 - INFO -  EHVI time: 222.599s
f1 shape: (1,)
f2 shape: (1,)
2025-06-13 05:02:28,752 - INFO -  Selected idx=8123 (CCOc1ccc(N2CC(C(=O)Nc3ccc(C(C)=O)cc3)CC2=O)cc1) → [0.13953488 1.        ]
2025-06-13 05:02:29,587 - INFO -  Hypervolume: 0.2097
2025-06-13 05:02:29,587 - INFO - 
--- Iter 175 (train size (185, 2)) ---
2025-06-13 05:02:29,587 - INFO -  Inferred reference point at iter 175: [0.00909090909090909, -0.09999999999998607]
2025-06-13 05:02:29,591 - INFO -  Scoring full pool: 9815 candidates
2025-06-13 05:02:46,123 - INFO -  GP predict time: 16.532s
2025-06-13 05:02:46,123 - INFO -   EHVI: 9815 candidates with 1000 MC samples
2025-06-13 05:06:28,197 - INFO -  EHVI time: 222.073s
f1 shape: (1,)
f2 shape: (1,)
2025-06-13 05:06:28,199 - INFO -  Selected idx=4866 (Cc1ccc(CONC(=O)c2ccc(OC(F)F)cc2)cc1) → [0.064 1.   ]
2025-06-13 05:06:28,443 - INFO -  Hypervolume: 0.2097
2025-06-13 05:06:28,443 - INFO - 
--- Iter 176 (train size (186, 2)) ---
2025-06-13 05:06:28,443 - INFO -  Inferred reference point at iter 176: [0.00909090909090909, -0.09999999999998607]
2025-06-13 05:06:28,447 - INFO -  Scoring full pool: 9814 candidates
2025-06-13 05:06:45,659 - INFO -  GP predict time: 17.212s
2025-06-13 05:06:45,659 - INFO -   EHVI: 9814 candidates with 1000 MC samples
2025-06-13 05:10:27,996 - INFO -  EHVI time: 222.337s
f1 shape: (1,)
f2 shape: (1,)
2025-06-13 05:10:27,998 - INFO -  Selected idx=621 (COc1ccc(SCC(=O)Nc2ccccc2Cl)cc1) → [0.05785124 1.        ]
2025-06-13 05:10:28,245 - INFO -  Hypervolume: 0.2097
2025-06-13 05:10:28,245 - INFO - 
--- Iter 177 (train size (187, 2)) ---
2025-06-13 05:10:28,245 - INFO -  Inferred reference point at iter 177: [0.00909090909090909, -0.09999999999998607]
2025-06-13 05:10:28,249 - INFO -  Scoring full pool: 9813 candidates
2025-06-13 05:10:45,030 - INFO -  GP predict time: 16.781s
2025-06-13 05:10:45,030 - INFO -   EHVI: 9813 candidates with 1000 MC samples
2025-06-13 05:14:27,851 - INFO -  EHVI time: 222.820s
f1 shape: (1,)
f2 shape: (1,)
2025-06-13 05:14:27,852 - INFO -  Selected idx=5516 (COC(=O)c1ccccc1S(=O)(=O)N1CCC2(C=Cc3ccccc32)CC1) → [0.08823529 1.        ]
2025-06-13 05:14:28,100 - INFO -  Hypervolume: 0.2097
2025-06-13 05:14:28,100 - INFO - 
--- Iter 178 (train size (188, 2)) ---
2025-06-13 05:14:28,100 - INFO -  Inferred reference point at iter 178: [0.00909090909090909, -0.09999999999998607]
2025-06-13 05:14:28,104 - INFO -  Scoring full pool: 9812 candidates
2025-06-13 05:14:45,499 - INFO -  GP predict time: 17.394s
2025-06-13 05:14:45,499 - INFO -   EHVI: 9812 candidates with 1000 MC samples
2025-06-13 05:18:28,145 - INFO -  EHVI time: 222.646s
f1 shape: (1,)
f2 shape: (1,)
2025-06-13 05:18:28,147 - INFO -  Selected idx=4417 (COCc1ccc(C(=O)N2CCCN(Cc3ccc(F)cc3)CC2)s1) → [0.10852713 1.        ]
2025-06-13 05:18:28,397 - INFO -  Hypervolume: 0.2097
2025-06-13 05:18:28,397 - INFO - 
--- Iter 179 (train size (189, 2)) ---
2025-06-13 05:18:28,397 - INFO -  Inferred reference point at iter 179: [0.00909090909090909, -0.09999999999998607]
2025-06-13 05:18:28,401 - INFO -  Scoring full pool: 9811 candidates
2025-06-13 05:18:45,479 - INFO -  GP predict time: 17.078s
2025-06-13 05:18:45,479 - INFO -   EHVI: 9811 candidates with 1000 MC samples
2025-06-13 05:22:28,490 - INFO -  EHVI time: 223.011s
f1 shape: (1,)
f2 shape: (1,)
2025-06-13 05:22:28,492 - INFO -  Selected idx=1567 (COc1ccc(C)cc1NC(=O)COC(=O)C1COc2ccccc2O1) → [0.10687023 1.        ]
2025-06-13 05:22:28,744 - INFO -  Hypervolume: 0.2097
2025-06-13 05:22:28,744 - INFO - 
--- Iter 180 (train size (190, 2)) ---
2025-06-13 05:22:28,744 - INFO -  Inferred reference point at iter 180: [0.00909090909090909, -0.09999999999998607]
2025-06-13 05:22:28,749 - INFO -  Scoring full pool: 9810 candidates
2025-06-13 05:22:45,817 - INFO -  GP predict time: 17.068s
2025-06-13 05:22:45,817 - INFO -   EHVI: 9810 candidates with 1000 MC samples
2025-06-13 05:26:27,835 - INFO -  EHVI time: 222.018s
f1 shape: (1,)
f2 shape: (1,)
2025-06-13 05:26:27,836 - INFO -  Selected idx=3131 (CC(C)(C)c1ccc(NC(=O)c2ccc(Cl)[n+]([O-])c2)cc1) → [0.05785124 1.        ]
2025-06-13 05:26:28,634 - INFO -  Hypervolume: 0.2097
2025-06-13 05:26:28,634 - INFO - 
--- Iter 181 (train size (191, 2)) ---
2025-06-13 05:26:28,634 - INFO -  Inferred reference point at iter 181: [0.00909090909090909, -0.09999999999998607]
2025-06-13 05:26:28,638 - INFO -  Scoring full pool: 9809 candidates
2025-06-13 05:26:45,681 - INFO -  GP predict time: 17.043s
2025-06-13 05:26:45,682 - INFO -   EHVI: 9809 candidates with 1000 MC samples
2025-06-13 05:30:27,965 - INFO -  EHVI time: 222.284s
f1 shape: (1,)
f2 shape: (1,)
2025-06-13 05:30:27,967 - INFO -  Selected idx=5122 (COc1ccc(CC(NC(=O)C2(NC(=O)C(SC(C)=O)C(C)C)CCCC2)C(=O)OCc2ccccc2)cc1) → [0.19205298 1.        ]
2025-06-13 05:30:28,225 - INFO -  Hypervolume: 0.2097
2025-06-13 05:30:28,225 - INFO - 
--- Iter 182 (train size (192, 2)) ---
2025-06-13 05:30:28,225 - INFO -  Inferred reference point at iter 182: [0.00909090909090909, -0.09999999999998607]
2025-06-13 05:30:28,229 - INFO -  Scoring full pool: 9808 candidates
2025-06-13 05:30:45,871 - INFO -  GP predict time: 17.642s
2025-06-13 05:30:45,871 - INFO -   EHVI: 9808 candidates with 1000 MC samples
2025-06-13 05:34:27,902 - INFO -  EHVI time: 222.031s
f1 shape: (1,)
f2 shape: (1,)
2025-06-13 05:34:27,903 - INFO -  Selected idx=5922 (CC(C)(C)c1ccc(C(=O)Nn2c(CCC(=O)O)ccc2-c2cccs2)cc1) → [0.1119403  0.13533528]
2025-06-13 05:34:28,159 - INFO -  Hypervolume: 0.2097
2025-06-13 05:34:28,159 - INFO - 
--- Iter 183 (train size (193, 2)) ---
2025-06-13 05:34:28,159 - INFO -  Inferred reference point at iter 183: [0.00909090909090909, -0.09999999999998607]
2025-06-13 05:34:28,163 - INFO -  Scoring full pool: 9807 candidates
2025-06-13 05:34:45,429 - INFO -  GP predict time: 17.266s
2025-06-13 05:34:45,429 - INFO -   EHVI: 9807 candidates with 1000 MC samples
2025-06-13 05:38:27,756 - INFO -  EHVI time: 222.326s
f1 shape: (1,)
f2 shape: (1,)
2025-06-13 05:38:27,757 - INFO -  Selected idx=1381 (CN(C)S(=O)(=O)Oc1ccc(Cl)cc1C(=O)Nc1ccc(F)cc1F) → [0.06976744 1.        ]
2025-06-13 05:38:28,014 - INFO -  Hypervolume: 0.2097
2025-06-13 05:38:28,014 - INFO - 
--- Iter 184 (train size (194, 2)) ---
2025-06-13 05:38:28,014 - INFO -  Inferred reference point at iter 184: [0.00909090909090909, -0.09999999999998607]
2025-06-13 05:38:28,018 - INFO -  Scoring full pool: 9806 candidates
2025-06-13 05:38:45,429 - INFO -  GP predict time: 17.410s
2025-06-13 05:38:45,429 - INFO -   EHVI: 9806 candidates with 1000 MC samples
2025-06-13 05:42:27,087 - INFO -  EHVI time: 221.658s
f1 shape: (1,)
f2 shape: (1,)
2025-06-13 05:42:27,089 - INFO -  Selected idx=1254 (COC(=O)C1(CNC(=O)c2cc(OC)cc(OC)c2)CCN(Cc2ccc(OC)cc2)CC1) → [0.12328767 1.        ]
2025-06-13 05:42:27,976 - INFO -  Hypervolume: 0.2097
2025-06-13 05:42:27,976 - INFO - 
--- Iter 185 (train size (195, 2)) ---
2025-06-13 05:42:27,976 - INFO -  Inferred reference point at iter 185: [0.00909090909090909, -0.09999999999998607]
2025-06-13 05:42:27,981 - INFO -  Scoring full pool: 9805 candidates
2025-06-13 05:42:45,326 - INFO -  GP predict time: 17.345s
2025-06-13 05:42:45,326 - INFO -   EHVI: 9805 candidates with 1000 MC samples
2025-06-13 05:46:27,581 - INFO -  EHVI time: 222.255s
f1 shape: (1,)
f2 shape: (1,)
2025-06-13 05:46:27,583 - INFO -  Selected idx=2194 (COc1ccc(CC(C(=NOCCCCC(=O)O)C2CCCCC2)n2ccnc2)cc1) → [0.18382353 1.        ]
2025-06-13 05:46:27,851 - INFO -  Hypervolume: 0.2097
2025-06-13 05:46:27,851 - INFO - 
--- Iter 186 (train size (196, 2)) ---
2025-06-13 05:46:27,851 - INFO -  Inferred reference point at iter 186: [0.00909090909090909, -0.09999999999998607]
2025-06-13 05:46:27,855 - INFO -  Scoring full pool: 9804 candidates
2025-06-13 05:46:45,896 - INFO -  GP predict time: 18.040s
2025-06-13 05:46:45,896 - INFO -   EHVI: 9804 candidates with 1000 MC samples
2025-06-13 05:50:27,967 - INFO -  EHVI time: 222.071s
f1 shape: (1,)
f2 shape: (1,)
2025-06-13 05:50:27,968 - INFO -  Selected idx=3667 (COc1ccc(C(CNC(=O)Nc2ccc(Cl)cc2)N2CCN(C)CC2)cc1) → [0.10218978 1.        ]
2025-06-13 05:50:28,233 - INFO -  Hypervolume: 0.2097
2025-06-13 05:50:28,233 - INFO - 
--- Iter 187 (train size (197, 2)) ---
2025-06-13 05:50:28,233 - INFO -  Inferred reference point at iter 187: [0.00909090909090909, -0.09999999999998607]
2025-06-13 05:50:28,238 - INFO -  Scoring full pool: 9803 candidates
2025-06-13 05:50:45,767 - INFO -  GP predict time: 17.529s
2025-06-13 05:50:45,767 - INFO -   EHVI: 9803 candidates with 1000 MC samples
2025-06-13 05:54:27,437 - INFO -  EHVI time: 221.669s
f1 shape: (1,)
f2 shape: (1,)
2025-06-13 05:54:27,438 - INFO -  Selected idx=5866 (COc1ccc(C2SCCN2C(=O)COc2ccccc2)cc1Cl) → [0.07692308 1.        ]
2025-06-13 05:54:28,332 - INFO -  Hypervolume: 0.2097
2025-06-13 05:54:28,332 - INFO - 
--- Iter 188 (train size (198, 2)) ---
2025-06-13 05:54:28,332 - INFO -  Inferred reference point at iter 188: [0.00909090909090909, -0.09999999999998607]
2025-06-13 05:54:28,336 - INFO -  Scoring full pool: 9802 candidates
2025-06-13 05:54:46,447 - INFO -  GP predict time: 18.111s
2025-06-13 05:54:46,447 - INFO -   EHVI: 9802 candidates with 1000 MC samples
2025-06-13 05:58:27,923 - INFO -  EHVI time: 221.476s
f1 shape: (1,)
f2 shape: (1,)
2025-06-13 05:58:27,924 - INFO -  Selected idx=2249 (CCc1ccccc1OC(=O)c1ccc2c(c1)S(=O)(=O)NCN2C) → [0.0952381 1.       ]
2025-06-13 05:58:28,200 - INFO -  Hypervolume: 0.2097
2025-06-13 05:58:28,200 - INFO - 
--- Iter 189 (train size (199, 2)) ---
2025-06-13 05:58:28,200 - INFO -  Inferred reference point at iter 189: [0.00909090909090909, -0.09999999999998607]
2025-06-13 05:58:28,205 - INFO -  Scoring full pool: 9801 candidates
2025-06-13 05:58:46,534 - INFO -  GP predict time: 18.329s
2025-06-13 05:58:46,534 - INFO -   EHVI: 9801 candidates with 1000 MC samples
2025-06-13 06:02:28,880 - INFO -  EHVI time: 222.346s
f1 shape: (1,)
f2 shape: (1,)
2025-06-13 06:02:28,881 - INFO -  Selected idx=4379 (O=C(NO)c1ccc2c(c1)CC(NS(=O)(=O)c1cccc(Cl)c1)CC2) → [0.09302326 1.        ]
2025-06-13 06:02:29,161 - INFO -  Hypervolume: 0.2097
2025-06-13 06:02:29,161 - INFO - 
--- Iter 190 (train size (200, 2)) ---
2025-06-13 06:02:29,161 - INFO -  Inferred reference point at iter 190: [0.00909090909090909, -0.09999999999998607]
2025-06-13 06:02:29,166 - INFO -  Scoring full pool: 9800 candidates
2025-06-13 06:02:47,598 - INFO -  GP predict time: 18.432s
2025-06-13 06:02:47,598 - INFO -   EHVI: 9800 candidates with 1000 MC samples
2025-06-13 06:06:29,624 - INFO -  EHVI time: 222.026s
f1 shape: (1,)
f2 shape: (1,)
2025-06-13 06:06:29,625 - INFO -  Selected idx=6379 (CCOc1ccc(N(CC(=O)NC2CC2)S(=O)(=O)c2ccc(C)cc2)cc1) → [0.140625 1.      ]
2025-06-13 06:06:29,906 - INFO -  Hypervolume: 0.2097
2025-06-13 06:06:29,906 - INFO - 
--- Iter 191 (train size (201, 2)) ---
2025-06-13 06:06:29,906 - INFO -  Inferred reference point at iter 191: [0.00909090909090909, -0.09999999999998607]
2025-06-13 06:06:29,911 - INFO -  Scoring full pool: 9799 candidates
2025-06-13 06:06:47,859 - INFO -  GP predict time: 17.948s
2025-06-13 06:06:47,859 - INFO -   EHVI: 9799 candidates with 1000 MC samples
2025-06-13 06:10:30,951 - INFO -  EHVI time: 223.092s
f1 shape: (1,)
f2 shape: (1,)
2025-06-13 06:10:30,953 - INFO -  Selected idx=7743 (CN1CCN(S(=O)(=O)c2cccc(C(=O)N(C)Cc3cccs3)c2)CC1) → [0.09923664 1.        ]
2025-06-13 06:10:31,238 - INFO -  Hypervolume: 0.2097
2025-06-13 06:10:31,238 - INFO - 
--- Iter 192 (train size (202, 2)) ---
2025-06-13 06:10:31,238 - INFO -  Inferred reference point at iter 192: [0.00909090909090909, -0.09999999999998607]
2025-06-13 06:10:31,243 - INFO -  Scoring full pool: 9798 candidates
2025-06-13 06:10:49,810 - INFO -  GP predict time: 18.567s
2025-06-13 06:10:49,810 - INFO -   EHVI: 9798 candidates with 1000 MC samples
2025-06-13 06:14:32,800 - INFO -  EHVI time: 222.990s
f1 shape: (1,)
f2 shape: (1,)
2025-06-13 06:14:32,802 - INFO -  Selected idx=6412 (O=C(OCC(=O)N1CCc2ccccc21)c1ccc(Br)o1) → [0.10084034 1.        ]
2025-06-13 06:14:33,088 - INFO -  Hypervolume: 0.2097
2025-06-13 06:14:33,088 - INFO - 
--- Iter 193 (train size (203, 2)) ---
2025-06-13 06:14:33,088 - INFO -  Inferred reference point at iter 193: [0.00909090909090909, -0.09999999999998607]
2025-06-13 06:14:33,092 - INFO -  Scoring full pool: 9797 candidates
2025-06-13 06:14:51,173 - INFO -  GP predict time: 18.080s
2025-06-13 06:14:51,173 - INFO -   EHVI: 9797 candidates with 1000 MC samples
2025-06-13 06:18:33,553 - INFO -  EHVI time: 222.381s
f1 shape: (1,)
f2 shape: (1,)
2025-06-13 06:18:33,555 - INFO -  Selected idx=2507 (COc1ccc(C=NNC(=O)c2cc(Cl)c[nH]2)cc1) → [0.05042017 1.        ]
2025-06-13 06:18:33,845 - INFO -  Hypervolume: 0.2097
2025-06-13 06:18:33,845 - INFO - 
--- Iter 194 (train size (204, 2)) ---
2025-06-13 06:18:33,845 - INFO -  Inferred reference point at iter 194: [0.00909090909090909, -0.09999999999998607]
2025-06-13 06:18:33,850 - INFO -  Scoring full pool: 9796 candidates
2025-06-13 06:18:52,026 - INFO -  GP predict time: 18.176s
2025-06-13 06:18:52,026 - INFO -   EHVI: 9796 candidates with 1000 MC samples
2025-06-13 06:22:34,732 - INFO -  EHVI time: 222.705s
f1 shape: (1,)
f2 shape: (1,)
2025-06-13 06:22:34,734 - INFO -  Selected idx=2312 (CN1CCC(Oc2ccccc2Cc2ccc(Cl)cc2)CC1) → [0.08870968 1.        ]
2025-06-13 06:22:35,027 - INFO -  Hypervolume: 0.2097
2025-06-13 06:22:35,027 - INFO - 
--- Iter 195 (train size (205, 2)) ---
2025-06-13 06:22:35,027 - INFO -  Inferred reference point at iter 195: [0.00909090909090909, -0.09999999999998607]
2025-06-13 06:22:35,032 - INFO -  Scoring full pool: 9795 candidates
2025-06-13 06:22:53,767 - INFO -  GP predict time: 18.735s
2025-06-13 06:22:53,767 - INFO -   EHVI: 9795 candidates with 1000 MC samples
2025-06-13 06:26:35,785 - INFO -  EHVI time: 222.017s
f1 shape: (1,)
f2 shape: (1,)
2025-06-13 06:26:35,786 - INFO -  Selected idx=1900 (Cc1ccc(=O)n(-c2ccc(OCCCCN3CCCC3)cc2)c1) → [0.1015625 1.       ]
2025-06-13 06:26:36,081 - INFO -  Hypervolume: 0.2097
2025-06-13 06:26:36,082 - INFO - 
--- Iter 196 (train size (206, 2)) ---
2025-06-13 06:26:36,082 - INFO -  Inferred reference point at iter 196: [0.00909090909090909, -0.09999999999998607]
2025-06-13 06:26:36,086 - INFO -  Scoring full pool: 9794 candidates
2025-06-13 06:26:54,962 - INFO -  GP predict time: 18.875s
2025-06-13 06:26:54,962 - INFO -   EHVI: 9794 candidates with 1000 MC samples
2025-06-13 06:30:37,076 - INFO -  EHVI time: 222.114s
f1 shape: (1,)
f2 shape: (1,)
2025-06-13 06:30:37,078 - INFO -  Selected idx=135 (O=C(c1ccc(C(F)(F)F)cc1)C1CCCN(Cc2ccc(CO)o2)C1) → [0.10769231 1.        ]
2025-06-13 06:30:37,971 - INFO -  Hypervolume: 0.2097
2025-06-13 06:30:37,971 - INFO - 
--- Iter 197 (train size (207, 2)) ---
2025-06-13 06:30:37,971 - INFO -  Inferred reference point at iter 197: [0.00909090909090909, -0.09999999999998607]
2025-06-13 06:30:37,976 - INFO -  Scoring full pool: 9793 candidates
2025-06-13 06:30:56,355 - INFO -  GP predict time: 18.379s
2025-06-13 06:30:56,355 - INFO -   EHVI: 9793 candidates with 1000 MC samples
2025-06-13 06:34:39,331 - INFO -  EHVI time: 222.976s
f1 shape: (1,)
f2 shape: (1,)
2025-06-13 06:34:39,332 - INFO -  Selected idx=9982 (COc1ccc(CCCC(=O)NC(C)c2ccccc2)cc1) → [0.09836066 1.        ]
2025-06-13 06:34:40,267 - INFO -  Hypervolume: 0.2097
2025-06-13 06:34:40,267 - INFO - 
--- Iter 198 (train size (208, 2)) ---
2025-06-13 06:34:40,267 - INFO -  Inferred reference point at iter 198: [0.00909090909090909, -0.09999999999998607]
2025-06-13 06:34:40,272 - INFO -  Scoring full pool: 9792 candidates
2025-06-13 06:34:59,107 - INFO -  GP predict time: 18.836s
2025-06-13 06:34:59,107 - INFO -   EHVI: 9792 candidates with 1000 MC samples
2025-06-13 06:38:40,819 - INFO -  EHVI time: 221.711s
f1 shape: (1,)
f2 shape: (1,)
2025-06-13 06:38:40,821 - INFO -  Selected idx=6641 (O=C(O)C1CCC(OCC2CC(F)CN2C(=O)Cc2ccc(NC(=O)N3CCc4ccccc43)c(Cl)c2)CC1) → [0.18181818 1.        ]
2025-06-13 06:38:41,120 - INFO -  Hypervolume: 0.2097
2025-06-13 06:38:41,120 - INFO - 
--- Iter 199 (train size (209, 2)) ---
2025-06-13 06:38:41,120 - INFO -  Inferred reference point at iter 199: [0.00909090909090909, -0.09999999999998607]
2025-06-13 06:38:41,125 - INFO -  Scoring full pool: 9791 candidates
2025-06-13 06:38:59,649 - INFO -  GP predict time: 18.524s
2025-06-13 06:38:59,649 - INFO -   EHVI: 9791 candidates with 1000 MC samples
2025-06-13 06:42:41,377 - INFO -  EHVI time: 221.728s
f1 shape: (1,)
f2 shape: (1,)
2025-06-13 06:42:41,378 - INFO -  Selected idx=6340 (CCN(CC)C(=O)NC1CC(=O)N(c2ccc(OC)cc2)C1) → [0.14782609 0.13533528]
2025-06-13 06:42:42,252 - INFO -  Hypervolume: 0.2097
2025-06-13 06:42:42,306 - INFO - 
Final Pareto front points: [[0.20909090909090908, 0.13533528323661267], [0.19718309859154928, 1.0]]
2025-06-13 06:42:42,306 - INFO - Final Pareto front SMILES: [None, None]
