['CN1CCC(Nc2ccc3ncc(-c4cnn(-c5ccc(F)cn5)c4)n3n2)CC1',
 'c1ccc(C2CC3Cc4ccc5ccccc5c4N2O3)cc1',
 'c1ccc(CCNc2nc(Nc3ccncc3)nc(N3CCNCC3)n2)cc1',
 'CCCCn1cc(COc2ccc(CN3CCN(c4ccccc4OC)CC3)cc2OC)nn1',
 'CS(=O)(=O)N(CCI)N(S(C)(=O)=O)S(C)(=O)=O',
 'CC1CCCCN1C(=O)Cn1cnc2cc([N+](=O)[O-])ccc2c1=O',
 'CCNCCOc1ccc2c(c1)C(=O)c1cc(OCCNCC)ccc1-2',
 'CCOC(=O)C(C)NP(=O)(Oc1ccccc1)OC(C)C1OC(n2ccc3c(N)ncnc32)C(C)(F)C1O',
 'C=C(C)C1CC=C(COC(C)=O)CCC(O)C(C)=CCC=C(C)CC1',
 'CCc1nc(N)nc(N)c1-c1ccc(N2CCCCC2)c([N+](=O)[O-])c1']
f1 shape: (10,)
f2 shape: (10,)
2025-06-12 02:07:51,749 - INFO - Initial objectives:
[[9.45945946e-02 3.35462628e-04]
 [1.25984252e-01 3.35462628e-04]
 [1.25874126e-01 1.35335283e-01]
 [1.97278912e-01 1.35335283e-01]
 [6.30630631e-02 1.52299797e-08]
 [1.33858268e-01 1.00000000e+00]
 [1.78294574e-01 1.00000000e+00]
 [2.05298013e-01 1.35335283e-01]
 [1.50793651e-01 3.35462628e-04]
 [1.22137405e-01 1.00000000e+00]]
2025-06-12 02:07:53,428 - INFO - Precomputed 10000 Morgan-fps in 1.679s
2025-06-12 02:07:54,752 - INFO - 
--- Iter 0 (train size (10, 2)) ---
2025-06-12 02:07:54,752 - INFO -  Inferred reference point at iter 0: [0.048839568044866055, -0.09999998324702228]
2025-06-12 02:07:54,755 - INFO -  Scoring full pool: 9990 candidates
2025-06-12 02:07:56,108 - INFO -  GP predict time: 1.353s
2025-06-12 02:07:56,108 - INFO -   EHVI: 9990 candidates with 1000 MC samples
2025-06-12 02:11:33,502 - INFO -  EHVI time: 217.395s
f1 shape: (1,)
f2 shape: (1,)
2025-06-12 02:11:33,506 - INFO -  Selected idx=3528 (COc1ccc(C)cc1NC(=O)Cn1c(=O)oc2cc(S(=O)(=O)N3CCCCC3)ccc21) → [0.15172414 0.13533528]
2025-06-12 02:11:33,517 - INFO -  Hypervolume: 0.1488
2025-06-12 02:11:33,517 - INFO - 
--- Iter 1 (train size (11, 2)) ---
2025-06-12 02:11:33,517 - INFO -  Inferred reference point at iter 1: [0.048839568044866055, -0.09999998324702228]
2025-06-12 02:11:33,518 - INFO -  Scoring full pool: 9989 candidates
2025-06-12 02:11:34,806 - INFO -  GP predict time: 1.288s
2025-06-12 02:11:34,806 - INFO -   EHVI: 9989 candidates with 1000 MC samples
2025-06-12 02:15:12,885 - INFO -  EHVI time: 218.078s
f1 shape: (1,)
f2 shape: (1,)
2025-06-12 02:15:12,886 - INFO -  Selected idx=4623 (Cn1cc(Nc2nccc(-c3ccc(N4CCC(C(N)=O)CC4)c(C#N)c3)n2)cn1) → [0.12413793 0.13533528]
2025-06-12 02:15:12,895 - INFO -  Hypervolume: 0.1488
2025-06-12 02:15:12,895 - INFO - 
--- Iter 2 (train size (12, 2)) ---
2025-06-12 02:15:12,895 - INFO -  Inferred reference point at iter 2: [0.048839568044866055, -0.09999998324702228]
2025-06-12 02:15:12,896 - INFO -  Scoring full pool: 9988 candidates
2025-06-12 02:15:14,278 - INFO -  GP predict time: 1.381s
2025-06-12 02:15:14,278 - INFO -   EHVI: 9988 candidates with 1000 MC samples
2025-06-12 02:18:52,036 - INFO -  EHVI time: 217.758s
f1 shape: (1,)
f2 shape: (1,)
2025-06-12 02:18:52,038 - INFO -  Selected idx=2478 (C=CCNC(=S)NN=C1CCS(=O)(=O)c2ccccc21) → [0.14655172 0.13533528]
2025-06-12 02:18:52,048 - INFO -  Hypervolume: 0.1488
2025-06-12 02:18:52,048 - INFO - 
--- Iter 3 (train size (13, 2)) ---
2025-06-12 02:18:52,048 - INFO -  Inferred reference point at iter 3: [0.048839568044866055, -0.09999998324702228]
2025-06-12 02:18:52,049 - INFO -  Scoring full pool: 9987 candidates
2025-06-12 02:18:53,457 - INFO -  GP predict time: 1.408s
2025-06-12 02:18:53,457 - INFO -   EHVI: 9987 candidates with 1000 MC samples
2025-06-12 02:22:31,260 - INFO -  EHVI time: 217.803s
f1 shape: (1,)
f2 shape: (1,)
2025-06-12 02:22:31,262 - INFO -  Selected idx=7133 (O=c1c2cc([N+](=O)[O-])ccc2n2n1Cc1ccccc1C2) → [0.1512605  0.13533528]
2025-06-12 02:22:31,271 - INFO -  Hypervolume: 0.1488
2025-06-12 02:22:31,271 - INFO - 
--- Iter 4 (train size (14, 2)) ---
2025-06-12 02:22:31,272 - INFO -  Inferred reference point at iter 4: [0.048839568044866055, -0.09999998324702228]
2025-06-12 02:22:31,272 - INFO -  Scoring full pool: 9986 candidates
2025-06-12 02:22:32,764 - INFO -  GP predict time: 1.492s
2025-06-12 02:22:32,764 - INFO -   EHVI: 9986 candidates with 1000 MC samples
2025-06-12 02:26:10,596 - INFO -  EHVI time: 217.832s
f1 shape: (1,)
f2 shape: (1,)
2025-06-12 02:26:10,597 - INFO -  Selected idx=9650 (O=C(CN(CCNc1ccnc2cc(Cl)ccc12)C(=O)c1cnccn1)NC1CCCCC1) → [0.15333333 0.13533528]
2025-06-12 02:26:10,607 - INFO -  Hypervolume: 0.1488
2025-06-12 02:26:10,607 - INFO - 
--- Iter 5 (train size (15, 2)) ---
2025-06-12 02:26:10,607 - INFO -  Inferred reference point at iter 5: [0.048839568044866055, -0.09999998324702228]
2025-06-12 02:26:10,608 - INFO -  Scoring full pool: 9985 candidates
2025-06-12 02:26:12,143 - INFO -  GP predict time: 1.535s
2025-06-12 02:26:12,143 - INFO -   EHVI: 9985 candidates with 1000 MC samples
2025-06-12 02:29:49,558 - INFO -  EHVI time: 217.415s
f1 shape: (1,)
f2 shape: (1,)
2025-06-12 02:29:49,559 - INFO -  Selected idx=5764 (Nc1ccc(S(=O)(=O)NCCCCc2c[nH]cn2)cc1) → [0.14529915 0.13533528]
2025-06-12 02:29:49,568 - INFO -  Hypervolume: 0.1488
2025-06-12 02:29:49,568 - INFO - 
--- Iter 6 (train size (16, 2)) ---
2025-06-12 02:29:49,568 - INFO -  Inferred reference point at iter 6: [0.048839568044866055, -0.09999998324702228]
2025-06-12 02:29:49,569 - INFO -  Scoring full pool: 9984 candidates
2025-06-12 02:29:51,183 - INFO -  GP predict time: 1.614s
2025-06-12 02:29:51,183 - INFO -   EHVI: 9984 candidates with 1000 MC samples
2025-06-12 02:33:29,830 - INFO -  EHVI time: 218.647s
f1 shape: (1,)
f2 shape: (1,)
2025-06-12 02:33:29,831 - INFO -  Selected idx=4803 (CCc1cc(C(C)=O)c(O)cc1OCc1cccc(C(=O)O)c1) → [0.22807018 0.13533528]
2025-06-12 02:33:29,842 - INFO -  Hypervolume: 0.1541
2025-06-12 02:33:29,842 - INFO - 
--- Iter 7 (train size (17, 2)) ---
2025-06-12 02:33:29,842 - INFO -  Inferred reference point at iter 7: [0.04656235182550972, -0.09999998324702228]
2025-06-12 02:33:29,844 - INFO -  Scoring full pool: 9983 candidates
2025-06-12 02:33:31,549 - INFO -  GP predict time: 1.706s
2025-06-12 02:33:31,549 - INFO -   EHVI: 9983 candidates with 1000 MC samples
2025-06-12 02:37:09,942 - INFO -  EHVI time: 218.393s
f1 shape: (1,)
f2 shape: (1,)
2025-06-12 02:37:09,944 - INFO -  Selected idx=5436 (Nc1cnc(-c2ccc(-c3cccnc3N3CCCC3=O)cc2F)cn1) → [0.10948905 0.13533528]
2025-06-12 02:37:09,955 - INFO -  Hypervolume: 0.1566
2025-06-12 02:37:09,955 - INFO - 
--- Iter 8 (train size (18, 2)) ---
2025-06-12 02:37:09,955 - INFO -  Inferred reference point at iter 8: [0.04656235182550972, -0.09999998324702228]
2025-06-12 02:37:09,956 - INFO -  Scoring full pool: 9982 candidates
2025-06-12 02:37:11,698 - INFO -  GP predict time: 1.742s
2025-06-12 02:37:11,698 - INFO -   EHVI: 9982 candidates with 1000 MC samples
2025-06-12 02:40:51,150 - INFO -  EHVI time: 219.452s
f1 shape: (1,)
f2 shape: (1,)
2025-06-12 02:40:51,151 - INFO -  Selected idx=6823 (Cc1cc(C(=O)NC2CCCCC2C)c2ccccc2n1) → [0.18103448 1.        ]
2025-06-12 02:40:51,161 - INFO -  Hypervolume: 0.1590
2025-06-12 02:40:51,161 - INFO - 
--- Iter 9 (train size (19, 2)) ---
2025-06-12 02:40:51,162 - INFO -  Inferred reference point at iter 9: [0.04656235182550972, -0.09999998324702228]
2025-06-12 02:40:51,162 - INFO -  Scoring full pool: 9981 candidates
2025-06-12 02:40:53,003 - INFO -  GP predict time: 1.841s
2025-06-12 02:40:53,003 - INFO -   EHVI: 9981 candidates with 1000 MC samples
2025-06-12 02:44:30,764 - INFO -  EHVI time: 217.760s
f1 shape: (1,)
f2 shape: (1,)
2025-06-12 02:44:30,766 - INFO -  Selected idx=9846 (CCN(CCCCCCCOc1ccc2c(=O)c3ccccc3oc2c1)Cc1ccccc1OC) → [0.18543046 0.13533528]
2025-06-12 02:44:30,779 - INFO -  Hypervolume: 0.1590
2025-06-12 02:44:30,779 - INFO - 
--- Iter 10 (train size (20, 2)) ---
2025-06-12 02:44:30,779 - INFO -  Inferred reference point at iter 10: [0.04656235182550972, -0.09999998324702228]
2025-06-12 02:44:30,780 - INFO -  Scoring full pool: 9980 candidates
2025-06-12 02:44:32,835 - INFO -  GP predict time: 2.055s
2025-06-12 02:44:32,835 - INFO -   EHVI: 9980 candidates with 1000 MC samples
2025-06-12 02:48:11,695 - INFO -  EHVI time: 218.859s
f1 shape: (1,)
f2 shape: (1,)
2025-06-12 02:48:11,696 - INFO -  Selected idx=351 (CCOC(=O)c1cc(-c2ccccc2)sc1NC(=O)COC) → [0.31132075 0.13533528]
2025-06-12 02:48:11,708 - INFO -  Hypervolume: 0.1786
2025-06-12 02:48:11,708 - INFO - 
--- Iter 11 (train size (21, 2)) ---
2025-06-12 02:48:11,708 - INFO -  Inferred reference point at iter 11: [0.03823729389767125, -0.09999998324702228]
2025-06-12 02:48:11,709 - INFO -  Scoring full pool: 9979 candidates
2025-06-12 02:48:13,720 - INFO -  GP predict time: 2.010s
2025-06-12 02:48:13,720 - INFO -   EHVI: 9979 candidates with 1000 MC samples
2025-06-12 02:51:52,522 - INFO -  EHVI time: 218.802s
f1 shape: (1,)
f2 shape: (1,)
2025-06-12 02:51:52,523 - INFO -  Selected idx=3245 (COc1cc2nc(Nc3ccc(F)cc3)nc(NCCCCCN3CCCC3)c2cc1OC) → [0.13815789 0.13533528]
2025-06-12 02:51:52,534 - INFO -  Hypervolume: 0.1877
2025-06-12 02:51:52,534 - INFO - 
--- Iter 12 (train size (22, 2)) ---
2025-06-12 02:51:52,534 - INFO -  Inferred reference point at iter 12: [0.03823729389767125, -0.09999998324702228]
2025-06-12 02:51:52,535 - INFO -  Scoring full pool: 9978 candidates
2025-06-12 02:51:54,651 - INFO -  GP predict time: 2.116s
2025-06-12 02:51:54,651 - INFO -   EHVI: 9978 candidates with 1000 MC samples
2025-06-12 02:55:32,871 - INFO -  EHVI time: 218.220s
f1 shape: (1,)
f2 shape: (1,)
2025-06-12 02:55:32,873 - INFO -  Selected idx=497 (O=c1c2cccc(-c3nc4ccccc4nc3O)c2sn1C1CCCC1) → [0.13333333 0.00033546]
2025-06-12 02:55:32,887 - INFO -  Hypervolume: 0.1877
2025-06-12 02:55:32,887 - INFO - 
--- Iter 13 (train size (23, 2)) ---
2025-06-12 02:55:32,887 - INFO -  Inferred reference point at iter 13: [0.03823729389767125, -0.09999998324702228]
2025-06-12 02:55:32,888 - INFO -  Scoring full pool: 9977 candidates
2025-06-12 02:55:35,129 - INFO -  GP predict time: 2.240s
2025-06-12 02:55:35,129 - INFO -   EHVI: 9977 candidates with 1000 MC samples
2025-06-12 02:59:14,321 - INFO -  EHVI time: 219.192s
f1 shape: (1,)
f2 shape: (1,)
2025-06-12 02:59:14,323 - INFO -  Selected idx=7296 (Cc1cccc(NC(=O)c2cc([N+](=O)[O-])ccc2N2CCN(C)CC2)c1) → [0.14503817 1.        ]
2025-06-12 02:59:14,337 - INFO -  Hypervolume: 0.1877
2025-06-12 02:59:14,337 - INFO - 
--- Iter 14 (train size (24, 2)) ---
2025-06-12 02:59:14,337 - INFO -  Inferred reference point at iter 14: [0.03823729389767125, -0.09999998324702228]
2025-06-12 02:59:14,338 - INFO -  Scoring full pool: 9976 candidates
2025-06-12 02:59:16,682 - INFO -  GP predict time: 2.343s
2025-06-12 02:59:16,682 - INFO -   EHVI: 9976 candidates with 1000 MC samples
2025-06-12 03:02:55,311 - INFO -  EHVI time: 218.630s
f1 shape: (1,)
f2 shape: (1,)
2025-06-12 03:02:55,313 - INFO -  Selected idx=9938 (O=C(NC1CCCCC1)c1ccc(-c2ccccc2)cc1) → [0.13934426 1.        ]
2025-06-12 03:02:55,325 - INFO -  Hypervolume: 0.1877
2025-06-12 03:02:55,325 - INFO - 
--- Iter 15 (train size (25, 2)) ---
2025-06-12 03:02:55,325 - INFO -  Inferred reference point at iter 15: [0.03823729389767125, -0.09999998324702228]
2025-06-12 03:02:55,326 - INFO -  Scoring full pool: 9975 candidates
2025-06-12 03:02:57,643 - INFO -  GP predict time: 2.317s
2025-06-12 03:02:57,643 - INFO -   EHVI: 9975 candidates with 1000 MC samples
2025-06-12 03:06:35,623 - INFO -  EHVI time: 217.981s
f1 shape: (1,)
f2 shape: (1,)
2025-06-12 03:06:35,625 - INFO -  Selected idx=4845 (CC1CCCCN1C(=O)c1cc(Cl)ccc1[N+](=O)[O-]) → [0.14159292 0.13533528]
2025-06-12 03:06:35,638 - INFO -  Hypervolume: 0.1877
2025-06-12 03:06:35,638 - INFO - 
--- Iter 16 (train size (26, 2)) ---
2025-06-12 03:06:35,638 - INFO -  Inferred reference point at iter 16: [0.03823729389767125, -0.09999998324702228]
2025-06-12 03:06:35,639 - INFO -  Scoring full pool: 9974 candidates
2025-06-12 03:06:38,021 - INFO -  GP predict time: 2.382s
2025-06-12 03:06:38,021 - INFO -   EHVI: 9974 candidates with 1000 MC samples
2025-06-12 03:10:17,369 - INFO -  EHVI time: 219.348s
f1 shape: (1,)
f2 shape: (1,)
2025-06-12 03:10:17,371 - INFO -  Selected idx=4990 (Cc1c(C(=O)NN2CCCCC2)nn(-c2ccc(Cl)cc2Cl)c1-c1ccc(Cl)cc1Cl) → [0.13888889 0.13533528]
2025-06-12 03:10:17,385 - INFO -  Hypervolume: 0.1877
2025-06-12 03:10:17,385 - INFO - 
--- Iter 17 (train size (27, 2)) ---
2025-06-12 03:10:17,385 - INFO -  Inferred reference point at iter 17: [0.03823729389767125, -0.09999998324702228]
2025-06-12 03:10:17,386 - INFO -  Scoring full pool: 9973 candidates
2025-06-12 03:10:19,863 - INFO -  GP predict time: 2.477s
2025-06-12 03:10:19,864 - INFO -   EHVI: 9973 candidates with 1000 MC samples
2025-06-12 03:13:59,450 - INFO -  EHVI time: 219.586s
f1 shape: (1,)
f2 shape: (1,)
2025-06-12 03:13:59,452 - INFO -  Selected idx=8089 (O=C(O)C1CCCC(c2ccc3ccccc3c2)O1) → [0.14782609 1.        ]
2025-06-12 03:13:59,467 - INFO -  Hypervolume: 0.1877
2025-06-12 03:13:59,467 - INFO - 
--- Iter 18 (train size (28, 2)) ---
2025-06-12 03:13:59,467 - INFO -  Inferred reference point at iter 18: [0.03823729389767125, -0.09999998324702228]
2025-06-12 03:13:59,468 - INFO -  Scoring full pool: 9972 candidates
2025-06-12 03:14:01,987 - INFO -  GP predict time: 2.519s
2025-06-12 03:14:01,987 - INFO -   EHVI: 9972 candidates with 1000 MC samples
2025-06-12 03:17:39,723 - INFO -  EHVI time: 217.735s
f1 shape: (1,)
f2 shape: (1,)
2025-06-12 03:17:39,724 - INFO -  Selected idx=8740 (COc1ccc(CNc2nnc(N3CCC(OC)CC3)c3ccc(C#N)cc23)cc1Cl) → [0.15277778 0.13533528]
2025-06-12 03:17:39,741 - INFO -  Hypervolume: 0.1877
2025-06-12 03:17:39,741 - INFO - 
--- Iter 19 (train size (29, 2)) ---
2025-06-12 03:17:39,741 - INFO -  Inferred reference point at iter 19: [0.03823729389767125, -0.09999998324702228]
2025-06-12 03:17:39,742 - INFO -  Scoring full pool: 9971 candidates
2025-06-12 03:17:42,482 - INFO -  GP predict time: 2.739s
2025-06-12 03:17:42,482 - INFO -   EHVI: 9971 candidates with 1000 MC samples
2025-06-12 03:21:20,766 - INFO -  EHVI time: 218.284s
f1 shape: (1,)
f2 shape: (1,)
2025-06-12 03:21:20,768 - INFO -  Selected idx=3128 (Cc1[nH]c2ccc(CNC(=O)c3ccc(CN4CCCC4)o3)cc2c1C) → [0.16030534 0.13533528]
2025-06-12 03:21:20,785 - INFO -  Hypervolume: 0.1877
2025-06-12 03:21:20,785 - INFO - 
--- Iter 20 (train size (30, 2)) ---
2025-06-12 03:21:20,785 - INFO -  Inferred reference point at iter 20: [0.03823729389767125, -0.09999998324702228]
2025-06-12 03:21:20,786 - INFO -  Scoring full pool: 9970 candidates
2025-06-12 03:21:23,622 - INFO -  GP predict time: 2.836s
2025-06-12 03:21:23,622 - INFO -   EHVI: 9970 candidates with 1000 MC samples
2025-06-12 03:25:02,087 - INFO -  EHVI time: 218.465s
f1 shape: (1,)
f2 shape: (1,)
2025-06-12 03:25:02,088 - INFO -  Selected idx=1985 (O=[N+]([O-])CCc1nc(-c2ccccc2)no1) → [0.14953271 0.13533528]
2025-06-12 03:25:02,106 - INFO -  Hypervolume: 0.1877
2025-06-12 03:25:02,106 - INFO - 
--- Iter 21 (train size (31, 2)) ---
2025-06-12 03:25:02,106 - INFO -  Inferred reference point at iter 21: [0.03823729389767125, -0.09999998324702228]
2025-06-12 03:25:02,107 - INFO -  Scoring full pool: 9969 candidates
2025-06-12 03:25:04,983 - INFO -  GP predict time: 2.876s
2025-06-12 03:25:04,984 - INFO -   EHVI: 9969 candidates with 1000 MC samples
2025-06-12 03:28:43,127 - INFO -  EHVI time: 218.144s
f1 shape: (1,)
f2 shape: (1,)
2025-06-12 03:28:43,129 - INFO -  Selected idx=3799 (C=CC1=C(C(=O)Nc2cccc(C)c2)C(c2ccc(OC)cc2)OC1) → [0.184 1.   ]
2025-06-12 03:28:43,146 - INFO -  Hypervolume: 0.1903
2025-06-12 03:28:43,146 - INFO - 
--- Iter 22 (train size (32, 2)) ---
2025-06-12 03:28:43,146 - INFO -  Inferred reference point at iter 22: [0.03823729389767125, -0.09999998324702228]
2025-06-12 03:28:43,148 - INFO -  Scoring full pool: 9968 candidates
2025-06-12 03:28:46,102 - INFO -  GP predict time: 2.954s
2025-06-12 03:28:46,102 - INFO -   EHVI: 9968 candidates with 1000 MC samples
2025-06-12 03:32:25,872 - INFO -  EHVI time: 219.769s
f1 shape: (1,)
f2 shape: (1,)
2025-06-12 03:32:25,873 - INFO -  Selected idx=3214 (COc1cccc(C(C(=O)NC2CCCC2)N(C(=O)c2ccco2)C2CC2)c1OC) → [0.17391304 0.13533528]
2025-06-12 03:32:25,890 - INFO -  Hypervolume: 0.1903
2025-06-12 03:32:25,890 - INFO - 
--- Iter 23 (train size (33, 2)) ---
2025-06-12 03:32:25,890 - INFO -  Inferred reference point at iter 23: [0.03823729389767125, -0.09999998324702228]
2025-06-12 03:32:25,891 - INFO -  Scoring full pool: 9967 candidates
2025-06-12 03:32:28,781 - INFO -  GP predict time: 2.890s
2025-06-12 03:32:28,781 - INFO -   EHVI: 9967 candidates with 1000 MC samples
2025-06-12 03:36:06,615 - INFO -  EHVI time: 217.834s
f1 shape: (1,)
f2 shape: (1,)
2025-06-12 03:36:06,617 - INFO -  Selected idx=7688 (CC1CCCC(NC(=O)c2ccccc2Nc2ccc3c(C=Cc4ccccn4)n[nH]c3c2)C1) → [0.14193548 0.00033546]
2025-06-12 03:36:06,636 - INFO -  Hypervolume: 0.1903
2025-06-12 03:36:06,636 - INFO - 
--- Iter 24 (train size (34, 2)) ---
2025-06-12 03:36:06,636 - INFO -  Inferred reference point at iter 24: [0.03823729389767125, -0.09999998324702228]
2025-06-12 03:36:06,637 - INFO -  Scoring full pool: 9966 candidates
2025-06-12 03:36:09,769 - INFO -  GP predict time: 3.131s
2025-06-12 03:36:09,769 - INFO -   EHVI: 9966 candidates with 1000 MC samples
2025-06-12 03:39:47,499 - INFO -  EHVI time: 217.730s
f1 shape: (1,)
f2 shape: (1,)
2025-06-12 03:39:47,501 - INFO -  Selected idx=6276 (O=C(O)Cc1cccc(CCC2C3CCC(O3)C2c2nc(C(=O)NCCCCC3CCCCC3)co2)c1) → [0.13496933 0.00033546]
2025-06-12 03:39:47,521 - INFO -  Hypervolume: 0.1903
2025-06-12 03:39:47,521 - INFO - 
--- Iter 25 (train size (35, 2)) ---
2025-06-12 03:39:47,521 - INFO -  Inferred reference point at iter 25: [0.03823729389767125, -0.09999998324702228]
2025-06-12 03:39:47,522 - INFO -  Scoring full pool: 9965 candidates
2025-06-12 03:39:50,779 - INFO -  GP predict time: 3.257s
2025-06-12 03:39:50,779 - INFO -   EHVI: 9965 candidates with 1000 MC samples
2025-06-12 03:43:29,229 - INFO -  EHVI time: 218.449s
f1 shape: (1,)
f2 shape: (1,)
2025-06-12 03:43:29,230 - INFO -  Selected idx=9011 (CN(C(=O)c1ccc2c(c1)nc(NC(=O)c1cccnc1)n2CCC(N)=O)C1CCCCC1) → [0.15540541 0.13533528]
2025-06-12 03:43:29,248 - INFO -  Hypervolume: 0.1903
2025-06-12 03:43:29,248 - INFO - 
--- Iter 26 (train size (36, 2)) ---
2025-06-12 03:43:29,248 - INFO -  Inferred reference point at iter 26: [0.03823729389767125, -0.09999998324702228]
2025-06-12 03:43:29,250 - INFO -  Scoring full pool: 9964 candidates
2025-06-12 03:43:32,486 - INFO -  GP predict time: 3.236s
2025-06-12 03:43:32,486 - INFO -   EHVI: 9964 candidates with 1000 MC samples
2025-06-12 03:47:11,391 - INFO -  EHVI time: 218.904s
f1 shape: (1,)
f2 shape: (1,)
2025-06-12 03:47:11,392 - INFO -  Selected idx=1868 (Cc1ccccc1CC(=O)NCC1CCCCC1) → [0.18348624 0.13533528]
2025-06-12 03:47:11,413 - INFO -  Hypervolume: 0.1903
2025-06-12 03:47:11,413 - INFO - 
--- Iter 27 (train size (37, 2)) ---
2025-06-12 03:47:11,413 - INFO -  Inferred reference point at iter 27: [0.03823729389767125, -0.09999998324702228]
2025-06-12 03:47:11,414 - INFO -  Scoring full pool: 9963 candidates
2025-06-12 03:47:14,751 - INFO -  GP predict time: 3.336s
2025-06-12 03:47:14,751 - INFO -   EHVI: 9963 candidates with 1000 MC samples
2025-06-12 03:50:53,688 - INFO -  EHVI time: 218.937s
f1 shape: (1,)
f2 shape: (1,)
2025-06-12 03:50:53,690 - INFO -  Selected idx=7523 (Nc1ccc(C(=O)Nc2ccccc2N2CCCCC2)o1) → [0.15 1.  ]
2025-06-12 03:50:53,711 - INFO -  Hypervolume: 0.1903
2025-06-12 03:50:53,711 - INFO - 
--- Iter 28 (train size (38, 2)) ---
2025-06-12 03:50:53,711 - INFO -  Inferred reference point at iter 28: [0.03823729389767125, -0.09999998324702228]
2025-06-12 03:50:53,713 - INFO -  Scoring full pool: 9962 candidates
2025-06-12 03:50:57,194 - INFO -  GP predict time: 3.481s
2025-06-12 03:50:57,194 - INFO -   EHVI: 9962 candidates with 1000 MC samples
2025-06-12 03:54:35,613 - INFO -  EHVI time: 218.419s
f1 shape: (1,)
f2 shape: (1,)
2025-06-12 03:54:35,614 - INFO -  Selected idx=7629 (Cc1ccc(S(=O)(=O)N(CC(=O)OC(C)(C)C)Cc2ccc([N+](=O)[O-])s2)cc1) → [0.16030534 0.13533528]
2025-06-12 03:54:35,634 - INFO -  Hypervolume: 0.1903
2025-06-12 03:54:35,634 - INFO - 
--- Iter 29 (train size (39, 2)) ---
2025-06-12 03:54:35,634 - INFO -  Inferred reference point at iter 29: [0.03823729389767125, -0.09999998324702228]
2025-06-12 03:54:35,635 - INFO -  Scoring full pool: 9961 candidates
2025-06-12 03:54:39,100 - INFO -  GP predict time: 3.465s
2025-06-12 03:54:39,100 - INFO -   EHVI: 9961 candidates with 1000 MC samples
2025-06-12 03:58:17,685 - INFO -  EHVI time: 218.585s
f1 shape: (1,)
f2 shape: (1,)
2025-06-12 03:58:17,687 - INFO -  Selected idx=7991 (O=C1NC(c2ccc(N3CCCCCC3)cc2)Nc2ccccc21) → [0.13846154 0.13533528]
2025-06-12 03:58:17,709 - INFO -  Hypervolume: 0.1903
2025-06-12 03:58:17,709 - INFO - 
--- Iter 30 (train size (40, 2)) ---
2025-06-12 03:58:17,709 - INFO -  Inferred reference point at iter 30: [0.03823729389767125, -0.09999998324702228]
2025-06-12 03:58:17,711 - INFO -  Scoring full pool: 9960 candidates
2025-06-12 03:58:21,226 - INFO -  GP predict time: 3.515s
2025-06-12 03:58:21,227 - INFO -   EHVI: 9960 candidates with 1000 MC samples
2025-06-12 04:01:59,748 - INFO -  EHVI time: 218.521s
f1 shape: (1,)
f2 shape: (1,)
2025-06-12 04:01:59,749 - INFO -  Selected idx=5721 (CCc1ccc(C=NNC(=O)c2ccc(OCCN(C)C)cc2)cc1) → [0.17460317 0.13533528]
2025-06-12 04:01:59,772 - INFO -  Hypervolume: 0.1903
2025-06-12 04:01:59,772 - INFO - 
--- Iter 31 (train size (41, 2)) ---
2025-06-12 04:01:59,772 - INFO -  Inferred reference point at iter 31: [0.03823729389767125, -0.09999998324702228]
2025-06-12 04:01:59,774 - INFO -  Scoring full pool: 9959 candidates
2025-06-12 04:02:03,461 - INFO -  GP predict time: 3.687s
2025-06-12 04:02:03,461 - INFO -   EHVI: 9959 candidates with 1000 MC samples
2025-06-12 04:05:41,755 - INFO -  EHVI time: 218.293s
f1 shape: (1,)
f2 shape: (1,)
2025-06-12 04:05:41,756 - INFO -  Selected idx=7174 (CC(C)CC(CO)NC(=O)c1ccc(NC(=O)N2Cc3ccc(F)cc3C2)cc1) → [0.15328467 1.        ]
2025-06-12 04:05:41,780 - INFO -  Hypervolume: 0.1903
2025-06-12 04:05:41,780 - INFO - 
--- Iter 32 (train size (42, 2)) ---
2025-06-12 04:05:41,780 - INFO -  Inferred reference point at iter 32: [0.03823729389767125, -0.09999998324702228]
2025-06-12 04:05:41,782 - INFO -  Scoring full pool: 9958 candidates
2025-06-12 04:05:45,532 - INFO -  GP predict time: 3.750s
2025-06-12 04:05:45,532 - INFO -   EHVI: 9958 candidates with 1000 MC samples
2025-06-12 04:09:23,546 - INFO -  EHVI time: 218.014s
f1 shape: (1,)
f2 shape: (1,)
2025-06-12 04:09:23,547 - INFO -  Selected idx=9105 (COc1cc(NC(=O)C(C)F)cc(C(=O)Nc2ccccc2)c1) → [0.20512821 0.13533528]
2025-06-12 04:09:23,571 - INFO -  Hypervolume: 0.1903
2025-06-12 04:09:23,571 - INFO - 
--- Iter 33 (train size (43, 2)) ---
2025-06-12 04:09:23,571 - INFO -  Inferred reference point at iter 33: [0.03823729389767125, -0.09999998324702228]
2025-06-12 04:09:23,573 - INFO -  Scoring full pool: 9957 candidates
2025-06-12 04:09:27,460 - INFO -  GP predict time: 3.887s
2025-06-12 04:09:27,460 - INFO -   EHVI: 9957 candidates with 1000 MC samples
2025-06-12 04:13:05,557 - INFO -  EHVI time: 218.097s
f1 shape: (1,)
f2 shape: (1,)
2025-06-12 04:13:05,559 - INFO -  Selected idx=1027 (CCOc1cc(C(=S)N2CCCC2)ccc1OCc1ccccc1) → [0.18548387 1.        ]
2025-06-12 04:13:05,584 - INFO -  Hypervolume: 0.1916
2025-06-12 04:13:05,584 - INFO - 
--- Iter 34 (train size (44, 2)) ---
2025-06-12 04:13:05,584 - INFO -  Inferred reference point at iter 34: [0.03823729389767125, -0.09999998324702228]
2025-06-12 04:13:05,586 - INFO -  Scoring full pool: 9956 candidates
2025-06-12 04:13:09,592 - INFO -  GP predict time: 4.006s
2025-06-12 04:13:09,592 - INFO -   EHVI: 9956 candidates with 1000 MC samples
2025-06-12 04:16:48,289 - INFO -  EHVI time: 218.697s
f1 shape: (1,)
f2 shape: (1,)
2025-06-12 04:16:48,290 - INFO -  Selected idx=7603 (CCN1CCN(C(=O)c2c(C)nn(-c3ccc(F)cc3)c2-n2cccc2)CC1) → [0.15441176 0.13533528]
2025-06-12 04:16:48,315 - INFO -  Hypervolume: 0.1916
2025-06-12 04:16:48,315 - INFO - 
--- Iter 35 (train size (45, 2)) ---
2025-06-12 04:16:48,315 - INFO -  Inferred reference point at iter 35: [0.03823729389767125, -0.09999998324702228]
2025-06-12 04:16:48,316 - INFO -  Scoring full pool: 9955 candidates
2025-06-12 04:16:52,309 - INFO -  GP predict time: 3.992s
2025-06-12 04:16:52,309 - INFO -   EHVI: 9955 candidates with 1000 MC samples
2025-06-12 04:20:31,392 - INFO -  EHVI time: 219.083s
f1 shape: (1,)
f2 shape: (1,)
2025-06-12 04:20:31,394 - INFO -  Selected idx=9802 (Cc1ccc2nc(-c3ccc(NC(=O)c4ccc(N)cc4)c(S(=O)(=O)O)c3)sc2c1) → [0.13380282 0.13533528]
2025-06-12 04:20:31,419 - INFO -  Hypervolume: 0.1916
2025-06-12 04:20:31,419 - INFO - 
--- Iter 36 (train size (46, 2)) ---
2025-06-12 04:20:31,419 - INFO -  Inferred reference point at iter 36: [0.03823729389767125, -0.09999998324702228]
2025-06-12 04:20:31,421 - INFO -  Scoring full pool: 9954 candidates
2025-06-12 04:20:35,582 - INFO -  GP predict time: 4.161s
2025-06-12 04:20:35,582 - INFO -   EHVI: 9954 candidates with 1000 MC samples
2025-06-12 04:24:14,208 - INFO -  EHVI time: 218.626s
f1 shape: (1,)
f2 shape: (1,)
2025-06-12 04:24:14,209 - INFO -  Selected idx=4343 (CCOc1ccc(NC2=C(N3CCOCC3)C(=O)c3ccccc3C2=O)cc1) → [0.17037037 0.13533528]
2025-06-12 04:24:14,233 - INFO -  Hypervolume: 0.1916
2025-06-12 04:24:14,233 - INFO - 
--- Iter 37 (train size (47, 2)) ---
2025-06-12 04:24:14,233 - INFO -  Inferred reference point at iter 37: [0.03823729389767125, -0.09999998324702228]
2025-06-12 04:24:14,234 - INFO -  Scoring full pool: 9953 candidates
2025-06-12 04:24:18,217 - INFO -  GP predict time: 3.983s
2025-06-12 04:24:18,218 - INFO -   EHVI: 9953 candidates with 1000 MC samples
2025-06-12 04:27:56,712 - INFO -  EHVI time: 218.494s
f1 shape: (1,)
f2 shape: (1,)
2025-06-12 04:27:56,714 - INFO -  Selected idx=6075 (O=C(NCCC1CC(c2ccc(O)c(F)c2)=NO1)c1ccc(F)cc1) → [0.13846154 1.        ]
2025-06-12 04:27:56,741 - INFO -  Hypervolume: 0.1916
2025-06-12 04:27:56,741 - INFO - 
--- Iter 38 (train size (48, 2)) ---
2025-06-12 04:27:56,741 - INFO -  Inferred reference point at iter 38: [0.03823729389767125, -0.09999998324702228]
2025-06-12 04:27:56,743 - INFO -  Scoring full pool: 9952 candidates
2025-06-12 04:28:01,095 - INFO -  GP predict time: 4.352s
2025-06-12 04:28:01,095 - INFO -   EHVI: 9952 candidates with 1000 MC samples
2025-06-12 04:31:39,667 - INFO -  EHVI time: 218.572s
f1 shape: (1,)
f2 shape: (1,)
2025-06-12 04:31:39,669 - INFO -  Selected idx=4370 (NC(=O)C1CCCN1Cc1cccc(NC(=O)c2cccs2)c1) → [0.16260163 1.        ]
2025-06-12 04:31:39,696 - INFO -  Hypervolume: 0.1916
2025-06-12 04:31:39,696 - INFO - 
--- Iter 39 (train size (49, 2)) ---
2025-06-12 04:31:39,696 - INFO -  Inferred reference point at iter 39: [0.03823729389767125, -0.09999998324702228]
2025-06-12 04:31:39,698 - INFO -  Scoring full pool: 9951 candidates
2025-06-12 04:31:43,953 - INFO -  GP predict time: 4.255s
2025-06-12 04:31:43,953 - INFO -   EHVI: 9951 candidates with 1000 MC samples
2025-06-12 04:35:22,261 - INFO -  EHVI time: 218.308s
f1 shape: (1,)
f2 shape: (1,)
2025-06-12 04:35:22,263 - INFO -  Selected idx=7093 ([H]c1ccc(N2CCN(CC(=O)Nc3c([H])cc([H])c(C)c3[H])CC2)c(C#N)c1) → [0.15503876 1.        ]
2025-06-12 04:35:22,292 - INFO -  Hypervolume: 0.1916
2025-06-12 04:35:22,292 - INFO - 
--- Iter 40 (train size (50, 2)) ---
2025-06-12 04:35:22,292 - INFO -  Inferred reference point at iter 40: [0.03823729389767125, -0.09999998324702228]
2025-06-12 04:35:22,294 - INFO -  Scoring full pool: 9950 candidates
2025-06-12 04:35:26,751 - INFO -  GP predict time: 4.457s
2025-06-12 04:35:26,751 - INFO -   EHVI: 9950 candidates with 1000 MC samples
2025-06-12 04:39:05,567 - INFO -  EHVI time: 218.816s
f1 shape: (1,)
f2 shape: (1,)
2025-06-12 04:39:05,568 - INFO -  Selected idx=1581 (CCn1c2ccccc2c2cc(NC(=O)CNC)ccc21) → [0.20175439 1.        ]
2025-06-12 04:39:05,595 - INFO -  Hypervolume: 0.2057
2025-06-12 04:39:05,596 - INFO - 
--- Iter 41 (train size (51, 2)) ---
2025-06-12 04:39:05,596 - INFO -  Inferred reference point at iter 41: [0.03823729389767125, -0.09999998324702228]
2025-06-12 04:39:05,597 - INFO -  Scoring full pool: 9949 candidates
2025-06-12 04:39:10,136 - INFO -  GP predict time: 4.538s
2025-06-12 04:39:10,136 - INFO -   EHVI: 9949 candidates with 1000 MC samples
2025-06-12 04:42:48,171 - INFO -  EHVI time: 218.035s
f1 shape: (1,)
f2 shape: (1,)
2025-06-12 04:42:48,173 - INFO -  Selected idx=443 (Cc1nc(-c2ccc(C(=O)Nc3cccc(F)c3)cc2)cs1) → [0.14754098 1.        ]
2025-06-12 04:42:48,376 - INFO -  Hypervolume: 0.2057
2025-06-12 04:42:48,376 - INFO - 
--- Iter 42 (train size (52, 2)) ---
2025-06-12 04:42:48,376 - INFO -  Inferred reference point at iter 42: [0.03823729389767125, -0.09999998324702228]
2025-06-12 04:42:48,378 - INFO -  Scoring full pool: 9948 candidates
2025-06-12 04:42:52,774 - INFO -  GP predict time: 4.395s
2025-06-12 04:42:52,774 - INFO -   EHVI: 9948 candidates with 1000 MC samples
2025-06-12 04:46:31,161 - INFO -  EHVI time: 218.388s
f1 shape: (1,)
f2 shape: (1,)
2025-06-12 04:46:31,163 - INFO -  Selected idx=8510 (Cc1ccccc1NC(=O)c1cc[n+]([O-])cc1) → [0.1682243  0.13533528]
2025-06-12 04:46:31,194 - INFO -  Hypervolume: 0.2057
2025-06-12 04:46:31,194 - INFO - 
--- Iter 43 (train size (53, 2)) ---
2025-06-12 04:46:31,194 - INFO -  Inferred reference point at iter 43: [0.03823729389767125, -0.09999998324702228]
2025-06-12 04:46:31,196 - INFO -  Scoring full pool: 9947 candidates
2025-06-12 04:46:35,931 - INFO -  GP predict time: 4.735s
2025-06-12 04:46:35,931 - INFO -   EHVI: 9947 candidates with 1000 MC samples
2025-06-12 04:50:15,200 - INFO -  EHVI time: 219.269s
f1 shape: (1,)
f2 shape: (1,)
2025-06-12 04:50:15,202 - INFO -  Selected idx=6830 (Cc1cc(N2CCCCC2)nc2ccc(NC(=O)c3ccc(Br)o3)cc12) → [0.12592593 0.13533528]
2025-06-12 04:50:15,232 - INFO -  Hypervolume: 0.2057
2025-06-12 04:50:15,232 - INFO - 
--- Iter 44 (train size (54, 2)) ---
2025-06-12 04:50:15,232 - INFO -  Inferred reference point at iter 44: [0.03823729389767125, -0.09999998324702228]
2025-06-12 04:50:15,234 - INFO -  Scoring full pool: 9946 candidates
2025-06-12 04:50:19,913 - INFO -  GP predict time: 4.679s
2025-06-12 04:50:19,914 - INFO -   EHVI: 9946 candidates with 1000 MC samples
2025-06-12 04:53:57,984 - INFO -  EHVI time: 218.071s
f1 shape: (1,)
f2 shape: (1,)
2025-06-12 04:53:57,986 - INFO -  Selected idx=8683 (Cc1cc2cc(NC(=O)c3ccccc3)ccc2[nH]1) → [0.18918919 1.        ]
2025-06-12 04:53:58,018 - INFO -  Hypervolume: 0.2057
2025-06-12 04:53:58,018 - INFO - 
--- Iter 45 (train size (55, 2)) ---
2025-06-12 04:53:58,018 - INFO -  Inferred reference point at iter 45: [0.03823729389767125, -0.09999998324702228]
2025-06-12 04:53:58,020 - INFO -  Scoring full pool: 9945 candidates
2025-06-12 04:54:02,714 - INFO -  GP predict time: 4.694s
2025-06-12 04:54:02,714 - INFO -   EHVI: 9945 candidates with 1000 MC samples
2025-06-12 04:57:41,920 - INFO -  EHVI time: 219.205s
f1 shape: (1,)
f2 shape: (1,)
2025-06-12 04:57:41,921 - INFO -  Selected idx=9573 (CC(=O)c1ccc(NC(=O)Nc2cccc(Cl)c2)cc1) → [0.17699115 0.13533528]
2025-06-12 04:57:41,951 - INFO -  Hypervolume: 0.2057
2025-06-12 04:57:41,951 - INFO - 
--- Iter 46 (train size (56, 2)) ---
2025-06-12 04:57:41,951 - INFO -  Inferred reference point at iter 46: [0.03823729389767125, -0.09999998324702228]
2025-06-12 04:57:41,953 - INFO -  Scoring full pool: 9944 candidates
2025-06-12 04:57:46,778 - INFO -  GP predict time: 4.825s
2025-06-12 04:57:46,778 - INFO -   EHVI: 9944 candidates with 1000 MC samples
2025-06-12 05:01:25,560 - INFO -  EHVI time: 218.782s
f1 shape: (1,)
f2 shape: (1,)
2025-06-12 05:01:25,562 - INFO -  Selected idx=3463 (O=C(NCC1CCCO1)c1ccc2ccccc2n1) → [0.15652174 1.        ]
2025-06-12 05:01:25,596 - INFO -  Hypervolume: 0.2057
2025-06-12 05:01:25,596 - INFO - 
--- Iter 47 (train size (57, 2)) ---
2025-06-12 05:01:25,596 - INFO -  Inferred reference point at iter 47: [0.03823729389767125, -0.09999998324702228]
2025-06-12 05:01:25,598 - INFO -  Scoring full pool: 9943 candidates
2025-06-12 05:01:30,659 - INFO -  GP predict time: 5.061s
2025-06-12 05:01:30,660 - INFO -   EHVI: 9943 candidates with 1000 MC samples
2025-06-12 05:05:09,562 - INFO -  EHVI time: 218.902s
f1 shape: (1,)
f2 shape: (1,)
2025-06-12 05:05:09,563 - INFO -  Selected idx=6633 (CC(C)(C)c1ccc(-c2ccc(S(=O)(=O)N3CCCC3C(=O)NC(C#N)CC(N)=O)cc2)cc1) → [0.14864865 1.        ]
2025-06-12 05:05:09,597 - INFO -  Hypervolume: 0.2057
2025-06-12 05:05:09,598 - INFO - 
--- Iter 48 (train size (58, 2)) ---
2025-06-12 05:05:09,598 - INFO -  Inferred reference point at iter 48: [0.03823729389767125, -0.09999998324702228]
2025-06-12 05:05:09,600 - INFO -  Scoring full pool: 9942 candidates
2025-06-12 05:05:14,631 - INFO -  GP predict time: 5.031s
2025-06-12 05:05:14,631 - INFO -   EHVI: 9942 candidates with 1000 MC samples
2025-06-12 05:08:52,824 - INFO -  EHVI time: 218.193s
f1 shape: (1,)
f2 shape: (1,)
2025-06-12 05:08:52,825 - INFO -  Selected idx=1417 (O=C(Nc1ccc(CN2CCS(=O)(=O)CC2)cc1)c1ccccc1) → [0.140625 1.      ]
2025-06-12 05:08:52,861 - INFO -  Hypervolume: 0.2057
2025-06-12 05:08:52,861 - INFO - 
--- Iter 49 (train size (59, 2)) ---
2025-06-12 05:08:52,861 - INFO -  Inferred reference point at iter 49: [0.03823729389767125, -0.09999998324702228]
2025-06-12 05:08:52,863 - INFO -  Scoring full pool: 9941 candidates
2025-06-12 05:08:58,024 - INFO -  GP predict time: 5.160s
2025-06-12 05:08:58,024 - INFO -   EHVI: 9941 candidates with 1000 MC samples
2025-06-12 05:12:37,244 - INFO -  EHVI time: 219.220s
f1 shape: (1,)
f2 shape: (1,)
2025-06-12 05:12:37,246 - INFO -  Selected idx=6715 (CCn1c(Cc2ccccc2)nnc1SCC(=O)Nc1ccccc1N1CCOCC1) → [0.15862069 0.13533528]
2025-06-12 05:12:37,279 - INFO -  Hypervolume: 0.2057
2025-06-12 05:12:37,279 - INFO - 
--- Iter 50 (train size (60, 2)) ---
2025-06-12 05:12:37,279 - INFO -  Inferred reference point at iter 50: [0.03823729389767125, -0.09999998324702228]
2025-06-12 05:12:37,282 - INFO -  Scoring full pool: 9940 candidates
2025-06-12 05:12:42,256 - INFO -  GP predict time: 4.974s
2025-06-12 05:12:42,256 - INFO -   EHVI: 9940 candidates with 1000 MC samples
2025-06-12 05:16:21,092 - INFO -  EHVI time: 218.836s
f1 shape: (1,)
f2 shape: (1,)
2025-06-12 05:16:21,094 - INFO -  Selected idx=7390 (NC(=O)c1ccc(-c2ncc(-c3ccccc3)o2)cc1) → [0.1637931 1.       ]
2025-06-12 05:16:21,131 - INFO -  Hypervolume: 0.2057
2025-06-12 05:16:21,131 - INFO - 
--- Iter 51 (train size (61, 2)) ---
2025-06-12 05:16:21,131 - INFO -  Inferred reference point at iter 51: [0.03823729389767125, -0.09999998324702228]
2025-06-12 05:16:21,133 - INFO -  Scoring full pool: 9939 candidates
2025-06-12 05:16:26,481 - INFO -  GP predict time: 5.347s
2025-06-12 05:16:26,481 - INFO -   EHVI: 9939 candidates with 1000 MC samples
2025-06-12 05:20:05,806 - INFO -  EHVI time: 219.325s
f1 shape: (1,)
f2 shape: (1,)
2025-06-12 05:20:05,807 - INFO -  Selected idx=7775 (CC(=O)c1ccc(N2CCCC(CO)(Cc3ccccc3F)C2)nc1) → [0.15625 1.     ]
2025-06-12 05:20:05,843 - INFO -  Hypervolume: 0.2057
2025-06-12 05:20:05,843 - INFO - 
--- Iter 52 (train size (62, 2)) ---
2025-06-12 05:20:05,843 - INFO -  Inferred reference point at iter 52: [0.03823729389767125, -0.09999998324702228]
2025-06-12 05:20:05,845 - INFO -  Scoring full pool: 9938 candidates
2025-06-12 05:20:11,158 - INFO -  GP predict time: 5.312s
2025-06-12 05:20:11,158 - INFO -   EHVI: 9938 candidates with 1000 MC samples
2025-06-12 05:23:51,139 - INFO -  EHVI time: 219.981s
f1 shape: (1,)
f2 shape: (1,)
2025-06-12 05:23:51,140 - INFO -  Selected idx=4247 (CCc1ccc(NC(=O)c2ccc3c(c2)nnn3CC)cc1) → [0.15702479 1.        ]
2025-06-12 05:23:51,179 - INFO -  Hypervolume: 0.2057
2025-06-12 05:23:51,179 - INFO - 
--- Iter 53 (train size (63, 2)) ---
2025-06-12 05:23:51,179 - INFO -  Inferred reference point at iter 53: [0.03823729389767125, -0.09999998324702228]
2025-06-12 05:23:51,181 - INFO -  Scoring full pool: 9937 candidates
2025-06-12 05:23:56,673 - INFO -  GP predict time: 5.492s
2025-06-12 05:23:56,673 - INFO -   EHVI: 9937 candidates with 1000 MC samples
2025-06-12 05:27:34,785 - INFO -  EHVI time: 218.112s
f1 shape: (1,)
f2 shape: (1,)
2025-06-12 05:27:34,787 - INFO -  Selected idx=2210 (O=C(Nc1nnc(-c2ccco2)s1)c1ccccc1) → [0.14655172 1.        ]
2025-06-12 05:27:34,825 - INFO -  Hypervolume: 0.2057
2025-06-12 05:27:34,825 - INFO - 
--- Iter 54 (train size (64, 2)) ---
2025-06-12 05:27:34,826 - INFO -  Inferred reference point at iter 54: [0.03823729389767125, -0.09999998324702228]
2025-06-12 05:27:34,828 - INFO -  Scoring full pool: 9936 candidates
2025-06-12 05:27:40,449 - INFO -  GP predict time: 5.621s
2025-06-12 05:27:40,449 - INFO -   EHVI: 9936 candidates with 1000 MC samples
2025-06-12 05:31:18,734 - INFO -  EHVI time: 218.285s
f1 shape: (1,)
f2 shape: (1,)
2025-06-12 05:31:18,736 - INFO -  Selected idx=701 (CC(C)(C)c1ccc(-c2ccc(NC(=O)c3ccccc3)nc2)cc1) → [0.16535433 1.        ]
2025-06-12 05:31:18,775 - INFO -  Hypervolume: 0.2057
2025-06-12 05:31:18,775 - INFO - 
--- Iter 55 (train size (65, 2)) ---
2025-06-12 05:31:18,775 - INFO -  Inferred reference point at iter 55: [0.03823729389767125, -0.09999998324702228]
2025-06-12 05:31:18,777 - INFO -  Scoring full pool: 9935 candidates
2025-06-12 05:31:24,419 - INFO -  GP predict time: 5.642s
2025-06-12 05:31:24,420 - INFO -   EHVI: 9935 candidates with 1000 MC samples
2025-06-12 05:35:03,883 - INFO -  EHVI time: 219.463s
f1 shape: (1,)
f2 shape: (1,)
2025-06-12 05:35:03,884 - INFO -  Selected idx=2071 (CC(=O)Nc1ccc2c3ccccc3n(C)c2c1) → [0.18518519 1.        ]
2025-06-12 05:35:03,922 - INFO -  Hypervolume: 0.2057
2025-06-12 05:35:03,922 - INFO - 
--- Iter 56 (train size (66, 2)) ---
2025-06-12 05:35:03,922 - INFO -  Inferred reference point at iter 56: [0.03823729389767125, -0.09999998324702228]
2025-06-12 05:35:03,925 - INFO -  Scoring full pool: 9934 candidates
2025-06-12 05:35:09,532 - INFO -  GP predict time: 5.607s
2025-06-12 05:35:09,532 - INFO -   EHVI: 9934 candidates with 1000 MC samples
2025-06-12 05:38:48,788 - INFO -  EHVI time: 219.256s
f1 shape: (1,)
f2 shape: (1,)
2025-06-12 05:38:48,789 - INFO -  Selected idx=7180 (CCCN(CCC)C(=S)NC(=O)c1ccc(-c2ccccc2)cc1) → [0.19834711 0.13533528]
2025-06-12 05:38:48,829 - INFO -  Hypervolume: 0.2057
2025-06-12 05:38:48,829 - INFO - 
--- Iter 57 (train size (67, 2)) ---
2025-06-12 05:38:48,829 - INFO -  Inferred reference point at iter 57: [0.03823729389767125, -0.09999998324702228]
2025-06-12 05:38:48,831 - INFO -  Scoring full pool: 9933 candidates
2025-06-12 05:38:54,637 - INFO -  GP predict time: 5.806s
2025-06-12 05:38:54,637 - INFO -   EHVI: 9933 candidates with 1000 MC samples
2025-06-12 05:42:34,132 - INFO -  EHVI time: 219.495s
f1 shape: (1,)
f2 shape: (1,)
2025-06-12 05:42:34,134 - INFO -  Selected idx=3160 (O=C(Nc1ccc(Br)nc1)c1cccc(F)c1) → [0.12612613 0.13533528]
2025-06-12 05:42:34,175 - INFO -  Hypervolume: 0.2057
2025-06-12 05:42:34,175 - INFO - 
--- Iter 58 (train size (68, 2)) ---
2025-06-12 05:42:34,175 - INFO -  Inferred reference point at iter 58: [0.03823729389767125, -0.09999998324702228]
2025-06-12 05:42:34,178 - INFO -  Scoring full pool: 9932 candidates
2025-06-12 05:42:39,736 - INFO -  GP predict time: 5.558s
2025-06-12 05:42:39,736 - INFO -   EHVI: 9932 candidates with 1000 MC samples
2025-06-12 05:46:21,091 - INFO -  EHVI time: 221.356s
f1 shape: (1,)
f2 shape: (1,)
2025-06-12 05:46:21,093 - INFO -  Selected idx=7285 (Cc1ccc(NC(=O)C(=O)NCCN2CCN(C(S)=Nc3ccccc3)CC2)cc1) → [0.16428571 1.        ]
2025-06-12 05:46:21,136 - INFO -  Hypervolume: 0.2057
2025-06-12 05:46:21,136 - INFO - 
--- Iter 59 (train size (69, 2)) ---
2025-06-12 05:46:21,136 - INFO -  Inferred reference point at iter 59: [0.03823729389767125, -0.09999998324702228]
2025-06-12 05:46:21,139 - INFO -  Scoring full pool: 9931 candidates
2025-06-12 05:46:27,078 - INFO -  GP predict time: 5.939s
2025-06-12 05:46:27,078 - INFO -   EHVI: 9931 candidates with 1000 MC samples
2025-06-12 05:50:05,557 - INFO -  EHVI time: 218.479s
f1 shape: (1,)
f2 shape: (1,)
2025-06-12 05:50:05,558 - INFO -  Selected idx=297 (Cc1ccc(NC(=O)c2ccccc2)nc1) → [0.17142857 0.13533528]
2025-06-12 05:50:05,600 - INFO -  Hypervolume: 0.2057
2025-06-12 05:50:05,600 - INFO - 
--- Iter 60 (train size (70, 2)) ---
2025-06-12 05:50:05,600 - INFO -  Inferred reference point at iter 60: [0.03823729389767125, -0.09999998324702228]
2025-06-12 05:50:05,603 - INFO -  Scoring full pool: 9930 candidates
2025-06-12 05:50:11,463 - INFO -  GP predict time: 5.860s
2025-06-12 05:50:11,463 - INFO -   EHVI: 9930 candidates with 1000 MC samples
2025-06-12 05:53:50,908 - INFO -  EHVI time: 219.445s
f1 shape: (1,)
f2 shape: (1,)
2025-06-12 05:53:50,909 - INFO -  Selected idx=388 (O=C(Nc1ccc(C(F)(F)F)cc1)c1ccc2ccccc2n1) → [0.14516129 1.        ]
2025-06-12 05:53:50,955 - INFO -  Hypervolume: 0.2057
2025-06-12 05:53:50,955 - INFO - 
--- Iter 61 (train size (71, 2)) ---
2025-06-12 05:53:50,955 - INFO -  Inferred reference point at iter 61: [0.03823729389767125, -0.09999998324702228]
2025-06-12 05:53:50,958 - INFO -  Scoring full pool: 9929 candidates
2025-06-12 05:53:57,022 - INFO -  GP predict time: 6.064s
2025-06-12 05:53:57,022 - INFO -   EHVI: 9929 candidates with 1000 MC samples
2025-06-12 05:57:35,942 - INFO -  EHVI time: 218.921s
f1 shape: (1,)
f2 shape: (1,)
2025-06-12 05:57:35,944 - INFO -  Selected idx=2090 (O=C(NO)c1cc2ccc(CNc3ccccc3)cc2s1) → [0.15966387 1.        ]
2025-06-12 05:57:35,990 - INFO -  Hypervolume: 0.2057
2025-06-12 05:57:35,990 - INFO - 
--- Iter 62 (train size (72, 2)) ---
2025-06-12 05:57:35,990 - INFO -  Inferred reference point at iter 62: [0.03823729389767125, -0.09999998324702228]
2025-06-12 05:57:35,992 - INFO -  Scoring full pool: 9928 candidates
2025-06-12 05:57:42,256 - INFO -  GP predict time: 6.264s
2025-06-12 05:57:42,256 - INFO -   EHVI: 9928 candidates with 1000 MC samples
2025-06-12 06:01:20,659 - INFO -  EHVI time: 218.403s
f1 shape: (1,)
f2 shape: (1,)
2025-06-12 06:01:20,661 - INFO -  Selected idx=3971 (NC(=O)n1cc(NC(=O)N2CC(F)CC2C(=O)Nc2cccc(OC(F)(F)F)c2)c2ccccc21) → [0.16       0.13533528]
2025-06-12 06:01:20,708 - INFO -  Hypervolume: 0.2057
2025-06-12 06:01:20,708 - INFO - 
--- Iter 63 (train size (73, 2)) ---
2025-06-12 06:01:20,708 - INFO -  Inferred reference point at iter 63: [0.03823729389767125, -0.09999998324702228]
2025-06-12 06:01:20,711 - INFO -  Scoring full pool: 9927 candidates
2025-06-12 06:01:26,923 - INFO -  GP predict time: 6.212s
2025-06-12 06:01:26,923 - INFO -   EHVI: 9927 candidates with 1000 MC samples
2025-06-12 06:05:05,351 - INFO -  EHVI time: 218.428s
f1 shape: (1,)
f2 shape: (1,)
2025-06-12 06:05:05,353 - INFO -  Selected idx=3473 (CC(C)(C)c1ccc(NC(=O)c2ccc(Cl)[n+]([O-])c2)cc1) → [0.15517241 0.13533528]
2025-06-12 06:05:05,400 - INFO -  Hypervolume: 0.2057
2025-06-12 06:05:05,400 - INFO - 
--- Iter 64 (train size (74, 2)) ---
2025-06-12 06:05:05,400 - INFO -  Inferred reference point at iter 64: [0.03823729389767125, -0.09999998324702228]
2025-06-12 06:05:05,403 - INFO -  Scoring full pool: 9926 candidates
2025-06-12 06:05:11,839 - INFO -  GP predict time: 6.436s
2025-06-12 06:05:11,839 - INFO -   EHVI: 9926 candidates with 1000 MC samples
2025-06-12 06:08:50,063 - INFO -  EHVI time: 218.224s
f1 shape: (1,)
f2 shape: (1,)
2025-06-12 06:08:50,065 - INFO -  Selected idx=6200 (O=C(c1ccccc1)N1CCN(Cc2cn(-c3cccc(C(F)(F)F)c3)c3ccccc23)CC1) → [0.12903226 0.00033546]
2025-06-12 06:08:50,113 - INFO -  Hypervolume: 0.2057
2025-06-12 06:08:50,114 - INFO - 
--- Iter 65 (train size (75, 2)) ---
2025-06-12 06:08:50,114 - INFO -  Inferred reference point at iter 65: [0.03823729389767125, -0.09999998324702228]
2025-06-12 06:08:50,116 - INFO -  Scoring full pool: 9925 candidates
2025-06-12 06:08:56,516 - INFO -  GP predict time: 6.400s
2025-06-12 06:08:56,516 - INFO -   EHVI: 9925 candidates with 1000 MC samples
2025-06-12 06:12:34,806 - INFO -  EHVI time: 218.289s
f1 shape: (1,)
f2 shape: (1,)
2025-06-12 06:12:34,807 - INFO -  Selected idx=3349 (O=C(O)CNS(=O)(=O)c1ccc2ccccc2c1) → [0.16513761 0.13533528]
2025-06-12 06:12:34,857 - INFO -  Hypervolume: 0.2057
2025-06-12 06:12:34,857 - INFO - 
--- Iter 66 (train size (76, 2)) ---
2025-06-12 06:12:34,857 - INFO -  Inferred reference point at iter 66: [0.03823729389767125, -0.09999998324702228]
2025-06-12 06:12:34,860 - INFO -  Scoring full pool: 9924 candidates
2025-06-12 06:12:41,252 - INFO -  GP predict time: 6.393s
2025-06-12 06:12:41,252 - INFO -   EHVI: 9924 candidates with 1000 MC samples
2025-06-12 06:16:20,555 - INFO -  EHVI time: 219.303s
f1 shape: (1,)
f2 shape: (1,)
2025-06-12 06:16:20,557 - INFO -  Selected idx=2413 (CN(CC1CCCCC1)c1ccc(C(=O)Nc2cnc3ccccc3c2)cc1) → [0.15217391 0.13533528]
2025-06-12 06:16:20,607 - INFO -  Hypervolume: 0.2057
2025-06-12 06:16:20,608 - INFO - 
--- Iter 67 (train size (77, 2)) ---
2025-06-12 06:16:20,608 - INFO -  Inferred reference point at iter 67: [0.03823729389767125, -0.09999998324702228]
2025-06-12 06:16:20,610 - INFO -  Scoring full pool: 9923 candidates
2025-06-12 06:16:27,488 - INFO -  GP predict time: 6.878s
2025-06-12 06:16:27,488 - INFO -   EHVI: 9923 candidates with 1000 MC samples
2025-06-12 06:20:06,764 - INFO -  EHVI time: 219.275s
f1 shape: (1,)
f2 shape: (1,)
2025-06-12 06:20:06,765 - INFO -  Selected idx=5880 (COC(C(=O)Nc1ccc(S(=O)(=O)N2CCCCC2)cc1)c1ccccc1) → [0.14925373 1.        ]
2025-06-12 06:20:06,817 - INFO -  Hypervolume: 0.2057
2025-06-12 06:20:06,817 - INFO - 
--- Iter 68 (train size (78, 2)) ---
2025-06-12 06:20:06,817 - INFO -  Inferred reference point at iter 68: [0.03823729389767125, -0.09999998324702228]
2025-06-12 06:20:06,820 - INFO -  Scoring full pool: 9922 candidates
2025-06-12 06:20:13,652 - INFO -  GP predict time: 6.832s
2025-06-12 06:20:13,652 - INFO -   EHVI: 9922 candidates with 1000 MC samples
2025-06-12 06:23:53,384 - INFO -  EHVI time: 219.732s
f1 shape: (1,)
f2 shape: (1,)
2025-06-12 06:23:53,386 - INFO -  Selected idx=5608 (NC(N)=Nc1cc(C(=O)O)ccc1SCc1ccccc1) → [0.17241379 0.13533528]
2025-06-12 06:23:53,705 - INFO -  Hypervolume: 0.2057
2025-06-12 06:23:53,705 - INFO - 
--- Iter 69 (train size (79, 2)) ---
2025-06-12 06:23:53,705 - INFO -  Inferred reference point at iter 69: [0.03823729389767125, -0.09999998324702228]
2025-06-12 06:23:53,708 - INFO -  Scoring full pool: 9921 candidates
2025-06-12 06:24:00,252 - INFO -  GP predict time: 6.544s
2025-06-12 06:24:00,252 - INFO -   EHVI: 9921 candidates with 1000 MC samples
2025-06-12 06:27:39,284 - INFO -  EHVI time: 219.032s
f1 shape: (1,)
f2 shape: (1,)
2025-06-12 06:27:39,285 - INFO -  Selected idx=9692 (O=C(c1ccc(F)cc1)c1cnc(Nc2ccccc2)s1) → [0.15 1.  ]
2025-06-12 06:27:39,336 - INFO -  Hypervolume: 0.2057
2025-06-12 06:27:39,336 - INFO - 
--- Iter 70 (train size (80, 2)) ---
2025-06-12 06:27:39,336 - INFO -  Inferred reference point at iter 70: [0.03823729389767125, -0.09999998324702228]
2025-06-12 06:27:39,339 - INFO -  Scoring full pool: 9920 candidates
2025-06-12 06:27:45,885 - INFO -  GP predict time: 6.546s
2025-06-12 06:27:45,885 - INFO -   EHVI: 9920 candidates with 1000 MC samples
2025-06-12 06:31:23,625 - INFO -  EHVI time: 217.740s
f1 shape: (1,)
f2 shape: (1,)
2025-06-12 06:31:23,626 - INFO -  Selected idx=6357 (CC(C)(C)C(=O)Nc1ccc(N2CCN(Cc3ccccc3)CC2)c(Cl)c1) → [0.18604651 1.        ]
2025-06-12 06:31:23,681 - INFO -  Hypervolume: 0.2057
2025-06-12 06:31:23,681 - INFO - 
--- Iter 71 (train size (81, 2)) ---
2025-06-12 06:31:23,681 - INFO -  Inferred reference point at iter 71: [0.03823729389767125, -0.09999998324702228]
2025-06-12 06:31:23,684 - INFO -  Scoring full pool: 9919 candidates
2025-06-12 06:31:30,714 - INFO -  GP predict time: 7.030s
2025-06-12 06:31:30,714 - INFO -   EHVI: 9919 candidates with 1000 MC samples
2025-06-12 06:35:08,854 - INFO -  EHVI time: 218.140s
f1 shape: (1,)
f2 shape: (1,)
2025-06-12 06:35:08,855 - INFO -  Selected idx=1779 (O=C(Nc1ccccc1)C1CCCN(C(=O)c2ccc(F)cc2)C1) → [0.15873016 1.        ]
2025-06-12 06:35:08,908 - INFO -  Hypervolume: 0.2057
2025-06-12 06:35:08,908 - INFO - 
--- Iter 72 (train size (82, 2)) ---
2025-06-12 06:35:08,908 - INFO -  Inferred reference point at iter 72: [0.03823729389767125, -0.09999998324702228]
2025-06-12 06:35:08,910 - INFO -  Scoring full pool: 9918 candidates
2025-06-12 06:35:15,603 - INFO -  GP predict time: 6.692s
2025-06-12 06:35:15,603 - INFO -   EHVI: 9918 candidates with 1000 MC samples
2025-06-12 06:38:54,658 - INFO -  EHVI time: 219.055s
f1 shape: (1,)
f2 shape: (1,)
2025-06-12 06:38:54,660 - INFO -  Selected idx=5985 (COc1ccccc1N(C)S(=O)(=O)c1ccc(C(=O)Nc2ccncc2)cc1) → [0.17293233 1.        ]
2025-06-12 06:38:54,717 - INFO -  Hypervolume: 0.2057
2025-06-12 06:38:54,717 - INFO - 
--- Iter 73 (train size (83, 2)) ---
2025-06-12 06:38:54,717 - INFO -  Inferred reference point at iter 73: [0.03823729389767125, -0.09999998324702228]
2025-06-12 06:38:54,720 - INFO -  Scoring full pool: 9917 candidates
2025-06-12 06:39:01,854 - INFO -  GP predict time: 7.134s
2025-06-12 06:39:01,854 - INFO -   EHVI: 9917 candidates with 1000 MC samples
2025-06-12 06:42:39,884 - INFO -  EHVI time: 218.030s
f1 shape: (1,)
f2 shape: (1,)
2025-06-12 06:42:39,886 - INFO -  Selected idx=9288 (NS(=O)(=O)c1ccc(CNC(=O)Nc2ccccc2)cc1) → [0.16239316 0.13533528]
2025-06-12 06:42:40,223 - INFO -  Hypervolume: 0.2057
2025-06-12 06:42:40,223 - INFO - 
--- Iter 74 (train size (84, 2)) ---
2025-06-12 06:42:40,224 - INFO -  Inferred reference point at iter 74: [0.03823729389767125, -0.09999998324702228]
2025-06-12 06:42:40,226 - INFO -  Scoring full pool: 9916 candidates
2025-06-12 06:42:47,219 - INFO -  GP predict time: 6.993s
2025-06-12 06:42:47,220 - INFO -   EHVI: 9916 candidates with 1000 MC samples
2025-06-12 06:46:25,941 - INFO -  EHVI time: 218.721s
f1 shape: (1,)
f2 shape: (1,)
2025-06-12 06:46:25,943 - INFO -  Selected idx=6100 (O=C(Nc1nc2ccccc2[nH]1)c1ccccc1F) → [0.16814159 1.        ]
2025-06-12 06:46:26,002 - INFO -  Hypervolume: 0.2057
2025-06-12 06:46:26,002 - INFO - 
--- Iter 75 (train size (85, 2)) ---
2025-06-12 06:46:26,002 - INFO -  Inferred reference point at iter 75: [0.03823729389767125, -0.09999998324702228]
2025-06-12 06:46:26,005 - INFO -  Scoring full pool: 9915 candidates
2025-06-12 06:46:33,044 - INFO -  GP predict time: 7.039s
2025-06-12 06:46:33,044 - INFO -   EHVI: 9915 candidates with 1000 MC samples
2025-06-12 06:50:11,188 - INFO -  EHVI time: 218.144s
f1 shape: (1,)
f2 shape: (1,)
2025-06-12 06:50:11,190 - INFO -  Selected idx=7310 (O=C(C(=O)c1ccccc1)c1ccccc1) → [0.17142857 0.13533528]
2025-06-12 06:50:11,247 - INFO -  Hypervolume: 0.2057
2025-06-12 06:50:11,247 - INFO - 
--- Iter 76 (train size (86, 2)) ---
2025-06-12 06:50:11,248 - INFO -  Inferred reference point at iter 76: [0.03823729389767125, -0.09999998324702228]
2025-06-12 06:50:11,251 - INFO -  Scoring full pool: 9914 candidates
2025-06-12 06:50:18,510 - INFO -  GP predict time: 7.259s
2025-06-12 06:50:18,510 - INFO -   EHVI: 9914 candidates with 1000 MC samples
2025-06-12 06:53:56,191 - INFO -  EHVI time: 217.681s
f1 shape: (1,)
f2 shape: (1,)
2025-06-12 06:53:56,193 - INFO -  Selected idx=338 (CC(CN1CCC2(CC1)C(=O)NCN2c1ccccc1)NC(=O)c1ccc(F)c(F)c1) → [0.15384615 0.13533528]
2025-06-12 06:53:56,253 - INFO -  Hypervolume: 0.2057
2025-06-12 06:53:56,253 - INFO - 
--- Iter 77 (train size (87, 2)) ---
2025-06-12 06:53:56,253 - INFO -  Inferred reference point at iter 77: [0.03823729389767125, -0.09999998324702228]
2025-06-12 06:53:56,256 - INFO -  Scoring full pool: 9913 candidates
2025-06-12 06:54:03,757 - INFO -  GP predict time: 7.500s
2025-06-12 06:54:03,757 - INFO -   EHVI: 9913 candidates with 1000 MC samples
2025-06-12 06:57:41,726 - INFO -  EHVI time: 217.969s
f1 shape: (1,)
f2 shape: (1,)
2025-06-12 06:57:41,728 - INFO -  Selected idx=5331 (COc1cccc(-c2cc(C(=O)Nc3cccc(C(C)=O)c3)c3ccccc3n2)c1) → [0.18978102 0.13533528]
2025-06-12 06:57:41,790 - INFO -  Hypervolume: 0.2057
2025-06-12 06:57:41,790 - INFO - 
--- Iter 78 (train size (88, 2)) ---
2025-06-12 06:57:41,790 - INFO -  Inferred reference point at iter 78: [0.03823729389767125, -0.09999998324702228]
2025-06-12 06:57:41,793 - INFO -  Scoring full pool: 9912 candidates
2025-06-12 06:57:49,240 - INFO -  GP predict time: 7.447s
2025-06-12 06:57:49,240 - INFO -   EHVI: 9912 candidates with 1000 MC samples
2025-06-12 07:01:27,565 - INFO -  EHVI time: 218.325s
f1 shape: (1,)
f2 shape: (1,)
2025-06-12 07:01:27,566 - INFO -  Selected idx=7715 (CCc1ccc(NC(S)=NC2CC3CCCC(C2)N3Cc2ccccc2)cc1) → [0.13571429 0.13533528]
2025-06-12 07:01:27,624 - INFO -  Hypervolume: 0.2057
2025-06-12 07:01:27,625 - INFO - 
--- Iter 79 (train size (89, 2)) ---
2025-06-12 07:01:27,625 - INFO -  Inferred reference point at iter 79: [0.03823729389767125, -0.09999998324702228]
2025-06-12 07:01:27,627 - INFO -  Scoring full pool: 9911 candidates
2025-06-12 07:01:34,686 - INFO -  GP predict time: 7.058s
2025-06-12 07:01:34,686 - INFO -   EHVI: 9911 candidates with 1000 MC samples
2025-06-12 07:05:12,573 - INFO -  EHVI time: 217.887s
f1 shape: (1,)
f2 shape: (1,)
2025-06-12 07:05:12,574 - INFO -  Selected idx=8877 (CN1CCC(n2nc(-c3ccc4ccccc4c3)c(C(N)=O)c2N)CC1) → [0.17054264 0.13533528]
2025-06-12 07:05:12,639 - INFO -  Hypervolume: 0.2057
2025-06-12 07:05:12,639 - INFO - 
--- Iter 80 (train size (90, 2)) ---
2025-06-12 07:05:12,639 - INFO -  Inferred reference point at iter 80: [0.03823729389767125, -0.09999998324702228]
2025-06-12 07:05:12,642 - INFO -  Scoring full pool: 9910 candidates
2025-06-12 07:05:20,253 - INFO -  GP predict time: 7.610s
2025-06-12 07:05:20,253 - INFO -   EHVI: 9910 candidates with 1000 MC samples
2025-06-12 07:08:59,726 - INFO -  EHVI time: 219.474s
f1 shape: (1,)
f2 shape: (1,)
2025-06-12 07:08:59,728 - INFO -  Selected idx=7470 (O=C(NC(CC1=CCCCC1)c1ccc2ccccc2c1)C(F)(F)F) → [0.13846154 1.        ]
2025-06-12 07:08:59,794 - INFO -  Hypervolume: 0.2057
2025-06-12 07:08:59,794 - INFO - 
--- Iter 81 (train size (91, 2)) ---
2025-06-12 07:08:59,794 - INFO -  Inferred reference point at iter 81: [0.03823729389767125, -0.09999998324702228]
2025-06-12 07:08:59,797 - INFO -  Scoring full pool: 9909 candidates
2025-06-12 07:09:07,354 - INFO -  GP predict time: 7.557s
2025-06-12 07:09:07,354 - INFO -   EHVI: 9909 candidates with 1000 MC samples
2025-06-12 07:12:45,710 - INFO -  EHVI time: 218.357s
f1 shape: (1,)
f2 shape: (1,)
2025-06-12 07:12:45,712 - INFO -  Selected idx=9952 (Cc1cccc(NC(=O)c2cc(-c3cccc(F)c3)ccn2)n1) → [0.15322581 1.        ]
2025-06-12 07:12:45,775 - INFO -  Hypervolume: 0.2057
2025-06-12 07:12:45,775 - INFO - 
--- Iter 82 (train size (92, 2)) ---
2025-06-12 07:12:45,775 - INFO -  Inferred reference point at iter 82: [0.03823729389767125, -0.09999998324702228]
2025-06-12 07:12:45,778 - INFO -  Scoring full pool: 9908 candidates
2025-06-12 07:12:53,504 - INFO -  GP predict time: 7.726s
2025-06-12 07:12:53,504 - INFO -   EHVI: 9908 candidates with 1000 MC samples
2025-06-12 07:16:31,607 - INFO -  EHVI time: 218.104s
f1 shape: (1,)
f2 shape: (1,)
2025-06-12 07:16:31,609 - INFO -  Selected idx=5088 (O=C(Nc1ccc2[nH]c(S)nc2c1)c1cc(-c2ccccc2)[nH]n1) → [0.15748031 0.13533528]
2025-06-12 07:16:31,677 - INFO -  Hypervolume: 0.2057
2025-06-12 07:16:31,677 - INFO - 
--- Iter 83 (train size (93, 2)) ---
2025-06-12 07:16:31,677 - INFO -  Inferred reference point at iter 83: [0.03823729389767125, -0.09999998324702228]
2025-06-12 07:16:31,680 - INFO -  Scoring full pool: 9907 candidates
2025-06-12 07:16:39,644 - INFO -  GP predict time: 7.963s
2025-06-12 07:16:39,644 - INFO -   EHVI: 9907 candidates with 1000 MC samples
2025-06-12 07:20:17,327 - INFO -  EHVI time: 217.683s
f1 shape: (1,)
f2 shape: (1,)
2025-06-12 07:20:17,329 - INFO -  Selected idx=2953 (Cc1ccc(S(=O)(=O)N2CCN(C(C(=O)Nc3ccc(F)cc3)c3ccccc3)CC2)cc1) → [0.14       0.13533528]
2025-06-12 07:20:17,398 - INFO -  Hypervolume: 0.2057
2025-06-12 07:20:17,398 - INFO - 
--- Iter 84 (train size (94, 2)) ---
2025-06-12 07:20:17,399 - INFO -  Inferred reference point at iter 84: [0.03823729389767125, -0.09999998324702228]
2025-06-12 07:20:17,402 - INFO -  Scoring full pool: 9906 candidates
2025-06-12 07:20:25,548 - INFO -  GP predict time: 8.146s
2025-06-12 07:20:25,548 - INFO -   EHVI: 9906 candidates with 1000 MC samples
2025-06-12 07:24:03,891 - INFO -  EHVI time: 218.343s
f1 shape: (1,)
f2 shape: (1,)
2025-06-12 07:24:03,893 - INFO -  Selected idx=9960 (O=C(CC1C(=O)Nc2ccccc2N1CC(=O)N1CCCC1)Nc1ccc(Br)cc1) → [0.18978102 0.13533528]
2025-06-12 07:24:03,963 - INFO -  Hypervolume: 0.2057
2025-06-12 07:24:03,963 - INFO - 
--- Iter 85 (train size (95, 2)) ---
2025-06-12 07:24:03,963 - INFO -  Inferred reference point at iter 85: [0.03823729389767125, -0.09999998324702228]
2025-06-12 07:24:03,966 - INFO -  Scoring full pool: 9905 candidates
2025-06-12 07:24:11,830 - INFO -  GP predict time: 7.864s
2025-06-12 07:24:11,831 - INFO -   EHVI: 9905 candidates with 1000 MC samples
2025-06-12 07:27:49,404 - INFO -  EHVI time: 217.574s
f1 shape: (1,)
f2 shape: (1,)
2025-06-12 07:27:49,406 - INFO -  Selected idx=9503 (COc1cccc(C2SC(c3ccc(C)cc3)=NN2C(=O)c2c(F)cc(F)cc2F)c1OC) → [0.18181818 0.13533528]
2025-06-12 07:27:49,478 - INFO -  Hypervolume: 0.2057
2025-06-12 07:27:49,478 - INFO - 
--- Iter 86 (train size (96, 2)) ---
2025-06-12 07:27:49,478 - INFO -  Inferred reference point at iter 86: [0.03823729389767125, -0.09999998324702228]
2025-06-12 07:27:49,482 - INFO -  Scoring full pool: 9904 candidates
2025-06-12 07:27:57,773 - INFO -  GP predict time: 8.291s
2025-06-12 07:27:57,773 - INFO -   EHVI: 9904 candidates with 1000 MC samples
2025-06-12 07:31:35,701 - INFO -  EHVI time: 217.927s
f1 shape: (1,)
f2 shape: (1,)
2025-06-12 07:31:35,702 - INFO -  Selected idx=5951 (O=C(c1ccc(OCc2cccnc2)cc1)C1CC1) → [0.14782609 1.        ]
2025-06-12 07:31:35,774 - INFO -  Hypervolume: 0.2057
2025-06-12 07:31:35,774 - INFO - 
--- Iter 87 (train size (97, 2)) ---
2025-06-12 07:31:35,774 - INFO -  Inferred reference point at iter 87: [0.03823729389767125, -0.09999998324702228]
2025-06-12 07:31:35,777 - INFO -  Scoring full pool: 9903 candidates
2025-06-12 07:31:43,788 - INFO -  GP predict time: 8.011s
2025-06-12 07:31:43,788 - INFO -   EHVI: 9903 candidates with 1000 MC samples
2025-06-12 07:35:21,455 - INFO -  EHVI time: 217.667s
f1 shape: (1,)
f2 shape: (1,)
2025-06-12 07:35:21,457 - INFO -  Selected idx=292 (CC(=O)N1CCCC1(Cc1ccc(F)cc1)C(=O)OCc1ccccc1) → [0.1984127 1.       ]
2025-06-12 07:35:21,531 - INFO -  Hypervolume: 0.2057
2025-06-12 07:35:21,531 - INFO - 
--- Iter 88 (train size (98, 2)) ---
2025-06-12 07:35:21,531 - INFO -  Inferred reference point at iter 88: [0.03823729389767125, -0.09999998324702228]
2025-06-12 07:35:21,535 - INFO -  Scoring full pool: 9902 candidates
2025-06-12 07:35:30,033 - INFO -  GP predict time: 8.499s
2025-06-12 07:35:30,034 - INFO -   EHVI: 9902 candidates with 1000 MC samples
2025-06-12 07:39:08,542 - INFO -  EHVI time: 218.509s
f1 shape: (1,)
f2 shape: (1,)
2025-06-12 07:39:08,544 - INFO -  Selected idx=3815 (O=C(ON=C1CCCC1=Cc1ccccc1)c1ccc([N+](=O)[O-])cc1) → [0.1640625 1.       ]
2025-06-12 07:39:08,620 - INFO -  Hypervolume: 0.2057
2025-06-12 07:39:08,620 - INFO - 
--- Iter 89 (train size (99, 2)) ---
2025-06-12 07:39:08,620 - INFO -  Inferred reference point at iter 89: [0.03823729389767125, -0.09999998324702228]
2025-06-12 07:39:08,623 - INFO -  Scoring full pool: 9901 candidates
2025-06-12 07:39:17,122 - INFO -  GP predict time: 8.499s
2025-06-12 07:39:17,122 - INFO -   EHVI: 9901 candidates with 1000 MC samples
2025-06-12 07:42:55,241 - INFO -  EHVI time: 218.119s
f1 shape: (1,)
f2 shape: (1,)
2025-06-12 07:42:55,243 - INFO -  Selected idx=6046 (O=C(Cc1nc2ccccc2[nH]1)c1cccc([N+](=O)[O-])c1) → [0.18103448 1.        ]
2025-06-12 07:42:55,320 - INFO -  Hypervolume: 0.2057
2025-06-12 07:42:55,320 - INFO - 
--- Iter 90 (train size (100, 2)) ---
2025-06-12 07:42:55,320 - INFO -  Inferred reference point at iter 90: [0.03823729389767125, -0.09999998324702228]
2025-06-12 07:42:55,323 - INFO -  Scoring full pool: 9900 candidates
2025-06-12 07:43:03,910 - INFO -  GP predict time: 8.587s
2025-06-12 07:43:03,910 - INFO -   EHVI: 9900 candidates with 1000 MC samples
2025-06-12 07:46:42,660 - INFO -  EHVI time: 218.750s
f1 shape: (1,)
f2 shape: (1,)
2025-06-12 07:46:42,662 - INFO -  Selected idx=2996 (O=C(NO)c1ccc(CNCc2nc(-c3ccc(C(F)(F)F)cc3)no2)cc1) → [0.12230216 1.        ]
2025-06-12 07:46:42,740 - INFO -  Hypervolume: 0.2057
2025-06-12 07:46:42,740 - INFO - 
--- Iter 91 (train size (101, 2)) ---
2025-06-12 07:46:42,740 - INFO -  Inferred reference point at iter 91: [0.03823729389767125, -0.09999998324702228]
2025-06-12 07:46:42,743 - INFO -  Scoring full pool: 9899 candidates
2025-06-12 07:46:51,170 - INFO -  GP predict time: 8.427s
2025-06-12 07:46:51,171 - INFO -   EHVI: 9899 candidates with 1000 MC samples
2025-06-12 07:50:29,569 - INFO -  EHVI time: 218.398s
f1 shape: (1,)
f2 shape: (1,)
2025-06-12 07:50:29,571 - INFO -  Selected idx=7351 (Cc1ccc(C=C2C=C(Cc3ccccc3)C(=O)O2)cc1) → [0.16949153 1.        ]
2025-06-12 07:50:29,650 - INFO -  Hypervolume: 0.2057
2025-06-12 07:50:29,650 - INFO - 
--- Iter 92 (train size (102, 2)) ---
2025-06-12 07:50:29,650 - INFO -  Inferred reference point at iter 92: [0.03823729389767125, -0.09999998324702228]
2025-06-12 07:50:29,654 - INFO -  Scoring full pool: 9898 candidates
2025-06-12 07:50:38,376 - INFO -  GP predict time: 8.723s
2025-06-12 07:50:38,376 - INFO -   EHVI: 9898 candidates with 1000 MC samples
2025-06-12 07:54:16,780 - INFO -  EHVI time: 218.404s
f1 shape: (1,)
f2 shape: (1,)
2025-06-12 07:54:16,782 - INFO -  Selected idx=9950 (COc1ccccc1C=CC=NNC(=O)c1ccccn1) → [0.15966387 0.13533528]
2025-06-12 07:54:16,858 - INFO -  Hypervolume: 0.2057
2025-06-12 07:54:16,858 - INFO - 
--- Iter 93 (train size (103, 2)) ---
2025-06-12 07:54:16,858 - INFO -  Inferred reference point at iter 93: [0.03823729389767125, -0.09999998324702228]
2025-06-12 07:54:16,861 - INFO -  Scoring full pool: 9897 candidates
2025-06-12 07:54:25,415 - INFO -  GP predict time: 8.554s
2025-06-12 07:54:25,415 - INFO -   EHVI: 9897 candidates with 1000 MC samples
2025-06-12 07:58:03,154 - INFO -  EHVI time: 217.739s
f1 shape: (1,)
f2 shape: (1,)
2025-06-12 07:58:03,156 - INFO -  Selected idx=3733 (COc1ccc(C=Nc2ccc(C(=O)c3ccccc3)cc2)cc1) → [0.16666667 1.        ]
2025-06-12 07:58:03,238 - INFO -  Hypervolume: 0.2057
2025-06-12 07:58:03,238 - INFO - 
--- Iter 94 (train size (104, 2)) ---
2025-06-12 07:58:03,238 - INFO -  Inferred reference point at iter 94: [0.03823729389767125, -0.09999998324702228]
2025-06-12 07:58:03,242 - INFO -  Scoring full pool: 9896 candidates
2025-06-12 07:58:12,137 - INFO -  GP predict time: 8.896s
2025-06-12 07:58:12,137 - INFO -   EHVI: 9896 candidates with 1000 MC samples
2025-06-12 08:01:50,243 - INFO -  EHVI time: 218.105s
f1 shape: (1,)
f2 shape: (1,)
2025-06-12 08:01:50,245 - INFO -  Selected idx=320 (CCc1ccc(OCc2nnc(NC(=O)c3cccs3)s2)cc1) → [0.17073171 1.        ]
2025-06-12 08:01:50,328 - INFO -  Hypervolume: 0.2057
2025-06-12 08:01:50,328 - INFO - 
--- Iter 95 (train size (105, 2)) ---
2025-06-12 08:01:50,328 - INFO -  Inferred reference point at iter 95: [0.03823729389767125, -0.09999998324702228]
2025-06-12 08:01:50,332 - INFO -  Scoring full pool: 9895 candidates
2025-06-12 08:01:59,608 - INFO -  GP predict time: 9.276s
2025-06-12 08:01:59,608 - INFO -   EHVI: 9895 candidates with 1000 MC samples
2025-06-12 08:05:37,863 - INFO -  EHVI time: 218.254s
f1 shape: (1,)
f2 shape: (1,)
2025-06-12 08:05:37,864 - INFO -  Selected idx=6187 (Cc1nc2cc(C(=O)c3ccccc3)ccc2[nH]1) → [0.19444444 1.        ]
2025-06-12 08:05:37,948 - INFO -  Hypervolume: 0.2057
2025-06-12 08:05:37,949 - INFO - 
--- Iter 96 (train size (106, 2)) ---
2025-06-12 08:05:37,949 - INFO -  Inferred reference point at iter 96: [0.03823729389767125, -0.09999998324702228]
2025-06-12 08:05:37,952 - INFO -  Scoring full pool: 9894 candidates
2025-06-12 08:05:47,075 - INFO -  GP predict time: 9.122s
2025-06-12 08:05:47,075 - INFO -   EHVI: 9894 candidates with 1000 MC samples
2025-06-12 08:09:25,139 - INFO -  EHVI time: 218.064s
f1 shape: (1,)
f2 shape: (1,)
2025-06-12 08:09:25,141 - INFO -  Selected idx=1579 (COc1ccc(C2CC(=NOC(=O)c3ccccc3)CC(c3ccc(OC)cc3)N2C)cc1) → [0.19444444 0.13533528]
2025-06-12 08:09:25,226 - INFO -  Hypervolume: 0.2057
2025-06-12 08:09:25,226 - INFO - 
--- Iter 97 (train size (107, 2)) ---
2025-06-12 08:09:25,226 - INFO -  Inferred reference point at iter 97: [0.03823729389767125, -0.09999998324702228]
2025-06-12 08:09:25,230 - INFO -  Scoring full pool: 9893 candidates
2025-06-12 08:09:34,129 - INFO -  GP predict time: 8.899s
2025-06-12 08:09:34,129 - INFO -   EHVI: 9893 candidates with 1000 MC samples
2025-06-12 08:13:12,983 - INFO -  EHVI time: 218.854s
f1 shape: (1,)
f2 shape: (1,)
2025-06-12 08:13:12,985 - INFO -  Selected idx=5762 (O=C(Nc1cc(Cl)cc(Cl)c1)C(NCC1CCCO1)c1ccccc1) → [0.1640625 1.       ]
2025-06-12 08:13:13,070 - INFO -  Hypervolume: 0.2057
2025-06-12 08:13:13,070 - INFO - 
--- Iter 98 (train size (108, 2)) ---
2025-06-12 08:13:13,070 - INFO -  Inferred reference point at iter 98: [0.03823729389767125, -0.09999998324702228]
2025-06-12 08:13:13,074 - INFO -  Scoring full pool: 9892 candidates
2025-06-12 08:13:22,247 - INFO -  GP predict time: 9.173s
2025-06-12 08:13:22,247 - INFO -   EHVI: 9892 candidates with 1000 MC samples
2025-06-12 08:17:00,275 - INFO -  EHVI time: 218.028s
f1 shape: (1,)
f2 shape: (1,)
2025-06-12 08:17:00,276 - INFO -  Selected idx=7418 (CCC(=O)Nc1ccc(OCc2nc3ccccc3s2)cc1) → [0.20512821 1.        ]
2025-06-12 08:17:00,366 - INFO -  Hypervolume: 0.2086
2025-06-12 08:17:00,366 - INFO - 
--- Iter 99 (train size (109, 2)) ---
2025-06-12 08:17:00,366 - INFO -  Inferred reference point at iter 99: [0.03823729389767125, -0.09999998324702228]
2025-06-12 08:17:00,370 - INFO -  Scoring full pool: 9891 candidates
2025-06-12 08:17:09,820 - INFO -  GP predict time: 9.450s
2025-06-12 08:17:09,820 - INFO -   EHVI: 9891 candidates with 1000 MC samples
2025-06-12 08:20:48,123 - INFO -  EHVI time: 218.303s
f1 shape: (1,)
f2 shape: (1,)
2025-06-12 08:20:48,125 - INFO -  Selected idx=8087 (O=C(CN1CCCCC1c1cccnc1)c1ccccc1) → [0.13934426 1.        ]
2025-06-12 08:20:48,214 - INFO -  Hypervolume: 0.2086
2025-06-12 08:20:48,214 - INFO - 
--- Iter 100 (train size (110, 2)) ---
2025-06-12 08:20:48,214 - INFO -  Inferred reference point at iter 100: [0.03823729389767125, -0.09999998324702228]
2025-06-12 08:20:48,218 - INFO -  Scoring full pool: 9890 candidates
2025-06-12 08:20:57,798 - INFO -  GP predict time: 9.580s
2025-06-12 08:20:57,798 - INFO -   EHVI: 9890 candidates with 1000 MC samples
2025-06-12 08:24:37,581 - INFO -  EHVI time: 219.783s
f1 shape: (1,)
f2 shape: (1,)
2025-06-12 08:24:37,583 - INFO -  Selected idx=9407 (CCN(C(=O)c1ccc2c(=O)n3c(nc2c1)CCCCC3)c1ccc(F)cc1) → [0.13768116 0.13533528]
2025-06-12 08:24:37,674 - INFO -  Hypervolume: 0.2086
2025-06-12 08:24:37,674 - INFO - 
--- Iter 101 (train size (111, 2)) ---
2025-06-12 08:24:37,674 - INFO -  Inferred reference point at iter 101: [0.03823729389767125, -0.09999998324702228]
2025-06-12 08:24:37,678 - INFO -  Scoring full pool: 9889 candidates
2025-06-12 08:24:47,419 - INFO -  GP predict time: 9.741s
2025-06-12 08:24:47,419 - INFO -   EHVI: 9889 candidates with 1000 MC samples
2025-06-12 08:28:25,882 - INFO -  EHVI time: 218.463s
f1 shape: (1,)
f2 shape: (1,)
2025-06-12 08:28:25,884 - INFO -  Selected idx=5624 (O=C(O)c1nc(-c2ccc(C(F)(F)F)cc2)n2ccccc12) → [0.14049587 1.        ]
2025-06-12 08:28:25,976 - INFO -  Hypervolume: 0.2086
2025-06-12 08:28:25,976 - INFO - 
--- Iter 102 (train size (112, 2)) ---
2025-06-12 08:28:25,976 - INFO -  Inferred reference point at iter 102: [0.03823729389767125, -0.09999998324702228]
2025-06-12 08:28:25,980 - INFO -  Scoring full pool: 9888 candidates
2025-06-12 08:28:35,521 - INFO -  GP predict time: 9.541s
2025-06-12 08:28:35,521 - INFO -   EHVI: 9888 candidates with 1000 MC samples
2025-06-12 08:32:13,406 - INFO -  EHVI time: 217.885s
f1 shape: (1,)
f2 shape: (1,)
2025-06-12 08:32:13,407 - INFO -  Selected idx=7224 (Cc1nnn2c1COCC(CNC(=O)c1ccc3[nH]ccc3c1)C2) → [0.1484375  0.13533528]
2025-06-12 08:32:13,499 - INFO -  Hypervolume: 0.2086
2025-06-12 08:32:13,499 - INFO - 
--- Iter 103 (train size (113, 2)) ---
2025-06-12 08:32:13,499 - INFO -  Inferred reference point at iter 103: [0.03823729389767125, -0.09999998324702228]
2025-06-12 08:32:13,503 - INFO -  Scoring full pool: 9887 candidates
2025-06-12 08:32:22,996 - INFO -  GP predict time: 9.493s
2025-06-12 08:32:22,996 - INFO -   EHVI: 9887 candidates with 1000 MC samples
2025-06-12 08:36:01,773 - INFO -  EHVI time: 218.777s
f1 shape: (1,)
f2 shape: (1,)
2025-06-12 08:36:01,774 - INFO -  Selected idx=6954 (O=C(Cc1ccccc1)OCC(=O)c1ccc(F)cc1) → [0.20720721 0.13533528]
2025-06-12 08:36:01,865 - INFO -  Hypervolume: 0.2086
2025-06-12 08:36:01,866 - INFO - 
--- Iter 104 (train size (114, 2)) ---
2025-06-12 08:36:01,866 - INFO -  Inferred reference point at iter 104: [0.03823729389767125, -0.09999998324702228]
2025-06-12 08:36:01,870 - INFO -  Scoring full pool: 9886 candidates
2025-06-12 08:36:11,472 - INFO -  GP predict time: 9.602s
2025-06-12 08:36:11,472 - INFO -   EHVI: 9886 candidates with 1000 MC samples
2025-06-12 08:39:49,839 - INFO -  EHVI time: 218.366s
f1 shape: (1,)
f2 shape: (1,)
2025-06-12 08:39:49,840 - INFO -  Selected idx=7584 (NC(=O)C1(Cc2ccc(OCc3ccccc3)cc2)CC1C(=O)NO) → [0.20325203 1.        ]
2025-06-12 08:39:50,307 - INFO -  Hypervolume: 0.2086
2025-06-12 08:39:50,307 - INFO - 
--- Iter 105 (train size (115, 2)) ---
2025-06-12 08:39:50,308 - INFO -  Inferred reference point at iter 105: [0.03823729389767125, -0.09999998324702228]
2025-06-12 08:39:50,312 - INFO -  Scoring full pool: 9885 candidates
2025-06-12 08:39:59,950 - INFO -  GP predict time: 9.639s
2025-06-12 08:39:59,950 - INFO -   EHVI: 9885 candidates with 1000 MC samples
2025-06-12 08:43:37,711 - INFO -  EHVI time: 217.760s
f1 shape: (1,)
f2 shape: (1,)
2025-06-12 08:43:37,712 - INFO -  Selected idx=1890 (COc1cccc(OC)c1OC(=O)C1CNCCN1Cc1ccccc1) → [0.20634921 1.        ]
2025-06-12 08:43:37,810 - INFO -  Hypervolume: 0.2096
2025-06-12 08:43:37,810 - INFO - 
--- Iter 106 (train size (116, 2)) ---
2025-06-12 08:43:37,810 - INFO -  Inferred reference point at iter 106: [0.03823729389767125, -0.09999998324702228]
2025-06-12 08:43:37,815 - INFO -  Scoring full pool: 9884 candidates
2025-06-12 08:43:47,911 - INFO -  GP predict time: 10.097s
2025-06-12 08:43:47,912 - INFO -   EHVI: 9884 candidates with 1000 MC samples
2025-06-12 08:47:25,779 - INFO -  EHVI time: 217.868s
f1 shape: (1,)
f2 shape: (1,)
2025-06-12 08:47:25,781 - INFO -  Selected idx=8991 (O=C(C=Cc1ccc(OCCCCN2CCCCC2)cc1)c1ccccc1) → [0.16296296 1.        ]
2025-06-12 08:47:25,877 - INFO -  Hypervolume: 0.2096
2025-06-12 08:47:25,878 - INFO - 
--- Iter 107 (train size (117, 2)) ---
2025-06-12 08:47:25,878 - INFO -  Inferred reference point at iter 107: [0.03823729389767125, -0.09999998324702228]
2025-06-12 08:47:25,882 - INFO -  Scoring full pool: 9883 candidates
2025-06-12 08:47:35,713 - INFO -  GP predict time: 9.830s
2025-06-12 08:47:35,713 - INFO -   EHVI: 9883 candidates with 1000 MC samples
2025-06-12 08:51:14,419 - INFO -  EHVI time: 218.706s
f1 shape: (1,)
f2 shape: (1,)
2025-06-12 08:51:14,421 - INFO -  Selected idx=7066 (COc1ccc(C2CCCN2C(=O)c2cccs2)cc1) → [0.1440678 1.       ]
2025-06-12 08:51:14,522 - INFO -  Hypervolume: 0.2096
2025-06-12 08:51:14,522 - INFO - 
--- Iter 108 (train size (118, 2)) ---
2025-06-12 08:51:14,522 - INFO -  Inferred reference point at iter 108: [0.03823729389767125, -0.09999998324702228]
2025-06-12 08:51:14,527 - INFO -  Scoring full pool: 9882 candidates
2025-06-12 08:51:25,140 - INFO -  GP predict time: 10.613s
2025-06-12 08:51:25,140 - INFO -   EHVI: 9882 candidates with 1000 MC samples
2025-06-12 08:55:02,970 - INFO -  EHVI time: 217.830s
f1 shape: (1,)
f2 shape: (1,)
2025-06-12 08:55:02,971 - INFO -  Selected idx=3764 (COC(=O)c1ccc(C(O)=C(C#N)c2nc3ccccc3s2)cc1) → [0.20833333 1.        ]
2025-06-12 08:55:03,070 - INFO -  Hypervolume: 0.2113
2025-06-12 08:55:03,070 - INFO - 
--- Iter 109 (train size (119, 2)) ---
2025-06-12 08:55:03,070 - INFO -  Inferred reference point at iter 109: [0.03823729389767125, -0.09999998324702228]
2025-06-12 08:55:03,075 - INFO -  Scoring full pool: 9881 candidates
2025-06-12 08:55:13,067 - INFO -  GP predict time: 9.992s
2025-06-12 08:55:13,067 - INFO -   EHVI: 9881 candidates with 1000 MC samples
2025-06-12 08:58:52,373 - INFO -  EHVI time: 219.306s
f1 shape: (1,)
f2 shape: (1,)
2025-06-12 08:58:52,375 - INFO -  Selected idx=9106 (COc1ccc(C(=O)N2CCCC3(CCN(C(=O)Nc4ccccc4)C3)C2)cc1) → [0.15827338 0.13533528]
2025-06-12 08:58:52,478 - INFO -  Hypervolume: 0.2113
2025-06-12 08:58:52,478 - INFO - 
--- Iter 110 (train size (120, 2)) ---
2025-06-12 08:58:52,478 - INFO -  Inferred reference point at iter 110: [0.03823729389767125, -0.09999998324702228]
2025-06-12 08:58:52,483 - INFO -  Scoring full pool: 9880 candidates
2025-06-12 08:59:02,955 - INFO -  GP predict time: 10.471s
2025-06-12 08:59:02,955 - INFO -   EHVI: 9880 candidates with 1000 MC samples
2025-06-12 09:02:41,187 - INFO -  EHVI time: 218.232s
f1 shape: (1,)
f2 shape: (1,)
2025-06-12 09:02:41,189 - INFO -  Selected idx=6966 (Cc1cccc(CNC(=O)c2ccc(NC(=O)C3=CSCCO3)cc2)c1) → [0.16030534 1.        ]
2025-06-12 09:02:41,803 - INFO -  Hypervolume: 0.2113
2025-06-12 09:02:41,804 - INFO - 
--- Iter 111 (train size (121, 2)) ---
2025-06-12 09:02:41,804 - INFO -  Inferred reference point at iter 111: [0.03823729389767125, -0.09999998324702228]
2025-06-12 09:02:41,808 - INFO -  Scoring full pool: 9879 candidates
2025-06-12 09:02:51,998 - INFO -  GP predict time: 10.189s
2025-06-12 09:02:51,998 - INFO -   EHVI: 9879 candidates with 1000 MC samples
2025-06-12 09:06:29,633 - INFO -  EHVI time: 217.635s
f1 shape: (1,)
f2 shape: (1,)
2025-06-12 09:06:29,634 - INFO -  Selected idx=6722 (NC(=O)c1ccc(OCc2ccccc2)cc1) → [0.18867925 0.13533528]
2025-06-12 09:06:29,739 - INFO -  Hypervolume: 0.2113
2025-06-12 09:06:29,740 - INFO - 
--- Iter 112 (train size (122, 2)) ---
2025-06-12 09:06:29,740 - INFO -  Inferred reference point at iter 112: [0.03823729389767125, -0.09999998324702228]
2025-06-12 09:06:29,745 - INFO -  Scoring full pool: 9878 candidates
2025-06-12 09:06:40,222 - INFO -  GP predict time: 10.477s
2025-06-12 09:06:40,222 - INFO -   EHVI: 9878 candidates with 1000 MC samples
2025-06-12 09:10:18,804 - INFO -  EHVI time: 218.581s
f1 shape: (1,)
f2 shape: (1,)
2025-06-12 09:10:18,805 - INFO -  Selected idx=4901 (O=C(CC=Cc1ccc(-c2ccccc2)cc1)OCC1CCCCO1) → [0.16153846 1.        ]
2025-06-12 09:10:18,907 - INFO -  Hypervolume: 0.2113
2025-06-12 09:10:18,907 - INFO - 
--- Iter 113 (train size (123, 2)) ---
2025-06-12 09:10:18,907 - INFO -  Inferred reference point at iter 113: [0.03823729389767125, -0.09999998324702228]
2025-06-12 09:10:18,912 - INFO -  Scoring full pool: 9877 candidates
2025-06-12 09:10:29,101 - INFO -  GP predict time: 10.190s
2025-06-12 09:10:29,101 - INFO -   EHVI: 9877 candidates with 1000 MC samples
2025-06-12 09:14:07,125 - INFO -  EHVI time: 218.023s
f1 shape: (1,)
f2 shape: (1,)
2025-06-12 09:14:07,126 - INFO -  Selected idx=6705 (COCC(NC(C)=O)C(=O)NCc1ccc(Oc2cccc(C)c2)cc1) → [0.20967742 0.13533528]
2025-06-12 09:14:07,235 - INFO -  Hypervolume: 0.2113
2025-06-12 09:14:07,235 - INFO - 
--- Iter 114 (train size (124, 2)) ---
2025-06-12 09:14:07,235 - INFO -  Inferred reference point at iter 114: [0.03823729389767125, -0.09999998324702228]
2025-06-12 09:14:07,240 - INFO -  Scoring full pool: 9876 candidates
2025-06-12 09:14:18,054 - INFO -  GP predict time: 10.814s
2025-06-12 09:14:18,054 - INFO -   EHVI: 9876 candidates with 1000 MC samples
2025-06-12 09:17:56,374 - INFO -  EHVI time: 218.320s
f1 shape: (1,)
f2 shape: (1,)
2025-06-12 09:17:56,376 - INFO -  Selected idx=6745 (CN1C(=CC(=O)c2cccs2)C(C)(C)c2ccccc21) → [0.17699115 1.        ]
2025-06-12 09:17:56,485 - INFO -  Hypervolume: 0.2113
2025-06-12 09:17:56,485 - INFO - 
--- Iter 115 (train size (125, 2)) ---
2025-06-12 09:17:56,485 - INFO -  Inferred reference point at iter 115: [0.03823729389767125, -0.09999998324702228]
2025-06-12 09:17:56,490 - INFO -  Scoring full pool: 9875 candidates
2025-06-12 09:18:06,955 - INFO -  GP predict time: 10.465s
2025-06-12 09:18:06,955 - INFO -   EHVI: 9875 candidates with 1000 MC samples
2025-06-12 09:21:45,343 - INFO -  EHVI time: 218.388s
f1 shape: (1,)
f2 shape: (1,)
2025-06-12 09:21:45,344 - INFO -  Selected idx=4531 (O=C(NCCCO)c1ccc(CSc2nc3ccccc3[nH]2)cc1) → [0.18548387 1.        ]
2025-06-12 09:21:45,452 - INFO -  Hypervolume: 0.2113
2025-06-12 09:21:45,452 - INFO - 
--- Iter 116 (train size (126, 2)) ---
2025-06-12 09:21:45,452 - INFO -  Inferred reference point at iter 116: [0.03823729389767125, -0.09999998324702228]
2025-06-12 09:21:45,457 - INFO -  Scoring full pool: 9874 candidates
2025-06-12 09:21:56,416 - INFO -  GP predict time: 10.959s
2025-06-12 09:21:56,416 - INFO -   EHVI: 9874 candidates with 1000 MC samples
2025-06-12 09:25:33,780 - INFO -  EHVI time: 217.363s
f1 shape: (1,)
f2 shape: (1,)
2025-06-12 09:25:33,781 - INFO -  Selected idx=2361 (CCOC(=O)C(Cc1ccccc1)Cc1nc2ccccc2s1) → [0.22033898 1.        ]
2025-06-12 09:25:33,895 - INFO -  Hypervolume: 0.2217
2025-06-12 09:25:33,895 - INFO - 
--- Iter 117 (train size (127, 2)) ---
2025-06-12 09:25:33,895 - INFO -  Inferred reference point at iter 117: [0.03823729389767125, -0.09999998324702228]
2025-06-12 09:25:33,900 - INFO -  Scoring full pool: 9873 candidates
2025-06-12 09:25:45,184 - INFO -  GP predict time: 11.283s
2025-06-12 09:25:45,184 - INFO -   EHVI: 9873 candidates with 1000 MC samples
2025-06-12 09:29:25,579 - INFO -  EHVI time: 220.395s
f1 shape: (1,)
f2 shape: (1,)
2025-06-12 09:29:25,580 - INFO -  Selected idx=1613 (O=C(Nc1ccccc1)c1ccc(C(F)(F)P(=O)(O)O)cc1) → [0.14166667 0.13533528]
2025-06-12 09:29:25,692 - INFO -  Hypervolume: 0.2217
2025-06-12 09:29:25,692 - INFO - 
--- Iter 118 (train size (128, 2)) ---
2025-06-12 09:29:25,692 - INFO -  Inferred reference point at iter 118: [0.03823729389767125, -0.09999998324702228]
2025-06-12 09:29:25,698 - INFO -  Scoring full pool: 9872 candidates
2025-06-12 09:29:36,694 - INFO -  GP predict time: 10.996s
2025-06-12 09:29:36,694 - INFO -   EHVI: 9872 candidates with 1000 MC samples
2025-06-12 09:33:14,088 - INFO -  EHVI time: 217.394s
f1 shape: (1,)
f2 shape: (1,)
2025-06-12 09:33:14,090 - INFO -  Selected idx=4734 (Cc1ccc(-c2cnc(NC(=O)c3ccccc3)s2)cc1) → [0.16949153 1.        ]
2025-06-12 09:33:14,208 - INFO -  Hypervolume: 0.2217
2025-06-12 09:33:14,208 - INFO - 
--- Iter 119 (train size (129, 2)) ---
2025-06-12 09:33:14,208 - INFO -  Inferred reference point at iter 119: [0.03823729389767125, -0.09999998324702228]
2025-06-12 09:33:14,214 - INFO -  Scoring full pool: 9871 candidates
2025-06-12 09:33:25,755 - INFO -  GP predict time: 11.541s
2025-06-12 09:33:25,755 - INFO -   EHVI: 9871 candidates with 1000 MC samples
2025-06-12 09:37:03,894 - INFO -  EHVI time: 218.139s
f1 shape: (1,)
f2 shape: (1,)
2025-06-12 09:37:03,895 - INFO -  Selected idx=1063 (Cc1cccn2cc(-c3cccc(NC(=O)c4cccs4)c3)nc12) → [0.1484375  0.13533528]
2025-06-12 09:37:04,009 - INFO -  Hypervolume: 0.2217
2025-06-12 09:37:04,009 - INFO - 
--- Iter 120 (train size (130, 2)) ---
2025-06-12 09:37:04,009 - INFO -  Inferred reference point at iter 120: [0.03823729389767125, -0.09999998324702228]
2025-06-12 09:37:04,015 - INFO -  Scoring full pool: 9870 candidates
2025-06-12 09:37:15,394 - INFO -  GP predict time: 11.380s
2025-06-12 09:37:15,394 - INFO -   EHVI: 9870 candidates with 1000 MC samples
2025-06-12 09:40:52,804 - INFO -  EHVI time: 217.410s
f1 shape: (1,)
f2 shape: (1,)
2025-06-12 09:40:52,806 - INFO -  Selected idx=8870 (COc1cc(N)c(Cl)cc1C(=O)NC1CCCN(Cc2ccccc2)C1) → [0.21774194 1.        ]
2025-06-12 09:40:52,924 - INFO -  Hypervolume: 0.2217
2025-06-12 09:40:52,924 - INFO - 
--- Iter 121 (train size (131, 2)) ---
2025-06-12 09:40:52,925 - INFO -  Inferred reference point at iter 121: [0.03823729389767125, -0.09999998324702228]
2025-06-12 09:40:52,930 - INFO -  Scoring full pool: 9869 candidates
2025-06-12 09:41:04,620 - INFO -  GP predict time: 11.690s
2025-06-12 09:41:04,620 - INFO -   EHVI: 9869 candidates with 1000 MC samples
2025-06-12 09:44:44,395 - INFO -  EHVI time: 219.774s
f1 shape: (1,)
f2 shape: (1,)
2025-06-12 09:44:44,397 - INFO -  Selected idx=7908 (O=C(C=Cc1ccc(O)c(O)c1)c1ccccc1) → [0.15315315 0.13533528]
2025-06-12 09:44:44,946 - INFO -  Hypervolume: 0.2217
2025-06-12 09:44:44,946 - INFO - 
--- Iter 122 (train size (132, 2)) ---
2025-06-12 09:44:44,946 - INFO -  Inferred reference point at iter 122: [0.03823729389767125, -0.09999998324702228]
2025-06-12 09:44:44,952 - INFO -  Scoring full pool: 9868 candidates
2025-06-12 09:44:56,141 - INFO -  GP predict time: 11.190s
2025-06-12 09:44:56,141 - INFO -   EHVI: 9868 candidates with 1000 MC samples
2025-06-12 09:48:34,949 - INFO -  EHVI time: 218.808s
f1 shape: (1,)
f2 shape: (1,)
2025-06-12 09:48:34,950 - INFO -  Selected idx=3216 (O=C(O)Cc1sc(NCCc2ccccc2)nc1-c1ccc(Cl)cc1) → [0.192 1.   ]
2025-06-12 09:48:35,069 - INFO -  Hypervolume: 0.2217
2025-06-12 09:48:35,069 - INFO - 
--- Iter 123 (train size (133, 2)) ---
2025-06-12 09:48:35,069 - INFO -  Inferred reference point at iter 123: [0.03823729389767125, -0.09999998324702228]
2025-06-12 09:48:35,075 - INFO -  Scoring full pool: 9867 candidates
2025-06-12 09:48:46,665 - INFO -  GP predict time: 11.590s
2025-06-12 09:48:46,665 - INFO -   EHVI: 9867 candidates with 1000 MC samples
2025-06-12 09:52:24,975 - INFO -  EHVI time: 218.309s
f1 shape: (1,)
f2 shape: (1,)
2025-06-12 09:52:24,976 - INFO -  Selected idx=9145 (COc1ccc(C(=O)NCCc2c[nH]c3ccccc23)cc1) → [0.20512821 1.        ]
2025-06-12 09:52:25,103 - INFO -  Hypervolume: 0.2217
2025-06-12 09:52:25,103 - INFO - 
--- Iter 124 (train size (134, 2)) ---
2025-06-12 09:52:25,103 - INFO -  Inferred reference point at iter 124: [0.03823729389767125, -0.09999998324702228]
2025-06-12 09:52:25,109 - INFO -  Scoring full pool: 9866 candidates
2025-06-12 09:52:36,929 - INFO -  GP predict time: 11.820s
2025-06-12 09:52:36,929 - INFO -   EHVI: 9866 candidates with 1000 MC samples
2025-06-12 09:56:14,502 - INFO -  EHVI time: 217.573s
f1 shape: (1,)
f2 shape: (1,)
2025-06-12 09:56:14,503 - INFO -  Selected idx=6488 (Cc1noc(C(C)C)c1C(=O)NCC1CCCN1Cc1ccccc1) → [0.19354839 1.        ]
2025-06-12 09:56:14,632 - INFO -  Hypervolume: 0.2217
2025-06-12 09:56:14,632 - INFO - 
--- Iter 125 (train size (135, 2)) ---
2025-06-12 09:56:14,632 - INFO -  Inferred reference point at iter 125: [0.03823729389767125, -0.09999998324702228]
2025-06-12 09:56:14,638 - INFO -  Scoring full pool: 9865 candidates
2025-06-12 09:56:26,447 - INFO -  GP predict time: 11.808s
2025-06-12 09:56:26,447 - INFO -   EHVI: 9865 candidates with 1000 MC samples
2025-06-12 10:00:04,584 - INFO -  EHVI time: 218.137s
f1 shape: (1,)
f2 shape: (1,)
2025-06-12 10:00:04,586 - INFO -  Selected idx=3014 (O=C(CC(Nc1ccc([N+](=O)[O-])cc1)c1cccc(F)c1)c1ccccc1) → [0.14925373 1.        ]
2025-06-12 10:00:04,713 - INFO -  Hypervolume: 0.2217
2025-06-12 10:00:04,713 - INFO - 
--- Iter 126 (train size (136, 2)) ---
2025-06-12 10:00:04,713 - INFO -  Inferred reference point at iter 126: [0.03823729389767125, -0.09999998324702228]
2025-06-12 10:00:04,720 - INFO -  Scoring full pool: 9864 candidates
2025-06-12 10:00:16,566 - INFO -  GP predict time: 11.846s
2025-06-12 10:00:16,566 - INFO -   EHVI: 9864 candidates with 1000 MC samples
2025-06-12 10:03:54,444 - INFO -  EHVI time: 217.878s
f1 shape: (1,)
f2 shape: (1,)
2025-06-12 10:03:54,446 - INFO -  Selected idx=8165 (CC(=O)C1=Cc2cc([N+](=O)[O-])ccc2N(Cc2ccccc2)C1) → [0.17355372 1.        ]
2025-06-12 10:03:54,578 - INFO -  Hypervolume: 0.2217
2025-06-12 10:03:54,578 - INFO - 
--- Iter 127 (train size (137, 2)) ---
2025-06-12 10:03:54,578 - INFO -  Inferred reference point at iter 127: [0.03823729389767125, -0.09999998324702228]
2025-06-12 10:03:54,584 - INFO -  Scoring full pool: 9863 candidates
2025-06-12 10:04:06,531 - INFO -  GP predict time: 11.946s
2025-06-12 10:04:06,531 - INFO -   EHVI: 9863 candidates with 1000 MC samples
2025-06-12 10:07:45,467 - INFO -  EHVI time: 218.936s
f1 shape: (1,)
f2 shape: (1,)
2025-06-12 10:07:45,469 - INFO -  Selected idx=6886 (CCOC(=O)c1ccc(-c2nn(CC)c3ccccc23)cc1) → [0.26126126 1.        ]
2025-06-12 10:07:45,605 - INFO -  Hypervolume: 0.2571
2025-06-12 10:07:45,605 - INFO - 
--- Iter 128 (train size (138, 2)) ---
2025-06-12 10:07:45,605 - INFO -  Inferred reference point at iter 128: [0.03823729389767125, -0.09999998324702228]
2025-06-12 10:07:45,612 - INFO -  Scoring full pool: 9862 candidates
2025-06-12 10:07:58,115 - INFO -  GP predict time: 12.503s
2025-06-12 10:07:58,115 - INFO -   EHVI: 9862 candidates with 1000 MC samples
2025-06-12 10:11:35,420 - INFO -  EHVI time: 217.305s
f1 shape: (1,)
f2 shape: (1,)
2025-06-12 10:11:35,422 - INFO -  Selected idx=3478 (CC(=O)NCCc1c(-c2ccccc2)nn2ccc3c(c12)CCO3) → [0.176      0.13533528]
2025-06-12 10:11:35,989 - INFO -  Hypervolume: 0.2571
2025-06-12 10:11:35,989 - INFO - 
--- Iter 129 (train size (139, 2)) ---
2025-06-12 10:11:35,990 - INFO -  Inferred reference point at iter 129: [0.03823729389767125, -0.09999998324702228]
2025-06-12 10:11:35,996 - INFO -  Scoring full pool: 9861 candidates
2025-06-12 10:11:47,842 - INFO -  GP predict time: 11.846s
2025-06-12 10:11:47,843 - INFO -   EHVI: 9861 candidates with 1000 MC samples
2025-06-12 10:15:26,541 - INFO -  EHVI time: 218.698s
f1 shape: (1,)
f2 shape: (1,)
2025-06-12 10:15:26,543 - INFO -  Selected idx=229 (O=C(C=Cc1ccc(C=NOCc2ccc([N+](=O)[O-])cc2)cc1)NO) → [0.12977099 0.13533528]
2025-06-12 10:15:26,677 - INFO -  Hypervolume: 0.2571
2025-06-12 10:15:26,677 - INFO - 
--- Iter 130 (train size (140, 2)) ---
2025-06-12 10:15:26,678 - INFO -  Inferred reference point at iter 130: [0.03823729389767125, -0.09999998324702228]
2025-06-12 10:15:26,684 - INFO -  Scoring full pool: 9860 candidates
2025-06-12 10:15:39,088 - INFO -  GP predict time: 12.403s
2025-06-12 10:15:39,088 - INFO -   EHVI: 9860 candidates with 1000 MC samples
2025-06-12 10:19:17,200 - INFO -  EHVI time: 218.112s
f1 shape: (1,)
f2 shape: (1,)
2025-06-12 10:19:17,202 - INFO -  Selected idx=1670 (COc1ccc(CCCC(=O)NC(C)c2ccccc2)cc1) → [0.1965812  0.13533528]
2025-06-12 10:19:17,342 - INFO -  Hypervolume: 0.2571
2025-06-12 10:19:17,343 - INFO - 
--- Iter 131 (train size (141, 2)) ---
2025-06-12 10:19:17,343 - INFO -  Inferred reference point at iter 131: [0.03823729389767125, -0.09999998324702228]
2025-06-12 10:19:17,350 - INFO -  Scoring full pool: 9859 candidates
2025-06-12 10:19:29,636 - INFO -  GP predict time: 12.286s
2025-06-12 10:19:29,636 - INFO -   EHVI: 9859 candidates with 1000 MC samples
2025-06-12 10:23:07,599 - INFO -  EHVI time: 217.963s
f1 shape: (1,)
f2 shape: (1,)
2025-06-12 10:23:07,601 - INFO -  Selected idx=9472 (Cc1ccc(S(=O)(=O)C(CNC(=O)c2ccccc2F)c2cccs2)cc1) → [0.16793893 1.        ]
2025-06-12 10:23:07,738 - INFO -  Hypervolume: 0.2571
2025-06-12 10:23:07,738 - INFO - 
--- Iter 132 (train size (142, 2)) ---
2025-06-12 10:23:07,739 - INFO -  Inferred reference point at iter 132: [0.03823729389767125, -0.09999998324702228]
2025-06-12 10:23:07,745 - INFO -  Scoring full pool: 9858 candidates
2025-06-12 10:23:20,286 - INFO -  GP predict time: 12.540s
2025-06-12 10:23:20,286 - INFO -   EHVI: 9858 candidates with 1000 MC samples
2025-06-12 10:26:58,581 - INFO -  EHVI time: 218.295s
f1 shape: (1,)
f2 shape: (1,)
2025-06-12 10:26:58,582 - INFO -  Selected idx=9424 (COc1cccc(OC)c1-c1ccc(CC(NC(=O)C2(S(=O)(=O)c3ccccc3)CCCNC2)C(=O)O)cc1) → [0.1835443  0.13533528]
2025-06-12 10:26:58,723 - INFO -  Hypervolume: 0.2571
2025-06-12 10:26:58,723 - INFO - 
--- Iter 133 (train size (143, 2)) ---
2025-06-12 10:26:58,723 - INFO -  Inferred reference point at iter 133: [0.03823729389767125, -0.09999998324702228]
2025-06-12 10:26:58,730 - INFO -  Scoring full pool: 9857 candidates
2025-06-12 10:27:11,729 - INFO -  GP predict time: 12.999s
2025-06-12 10:27:11,729 - INFO -   EHVI: 9857 candidates with 1000 MC samples
2025-06-12 10:30:49,466 - INFO -  EHVI time: 217.737s
f1 shape: (1,)
f2 shape: (1,)
2025-06-12 10:30:49,467 - INFO -  Selected idx=5602 (COc1ccc(C(=O)Sc2ccc3c(c2)C2(C)CCN(C)C(C3)C2C)cc1) → [0.15037594 0.13533528]
2025-06-12 10:30:49,610 - INFO -  Hypervolume: 0.2571
2025-06-12 10:30:49,610 - INFO - 
--- Iter 134 (train size (144, 2)) ---
2025-06-12 10:30:49,610 - INFO -  Inferred reference point at iter 134: [0.03823729389767125, -0.09999998324702228]
2025-06-12 10:30:49,617 - INFO -  Scoring full pool: 9856 candidates
2025-06-12 10:31:02,772 - INFO -  GP predict time: 13.155s
2025-06-12 10:31:02,772 - INFO -   EHVI: 9856 candidates with 1000 MC samples
2025-06-12 10:34:40,623 - INFO -  EHVI time: 217.851s
f1 shape: (1,)
f2 shape: (1,)
2025-06-12 10:34:40,624 - INFO -  Selected idx=2303 (Cc1ccccc1OCC(=O)Nc1ccc(-c2nc3cccc(F)c3o2)cc1) → [0.17037037 0.13533528]
2025-06-12 10:34:40,768 - INFO -  Hypervolume: 0.2571
2025-06-12 10:34:40,768 - INFO - 
--- Iter 135 (train size (145, 2)) ---
2025-06-12 10:34:40,768 - INFO -  Inferred reference point at iter 135: [0.03823729389767125, -0.09999998324702228]
2025-06-12 10:34:40,775 - INFO -  Scoring full pool: 9855 candidates
2025-06-12 10:34:53,451 - INFO -  GP predict time: 12.676s
2025-06-12 10:34:53,451 - INFO -   EHVI: 9855 candidates with 1000 MC samples
2025-06-12 10:38:30,909 - INFO -  EHVI time: 217.457s
f1 shape: (1,)
f2 shape: (1,)
2025-06-12 10:38:30,911 - INFO -  Selected idx=4697 (COc1cc(CN2CCCC(C(=O)c3ccccc3SC)C2)cc(OC)c1) → [0.203125 1.      ]
2025-06-12 10:38:31,056 - INFO -  Hypervolume: 0.2571
2025-06-12 10:38:31,056 - INFO - 
--- Iter 136 (train size (146, 2)) ---
2025-06-12 10:38:31,056 - INFO -  Inferred reference point at iter 136: [0.03823729389767125, -0.09999998324702228]
2025-06-12 10:38:31,063 - INFO -  Scoring full pool: 9854 candidates
2025-06-12 10:38:43,718 - INFO -  GP predict time: 12.655s
2025-06-12 10:38:43,718 - INFO -   EHVI: 9854 candidates with 1000 MC samples
2025-06-12 10:42:21,300 - INFO -  EHVI time: 217.582s
f1 shape: (1,)
f2 shape: (1,)
2025-06-12 10:42:21,302 - INFO -  Selected idx=5807 (O=C(NCc1ccco1)Nc1nc2ccccc2s1) → [0.15652174 1.        ]
2025-06-12 10:42:21,447 - INFO -  Hypervolume: 0.2571
2025-06-12 10:42:21,447 - INFO - 
--- Iter 137 (train size (147, 2)) ---
2025-06-12 10:42:21,447 - INFO -  Inferred reference point at iter 137: [0.03823729389767125, -0.09999998324702228]
2025-06-12 10:42:21,454 - INFO -  Scoring full pool: 9853 candidates
2025-06-12 10:42:34,272 - INFO -  GP predict time: 12.817s
2025-06-12 10:42:34,272 - INFO -   EHVI: 9853 candidates with 1000 MC samples
2025-06-12 10:46:13,215 - INFO -  EHVI time: 218.944s
f1 shape: (1,)
f2 shape: (1,)
2025-06-12 10:46:13,217 - INFO -  Selected idx=9600 (CC(=O)N1CCc2ccc(N(C(=O)C=Cc3ccsc3)C3CCN(Cc4ccccc4)CC3)cc21) → [0.15483871 0.00033546]
2025-06-12 10:46:13,828 - INFO -  Hypervolume: 0.2571
2025-06-12 10:46:13,828 - INFO - 
--- Iter 138 (train size (148, 2)) ---
2025-06-12 10:46:13,828 - INFO -  Inferred reference point at iter 138: [0.03823729389767125, -0.09999998324702228]
2025-06-12 10:46:13,835 - INFO -  Scoring full pool: 9852 candidates
2025-06-12 10:46:26,115 - INFO -  GP predict time: 12.280s
2025-06-12 10:46:26,115 - INFO -   EHVI: 9852 candidates with 1000 MC samples
2025-06-12 10:50:03,077 - INFO -  EHVI time: 216.962s
f1 shape: (1,)
f2 shape: (1,)
2025-06-12 10:50:03,079 - INFO -  Selected idx=5307 (O=C(NCCCO)c1cc(-c2ccco2)nc2ccccc12) → [0.175 1.   ]
2025-06-12 10:50:03,697 - INFO -  Hypervolume: 0.2571
2025-06-12 10:50:03,698 - INFO - 
--- Iter 139 (train size (149, 2)) ---
2025-06-12 10:50:03,698 - INFO -  Inferred reference point at iter 139: [0.03823729389767125, -0.09999998324702228]
2025-06-12 10:50:03,705 - INFO -  Scoring full pool: 9851 candidates
2025-06-12 10:50:16,664 - INFO -  GP predict time: 12.959s
2025-06-12 10:50:16,664 - INFO -   EHVI: 9851 candidates with 1000 MC samples
2025-06-12 10:53:54,699 - INFO -  EHVI time: 218.035s
f1 shape: (1,)
f2 shape: (1,)
2025-06-12 10:53:54,701 - INFO -  Selected idx=4717 (O=C(NCCCc1ccccc1)c1cc(-c2ccc(C(F)(F)F)cc2)on1) → [0.15789474 1.        ]
2025-06-12 10:53:54,852 - INFO -  Hypervolume: 0.2571
2025-06-12 10:53:54,852 - INFO - 
--- Iter 140 (train size (150, 2)) ---
2025-06-12 10:53:54,852 - INFO -  Inferred reference point at iter 140: [0.03823729389767125, -0.09999998324702228]
2025-06-12 10:53:54,859 - INFO -  Scoring full pool: 9850 candidates
2025-06-12 10:54:08,291 - INFO -  GP predict time: 13.431s
2025-06-12 10:54:08,291 - INFO -   EHVI: 9850 candidates with 1000 MC samples
2025-06-12 10:57:46,280 - INFO -  EHVI time: 217.989s
f1 shape: (1,)
f2 shape: (1,)
2025-06-12 10:57:46,282 - INFO -  Selected idx=4110 (Cc1cc(COc2ccc(NC(=O)C3CN(C)CCC3C(=O)NO)cc2)c2ccccc2n1) → [0.20422535 0.13533528]
2025-06-12 10:57:46,437 - INFO -  Hypervolume: 0.2571
2025-06-12 10:57:46,437 - INFO - 
--- Iter 141 (train size (151, 2)) ---
2025-06-12 10:57:46,437 - INFO -  Inferred reference point at iter 141: [0.03823729389767125, -0.09999998324702228]
2025-06-12 10:57:46,444 - INFO -  Scoring full pool: 9849 candidates
2025-06-12 10:58:00,119 - INFO -  GP predict time: 13.675s
2025-06-12 10:58:00,119 - INFO -   EHVI: 9849 candidates with 1000 MC samples
2025-06-12 11:01:37,391 - INFO -  EHVI time: 217.272s
f1 shape: (1,)
f2 shape: (1,)
2025-06-12 11:01:37,392 - INFO -  Selected idx=4210 (Cc1ccc2[nH]c(CNC(=O)c3ccccc3F)cc2c1) → [0.20175439 1.        ]
2025-06-12 11:01:37,548 - INFO -  Hypervolume: 0.2571
2025-06-12 11:01:37,549 - INFO - 
--- Iter 142 (train size (152, 2)) ---
2025-06-12 11:01:37,549 - INFO -  Inferred reference point at iter 142: [0.03823729389767125, -0.09999998324702228]
2025-06-12 11:01:37,556 - INFO -  Scoring full pool: 9848 candidates
2025-06-12 11:01:50,804 - INFO -  GP predict time: 13.248s
2025-06-12 11:01:50,804 - INFO -   EHVI: 9848 candidates with 1000 MC samples
2025-06-12 11:05:27,378 - INFO -  EHVI time: 216.573s
f1 shape: (1,)
f2 shape: (1,)
2025-06-12 11:05:27,379 - INFO -  Selected idx=2180 (O=C(c1ccccc1)c1ccn(-c2ccc(O)c(F)c2)c1) → [0.1512605 1.       ]
2025-06-12 11:05:27,532 - INFO -  Hypervolume: 0.2571
2025-06-12 11:05:27,532 - INFO - 
--- Iter 143 (train size (153, 2)) ---
2025-06-12 11:05:27,532 - INFO -  Inferred reference point at iter 143: [0.03823729389767125, -0.09999998324702228]
2025-06-12 11:05:27,540 - INFO -  Scoring full pool: 9847 candidates
2025-06-12 11:05:40,853 - INFO -  GP predict time: 13.314s
2025-06-12 11:05:40,854 - INFO -   EHVI: 9847 candidates with 1000 MC samples
2025-06-12 11:09:17,982 - INFO -  EHVI time: 217.128s
f1 shape: (1,)
f2 shape: (1,)
2025-06-12 11:09:17,984 - INFO -  Selected idx=822 (O=C(O)c1ccc(-c2ccc(C=NNc3nc4ccccc4s3)o2)cc1) → [0.14179104 0.13533528]
2025-06-12 11:09:18,143 - INFO -  Hypervolume: 0.2571
2025-06-12 11:09:18,143 - INFO - 
--- Iter 144 (train size (154, 2)) ---
2025-06-12 11:09:18,143 - INFO -  Inferred reference point at iter 144: [0.03823729389767125, -0.09999998324702228]
2025-06-12 11:09:18,151 - INFO -  Scoring full pool: 9846 candidates
2025-06-12 11:09:31,523 - INFO -  GP predict time: 13.373s
2025-06-12 11:09:31,524 - INFO -   EHVI: 9846 candidates with 1000 MC samples
2025-06-12 11:13:08,734 - INFO -  EHVI time: 217.210s
f1 shape: (1,)
f2 shape: (1,)
2025-06-12 11:13:08,735 - INFO -  Selected idx=718 (Cc1cc(C(=O)NCCC(C)C)c2ccccc2n1) → [0.21495327 0.13533528]
2025-06-12 11:13:08,898 - INFO -  Hypervolume: 0.2571
2025-06-12 11:13:08,898 - INFO - 
--- Iter 145 (train size (155, 2)) ---
2025-06-12 11:13:08,898 - INFO -  Inferred reference point at iter 145: [0.03823729389767125, -0.09999998324702228]
2025-06-12 11:13:08,905 - INFO -  Scoring full pool: 9845 candidates
2025-06-12 11:13:22,765 - INFO -  GP predict time: 13.860s
2025-06-12 11:13:22,765 - INFO -   EHVI: 9845 candidates with 1000 MC samples
2025-06-12 11:17:00,838 - INFO -  EHVI time: 218.073s
f1 shape: (1,)
f2 shape: (1,)
2025-06-12 11:17:00,839 - INFO -  Selected idx=1327 (O=C(NCc1cccc(OCCc2ccccc2)c1)c1ccc(O)cc1) → [0.17692308 1.        ]
2025-06-12 11:17:00,997 - INFO -  Hypervolume: 0.2571
2025-06-12 11:17:00,997 - INFO - 
--- Iter 146 (train size (156, 2)) ---
2025-06-12 11:17:00,998 - INFO -  Inferred reference point at iter 146: [0.03823729389767125, -0.09999998324702228]
2025-06-12 11:17:01,005 - INFO -  Scoring full pool: 9844 candidates
2025-06-12 11:17:14,430 - INFO -  GP predict time: 13.425s
2025-06-12 11:17:14,430 - INFO -   EHVI: 9844 candidates with 1000 MC samples
2025-06-12 11:20:51,346 - INFO -  EHVI time: 216.916s
f1 shape: (1,)
f2 shape: (1,)
2025-06-12 11:20:51,348 - INFO -  Selected idx=4981 (c1ccc2[nH]c(-c3ccc(C4CNCCO4)cc3)nc2c1) → [0.13821138 0.13533528]
2025-06-12 11:20:51,515 - INFO -  Hypervolume: 0.2571
2025-06-12 11:20:51,515 - INFO - 
--- Iter 147 (train size (157, 2)) ---
2025-06-12 11:20:51,516 - INFO -  Inferred reference point at iter 147: [0.03823729389767125, -0.09999998324702228]
2025-06-12 11:20:51,523 - INFO -  Scoring full pool: 9843 candidates
2025-06-12 11:21:05,198 - INFO -  GP predict time: 13.675s
2025-06-12 11:21:05,198 - INFO -   EHVI: 9843 candidates with 1000 MC samples
2025-06-12 11:24:42,356 - INFO -  EHVI time: 217.158s
f1 shape: (1,)
f2 shape: (1,)
2025-06-12 11:24:42,358 - INFO -  Selected idx=6385 (CCN(CC)CCNC=C1C(=O)NC(=O)N(CCc2ccccc2)C1=O) → [0.20967742 0.13533528]
2025-06-12 11:24:42,524 - INFO -  Hypervolume: 0.2571
2025-06-12 11:24:42,524 - INFO - 
--- Iter 148 (train size (158, 2)) ---
2025-06-12 11:24:42,524 - INFO -  Inferred reference point at iter 148: [0.03823729389767125, -0.09999998324702228]
2025-06-12 11:24:42,532 - INFO -  Scoring full pool: 9842 candidates
2025-06-12 11:24:56,332 - INFO -  GP predict time: 13.800s
2025-06-12 11:24:56,332 - INFO -   EHVI: 9842 candidates with 1000 MC samples
2025-06-12 11:28:32,862 - INFO -  EHVI time: 216.530s
f1 shape: (1,)
f2 shape: (1,)
2025-06-12 11:28:32,863 - INFO -  Selected idx=5336 (CCOC(=O)Cc1nc(-c2cccc(Cl)c2)oc1-c1ccsc1) → [0.22222222 1.        ]
2025-06-12 11:28:33,034 - INFO -  Hypervolume: 0.2571
2025-06-12 11:28:33,034 - INFO - 
--- Iter 149 (train size (159, 2)) ---
2025-06-12 11:28:33,034 - INFO -  Inferred reference point at iter 149: [0.03823729389767125, -0.09999998324702228]
2025-06-12 11:28:33,042 - INFO -  Scoring full pool: 9841 candidates
2025-06-12 11:28:46,850 - INFO -  GP predict time: 13.808s
2025-06-12 11:28:46,850 - INFO -   EHVI: 9841 candidates with 1000 MC samples
2025-06-12 11:32:23,442 - INFO -  EHVI time: 216.592s
f1 shape: (1,)
f2 shape: (1,)
2025-06-12 11:32:23,443 - INFO -  Selected idx=4633 (O=C(CCCCc1ccccc1)c1ccc(O)c(O)c1[N+](=O)[O-]) → [0.19491525 0.13533528]
2025-06-12 11:32:23,616 - INFO -  Hypervolume: 0.2571
2025-06-12 11:32:23,616 - INFO - 
--- Iter 150 (train size (160, 2)) ---
2025-06-12 11:32:23,616 - INFO -  Inferred reference point at iter 150: [0.03823729389767125, -0.09999998324702228]
2025-06-12 11:32:23,624 - INFO -  Scoring full pool: 9840 candidates
2025-06-12 11:32:37,389 - INFO -  GP predict time: 13.765s
2025-06-12 11:32:37,390 - INFO -   EHVI: 9840 candidates with 1000 MC samples
2025-06-12 11:36:14,015 - INFO -  EHVI time: 216.625s
f1 shape: (1,)
f2 shape: (1,)
2025-06-12 11:36:14,016 - INFO -  Selected idx=1149 (CCC(C)C(N)c1nc2ccccc2n1Cc1cccc(F)c1) → [0.17355372 1.        ]
2025-06-12 11:36:14,191 - INFO -  Hypervolume: 0.2571
2025-06-12 11:36:14,191 - INFO - 
--- Iter 151 (train size (161, 2)) ---
2025-06-12 11:36:14,191 - INFO -  Inferred reference point at iter 151: [0.03823729389767125, -0.09999998324702228]
2025-06-12 11:36:14,199 - INFO -  Scoring full pool: 9839 candidates
2025-06-12 11:36:28,523 - INFO -  GP predict time: 14.324s
2025-06-12 11:36:28,524 - INFO -   EHVI: 9839 candidates with 1000 MC samples
2025-06-12 11:40:04,538 - INFO -  EHVI time: 216.014s
f1 shape: (1,)
f2 shape: (1,)
2025-06-12 11:40:04,539 - INFO -  Selected idx=764 (Cc1ccc(CONC(=O)c2ccc(OC(F)F)cc2)cc1) → [0.15833333 0.13533528]
2025-06-12 11:40:04,713 - INFO -  Hypervolume: 0.2571
2025-06-12 11:40:04,713 - INFO - 
--- Iter 152 (train size (162, 2)) ---
2025-06-12 11:40:04,714 - INFO -  Inferred reference point at iter 152: [0.03823729389767125, -0.09999998324702228]
2025-06-12 11:40:04,722 - INFO -  Scoring full pool: 9838 candidates
2025-06-12 11:40:19,364 - INFO -  GP predict time: 14.643s
2025-06-12 11:40:19,364 - INFO -   EHVI: 9838 candidates with 1000 MC samples
2025-06-12 11:43:56,054 - INFO -  EHVI time: 216.690s
f1 shape: (1,)
f2 shape: (1,)
2025-06-12 11:43:56,056 - INFO -  Selected idx=3840 (Cn1c(NCc2ccco2)nc2ccccc21) → [0.14414414 1.        ]
2025-06-12 11:43:56,234 - INFO -  Hypervolume: 0.2571
2025-06-12 11:43:56,234 - INFO - 
--- Iter 153 (train size (163, 2)) ---
2025-06-12 11:43:56,234 - INFO -  Inferred reference point at iter 153: [0.03823729389767125, -0.09999998324702228]
2025-06-12 11:43:56,242 - INFO -  Scoring full pool: 9837 candidates
2025-06-12 11:44:10,969 - INFO -  GP predict time: 14.727s
2025-06-12 11:44:10,969 - INFO -   EHVI: 9837 candidates with 1000 MC samples
2025-06-12 11:47:47,425 - INFO -  EHVI time: 216.456s
f1 shape: (1,)
f2 shape: (1,)
2025-06-12 11:47:47,427 - INFO -  Selected idx=9134 (CCOc1ccccc1NC(=O)C1CCCCN1S(=O)(=O)c1ccccc1) → [0.17557252 1.        ]
2025-06-12 11:47:47,613 - INFO -  Hypervolume: 0.2571
2025-06-12 11:47:47,613 - INFO - 
--- Iter 154 (train size (164, 2)) ---
2025-06-12 11:47:47,613 - INFO -  Inferred reference point at iter 154: [0.03823729389767125, -0.09999998324702228]
2025-06-12 11:47:47,621 - INFO -  Scoring full pool: 9836 candidates
2025-06-12 11:48:02,530 - INFO -  GP predict time: 14.909s
2025-06-12 11:48:02,530 - INFO -   EHVI: 9836 candidates with 1000 MC samples
2025-06-12 11:51:41,040 - INFO -  EHVI time: 218.510s
f1 shape: (1,)
f2 shape: (1,)
2025-06-12 11:51:41,042 - INFO -  Selected idx=5113 (CCOC(=O)c1ccc(OCc2nc3ccccc3n(C)c2=O)cc1) → [0.28695652 1.        ]
2025-06-12 11:51:41,230 - INFO -  Hypervolume: 0.2793
2025-06-12 11:51:41,230 - INFO - 
--- Iter 155 (train size (165, 2)) ---
2025-06-12 11:51:41,230 - INFO -  Inferred reference point at iter 155: [0.03823729389767125, -0.09999998324702228]
2025-06-12 11:51:41,238 - INFO -  Scoring full pool: 9835 candidates
2025-06-12 11:51:56,057 - INFO -  GP predict time: 14.819s
2025-06-12 11:51:56,057 - INFO -   EHVI: 9835 candidates with 1000 MC samples
2025-06-12 11:55:32,271 - INFO -  EHVI time: 216.214s
f1 shape: (1,)
f2 shape: (1,)
2025-06-12 11:55:32,273 - INFO -  Selected idx=8459 (Cc1ccccc1-c1nc(CN2CCCC(C(=O)NCc3cccnc3)C2)c(C)o1) → [0.17985612 0.13533528]
2025-06-12 11:55:32,458 - INFO -  Hypervolume: 0.2793
2025-06-12 11:55:32,458 - INFO - 
--- Iter 156 (train size (166, 2)) ---
2025-06-12 11:55:32,458 - INFO -  Inferred reference point at iter 156: [0.03823729389767125, -0.09999998324702228]
2025-06-12 11:55:32,467 - INFO -  Scoring full pool: 9834 candidates
2025-06-12 11:55:47,368 - INFO -  GP predict time: 14.901s
2025-06-12 11:55:47,368 - INFO -   EHVI: 9834 candidates with 1000 MC samples
2025-06-12 11:59:24,262 - INFO -  EHVI time: 216.894s
f1 shape: (1,)
f2 shape: (1,)
2025-06-12 11:59:24,263 - INFO -  Selected idx=3758 (CCOC(=O)c1c(N)sc2c1CCN(Cc1ccccc1)C2) → [0.26126126 1.        ]
2025-06-12 11:59:24,448 - INFO -  Hypervolume: 0.2793
2025-06-12 11:59:24,448 - INFO - 
--- Iter 157 (train size (167, 2)) ---
2025-06-12 11:59:24,448 - INFO -  Inferred reference point at iter 157: [0.03823729389767125, -0.09999998324702228]
2025-06-12 11:59:24,457 - INFO -  Scoring full pool: 9833 candidates
2025-06-12 11:59:39,144 - INFO -  GP predict time: 14.687s
2025-06-12 11:59:39,144 - INFO -   EHVI: 9833 candidates with 1000 MC samples
2025-06-12 12:03:14,899 - INFO -  EHVI time: 215.755s
f1 shape: (1,)
f2 shape: (1,)
2025-06-12 12:03:14,900 - INFO -  Selected idx=9557 (CCOC(=O)c1cc2ccccc2n1Cc1cccc(C(=N)N)c1) → [0.26086957 1.        ]
2025-06-12 12:03:15,089 - INFO -  Hypervolume: 0.2793
2025-06-12 12:03:15,089 - INFO - 
--- Iter 158 (train size (168, 2)) ---
2025-06-12 12:03:15,089 - INFO -  Inferred reference point at iter 158: [0.03823729389767125, -0.09999998324702228]
2025-06-12 12:03:15,098 - INFO -  Scoring full pool: 9832 candidates
2025-06-12 12:03:29,676 - INFO -  GP predict time: 14.578s
2025-06-12 12:03:29,676 - INFO -   EHVI: 9832 candidates with 1000 MC samples
2025-06-12 12:07:06,235 - INFO -  EHVI time: 216.559s
f1 shape: (1,)
f2 shape: (1,)
2025-06-12 12:07:06,237 - INFO -  Selected idx=3834 (C=C1CCN(c2ccc(C(=O)NCc3ccccc3)cc2[N+](=O)[O-])CC1) → [0.15267176 1.        ]
2025-06-12 12:07:06,426 - INFO -  Hypervolume: 0.2793
2025-06-12 12:07:06,426 - INFO - 
--- Iter 159 (train size (169, 2)) ---
2025-06-12 12:07:06,426 - INFO -  Inferred reference point at iter 159: [0.03823729389767125, -0.09999998324702228]
2025-06-12 12:07:06,435 - INFO -  Scoring full pool: 9831 candidates
2025-06-12 12:07:21,598 - INFO -  GP predict time: 15.162s
2025-06-12 12:07:21,598 - INFO -   EHVI: 9831 candidates with 1000 MC samples
2025-06-12 12:10:59,381 - INFO -  EHVI time: 217.784s
f1 shape: (1,)
f2 shape: (1,)
2025-06-12 12:10:59,383 - INFO -  Selected idx=743 (O=C(NCc1cccs1)C1CCCN1S(=O)(=O)c1ccccc1F) → [0.15079365 1.        ]
2025-06-12 12:10:59,575 - INFO -  Hypervolume: 0.2793
2025-06-12 12:10:59,575 - INFO - 
--- Iter 160 (train size (170, 2)) ---
2025-06-12 12:10:59,575 - INFO -  Inferred reference point at iter 160: [0.03823729389767125, -0.09999998324702228]
2025-06-12 12:10:59,585 - INFO -  Scoring full pool: 9830 candidates
2025-06-12 12:11:14,949 - INFO -  GP predict time: 15.365s
2025-06-12 12:11:14,950 - INFO -   EHVI: 9830 candidates with 1000 MC samples
2025-06-12 12:14:51,804 - INFO -  EHVI time: 216.854s
f1 shape: (1,)
f2 shape: (1,)
2025-06-12 12:14:51,806 - INFO -  Selected idx=2178 (NNC(=O)c1cc2cc(Oc3ccccc3)ccc2[nH]1) → [0.18421053 1.        ]
2025-06-12 12:14:51,999 - INFO -  Hypervolume: 0.2793
2025-06-12 12:14:51,999 - INFO - 
--- Iter 161 (train size (171, 2)) ---
2025-06-12 12:14:51,999 - INFO -  Inferred reference point at iter 161: [0.03823729389767125, -0.09999998324702228]
2025-06-12 12:14:52,009 - INFO -  Scoring full pool: 9829 candidates
2025-06-12 12:15:06,913 - INFO -  GP predict time: 14.904s
2025-06-12 12:15:06,913 - INFO -   EHVI: 9829 candidates with 1000 MC samples
2025-06-12 12:18:44,299 - INFO -  EHVI time: 217.386s
f1 shape: (1,)
f2 shape: (1,)
2025-06-12 12:18:44,301 - INFO -  Selected idx=8226 (O=C(NCCN1C(=O)SC(=Cc2cccs2)C1=O)c1ccco1) → [0.15322581 1.        ]
2025-06-12 12:18:44,493 - INFO -  Hypervolume: 0.2793
2025-06-12 12:18:44,493 - INFO - 
--- Iter 162 (train size (172, 2)) ---
2025-06-12 12:18:44,493 - INFO -  Inferred reference point at iter 162: [0.03823729389767125, -0.09999998324702228]
2025-06-12 12:18:44,502 - INFO -  Scoring full pool: 9828 candidates
2025-06-12 12:18:59,791 - INFO -  GP predict time: 15.289s
2025-06-12 12:18:59,791 - INFO -   EHVI: 9828 candidates with 1000 MC samples
2025-06-12 12:22:35,370 - INFO -  EHVI time: 215.578s
f1 shape: (1,)
f2 shape: (1,)
2025-06-12 12:22:35,371 - INFO -  Selected idx=3058 (CCOC(=O)CNc1nc(-c2ccncc2)nc2ccccc12) → [0.22033898 1.        ]
2025-06-12 12:22:35,572 - INFO -  Hypervolume: 0.2793
2025-06-12 12:22:35,572 - INFO - 
--- Iter 163 (train size (173, 2)) ---
2025-06-12 12:22:35,572 - INFO -  Inferred reference point at iter 163: [0.03823729389767125, -0.09999998324702228]
2025-06-12 12:22:35,581 - INFO -  Scoring full pool: 9827 candidates
2025-06-12 12:22:51,212 - INFO -  GP predict time: 15.630s
2025-06-12 12:22:51,212 - INFO -   EHVI: 9827 candidates with 1000 MC samples
2025-06-12 12:26:27,250 - INFO -  EHVI time: 216.038s
f1 shape: (1,)
f2 shape: (1,)
2025-06-12 12:26:27,251 - INFO -  Selected idx=3104 (Cc1ccc2oc(=O)n(CCOc3ccccc3)c2c1) → [0.19469027 1.        ]
2025-06-12 12:26:27,459 - INFO -  Hypervolume: 0.2793
2025-06-12 12:26:27,459 - INFO - 
--- Iter 164 (train size (174, 2)) ---
2025-06-12 12:26:27,459 - INFO -  Inferred reference point at iter 164: [0.03823729389767125, -0.09999998324702228]
2025-06-12 12:26:27,469 - INFO -  Scoring full pool: 9826 candidates
2025-06-12 12:26:43,341 - INFO -  GP predict time: 15.872s
2025-06-12 12:26:43,341 - INFO -   EHVI: 9826 candidates with 1000 MC samples
2025-06-12 12:30:19,749 - INFO -  EHVI time: 216.408s
f1 shape: (1,)
f2 shape: (1,)
2025-06-12 12:30:19,750 - INFO -  Selected idx=3685 (CCC(COc1cc(Cl)ccc1Cl)OC(=O)NCc1ccccc1) → [0.22881356 0.13533528]
2025-06-12 12:30:19,955 - INFO -  Hypervolume: 0.2793
2025-06-12 12:30:19,955 - INFO - 
--- Iter 165 (train size (175, 2)) ---
2025-06-12 12:30:19,955 - INFO -  Inferred reference point at iter 165: [0.03823729389767125, -0.09999998324702228]
2025-06-12 12:30:19,965 - INFO -  Scoring full pool: 9825 candidates
2025-06-12 12:30:35,524 - INFO -  GP predict time: 15.559s
2025-06-12 12:30:35,524 - INFO -   EHVI: 9825 candidates with 1000 MC samples
2025-06-12 12:34:12,087 - INFO -  EHVI time: 216.563s
f1 shape: (1,)
f2 shape: (1,)
2025-06-12 12:34:12,089 - INFO -  Selected idx=4211 (N=C(N)Cc1cccc(-c2nc3ccccc3[nH]2)c1) → [0.16814159 1.        ]
2025-06-12 12:34:12,297 - INFO -  Hypervolume: 0.2793
2025-06-12 12:34:12,297 - INFO - 
--- Iter 166 (train size (176, 2)) ---
2025-06-12 12:34:12,297 - INFO -  Inferred reference point at iter 166: [0.03823729389767125, -0.09999998324702228]
2025-06-12 12:34:12,307 - INFO -  Scoring full pool: 9824 candidates
2025-06-12 12:34:27,692 - INFO -  GP predict time: 15.385s
2025-06-12 12:34:27,692 - INFO -   EHVI: 9824 candidates with 1000 MC samples
2025-06-12 12:38:04,708 - INFO -  EHVI time: 217.016s
f1 shape: (1,)
f2 shape: (1,)
2025-06-12 12:38:04,710 - INFO -  Selected idx=5054 (COc1cccc(CNC(=O)CCSCc2ccccc2F)c1) → [0.20168067 0.13533528]
2025-06-12 12:38:05,441 - INFO -  Hypervolume: 0.2793
2025-06-12 12:38:05,441 - INFO - 
--- Iter 167 (train size (177, 2)) ---
2025-06-12 12:38:05,441 - INFO -  Inferred reference point at iter 167: [0.03823729389767125, -0.09999998324702228]
2025-06-12 12:38:05,451 - INFO -  Scoring full pool: 9823 candidates
2025-06-12 12:38:20,758 - INFO -  GP predict time: 15.307s
2025-06-12 12:38:20,758 - INFO -   EHVI: 9823 candidates with 1000 MC samples
2025-06-12 12:41:56,729 - INFO -  EHVI time: 215.970s
f1 shape: (1,)
f2 shape: (1,)
2025-06-12 12:41:56,730 - INFO -  Selected idx=8765 (O=C(NCCc1ccccc1)c1ccncc1) → [0.15454545 0.13533528]
2025-06-12 12:41:56,938 - INFO -  Hypervolume: 0.2793
2025-06-12 12:41:56,938 - INFO - 
--- Iter 168 (train size (178, 2)) ---
2025-06-12 12:41:56,938 - INFO -  Inferred reference point at iter 168: [0.03823729389767125, -0.09999998324702228]
2025-06-12 12:41:56,948 - INFO -  Scoring full pool: 9822 candidates
2025-06-12 12:42:13,071 - INFO -  GP predict time: 16.123s
2025-06-12 12:42:13,071 - INFO -   EHVI: 9822 candidates with 1000 MC samples
2025-06-12 12:45:50,192 - INFO -  EHVI time: 217.121s
f1 shape: (1,)
f2 shape: (1,)
2025-06-12 12:45:50,193 - INFO -  Selected idx=6465 (Clc1cccc(-c2csc3nc(-c4ccccc4)cn23)c1) → [0.14876033 0.13533528]
2025-06-12 12:45:50,408 - INFO -  Hypervolume: 0.2793
2025-06-12 12:45:50,408 - INFO - 
--- Iter 169 (train size (179, 2)) ---
2025-06-12 12:45:50,408 - INFO -  Inferred reference point at iter 169: [0.03823729389767125, -0.09999998324702228]
2025-06-12 12:45:50,418 - INFO -  Scoring full pool: 9821 candidates
2025-06-12 12:46:05,962 - INFO -  GP predict time: 15.544s
2025-06-12 12:46:05,962 - INFO -   EHVI: 9821 candidates with 1000 MC samples
2025-06-12 12:49:41,858 - INFO -  EHVI time: 215.896s
f1 shape: (1,)
f2 shape: (1,)
2025-06-12 12:49:41,860 - INFO -  Selected idx=3909 (NC(=O)CS(=O)(=O)c1nc2ccccc2n1Cc1ccccn1) → [0.17355372 1.        ]
2025-06-12 12:49:42,074 - INFO -  Hypervolume: 0.2793
2025-06-12 12:49:42,074 - INFO - 
--- Iter 170 (train size (180, 2)) ---
2025-06-12 12:49:42,074 - INFO -  Inferred reference point at iter 170: [0.03823729389767125, -0.09999998324702228]
2025-06-12 12:49:42,085 - INFO -  Scoring full pool: 9820 candidates
2025-06-12 12:49:57,711 - INFO -  GP predict time: 15.627s
2025-06-12 12:49:57,711 - INFO -   EHVI: 9820 candidates with 1000 MC samples
2025-06-12 12:53:33,548 - INFO -  EHVI time: 215.836s
f1 shape: (1,)
f2 shape: (1,)
2025-06-12 12:53:33,549 - INFO -  Selected idx=1072 (CCOC(=O)c1nc(Nc2ccccc2)c2ccccc2n1) → [0.23684211 1.        ]
2025-06-12 12:53:33,766 - INFO -  Hypervolume: 0.2793
2025-06-12 12:53:33,766 - INFO - 
--- Iter 171 (train size (181, 2)) ---
2025-06-12 12:53:33,767 - INFO -  Inferred reference point at iter 171: [0.03823729389767125, -0.09999998324702228]
2025-06-12 12:53:33,777 - INFO -  Scoring full pool: 9819 candidates
2025-06-12 12:53:50,288 - INFO -  GP predict time: 16.511s
2025-06-12 12:53:50,288 - INFO -   EHVI: 9819 candidates with 1000 MC samples
2025-06-12 12:57:26,868 - INFO -  EHVI time: 216.580s
f1 shape: (1,)
f2 shape: (1,)
2025-06-12 12:57:26,870 - INFO -  Selected idx=1299 (O=C(Cc1noc2ccccc12)Nc1ccc(Cl)cc1) → [0.18421053 1.        ]
2025-06-12 12:57:27,089 - INFO -  Hypervolume: 0.2793
2025-06-12 12:57:27,089 - INFO - 
--- Iter 172 (train size (182, 2)) ---
2025-06-12 12:57:27,089 - INFO -  Inferred reference point at iter 172: [0.03823729389767125, -0.09999998324702228]
2025-06-12 12:57:27,100 - INFO -  Scoring full pool: 9818 candidates
2025-06-12 12:57:43,011 - INFO -  GP predict time: 15.911s
2025-06-12 12:57:43,011 - INFO -   EHVI: 9818 candidates with 1000 MC samples
2025-06-12 13:01:19,580 - INFO -  EHVI time: 216.569s
f1 shape: (1,)
f2 shape: (1,)
2025-06-12 13:01:19,582 - INFO -  Selected idx=7057 (Cn1c(=NC(=O)CS(=O)(=O)c2ccccc2)sc2cc([N+](=O)[O-])ccc21) → [0.1640625 1.       ]
2025-06-12 13:01:20,352 - INFO -  Hypervolume: 0.2793
2025-06-12 13:01:20,352 - INFO - 
--- Iter 173 (train size (183, 2)) ---
2025-06-12 13:01:20,352 - INFO -  Inferred reference point at iter 173: [0.03823729389767125, -0.09999998324702228]
2025-06-12 13:01:20,363 - INFO -  Scoring full pool: 9817 candidates
2025-06-12 13:01:36,261 - INFO -  GP predict time: 15.898s
2025-06-12 13:01:36,261 - INFO -   EHVI: 9817 candidates with 1000 MC samples
2025-06-12 13:05:12,242 - INFO -  EHVI time: 215.981s
f1 shape: (1,)
f2 shape: (1,)
2025-06-12 13:05:12,244 - INFO -  Selected idx=2607 (COc1ccc(C2SCCN2C(=O)COc2ccccc2)cc1Cl) → [0.21666667 1.        ]
2025-06-12 13:05:12,996 - INFO -  Hypervolume: 0.2793
2025-06-12 13:05:12,996 - INFO - 
--- Iter 174 (train size (184, 2)) ---
2025-06-12 13:05:12,996 - INFO -  Inferred reference point at iter 174: [0.03823729389767125, -0.09999998324702228]
2025-06-12 13:05:13,007 - INFO -  Scoring full pool: 9816 candidates
2025-06-12 13:05:28,873 - INFO -  GP predict time: 15.866s
2025-06-12 13:05:28,873 - INFO -   EHVI: 9816 candidates with 1000 MC samples
2025-06-12 13:09:05,239 - INFO -  EHVI time: 216.366s
f1 shape: (1,)
f2 shape: (1,)
2025-06-12 13:09:05,241 - INFO -  Selected idx=235 (CCOC(=O)c1csc(NN=Cc2cccc3ccccc23)n1) → [0.23076923 1.        ]
2025-06-12 13:09:05,466 - INFO -  Hypervolume: 0.2793
2025-06-12 13:09:05,466 - INFO - 
--- Iter 175 (train size (185, 2)) ---
2025-06-12 13:09:05,467 - INFO -  Inferred reference point at iter 175: [0.03823729389767125, -0.09999998324702228]
2025-06-12 13:09:05,478 - INFO -  Scoring full pool: 9815 candidates
2025-06-12 13:09:21,961 - INFO -  GP predict time: 16.483s
2025-06-12 13:09:21,961 - INFO -   EHVI: 9815 candidates with 1000 MC samples
2025-06-12 13:12:58,302 - INFO -  EHVI time: 216.341s
f1 shape: (1,)
f2 shape: (1,)
2025-06-12 13:12:58,304 - INFO -  Selected idx=5416 (O=C(N=C1SCC(=O)N1c1ccccc1Cl)c1ccco1) → [0.20175439 1.        ]
2025-06-12 13:12:58,532 - INFO -  Hypervolume: 0.2793
2025-06-12 13:12:58,532 - INFO - 
--- Iter 176 (train size (186, 2)) ---
2025-06-12 13:12:58,532 - INFO -  Inferred reference point at iter 176: [0.03823729389767125, -0.09999998324702228]
2025-06-12 13:12:58,543 - INFO -  Scoring full pool: 9814 candidates
2025-06-12 13:13:15,255 - INFO -  GP predict time: 16.712s
2025-06-12 13:13:15,255 - INFO -   EHVI: 9814 candidates with 1000 MC samples
2025-06-12 13:16:51,654 - INFO -  EHVI time: 216.399s
f1 shape: (1,)
f2 shape: (1,)
2025-06-12 13:16:51,656 - INFO -  Selected idx=543 (COP(=O)(OC)C(OC(=O)COc1cccc(Cl)c1Cl)c1cccc([N+](=O)[O-])c1) → [0.21875    0.13533528]
2025-06-12 13:16:51,884 - INFO -  Hypervolume: 0.2793
2025-06-12 13:16:51,884 - INFO - 
--- Iter 177 (train size (187, 2)) ---
2025-06-12 13:16:51,884 - INFO -  Inferred reference point at iter 177: [0.03823729389767125, -0.09999998324702228]
2025-06-12 13:16:51,896 - INFO -  Scoring full pool: 9813 candidates
2025-06-12 13:17:08,623 - INFO -  GP predict time: 16.727s
2025-06-12 13:17:08,623 - INFO -   EHVI: 9813 candidates with 1000 MC samples
2025-06-12 13:20:44,393 - INFO -  EHVI time: 215.770s
f1 shape: (1,)
f2 shape: (1,)
2025-06-12 13:20:44,394 - INFO -  Selected idx=323 (CCn1c(C(=O)NCCCN2CCc3ccccc3C2)cc2sccc21) → [0.18604651 0.13533528]
2025-06-12 13:20:44,628 - INFO -  Hypervolume: 0.2793
2025-06-12 13:20:44,628 - INFO - 
--- Iter 178 (train size (188, 2)) ---
2025-06-12 13:20:44,628 - INFO -  Inferred reference point at iter 178: [0.03823729389767125, -0.09999998324702228]
2025-06-12 13:20:44,640 - INFO -  Scoring full pool: 9812 candidates
2025-06-12 13:21:01,374 - INFO -  GP predict time: 16.734s
2025-06-12 13:21:01,374 - INFO -   EHVI: 9812 candidates with 1000 MC samples
2025-06-12 13:24:37,174 - INFO -  EHVI time: 215.800s
f1 shape: (1,)
f2 shape: (1,)
2025-06-12 13:24:37,175 - INFO -  Selected idx=6093 (NC(=O)c1nn(Cc2ccc(Cl)cc2)c2ccccc12) → [0.19642857 1.        ]
2025-06-12 13:24:37,412 - INFO -  Hypervolume: 0.2793
2025-06-12 13:24:37,412 - INFO - 
--- Iter 179 (train size (189, 2)) ---
2025-06-12 13:24:37,412 - INFO -  Inferred reference point at iter 179: [0.03823729389767125, -0.09999998324702228]
2025-06-12 13:24:37,423 - INFO -  Scoring full pool: 9811 candidates
2025-06-12 13:24:54,228 - INFO -  GP predict time: 16.804s
2025-06-12 13:24:54,228 - INFO -   EHVI: 9811 candidates with 1000 MC samples
2025-06-12 13:28:30,274 - INFO -  EHVI time: 216.046s
f1 shape: (1,)
f2 shape: (1,)
2025-06-12 13:28:30,275 - INFO -  Selected idx=5882 (Cn1cc2c(Cl)nc(NC(=O)c3ccccc3)nc2n1) → [0.18584071 1.        ]
2025-06-12 13:28:30,512 - INFO -  Hypervolume: 0.2793
2025-06-12 13:28:30,512 - INFO - 
--- Iter 180 (train size (190, 2)) ---
2025-06-12 13:28:30,512 - INFO -  Inferred reference point at iter 180: [0.03823729389767125, -0.09999998324702228]
2025-06-12 13:28:30,524 - INFO -  Scoring full pool: 9810 candidates
2025-06-12 13:28:46,854 - INFO -  GP predict time: 16.331s
2025-06-12 13:28:46,855 - INFO -   EHVI: 9810 candidates with 1000 MC samples
2025-06-12 13:32:23,182 - INFO -  EHVI time: 216.327s
f1 shape: (1,)
f2 shape: (1,)
2025-06-12 13:32:23,184 - INFO -  Selected idx=7679 (CN(C)CCn1c(=O)oc2cc(C(=O)c3ccccc3)ccc21) → [0.19327731 1.        ]
2025-06-12 13:32:23,420 - INFO -  Hypervolume: 0.2793
2025-06-12 13:32:23,420 - INFO - 
--- Iter 181 (train size (191, 2)) ---
2025-06-12 13:32:23,421 - INFO -  Inferred reference point at iter 181: [0.03823729389767125, -0.09999998324702228]
2025-06-12 13:32:23,432 - INFO -  Scoring full pool: 9809 candidates
2025-06-12 13:32:39,793 - INFO -  GP predict time: 16.361s
2025-06-12 13:32:39,793 - INFO -   EHVI: 9809 candidates with 1000 MC samples
2025-06-12 13:36:15,236 - INFO -  EHVI time: 215.443s
f1 shape: (1,)
f2 shape: (1,)
2025-06-12 13:36:15,238 - INFO -  Selected idx=2005 (O=C(CCl)N1N=C(c2cccs2)CC1c1ccco1) → [0.14782609 1.        ]
2025-06-12 13:36:16,119 - INFO -  Hypervolume: 0.2793
2025-06-12 13:36:16,119 - INFO - 
--- Iter 182 (train size (192, 2)) ---
2025-06-12 13:36:16,119 - INFO -  Inferred reference point at iter 182: [0.03823729389767125, -0.09999998324702228]
2025-06-12 13:36:16,131 - INFO -  Scoring full pool: 9808 candidates
2025-06-12 13:36:33,124 - INFO -  GP predict time: 16.994s
2025-06-12 13:36:33,124 - INFO -   EHVI: 9808 candidates with 1000 MC samples
2025-06-12 13:40:08,319 - INFO -  EHVI time: 215.194s
f1 shape: (1,)
f2 shape: (1,)
2025-06-12 13:40:08,320 - INFO -  Selected idx=2004 (O=C(O)C1CCCN(CCOCCN2c3ccccc3Sc3ccccc32)C1) → [0.18656716 0.13533528]
2025-06-12 13:40:08,564 - INFO -  Hypervolume: 0.2793
2025-06-12 13:40:08,564 - INFO - 
--- Iter 183 (train size (193, 2)) ---
2025-06-12 13:40:08,564 - INFO -  Inferred reference point at iter 183: [0.03823729389767125, -0.09999998324702228]
2025-06-12 13:40:08,576 - INFO -  Scoring full pool: 9807 candidates
2025-06-12 13:40:25,396 - INFO -  GP predict time: 16.820s
2025-06-12 13:40:25,397 - INFO -   EHVI: 9807 candidates with 1000 MC samples
2025-06-12 13:44:01,486 - INFO -  EHVI time: 216.089s
f1 shape: (1,)
f2 shape: (1,)
2025-06-12 13:44:01,487 - INFO -  Selected idx=4404 (CCOC1CC(C)N(C(=O)c2ccccc2)O1) → [0.20192308 0.13533528]
2025-06-12 13:44:01,730 - INFO -  Hypervolume: 0.2793
2025-06-12 13:44:01,730 - INFO - 
--- Iter 184 (train size (194, 2)) ---
2025-06-12 13:44:01,730 - INFO -  Inferred reference point at iter 184: [0.03823729389767125, -0.09999998324702228]
2025-06-12 13:44:01,742 - INFO -  Scoring full pool: 9806 candidates
2025-06-12 13:44:18,461 - INFO -  GP predict time: 16.719s
2025-06-12 13:44:18,461 - INFO -   EHVI: 9806 candidates with 1000 MC samples
2025-06-12 13:47:55,212 - INFO -  EHVI time: 216.750s
f1 shape: (1,)
f2 shape: (1,)
2025-06-12 13:47:55,214 - INFO -  Selected idx=3444 (COc1ccccc1NC(=O)N1CCC(c2nc3ccccc3o2)CC1) → [0.16793893 0.13533528]
2025-06-12 13:47:55,473 - INFO -  Hypervolume: 0.2793
2025-06-12 13:47:55,473 - INFO - 
--- Iter 185 (train size (195, 2)) ---
2025-06-12 13:47:55,473 - INFO -  Inferred reference point at iter 185: [0.03823729389767125, -0.09999998324702228]
2025-06-12 13:47:55,485 - INFO -  Scoring full pool: 9805 candidates
2025-06-12 13:48:12,154 - INFO -  GP predict time: 16.669s
2025-06-12 13:48:12,154 - INFO -   EHVI: 9805 candidates with 1000 MC samples
2025-06-12 13:51:48,755 - INFO -  EHVI time: 216.600s
f1 shape: (1,)
f2 shape: (1,)
2025-06-12 13:51:48,756 - INFO -  Selected idx=7126 (CC1C(=O)Oc2ccc(C(=O)c3cccs3)cc21) → [0.17431193 1.        ]
2025-06-12 13:51:49,005 - INFO -  Hypervolume: 0.2793
2025-06-12 13:51:49,005 - INFO - 
--- Iter 186 (train size (196, 2)) ---
2025-06-12 13:51:49,005 - INFO -  Inferred reference point at iter 186: [0.03823729389767125, -0.09999998324702228]
2025-06-12 13:51:49,017 - INFO -  Scoring full pool: 9804 candidates
2025-06-12 13:52:05,930 - INFO -  GP predict time: 16.913s
2025-06-12 13:52:05,930 - INFO -   EHVI: 9804 candidates with 1000 MC samples
2025-06-12 13:55:41,300 - INFO -  EHVI time: 215.370s
f1 shape: (1,)
f2 shape: (1,)
2025-06-12 13:55:41,302 - INFO -  Selected idx=4784 (CC(O)(COc1ccccc1)C(=O)N1CCc2c(C#N)cccc21) → [0.16 1.  ]
2025-06-12 13:55:41,559 - INFO -  Hypervolume: 0.2793
2025-06-12 13:55:41,559 - INFO - 
--- Iter 187 (train size (197, 2)) ---
2025-06-12 13:55:41,559 - INFO -  Inferred reference point at iter 187: [0.03823729389767125, -0.09999998324702228]
2025-06-12 13:55:41,571 - INFO -  Scoring full pool: 9803 candidates
2025-06-12 13:55:59,024 - INFO -  GP predict time: 17.453s
2025-06-12 13:55:59,024 - INFO -   EHVI: 9803 candidates with 1000 MC samples
2025-06-12 13:59:39,552 - INFO -  EHVI time: 220.527s
f1 shape: (1,)
f2 shape: (1,)
2025-06-12 13:59:39,554 - INFO -  Selected idx=6129 (O=C(Cc1ccccc1)Nc1nc2ccccc2n1CCN1CCCC1) → [0.14925373 0.13533528]
2025-06-12 13:59:39,809 - INFO -  Hypervolume: 0.2793
2025-06-12 13:59:39,809 - INFO - 
--- Iter 188 (train size (198, 2)) ---
2025-06-12 13:59:39,809 - INFO -  Inferred reference point at iter 188: [0.03823729389767125, -0.09999998324702228]
2025-06-12 13:59:39,821 - INFO -  Scoring full pool: 9802 candidates
2025-06-12 13:59:57,028 - INFO -  GP predict time: 17.208s
2025-06-12 13:59:57,029 - INFO -   EHVI: 9802 candidates with 1000 MC samples
2025-06-12 14:03:32,899 - INFO -  EHVI time: 215.870s
f1 shape: (1,)
f2 shape: (1,)
2025-06-12 14:03:32,900 - INFO -  Selected idx=9031 (CCOc1ccc2ccccc2c1C(=O)NCB(O)O) → [0.20909091 0.13533528]
2025-06-12 14:03:33,741 - INFO -  Hypervolume: 0.2793
2025-06-12 14:03:33,741 - INFO - 
--- Iter 189 (train size (199, 2)) ---
2025-06-12 14:03:33,742 - INFO -  Inferred reference point at iter 189: [0.03823729389767125, -0.09999998324702228]
2025-06-12 14:03:33,753 - INFO -  Scoring full pool: 9801 candidates
2025-06-12 14:03:51,239 - INFO -  GP predict time: 17.486s
2025-06-12 14:03:51,240 - INFO -   EHVI: 9801 candidates with 1000 MC samples
2025-06-12 14:07:26,914 - INFO -  EHVI time: 215.674s
f1 shape: (1,)
f2 shape: (1,)
2025-06-12 14:07:26,916 - INFO -  Selected idx=6066 (Cn1sc(=NC(=O)c2ccc(Cl)cc2)nc1-c1ccc(Cl)cc1) → [0.14516129 1.        ]
2025-06-12 14:07:27,176 - INFO -  Hypervolume: 0.2793
2025-06-12 14:07:27,176 - INFO - 
--- Iter 190 (train size (200, 2)) ---
2025-06-12 14:07:27,177 - INFO -  Inferred reference point at iter 190: [0.03823729389767125, -0.09999998324702228]
2025-06-12 14:07:27,189 - INFO -  Scoring full pool: 9800 candidates
2025-06-12 14:07:45,052 - INFO -  GP predict time: 17.863s
2025-06-12 14:07:45,052 - INFO -   EHVI: 9800 candidates with 1000 MC samples
2025-06-12 14:11:20,986 - INFO -  EHVI time: 215.934s
f1 shape: (1,)
f2 shape: (1,)
2025-06-12 14:11:20,987 - INFO -  Selected idx=507 (Cn1c(=O)c(COc2cccnc2)nc2ccccc21) → [0.17391304 1.        ]
2025-06-12 14:11:21,246 - INFO -  Hypervolume: 0.2793
2025-06-12 14:11:21,246 - INFO - 
--- Iter 191 (train size (201, 2)) ---
2025-06-12 14:11:21,246 - INFO -  Inferred reference point at iter 191: [0.03823729389767125, -0.09999998324702228]
2025-06-12 14:11:21,258 - INFO -  Scoring full pool: 9799 candidates
2025-06-12 14:11:38,492 - INFO -  GP predict time: 17.234s
2025-06-12 14:11:38,492 - INFO -   EHVI: 9799 candidates with 1000 MC samples
2025-06-12 14:15:14,614 - INFO -  EHVI time: 216.121s
f1 shape: (1,)
f2 shape: (1,)
2025-06-12 14:15:14,615 - INFO -  Selected idx=7897 (O=c1[nH]n(Cc2ccccc2F)c2ccccc12) → [0.16216216 1.        ]
2025-06-12 14:15:14,881 - INFO -  Hypervolume: 0.2793
2025-06-12 14:15:14,881 - INFO - 
--- Iter 192 (train size (202, 2)) ---
2025-06-12 14:15:14,881 - INFO -  Inferred reference point at iter 192: [0.03823729389767125, -0.09999998324702228]
2025-06-12 14:15:14,893 - INFO -  Scoring full pool: 9798 candidates
2025-06-12 14:15:32,332 - INFO -  GP predict time: 17.439s
2025-06-12 14:15:32,332 - INFO -   EHVI: 9798 candidates with 1000 MC samples
2025-06-12 14:19:08,531 - INFO -  EHVI time: 216.199s
f1 shape: (1,)
f2 shape: (1,)
2025-06-12 14:19:08,533 - INFO -  Selected idx=9818 (O=C(CN1N=C(c2ccccc2)CCC1=O)NCc1cccs1) → [0.16129032 1.        ]
2025-06-12 14:19:08,798 - INFO -  Hypervolume: 0.2793
2025-06-12 14:19:08,798 - INFO - 
--- Iter 193 (train size (203, 2)) ---
2025-06-12 14:19:08,798 - INFO -  Inferred reference point at iter 193: [0.03823729389767125, -0.09999998324702228]
2025-06-12 14:19:08,810 - INFO -  Scoring full pool: 9797 candidates
2025-06-12 14:19:26,179 - INFO -  GP predict time: 17.368s
2025-06-12 14:19:26,179 - INFO -   EHVI: 9797 candidates with 1000 MC samples
2025-06-12 14:23:02,013 - INFO -  EHVI time: 215.834s
f1 shape: (1,)
f2 shape: (1,)
2025-06-12 14:23:02,014 - INFO -  Selected idx=3883 (CCN(Cc1ccc(Cl)nc1)C1=C([N+](=O)[O-])CN(Cc2ccccc2)CN1C) → [0.18181818 1.        ]
2025-06-12 14:23:02,843 - INFO -  Hypervolume: 0.2793
2025-06-12 14:23:02,843 - INFO - 
--- Iter 194 (train size (204, 2)) ---
2025-06-12 14:23:02,843 - INFO -  Inferred reference point at iter 194: [0.03823729389767125, -0.09999998324702228]
2025-06-12 14:23:02,855 - INFO -  Scoring full pool: 9796 candidates
2025-06-12 14:23:20,912 - INFO -  GP predict time: 18.057s
2025-06-12 14:23:20,912 - INFO -   EHVI: 9796 candidates with 1000 MC samples
2025-06-12 14:26:56,349 - INFO -  EHVI time: 215.437s
f1 shape: (1,)
f2 shape: (1,)
2025-06-12 14:26:56,350 - INFO -  Selected idx=6196 (CCOC(=O)Cc1csc(NC(=O)c2ccc3ccccc3n2)n1) → [0.24786325 1.        ]
2025-06-12 14:26:56,623 - INFO -  Hypervolume: 0.2793
2025-06-12 14:26:56,624 - INFO - 
--- Iter 195 (train size (205, 2)) ---
2025-06-12 14:26:56,624 - INFO -  Inferred reference point at iter 195: [0.03823729389767125, -0.09999998324702228]
2025-06-12 14:26:56,636 - INFO -  Scoring full pool: 9795 candidates
2025-06-12 14:27:14,841 - INFO -  GP predict time: 18.205s
2025-06-12 14:27:14,841 - INFO -   EHVI: 9795 candidates with 1000 MC samples
2025-06-12 14:30:51,632 - INFO -  EHVI time: 216.791s
f1 shape: (1,)
f2 shape: (1,)
2025-06-12 14:30:51,633 - INFO -  Selected idx=7286 (CCOC(=O)c1cnc2c(ccc3ccccc32)c1Cl) → [0.28846154 1.        ]
2025-06-12 14:30:51,905 - INFO -  Hypervolume: 0.2806
2025-06-12 14:30:51,905 - INFO - 
--- Iter 196 (train size (206, 2)) ---
2025-06-12 14:30:51,905 - INFO -  Inferred reference point at iter 196: [0.03823729389767125, -0.09999998324702228]
2025-06-12 14:30:51,918 - INFO -  Scoring full pool: 9794 candidates
2025-06-12 14:31:09,649 - INFO -  GP predict time: 17.731s
2025-06-12 14:31:09,650 - INFO -   EHVI: 9794 candidates with 1000 MC samples
2025-06-12 14:34:44,980 - INFO -  EHVI time: 215.331s
f1 shape: (1,)
f2 shape: (1,)
2025-06-12 14:34:44,982 - INFO -  Selected idx=9412 (CCOC(=O)c1sc(NS(=O)(=O)c2ccccc2Cl)nc1C) → [0.33009709 0.13533528]
2025-06-12 14:34:45,821 - INFO -  Hypervolume: 0.2850
2025-06-12 14:34:45,821 - INFO - 
--- Iter 197 (train size (207, 2)) ---
2025-06-12 14:34:45,821 - INFO -  Inferred reference point at iter 197: [0.03635966063150528, -0.09999998324702228]
2025-06-12 14:34:45,835 - INFO -  Scoring full pool: 9793 candidates
2025-06-12 14:35:03,999 - INFO -  GP predict time: 18.164s
2025-06-12 14:35:03,999 - INFO -   EHVI: 9793 candidates with 1000 MC samples
2025-06-12 14:38:39,374 - INFO -  EHVI time: 215.375s
f1 shape: (1,)
f2 shape: (1,)
2025-06-12 14:38:39,376 - INFO -  Selected idx=6198 (O=C(NCc1nc(-c2ccc(Cl)cc2)no1)c1ccco1) → [0.15 1.  ]
2025-06-12 14:38:39,657 - INFO -  Hypervolume: 0.2871
2025-06-12 14:38:39,657 - INFO - 
--- Iter 198 (train size (208, 2)) ---
2025-06-12 14:38:39,657 - INFO -  Inferred reference point at iter 198: [0.03635966063150528, -0.09999998324702228]
2025-06-12 14:38:39,671 - INFO -  Scoring full pool: 9792 candidates
2025-06-12 14:38:57,719 - INFO -  GP predict time: 18.049s
2025-06-12 14:38:57,720 - INFO -   EHVI: 9792 candidates with 1000 MC samples
2025-06-12 14:42:35,599 - INFO -  EHVI time: 217.879s
f1 shape: (1,)
f2 shape: (1,)
2025-06-12 14:42:35,600 - INFO -  Selected idx=6636 (CCOC(=O)c1c(N)sc(N=Cc2ccc(Cl)cc2)c1C(=O)OCC) → [0.30357143 0.13533528]
2025-06-12 14:42:36,485 - INFO -  Hypervolume: 0.2871
2025-06-12 14:42:36,485 - INFO - 
--- Iter 199 (train size (209, 2)) ---
2025-06-12 14:42:36,485 - INFO -  Inferred reference point at iter 199: [0.03635966063150528, -0.09999998324702228]
2025-06-12 14:42:36,498 - INFO -  Scoring full pool: 9791 candidates
2025-06-12 14:42:54,816 - INFO -  GP predict time: 18.318s
2025-06-12 14:42:54,816 - INFO -   EHVI: 9791 candidates with 1000 MC samples
2025-06-12 14:46:30,280 - INFO -  EHVI time: 215.464s
f1 shape: (1,)
f2 shape: (1,)
2025-06-12 14:46:30,281 - INFO -  Selected idx=7070 (CC(=O)OCC[n+]1c(C)n(-c2ccccc2)c2ccc(Cl)cc21) → [0.24561404 1.        ]
2025-06-12 14:46:30,564 - INFO -  Hypervolume: 0.2871
2025-06-12 14:46:30,634 - INFO - 
Final Pareto front points: [[0.28846153846153844, 1.0], [0.3300970873786408, 0.13533528323661267]]
2025-06-12 14:46:30,634 - INFO - Final Pareto front SMILES: [None, None]
