Initial SMILES: ['O=C1C=C(N2CC2)C(N2CC2)=CC1=O',
 'COc1ccc(C(=S)Nc2ccccc2N(C)C(=S)c2ccc(OC)cc2)cc1',
 'Cc1c(Oc2ccc(Cl)c(OC(C)C(=O)O)c2)c2cc(OC(F)(F)F)ccc2n1-c1noc2cc(Cl)ccc12',
 'OCc1ccc(-c2cncc(-c3ccc(CO)cc3)c2)cc1',
 'COC(=O)C1C(c2nc3cc(C)c(C)cc3[nH]2)=Cc2cc3c(cc2C1c1cc(OC)c(OC)c(OC)c1)OCO3',
 'Cc1cc(C#N)cnc1C(=O)Nc1ccc(F)c(C2(CF)N=C(N)OC3CC32)c1',
 'O=C(O)c1ccc(-c2noc(C3CCN(C(=O)NC4CC4c4ccccc4)CC3)n2)cc1',
 'Cc1cn(-c2ccc3n(c2=O)CCN(CC2CC(F)C(c4ccc(C(F)(F)F)cc4)O2)C3=O)cn1',
 'COc1ccc(CCNC(=O)CN(c2ccccc2)S(=O)(=O)c2ccccc2)cc1',
 'Cc1nc(-c2cccc(C=Cc3ccccc3)c2)[nH]c1C']
f1 shape: (10,)
f2 shape: (10,)
f3 shape: (10,)
2025-06-03 18:37:09,949 - INFO - Initial objectives:
[[4.03651848e-06 9.08644401e-02 1.00000000e+00]
 [1.33179965e-07 1.65851955e-01 4.27716175e-01]
 [1.00000000e+00 1.28468654e-01 4.43261956e-04]
 [1.21123776e-03 2.33274648e-01 1.00000000e+00]
 [1.00000000e+00 1.32504690e-01 3.70314918e-01]
 [1.00000000e+00 1.77831492e-01 1.00000000e+00]
 [1.00000000e+00 3.43023256e-01 1.00000000e+00]
 [1.18831590e-01 2.75908479e-01 1.00000000e+00]
 [3.60227141e-01 2.50365497e-01 1.00000000e+00]
 [6.83840035e-09 1.70847751e-01 6.88530156e-01]]
2025-06-03 18:37:11,713 - INFO - Precomputed 10000 Morgan-fps in 1.764s
2025-06-03 18:37:12,700 - INFO - 
--- Iter 0 (train size (10, 3)) ---
2025-06-03 18:37:12,700 - INFO -  Inferred reference point at iter 0: [-0.09999999247775962, 0.06564855850504867, -0.09951241184806725]
2025-06-03 18:37:12,701 - INFO -  Scoring full pool: 9990 candidates
2025-06-03 18:37:14,404 - INFO -  GP predict time: 1.703s
2025-06-03 18:37:14,404 - INFO -   EHVI: 9990 candidates with 500 MC samples
2025-06-03 18:39:06,771 - INFO -  EHVI time: 112.367s
f1 shape: (1,)
f2 shape: (1,)
f3 shape: (1,)
2025-06-03 18:39:06,774 - INFO -  Selected idx=4010 (CCc1ccc(NC(=O)c2cccc(CN3CCCN(Cc4cccc(O)c4)CC3)c2)cc1) → [0.00289497 0.47154472 0.65807951]
2025-06-03 18:39:06,785 - INFO -  Hypervolume: 0.3455
2025-06-03 18:39:06,785 - INFO - 
--- Iter 1 (train size (11, 3)) ---
2025-06-03 18:39:06,785 - INFO -  Inferred reference point at iter 1: [-0.09999999247775962, 0.05279641254172856, -0.09951241184806725]
2025-06-03 18:39:06,786 - INFO -  Scoring full pool: 9989 candidates
2025-06-03 18:39:08,472 - INFO -  GP predict time: 1.686s
2025-06-03 18:39:08,472 - INFO -   EHVI: 9989 candidates with 500 MC samples
2025-06-03 18:41:40,780 - INFO -  EHVI time: 152.309s
f1 shape: (1,)
f2 shape: (1,)
f3 shape: (1,)
2025-06-03 18:41:40,783 - INFO -  Selected idx=7344 (CN(CC(=O)N1CCCC(c2ccccc2)C1CN1CCCC1)c1ccc2ccccc2c1) → [2.10801203e-09 4.45103858e-01 5.18224994e-01]
2025-06-03 18:41:40,793 - INFO -  Hypervolume: 0.3610
2025-06-03 18:41:40,793 - INFO - 
--- Iter 2 (train size (12, 3)) ---
2025-06-03 18:41:40,793 - INFO -  Inferred reference point at iter 2: [-0.09999999768118678, 0.05279641254172856, -0.09951241184806725]
2025-06-03 18:41:40,794 - INFO -  Scoring full pool: 9988 candidates
2025-06-03 18:41:42,591 - INFO -  GP predict time: 1.797s
2025-06-03 18:41:42,591 - INFO -   EHVI: 9988 candidates with 500 MC samples
2025-06-03 18:44:15,152 - INFO -  EHVI time: 152.561s
f1 shape: (1,)
f2 shape: (1,)
f3 shape: (1,)
2025-06-03 18:44:15,155 - INFO -  Selected idx=8482 (Cc1cc(CN2CCN(C)CC2)ccc1C(=O)Cn1ccc(OCc2ccc(Cl)cn2)cc1=O) → [0.08264967 0.2638102  1.        ]
2025-06-03 18:44:15,167 - INFO -  Hypervolume: 0.3610
2025-06-03 18:44:15,167 - INFO - 
--- Iter 3 (train size (13, 3)) ---
2025-06-03 18:44:15,167 - INFO -  Inferred reference point at iter 3: [-0.09999999768118678, 0.05279641254172856, -0.09951241184806725]
2025-06-03 18:44:15,168 - INFO -  Scoring full pool: 9987 candidates
2025-06-03 18:44:17,115 - INFO -  GP predict time: 1.948s
2025-06-03 18:44:17,115 - INFO -   EHVI: 9987 candidates with 500 MC samples
2025-06-03 18:46:49,984 - INFO -  EHVI time: 152.868s
f1 shape: (1,)
f2 shape: (1,)
f3 shape: (1,)
2025-06-03 18:46:49,986 - INFO -  Selected idx=1522 (COc1ccc(-c2ccc(Cn3c(CC(C)(C)C(=O)O)c(SC(C)(C)C)c4cc(OCc5ccc(Cl)cn5)ccc43)cc2)cn1) → [9.39596736e-01 2.00248756e-01 5.23655811e-06]
2025-06-03 18:46:49,996 - INFO -  Hypervolume: 0.3610
2025-06-03 18:46:49,996 - INFO - 
--- Iter 4 (train size (14, 3)) ---
2025-06-03 18:46:49,996 - INFO -  Inferred reference point at iter 4: [-0.09999999768118678, 0.05279641254172856, -0.0999942397860808]
2025-06-03 18:46:49,997 - INFO -  Scoring full pool: 9986 candidates
2025-06-03 18:46:51,993 - INFO -  GP predict time: 1.996s
2025-06-03 18:46:51,993 - INFO -   EHVI: 9986 candidates with 500 MC samples
2025-06-03 18:49:24,535 - INFO -  EHVI time: 152.541s
f1 shape: (1,)
f2 shape: (1,)
f3 shape: (1,)
2025-06-03 18:49:24,537 - INFO -  Selected idx=3521 (O=C(CNC1CC1c1ccccc1)N1CCOCC1) → [8.07026289e-06 2.34225621e-01 1.00000000e+00]
2025-06-03 18:49:24,549 - INFO -  Hypervolume: 0.3612
2025-06-03 18:49:24,549 - INFO - 
--- Iter 5 (train size (15, 3)) ---
2025-06-03 18:49:24,549 - INFO -  Inferred reference point at iter 5: [-0.09999999768118678, 0.05279641254172856, -0.0999942397860808]
2025-06-03 18:49:24,550 - INFO -  Scoring full pool: 9985 candidates
2025-06-03 18:49:26,743 - INFO -  GP predict time: 2.192s
2025-06-03 18:49:26,743 - INFO -   EHVI: 9985 candidates with 500 MC samples
2025-06-03 18:51:59,534 - INFO -  EHVI time: 152.791s
f1 shape: (1,)
f2 shape: (1,)
f3 shape: (1,)
2025-06-03 18:51:59,537 - INFO -  Selected idx=7864 (CCC(C)(C)CC(c1ccc(C(=O)O)c(Oc2cccc(Cl)c2)c1)N1CCCC(n2cc(C)c(=O)[nH]c2=O)C1) → [1.         0.31286044 0.09021626]
2025-06-03 18:51:59,550 - INFO -  Hypervolume: 0.3612
2025-06-03 18:51:59,550 - INFO - 
--- Iter 6 (train size (16, 3)) ---
2025-06-03 18:51:59,550 - INFO -  Inferred reference point at iter 6: [-0.09999999768118678, 0.05279641254172856, -0.0999942397860808]
2025-06-03 18:51:59,551 - INFO -  Scoring full pool: 9984 candidates
2025-06-03 18:52:01,887 - INFO -  GP predict time: 2.336s
2025-06-03 18:52:01,887 - INFO -   EHVI: 9984 candidates with 500 MC samples
2025-06-03 18:54:34,703 - INFO -  EHVI time: 152.816s
f1 shape: (1,)
f2 shape: (1,)
f3 shape: (1,)
2025-06-03 18:54:34,706 - INFO -  Selected idx=680 (COC(=O)c1cc(Cl)c2nc(-c3ccc(C4(N)CCC4)cc3)c(-c3ccccc3)n2c1) → [0.12534041 0.22126816 0.35142913]
2025-06-03 18:54:34,719 - INFO -  Hypervolume: 0.3612
2025-06-03 18:54:34,719 - INFO - 
--- Iter 7 (train size (17, 3)) ---
2025-06-03 18:54:34,719 - INFO -  Inferred reference point at iter 7: [-0.09999999768118678, 0.05279641254172856, -0.0999942397860808]
2025-06-03 18:54:34,720 - INFO -  Scoring full pool: 9983 candidates
2025-06-03 18:54:37,177 - INFO -  GP predict time: 2.456s
2025-06-03 18:54:37,177 - INFO -   EHVI: 9983 candidates with 500 MC samples
2025-06-03 18:57:09,717 - INFO -  EHVI time: 152.541s
f1 shape: (1,)
f2 shape: (1,)
f3 shape: (1,)
2025-06-03 18:57:09,720 - INFO -  Selected idx=6116 (CCCNC(=O)N1CCc2cc(OC)c(OC)cc2C1c1ccccc1) → [4.60498942e-04 2.60903427e-01 1.00000000e+00]
2025-06-03 18:57:09,734 - INFO -  Hypervolume: 0.3612
2025-06-03 18:57:09,734 - INFO - 
--- Iter 8 (train size (18, 3)) ---
2025-06-03 18:57:09,734 - INFO -  Inferred reference point at iter 8: [-0.09999999768118678, 0.05279641254172856, -0.0999942397860808]
2025-06-03 18:57:09,735 - INFO -  Scoring full pool: 9982 candidates
2025-06-03 18:57:12,312 - INFO -  GP predict time: 2.576s
2025-06-03 18:57:12,312 - INFO -   EHVI: 9982 candidates with 500 MC samples
2025-06-03 18:59:44,840 - INFO -  EHVI time: 152.529s
f1 shape: (1,)
f2 shape: (1,)
f3 shape: (1,)
2025-06-03 18:59:44,843 - INFO -  Selected idx=6104 (COc1cccc(N2CCN(C(=O)CCSCc3ccccc3F)CC2)c1) → [7.76820207e-08 2.80782030e-01 1.00000000e+00]
2025-06-03 18:59:44,857 - INFO -  Hypervolume: 0.3612
2025-06-03 18:59:44,857 - INFO - 
--- Iter 9 (train size (19, 3)) ---
2025-06-03 18:59:44,857 - INFO -  Inferred reference point at iter 9: [-0.09999999768118678, 0.05279641254172856, -0.0999942397860808]
2025-06-03 18:59:44,859 - INFO -  Scoring full pool: 9981 candidates
2025-06-03 18:59:47,560 - INFO -  GP predict time: 2.701s
2025-06-03 18:59:47,560 - INFO -   EHVI: 9981 candidates with 500 MC samples
2025-06-03 19:02:20,727 - INFO -  EHVI time: 153.167s
f1 shape: (1,)
f2 shape: (1,)
f3 shape: (1,)
2025-06-03 19:02:20,729 - INFO -  Selected idx=8239 (COc1cccc(CN2CCC(CCOC(c3ccccc3)c3ccc(Cl)cc3)CC2)c1O) → [9.60118048e-06 5.15442404e-01 4.82213637e-02]
2025-06-03 19:02:20,744 - INFO -  Hypervolume: 0.3618
2025-06-03 19:02:20,744 - INFO - 
--- Iter 10 (train size (20, 3)) ---
2025-06-03 19:02:20,744 - INFO -  Inferred reference point at iter 10: [-0.09999999768118678, 0.04840664368577622, -0.0999942397860808]
2025-06-03 19:02:20,745 - INFO -  Scoring full pool: 9980 candidates
2025-06-03 19:02:23,541 - INFO -  GP predict time: 2.796s
2025-06-03 19:02:23,542 - INFO -   EHVI: 9980 candidates with 500 MC samples
2025-06-03 19:05:37,448 - INFO -  EHVI time: 193.907s
f1 shape: (1,)
f2 shape: (1,)
f3 shape: (1,)
2025-06-03 19:05:37,451 - INFO -  Selected idx=8250 (CCOc1ccc(NC(=O)CSc2nc3ccccc3nc2N2CCCC2)cc1) → [0.07691053 0.25641026 0.9374235 ]
2025-06-03 19:05:37,466 - INFO -  Hypervolume: 0.3672
2025-06-03 19:05:37,466 - INFO - 
--- Iter 11 (train size (21, 3)) ---
2025-06-03 19:05:37,466 - INFO -  Inferred reference point at iter 11: [-0.09999999768118678, 0.04840664368577622, -0.0999942397860808]
2025-06-03 19:05:37,468 - INFO -  Scoring full pool: 9979 candidates
2025-06-03 19:05:40,476 - INFO -  GP predict time: 3.008s
2025-06-03 19:05:40,476 - INFO -   EHVI: 9979 candidates with 500 MC samples
2025-06-03 19:08:54,353 - INFO -  EHVI time: 193.876s
f1 shape: (1,)
f2 shape: (1,)
f3 shape: (1,)
2025-06-03 19:08:54,356 - INFO -  Selected idx=3236 (CN(Cc1cnc2nc(N)nc(N)c2n1)c1ccc(C(=O)NC(CCCNC(=O)c2ccc(Cl)cc2)C(=O)O)cc1) → [1.        0.2184466 1.       ]
2025-06-03 19:08:54,371 - INFO -  Hypervolume: 0.3672
2025-06-03 19:08:54,372 - INFO - 
--- Iter 12 (train size (22, 3)) ---
2025-06-03 19:08:54,372 - INFO -  Inferred reference point at iter 12: [-0.09999999768118678, 0.04840664368577622, -0.0999942397860808]
2025-06-03 19:08:54,373 - INFO -  Scoring full pool: 9978 candidates
2025-06-03 19:08:57,424 - INFO -  GP predict time: 3.051s
2025-06-03 19:08:57,424 - INFO -   EHVI: 9978 candidates with 500 MC samples
2025-06-03 19:12:11,326 - INFO -  EHVI time: 193.901s
f1 shape: (1,)
f2 shape: (1,)
f3 shape: (1,)
2025-06-03 19:12:11,329 - INFO -  Selected idx=4720 (CCCCc1nn(-c2ccccc2C(F)(F)F)c(=O)n1Cc1ccc(-c2ccccc2S(=O)(=O)NC(=O)C2CCCCCC2)cc1) → [1.         0.28560043 0.01553751]
2025-06-03 19:12:11,345 - INFO -  Hypervolume: 0.3672
2025-06-03 19:12:11,345 - INFO - 
--- Iter 13 (train size (23, 3)) ---
2025-06-03 19:12:11,345 - INFO -  Inferred reference point at iter 13: [-0.09999999768118678, 0.04840664368577622, -0.0999942397860808]
2025-06-03 19:12:11,347 - INFO -  Scoring full pool: 9977 candidates
2025-06-03 19:12:14,583 - INFO -  GP predict time: 3.236s
2025-06-03 19:12:14,583 - INFO -   EHVI: 9977 candidates with 500 MC samples
2025-06-03 19:15:28,931 - INFO -  EHVI time: 194.348s
f1 shape: (1,)
f2 shape: (1,)
f3 shape: (1,)
2025-06-03 19:15:28,934 - INFO -  Selected idx=3477 (COc1ccc(C(=O)Nc2ccc(C)c(Nc3nc(-c4cccnc4)c[nH]3)c2)cc1) → [1.         0.15408587 0.73505182]
2025-06-03 19:15:28,950 - INFO -  Hypervolume: 0.3672
2025-06-03 19:15:28,950 - INFO - 
--- Iter 14 (train size (24, 3)) ---
2025-06-03 19:15:28,951 - INFO -  Inferred reference point at iter 14: [-0.09999999768118678, 0.04840664368577622, -0.0999942397860808]
2025-06-03 19:15:28,952 - INFO -  Scoring full pool: 9976 candidates
2025-06-03 19:15:32,211 - INFO -  GP predict time: 3.259s
2025-06-03 19:15:32,211 - INFO -   EHVI: 9976 candidates with 500 MC samples
2025-06-03 19:18:46,456 - INFO -  EHVI time: 194.245s
f1 shape: (1,)
f2 shape: (1,)
f3 shape: (1,)
2025-06-03 19:18:46,459 - INFO -  Selected idx=638 (Cc1cc(F)ccc1NC(=O)CCc1ccc(S(=O)(=O)N2CCOCC2)cc1) → [0.36022714 0.21511628 1.        ]
2025-06-03 19:18:46,476 - INFO -  Hypervolume: 0.3672
2025-06-03 19:18:46,476 - INFO - 
--- Iter 15 (train size (25, 3)) ---
2025-06-03 19:18:46,476 - INFO -  Inferred reference point at iter 15: [-0.09999999768118678, 0.04840664368577622, -0.0999942397860808]
2025-06-03 19:18:46,477 - INFO -  Scoring full pool: 9975 candidates
2025-06-03 19:18:49,854 - INFO -  GP predict time: 3.377s
2025-06-03 19:18:49,854 - INFO -   EHVI: 9975 candidates with 500 MC samples
2025-06-03 19:22:04,182 - INFO -  EHVI time: 194.328s
f1 shape: (1,)
f2 shape: (1,)
f3 shape: (1,)
2025-06-03 19:22:04,185 - INFO -  Selected idx=9917 (COc1ccc(Cn2ccc3nc(C)c(C(=O)NCc4ccc(F)cc4)cc3c2=O)cc1) → [0.24467071 0.17384106 1.        ]
2025-06-03 19:22:04,203 - INFO -  Hypervolume: 0.3672
2025-06-03 19:22:04,203 - INFO - 
--- Iter 16 (train size (26, 3)) ---
2025-06-03 19:22:04,203 - INFO -  Inferred reference point at iter 16: [-0.09999999768118678, 0.04840664368577622, -0.0999942397860808]
2025-06-03 19:22:04,205 - INFO -  Scoring full pool: 9974 candidates
2025-06-03 19:22:07,845 - INFO -  GP predict time: 3.640s
2025-06-03 19:22:07,845 - INFO -   EHVI: 9974 candidates with 500 MC samples
2025-06-03 19:25:22,310 - INFO -  EHVI time: 194.465s
f1 shape: (1,)
f2 shape: (1,)
f3 shape: (1,)
2025-06-03 19:25:22,313 - INFO -  Selected idx=2261 (Cc1ccccc1-n1c(=O)n(Cc2ccc(C(=O)O)cc2)c(=O)c2[nH]cnc21) → [1.         0.15581717 1.        ]
2025-06-03 19:25:22,332 - INFO -  Hypervolume: 0.3672
2025-06-03 19:25:22,332 - INFO - 
--- Iter 17 (train size (27, 3)) ---
2025-06-03 19:25:22,332 - INFO -  Inferred reference point at iter 17: [-0.09999999768118678, 0.04840664368577622, -0.0999942397860808]
2025-06-03 19:25:22,333 - INFO -  Scoring full pool: 9973 candidates
2025-06-03 19:25:26,089 - INFO -  GP predict time: 3.755s
2025-06-03 19:25:26,089 - INFO -   EHVI: 9973 candidates with 500 MC samples
2025-06-03 19:28:40,255 - INFO -  EHVI time: 194.166s
f1 shape: (1,)
f2 shape: (1,)
f3 shape: (1,)
2025-06-03 19:28:40,257 - INFO -  Selected idx=895 (Cc1ccccc1NC(=O)c1nnc(COc2ccc(CCC(=O)O)cc2)s1) → [1.         0.16287879 1.        ]
2025-06-03 19:28:40,277 - INFO -  Hypervolume: 0.3672
2025-06-03 19:28:40,277 - INFO - 
--- Iter 18 (train size (28, 3)) ---
2025-06-03 19:28:40,277 - INFO -  Inferred reference point at iter 18: [-0.09999999768118678, 0.04840664368577622, -0.0999942397860808]
2025-06-03 19:28:40,278 - INFO -  Scoring full pool: 9972 candidates
2025-06-03 19:28:44,213 - INFO -  GP predict time: 3.935s
2025-06-03 19:28:44,213 - INFO -   EHVI: 9972 candidates with 500 MC samples
2025-06-03 19:31:58,485 - INFO -  EHVI time: 194.272s
f1 shape: (1,)
f2 shape: (1,)
f3 shape: (1,)
2025-06-03 19:31:58,488 - INFO -  Selected idx=2604 (Cc1nc2cccnc2n1-c1ccc(CC(NC2=C(Br)C(=O)C23CCCCC3)C(=O)O)cc1) → [1.         0.29020979 0.90210741]
2025-06-03 19:31:58,506 - INFO -  Hypervolume: 0.3672
2025-06-03 19:31:58,506 - INFO - 
--- Iter 19 (train size (29, 3)) ---
2025-06-03 19:31:58,506 - INFO -  Inferred reference point at iter 19: [-0.09999999768118678, 0.04840664368577622, -0.0999942397860808]
2025-06-03 19:31:58,508 - INFO -  Scoring full pool: 9971 candidates
2025-06-03 19:32:02,443 - INFO -  GP predict time: 3.936s
2025-06-03 19:32:02,444 - INFO -   EHVI: 9971 candidates with 500 MC samples
2025-06-03 19:35:16,794 - INFO -  EHVI time: 194.350s
f1 shape: (1,)
f2 shape: (1,)
f3 shape: (1,)
2025-06-03 19:35:16,796 - INFO -  Selected idx=5020 (CCc1nccn1-c1cncc(C2CCCN2Cc2ccc(F)cc2)n1) → [9.01597014e-05 2.45253165e-01 1.00000000e+00]
2025-06-03 19:35:16,817 - INFO -  Hypervolume: 0.3672
2025-06-03 19:35:16,817 - INFO - 
--- Iter 20 (train size (30, 3)) ---
2025-06-03 19:35:16,817 - INFO -  Inferred reference point at iter 20: [-0.09999999768118678, 0.04840664368577622, -0.0999942397860808]
2025-06-03 19:35:16,818 - INFO -  Scoring full pool: 9970 candidates
2025-06-03 19:35:20,887 - INFO -  GP predict time: 4.069s
2025-06-03 19:35:20,887 - INFO -   EHVI: 9970 candidates with 500 MC samples
2025-06-03 19:38:35,557 - INFO -  EHVI time: 194.669s
f1 shape: (1,)
f2 shape: (1,)
f3 shape: (1,)
2025-06-03 19:38:35,560 - INFO -  Selected idx=4918 (CC(Oc1ccc(F)cc1)C(=O)N(Cc1ccccc1)c1c(N)n(Cc2ccccc2)c(=O)[nH]c1=O) → [1.         0.17958145 1.        ]
2025-06-03 19:38:35,582 - INFO -  Hypervolume: 0.3672
2025-06-03 19:38:35,582 - INFO - 
--- Iter 21 (train size (31, 3)) ---
2025-06-03 19:38:35,582 - INFO -  Inferred reference point at iter 21: [-0.09999999768118678, 0.04840664368577622, -0.0999942397860808]
2025-06-03 19:38:35,583 - INFO -  Scoring full pool: 9969 candidates
2025-06-03 19:38:39,908 - INFO -  GP predict time: 4.324s
2025-06-03 19:38:39,908 - INFO -   EHVI: 9969 candidates with 500 MC samples
2025-06-03 19:41:54,310 - INFO -  EHVI time: 194.402s
f1 shape: (1,)
f2 shape: (1,)
f3 shape: (1,)
2025-06-03 19:41:54,312 - INFO -  Selected idx=8499 (Cc1ccc(NC(=O)CCCOc2ccccc2)cc1S(=O)(=O)N1CCOCC1) → [0.87983754 0.23176292 1.        ]
2025-06-03 19:41:54,333 - INFO -  Hypervolume: 0.3672
2025-06-03 19:41:54,333 - INFO - 
--- Iter 22 (train size (32, 3)) ---
2025-06-03 19:41:54,333 - INFO -  Inferred reference point at iter 22: [-0.09999999768118678, 0.04840664368577622, -0.0999942397860808]
2025-06-03 19:41:54,334 - INFO -  Scoring full pool: 9968 candidates
2025-06-03 19:41:58,582 - INFO -  GP predict time: 4.247s
2025-06-03 19:41:58,582 - INFO -   EHVI: 9968 candidates with 500 MC samples
2025-06-03 19:45:13,208 - INFO -  EHVI time: 194.626s
f1 shape: (1,)
f2 shape: (1,)
f3 shape: (1,)
2025-06-03 19:45:13,211 - INFO -  Selected idx=3850 (Cc1cccc(C(C)CC(=O)N2CCc3c(F)ccc(-c4cc(CC(=O)O)ccc4OCC(F)(F)F)c3C2)n1) → [0.59015828 0.26806193 0.18305058]
2025-06-03 19:45:13,235 - INFO -  Hypervolume: 0.3672
2025-06-03 19:45:13,235 - INFO - 
--- Iter 23 (train size (33, 3)) ---
2025-06-03 19:45:13,235 - INFO -  Inferred reference point at iter 23: [-0.09999999768118678, 0.04840664368577622, -0.0999942397860808]
2025-06-03 19:45:13,236 - INFO -  Scoring full pool: 9967 candidates
2025-06-03 19:45:17,808 - INFO -  GP predict time: 4.571s
2025-06-03 19:45:17,808 - INFO -   EHVI: 9967 candidates with 500 MC samples
2025-06-03 19:48:32,523 - INFO -  EHVI time: 194.715s
f1 shape: (1,)
f2 shape: (1,)
f3 shape: (1,)
2025-06-03 19:48:32,526 - INFO -  Selected idx=2340 (Cc1ccc(NC(=O)N(CCN(C)C)Cc2cc3cc4c(cc3[nH]c2=O)OCCO4)cc1) → [0.95308613 0.22894385 1.        ]
2025-06-03 19:48:32,548 - INFO -  Hypervolume: 0.3672
2025-06-03 19:48:32,548 - INFO - 
--- Iter 24 (train size (34, 3)) ---
2025-06-03 19:48:32,548 - INFO -  Inferred reference point at iter 24: [-0.09999999768118678, 0.04840664368577622, -0.0999942397860808]
2025-06-03 19:48:32,550 - INFO -  Scoring full pool: 9966 candidates
2025-06-03 19:48:37,194 - INFO -  GP predict time: 4.644s
2025-06-03 19:48:37,194 - INFO -   EHVI: 9966 candidates with 500 MC samples
2025-06-03 19:51:52,356 - INFO -  EHVI time: 195.162s
f1 shape: (1,)
f2 shape: (1,)
f3 shape: (1,)
2025-06-03 19:51:52,359 - INFO -  Selected idx=9287 (CC(CN(C)Cc1ccccc1)NC(=O)c1ccc(-c2noc(C(F)(F)F)n2)cc1) → [0.17274513 0.17702312 0.99998376]
2025-06-03 19:51:52,384 - INFO -  Hypervolume: 0.3672
2025-06-03 19:51:52,384 - INFO - 
--- Iter 25 (train size (35, 3)) ---
2025-06-03 19:51:52,384 - INFO -  Inferred reference point at iter 25: [-0.09999999768118678, 0.04840664368577622, -0.0999942397860808]
2025-06-03 19:51:52,386 - INFO -  Scoring full pool: 9965 candidates
2025-06-03 19:51:57,302 - INFO -  GP predict time: 4.917s
2025-06-03 19:51:57,303 - INFO -   EHVI: 9965 candidates with 500 MC samples
2025-06-03 19:55:12,531 - INFO -  EHVI time: 195.228s
f1 shape: (1,)
f2 shape: (1,)
f3 shape: (1,)
2025-06-03 19:55:12,533 - INFO -  Selected idx=7372 (CC(C)CCN(C(=O)Cc1ccc(Cl)c(Cl)c1)c1c(N)n(Cc2ccccc2)c(=O)[nH]c1=O) → [1.         0.20392279 0.99543122]
2025-06-03 19:55:12,559 - INFO -  Hypervolume: 0.3672
2025-06-03 19:55:12,559 - INFO - 
--- Iter 26 (train size (36, 3)) ---
2025-06-03 19:55:12,559 - INFO -  Inferred reference point at iter 26: [-0.09999999768118678, 0.04840664368577622, -0.0999942397860808]
2025-06-03 19:55:12,560 - INFO -  Scoring full pool: 9964 candidates
2025-06-03 19:55:17,507 - INFO -  GP predict time: 4.946s
2025-06-03 19:55:17,507 - INFO -   EHVI: 9964 candidates with 500 MC samples
2025-06-03 19:58:32,525 - INFO -  EHVI time: 195.018s
f1 shape: (1,)
f2 shape: (1,)
f3 shape: (1,)
2025-06-03 19:58:32,528 - INFO -  Selected idx=4928 (CCOc1cccc(NC(=O)Cc2c(C)n(C(=O)c3ccc(Cl)cc3)c3ccc(OC)cc23)c1) → [0.12381485 0.16879562 0.17077206]
2025-06-03 19:58:32,554 - INFO -  Hypervolume: 0.3672
2025-06-03 19:58:32,554 - INFO - 
--- Iter 27 (train size (37, 3)) ---
2025-06-03 19:58:32,554 - INFO -  Inferred reference point at iter 27: [-0.09999999768118678, 0.04840664368577622, -0.0999942397860808]
2025-06-03 19:58:32,555 - INFO -  Scoring full pool: 9963 candidates
2025-06-03 19:58:37,563 - INFO -  GP predict time: 5.007s
2025-06-03 19:58:37,563 - INFO -   EHVI: 9963 candidates with 500 MC samples
2025-06-03 20:01:52,933 - INFO -  EHVI time: 195.370s
f1 shape: (1,)
f2 shape: (1,)
f3 shape: (1,)
2025-06-03 20:01:52,936 - INFO -  Selected idx=2075 (COC(=O)c1ccc2[nH]c(C(=O)NC3Cc4ccccc4N(C)C3=O)cc2c1) → [1.         0.18531977 1.        ]
2025-06-03 20:01:52,963 - INFO -  Hypervolume: 0.3672
2025-06-03 20:01:52,963 - INFO - 
--- Iter 28 (train size (38, 3)) ---
2025-06-03 20:01:52,963 - INFO -  Inferred reference point at iter 28: [-0.09999999768118678, 0.04840664368577622, -0.0999942397860808]
2025-06-03 20:01:52,965 - INFO -  Scoring full pool: 9962 candidates
2025-06-03 20:01:58,108 - INFO -  GP predict time: 5.143s
2025-06-03 20:01:58,109 - INFO -   EHVI: 9962 candidates with 500 MC samples
2025-06-03 20:05:12,936 - INFO -  EHVI time: 194.828s
f1 shape: (1,)
f2 shape: (1,)
f3 shape: (1,)
2025-06-03 20:05:12,939 - INFO -  Selected idx=3688 (Cc1cccc(C(=O)NCCC(=O)N2CCc3ccccc3C2)c1) → [2.64481170e-04 2.61678201e-01 1.00000000e+00]
2025-06-03 20:05:12,967 - INFO -  Hypervolume: 0.3672
2025-06-03 20:05:12,967 - INFO - 
--- Iter 29 (train size (39, 3)) ---
2025-06-03 20:05:12,967 - INFO -  Inferred reference point at iter 29: [-0.09999999768118678, 0.04840664368577622, -0.0999942397860808]
2025-06-03 20:05:12,969 - INFO -  Scoring full pool: 9961 candidates
2025-06-03 20:05:18,183 - INFO -  GP predict time: 5.214s
2025-06-03 20:05:18,183 - INFO -   EHVI: 9961 candidates with 500 MC samples
2025-06-03 20:08:33,219 - INFO -  EHVI time: 195.035s
f1 shape: (1,)
f2 shape: (1,)
f3 shape: (1,)
2025-06-03 20:08:33,221 - INFO -  Selected idx=581 (O=C(CN1CCC(NC(=O)Oc2ccccc2)CC1)NC1CCc2cc(F)ccc2C1Cc1cccnc1) → [0.81272051 0.364654   0.97367228]
2025-06-03 20:08:33,250 - INFO -  Hypervolume: 0.3867
2025-06-03 20:08:33,251 - INFO - 
--- Iter 30 (train size (40, 3)) ---
2025-06-03 20:08:33,251 - INFO -  Inferred reference point at iter 30: [-0.09999999768118678, 0.04840664368577622, -0.0999942397860808]
2025-06-03 20:08:33,252 - INFO -  Scoring full pool: 9960 candidates
2025-06-03 20:08:38,683 - INFO -  GP predict time: 5.431s
2025-06-03 20:08:38,684 - INFO -   EHVI: 9960 candidates with 500 MC samples
2025-06-03 20:12:36,989 - INFO -  EHVI time: 238.306s
f1 shape: (1,)
f2 shape: (1,)
f3 shape: (1,)
2025-06-03 20:12:36,992 - INFO -  Selected idx=2580 (Cc1ccccc1C(=O)Nc1nnc(S(=O)(=O)N2CCc3ccccc32)s1) → [1.         0.14249639 1.        ]
2025-06-03 20:12:37,022 - INFO -  Hypervolume: 0.3867
2025-06-03 20:12:37,022 - INFO - 
--- Iter 31 (train size (41, 3)) ---
2025-06-03 20:12:37,022 - INFO -  Inferred reference point at iter 31: [-0.09999999768118678, 0.04840664368577622, -0.0999942397860808]
2025-06-03 20:12:37,024 - INFO -  Scoring full pool: 9959 candidates
2025-06-03 20:12:42,503 - INFO -  GP predict time: 5.479s
2025-06-03 20:12:42,503 - INFO -   EHVI: 9959 candidates with 500 MC samples
2025-06-03 20:16:40,741 - INFO -  EHVI time: 238.238s
f1 shape: (1,)
f2 shape: (1,)
f3 shape: (1,)
2025-06-03 20:16:40,743 - INFO -  Selected idx=7554 (N#Cc1c(NCc2ccccc2)[nH]c2cccnc12) → [0.03872577 0.11086957 1.        ]
2025-06-03 20:16:40,770 - INFO -  Hypervolume: 0.3867
2025-06-03 20:16:40,770 - INFO - 
--- Iter 32 (train size (42, 3)) ---
2025-06-03 20:16:40,770 - INFO -  Inferred reference point at iter 32: [-0.09999999768118678, 0.04840664368577622, -0.0999942397860808]
2025-06-03 20:16:40,772 - INFO -  Scoring full pool: 9958 candidates
2025-06-03 20:16:46,265 - INFO -  GP predict time: 5.492s
2025-06-03 20:16:46,265 - INFO -   EHVI: 9958 candidates with 500 MC samples
2025-06-03 20:20:44,753 - INFO -  EHVI time: 238.488s
f1 shape: (1,)
f2 shape: (1,)
f3 shape: (1,)
2025-06-03 20:20:44,755 - INFO -  Selected idx=1516 (CCN(C(=O)c1ccc(O)nc1)c1c(N)n(Cc2ccccc2)c(=O)[nH]c1=O) → [1.         0.15172414 1.        ]
2025-06-03 20:20:44,787 - INFO -  Hypervolume: 0.3867
2025-06-03 20:20:44,787 - INFO - 
--- Iter 33 (train size (43, 3)) ---
2025-06-03 20:20:44,787 - INFO -  Inferred reference point at iter 33: [-0.09999999768118678, 0.04840664368577622, -0.0999942397860808]
2025-06-03 20:20:44,789 - INFO -  Scoring full pool: 9957 candidates
2025-06-03 20:20:50,530 - INFO -  GP predict time: 5.740s
2025-06-03 20:20:50,530 - INFO -   EHVI: 9957 candidates with 500 MC samples
2025-06-03 20:24:49,222 - INFO -  EHVI time: 238.692s
f1 shape: (1,)
f2 shape: (1,)
f3 shape: (1,)
2025-06-03 20:24:49,225 - INFO -  Selected idx=3704 (COCCn1c(=O)c(-c2c(Cl)cccc2Cl)cc2c(N)nc(Nc3ccccc3)nc21) → [1.         0.1471519  0.76188997]
2025-06-03 20:24:49,257 - INFO -  Hypervolume: 0.3867
2025-06-03 20:24:49,257 - INFO - 
--- Iter 34 (train size (44, 3)) ---
2025-06-03 20:24:49,257 - INFO -  Inferred reference point at iter 34: [-0.09999999768118678, 0.04840664368577622, -0.0999942397860808]
2025-06-03 20:24:49,259 - INFO -  Scoring full pool: 9956 candidates
2025-06-03 20:24:55,215 - INFO -  GP predict time: 5.955s
2025-06-03 20:24:55,215 - INFO -   EHVI: 9956 candidates with 500 MC samples
2025-06-03 20:28:53,768 - INFO -  EHVI time: 238.553s
f1 shape: (1,)
f2 shape: (1,)
f3 shape: (1,)
2025-06-03 20:28:53,770 - INFO -  Selected idx=7104 (Cc1ccccc1NC(=O)C1CC(=O)N(Cc2ccccc2)C1) → [2.64481170e-04 2.21088435e-01 1.00000000e+00]
2025-06-03 20:28:53,804 - INFO -  Hypervolume: 0.3867
2025-06-03 20:28:53,804 - INFO - 
--- Iter 35 (train size (45, 3)) ---
2025-06-03 20:28:53,804 - INFO -  Inferred reference point at iter 35: [-0.09999999768118678, 0.04840664368577622, -0.0999942397860808]
2025-06-03 20:28:53,806 - INFO -  Scoring full pool: 9955 candidates
2025-06-03 20:28:59,704 - INFO -  GP predict time: 5.898s
2025-06-03 20:28:59,705 - INFO -   EHVI: 9955 candidates with 500 MC samples
2025-06-03 20:32:57,940 - INFO -  EHVI time: 238.235s
f1 shape: (1,)
f2 shape: (1,)
f3 shape: (1,)
2025-06-03 20:32:57,943 - INFO -  Selected idx=1725 (NC(=O)c1ccc(-c2cc3c(=O)nc(N4CCOCC4)oc3c3ccccc23)cc1) → [1.         0.25668073 1.        ]
2025-06-03 20:32:57,978 - INFO -  Hypervolume: 0.3867
2025-06-03 20:32:57,978 - INFO - 
--- Iter 36 (train size (46, 3)) ---
2025-06-03 20:32:57,978 - INFO -  Inferred reference point at iter 36: [-0.09999999768118678, 0.04840664368577622, -0.0999942397860808]
2025-06-03 20:32:57,980 - INFO -  Scoring full pool: 9954 candidates
2025-06-03 20:33:04,153 - INFO -  GP predict time: 6.174s
2025-06-03 20:33:04,154 - INFO -   EHVI: 9954 candidates with 500 MC samples
2025-06-03 20:37:03,021 - INFO -  EHVI time: 238.867s
f1 shape: (1,)
f2 shape: (1,)
f3 shape: (1,)
2025-06-03 20:37:03,023 - INFO -  Selected idx=5175 (CCN(C(=O)COC(=O)C=Cc1ccc2c(c1)OCO2)c1c(N)n(Cc2ccccc2)c(=O)[nH]c1=O) → [1.         0.18547382 1.        ]
2025-06-03 20:37:03,058 - INFO -  Hypervolume: 0.3867
2025-06-03 20:37:03,058 - INFO - 
--- Iter 37 (train size (47, 3)) ---
2025-06-03 20:37:03,058 - INFO -  Inferred reference point at iter 37: [-0.09999999768118678, 0.04840664368577622, -0.0999942397860808]
2025-06-03 20:37:03,060 - INFO -  Scoring full pool: 9953 candidates
2025-06-03 20:37:09,304 - INFO -  GP predict time: 6.244s
2025-06-03 20:37:09,304 - INFO -   EHVI: 9953 candidates with 500 MC samples
2025-06-03 20:41:07,443 - INFO -  EHVI time: 238.139s
f1 shape: (1,)
f2 shape: (1,)
f3 shape: (1,)
2025-06-03 20:41:07,445 - INFO -  Selected idx=5343 (CCOCC(=O)Nc1ccc(S(=O)(=O)N2CCC(c3nc4ccccc4[nH]3)CC2)cc1) → [1.         0.25439239 1.        ]
2025-06-03 20:41:07,478 - INFO -  Hypervolume: 0.3867
2025-06-03 20:41:07,479 - INFO - 
--- Iter 38 (train size (48, 3)) ---
2025-06-03 20:41:07,479 - INFO -  Inferred reference point at iter 38: [-0.09999999768118678, 0.04840664368577622, -0.0999942397860808]
2025-06-03 20:41:07,481 - INFO -  Scoring full pool: 9952 candidates
2025-06-03 20:41:13,806 - INFO -  GP predict time: 6.325s
2025-06-03 20:41:13,806 - INFO -   EHVI: 9952 candidates with 500 MC samples
2025-06-03 20:45:12,794 - INFO -  EHVI time: 238.988s
f1 shape: (1,)
f2 shape: (1,)
f3 shape: (1,)
2025-06-03 20:45:12,797 - INFO -  Selected idx=1810 (O=C(O)c1cn(Cc2ccc3[nH]ncc3c2)c2cccc(F)c2c1=O) → [0.97980471 0.16491754 1.        ]
2025-06-03 20:45:12,835 - INFO -  Hypervolume: 0.3867
2025-06-03 20:45:12,835 - INFO - 
--- Iter 39 (train size (49, 3)) ---
2025-06-03 20:45:12,835 - INFO -  Inferred reference point at iter 39: [-0.09999999768118678, 0.04840664368577622, -0.0999942397860808]
2025-06-03 20:45:12,837 - INFO -  Scoring full pool: 9951 candidates
2025-06-03 20:45:19,219 - INFO -  GP predict time: 6.382s
2025-06-03 20:45:19,219 - INFO -   EHVI: 9951 candidates with 500 MC samples
2025-06-03 20:49:18,136 - INFO -  EHVI time: 238.917s
f1 shape: (1,)
f2 shape: (1,)
f3 shape: (1,)
2025-06-03 20:49:18,139 - INFO -  Selected idx=6143 (Cc1ccc(S(=O)(=O)NC2(C(F)(F)F)NC(=O)N(c3ccccc3F)C2=O)cc1) → [1.         0.09847522 1.        ]
2025-06-03 20:49:18,178 - INFO -  Hypervolume: 0.3867
2025-06-03 20:49:18,178 - INFO - 
--- Iter 40 (train size (50, 3)) ---
2025-06-03 20:49:18,178 - INFO -  Inferred reference point at iter 40: [-0.09999999768118678, 0.04840664368577622, -0.0999942397860808]
2025-06-03 20:49:18,180 - INFO -  Scoring full pool: 9950 candidates
2025-06-03 20:49:24,802 - INFO -  GP predict time: 6.622s
2025-06-03 20:49:24,802 - INFO -   EHVI: 9950 candidates with 500 MC samples
2025-06-03 20:53:23,280 - INFO -  EHVI time: 238.478s
f1 shape: (1,)
f2 shape: (1,)
f3 shape: (1,)
2025-06-03 20:53:23,283 - INFO -  Selected idx=5263 (CC(Sc1nnnn1-c1ccc(O)cc1)C(=O)NNC(=O)c1ccc(F)cc1) → [1.         0.10387324 1.        ]
2025-06-03 20:53:23,322 - INFO -  Hypervolume: 0.3867
2025-06-03 20:53:23,323 - INFO - 
--- Iter 41 (train size (51, 3)) ---
2025-06-03 20:53:23,323 - INFO -  Inferred reference point at iter 41: [-0.09999999768118678, 0.04840664368577622, -0.0999942397860808]
2025-06-03 20:53:23,325 - INFO -  Scoring full pool: 9949 candidates
2025-06-03 20:53:30,098 - INFO -  GP predict time: 6.774s
2025-06-03 20:53:30,099 - INFO -   EHVI: 9949 candidates with 500 MC samples
2025-06-03 20:57:28,903 - INFO -  EHVI time: 238.805s
f1 shape: (1,)
f2 shape: (1,)
f3 shape: (1,)
2025-06-03 20:57:28,906 - INFO -  Selected idx=624 (O=C(c1ccccn1)c1cnn2c(-c3cccc(NC(=O)C4CC4)c3)ccnc12) → [0.99719145 0.20035461 1.        ]
2025-06-03 20:57:28,947 - INFO -  Hypervolume: 0.3867
2025-06-03 20:57:28,948 - INFO - 
--- Iter 42 (train size (52, 3)) ---
2025-06-03 20:57:28,948 - INFO -  Inferred reference point at iter 42: [-0.09999999768118678, 0.04840664368577622, -0.0999942397860808]
2025-06-03 20:57:28,950 - INFO -  Scoring full pool: 9948 candidates
2025-06-03 20:57:35,738 - INFO -  GP predict time: 6.789s
2025-06-03 20:57:35,738 - INFO -   EHVI: 9948 candidates with 500 MC samples
2025-06-03 21:01:34,351 - INFO -  EHVI time: 238.612s
f1 shape: (1,)
f2 shape: (1,)
f3 shape: (1,)
2025-06-03 21:01:34,353 - INFO -  Selected idx=9453 (Cc1ccc2c(c1)N(CC(=O)NCC1COc3ccccc3O1)C(=O)CO2) → [0.4351563  0.21280675 1.        ]
2025-06-03 21:01:34,395 - INFO -  Hypervolume: 0.3867
2025-06-03 21:01:34,395 - INFO - 
--- Iter 43 (train size (53, 3)) ---
2025-06-03 21:01:34,395 - INFO -  Inferred reference point at iter 43: [-0.09999999768118678, 0.04840664368577622, -0.0999942397860808]
2025-06-03 21:01:34,398 - INFO -  Scoring full pool: 9947 candidates
2025-06-03 21:01:41,592 - INFO -  GP predict time: 7.194s
2025-06-03 21:01:41,592 - INFO -   EHVI: 9947 candidates with 500 MC samples
2025-06-03 21:05:40,424 - INFO -  EHVI time: 238.832s
f1 shape: (1,)
f2 shape: (1,)
f3 shape: (1,)
2025-06-03 21:05:40,426 - INFO -  Selected idx=2757 (Cc1ccc(Cn2ccnc2C(=O)Nc2ccccc2)cc1) → [9.33241165e-05 1.74957841e-01 1.00000000e+00]
2025-06-03 21:05:40,470 - INFO -  Hypervolume: 0.3867
2025-06-03 21:05:40,470 - INFO - 
--- Iter 44 (train size (54, 3)) ---
2025-06-03 21:05:40,470 - INFO -  Inferred reference point at iter 44: [-0.09999999768118678, 0.04840664368577622, -0.0999942397860808]
2025-06-03 21:05:40,472 - INFO -  Scoring full pool: 9946 candidates
2025-06-03 21:05:47,707 - INFO -  GP predict time: 7.235s
2025-06-03 21:05:47,707 - INFO -   EHVI: 9946 candidates with 500 MC samples
2025-06-03 21:09:46,012 - INFO -  EHVI time: 238.305s
f1 shape: (1,)
f2 shape: (1,)
f3 shape: (1,)
2025-06-03 21:09:46,015 - INFO -  Selected idx=1263 (Cc1ccc(S(=O)(=O)NC(=O)Nc2nnc(-c3ccc4c(c3)OCO4)c(N)n2)cc1) → [1.         0.09512684 1.        ]
2025-06-03 21:09:46,059 - INFO -  Hypervolume: 0.3867
2025-06-03 21:09:46,059 - INFO - 
--- Iter 45 (train size (55, 3)) ---
2025-06-03 21:09:46,059 - INFO -  Inferred reference point at iter 45: [-0.09999999768118678, 0.04840664368577622, -0.0999942397860808]
2025-06-03 21:09:46,061 - INFO -  Scoring full pool: 9945 candidates
2025-06-03 21:09:53,326 - INFO -  GP predict time: 7.265s
2025-06-03 21:09:53,326 - INFO -   EHVI: 9945 candidates with 500 MC samples
2025-06-03 21:13:51,392 - INFO -  EHVI time: 238.066s
f1 shape: (1,)
f2 shape: (1,)
f3 shape: (1,)
2025-06-03 21:13:51,394 - INFO -  Selected idx=1492 (Nc1nc(Nc2ccc(C(=O)O)cc2)sc1C(=O)c1cccnc1) → [1.        0.1244168 1.       ]
2025-06-03 21:13:51,438 - INFO -  Hypervolume: 0.3867
2025-06-03 21:13:51,438 - INFO - 
--- Iter 46 (train size (56, 3)) ---
2025-06-03 21:13:51,438 - INFO -  Inferred reference point at iter 46: [-0.09999999768118678, 0.04840664368577622, -0.0999942397860808]
2025-06-03 21:13:51,440 - INFO -  Scoring full pool: 9944 candidates
2025-06-03 21:13:58,776 - INFO -  GP predict time: 7.336s
2025-06-03 21:13:58,776 - INFO -   EHVI: 9944 candidates with 500 MC samples
2025-06-03 21:17:57,922 - INFO -  EHVI time: 239.146s
f1 shape: (1,)
f2 shape: (1,)
f3 shape: (1,)
2025-06-03 21:17:57,925 - INFO -  Selected idx=3829 (O=C(CSc1nc2c([nH]c3ccccc32)c(=O)n1-c1ccc(F)cc1)Nc1ccc2c(c1)OCO2) → [1.         0.13242142 0.89727608]
2025-06-03 21:17:57,968 - INFO -  Hypervolume: 0.3867
2025-06-03 21:17:57,968 - INFO - 
--- Iter 47 (train size (57, 3)) ---
2025-06-03 21:17:57,968 - INFO -  Inferred reference point at iter 47: [-0.09999999768118678, 0.04840664368577622, -0.0999942397860808]
2025-06-03 21:17:57,971 - INFO -  Scoring full pool: 9943 candidates
2025-06-03 21:18:05,423 - INFO -  GP predict time: 7.452s
2025-06-03 21:18:05,423 - INFO -   EHVI: 9943 candidates with 500 MC samples
2025-06-03 21:22:03,819 - INFO -  EHVI time: 238.396s
f1 shape: (1,)
f2 shape: (1,)
f3 shape: (1,)
2025-06-03 21:22:03,821 - INFO -  Selected idx=2434 (CC1=C(C(=O)OCc2ccccc2)C(c2ccc(C3CCCCC3)cc2)NC(=O)N1CCCCCC(=O)O) → [1.         0.2898773  0.04816202]
2025-06-03 21:22:03,866 - INFO -  Hypervolume: 0.3867
2025-06-03 21:22:03,866 - INFO - 
--- Iter 48 (train size (58, 3)) ---
2025-06-03 21:22:03,866 - INFO -  Inferred reference point at iter 48: [-0.09999999768118678, 0.04840664368577622, -0.0999942397860808]
2025-06-03 21:22:03,868 - INFO -  Scoring full pool: 9942 candidates
2025-06-03 21:22:11,504 - INFO -  GP predict time: 7.635s
2025-06-03 21:22:11,504 - INFO -   EHVI: 9942 candidates with 500 MC samples
2025-06-03 21:26:11,872 - INFO -  EHVI time: 240.368s
f1 shape: (1,)
f2 shape: (1,)
f3 shape: (1,)
2025-06-03 21:26:11,874 - INFO -  Selected idx=18 (O=C(Cn1ncc2ccccc21)N1CCN(c2scnc2-c2nc3ccccc3[nH]2)CC1) → [0.77941004 0.28930131 1.        ]
2025-06-03 21:26:11,924 - INFO -  Hypervolume: 0.3867
2025-06-03 21:26:11,924 - INFO - 
--- Iter 49 (train size (59, 3)) ---
2025-06-03 21:26:11,924 - INFO -  Inferred reference point at iter 49: [-0.09999999768118678, 0.04840664368577622, -0.0999942397860808]
2025-06-03 21:26:11,927 - INFO -  Scoring full pool: 9941 candidates
2025-06-03 21:26:20,007 - INFO -  GP predict time: 8.080s
2025-06-03 21:26:20,007 - INFO -   EHVI: 9941 candidates with 500 MC samples
2025-06-03 21:30:21,274 - INFO -  EHVI time: 241.266s
f1 shape: (1,)
f2 shape: (1,)
f3 shape: (1,)
2025-06-03 21:30:21,276 - INFO -  Selected idx=1797 (CCN(CC(=O)NCc1ccc(Cl)cc1)S(=O)(=O)c1ccc(NC(C)=O)cc1) → [1.         0.18916914 1.        ]
2025-06-03 21:30:21,324 - INFO -  Hypervolume: 0.3867
2025-06-03 21:30:21,325 - INFO - 
--- Iter 50 (train size (60, 3)) ---
2025-06-03 21:30:21,325 - INFO -  Inferred reference point at iter 50: [-0.09999999768118678, 0.04840664368577622, -0.0999942397860808]
2025-06-03 21:30:21,327 - INFO -  Scoring full pool: 9940 candidates
2025-06-03 21:30:29,511 - INFO -  GP predict time: 8.184s
2025-06-03 21:30:29,511 - INFO -   EHVI: 9940 candidates with 500 MC samples
2025-06-03 21:34:30,356 - INFO -  EHVI time: 240.845s
f1 shape: (1,)
f2 shape: (1,)
f3 shape: (1,)
2025-06-03 21:34:30,358 - INFO -  Selected idx=918 (CN(C)S(=O)(=O)c1ccc(Nc2ccc(C(=O)c3ccccc3)c(N)n2)cc1) → [1.         0.15945748 1.        ]
2025-06-03 21:34:30,412 - INFO -  Hypervolume: 0.3867
2025-06-03 21:34:30,412 - INFO - 
--- Iter 51 (train size (61, 3)) ---
2025-06-03 21:34:30,412 - INFO -  Inferred reference point at iter 51: [-0.09999999768118678, 0.04840664368577622, -0.0999942397860808]
2025-06-03 21:34:30,415 - INFO -  Scoring full pool: 9939 candidates
2025-06-03 21:34:39,013 - INFO -  GP predict time: 8.598s
2025-06-03 21:34:39,013 - INFO -   EHVI: 9939 candidates with 500 MC samples
2025-06-03 21:38:39,742 - INFO -  EHVI time: 240.729s
f1 shape: (1,)
f2 shape: (1,)
f3 shape: (1,)
2025-06-03 21:38:39,744 - INFO -  Selected idx=185 (Cc1c(CNc2ccc(C(=O)O)cc2)ccc2nc(N)nc(N)c12) → [1.        0.1547619 1.       ]
2025-06-03 21:38:39,799 - INFO -  Hypervolume: 0.3867
2025-06-03 21:38:39,799 - INFO - 
--- Iter 52 (train size (62, 3)) ---
2025-06-03 21:38:39,799 - INFO -  Inferred reference point at iter 52: [-0.09999999768118678, 0.04840664368577622, -0.0999942397860808]
2025-06-03 21:38:39,802 - INFO -  Scoring full pool: 9938 candidates
2025-06-03 21:38:48,417 - INFO -  GP predict time: 8.616s
2025-06-03 21:38:48,418 - INFO -   EHVI: 9938 candidates with 500 MC samples
2025-06-03 21:42:49,949 - INFO -  EHVI time: 241.531s
f1 shape: (1,)
f2 shape: (1,)
f3 shape: (1,)
2025-06-03 21:42:49,951 - INFO -  Selected idx=4077 (Cc1cc2ccccc2c(=O)n1CC(=O)Nc1ccc2c(c1)OCO2) → [0.12381485 0.15863914 1.        ]
2025-06-03 21:42:50,007 - INFO -  Hypervolume: 0.3867
2025-06-03 21:42:50,007 - INFO - 
--- Iter 53 (train size (63, 3)) ---
2025-06-03 21:42:50,007 - INFO -  Inferred reference point at iter 53: [-0.09999999768118678, 0.04840664368577622, -0.0999942397860808]
2025-06-03 21:42:50,009 - INFO -  Scoring full pool: 9937 candidates
2025-06-03 21:42:58,651 - INFO -  GP predict time: 8.641s
2025-06-03 21:42:58,651 - INFO -   EHVI: 9937 candidates with 500 MC samples
2025-06-03 21:46:59,032 - INFO -  EHVI time: 240.381s
f1 shape: (1,)
f2 shape: (1,)
f3 shape: (1,)
2025-06-03 21:46:59,035 - INFO -  Selected idx=7481 (CC(C)(C)Cn1cc(-c2ccc(C(=O)NCCc3ccc(S(C)(=O)=O)cc3)cc2)c(N)n1) → [1.         0.19176136 1.        ]
2025-06-03 21:46:59,092 - INFO -  Hypervolume: 0.3867
2025-06-03 21:46:59,092 - INFO - 
--- Iter 54 (train size (64, 3)) ---
2025-06-03 21:46:59,092 - INFO -  Inferred reference point at iter 54: [-0.09999999768118678, 0.04840664368577622, -0.0999942397860808]
2025-06-03 21:46:59,094 - INFO -  Scoring full pool: 9936 candidates
2025-06-03 21:47:07,766 - INFO -  GP predict time: 8.672s
2025-06-03 21:47:07,766 - INFO -   EHVI: 9936 candidates with 500 MC samples
2025-06-03 21:51:07,917 - INFO -  EHVI time: 240.151s
f1 shape: (1,)
f2 shape: (1,)
f3 shape: (1,)
2025-06-03 21:51:07,920 - INFO -  Selected idx=6526 (NC(=O)c1c(NC(=O)c2ccc([N+](=O)[O-])s2)sc2c1CCN(S(=O)(=O)c1ccc(Br)cc1)C2) → [1.         0.13837638 1.        ]
2025-06-03 21:51:08,232 - INFO -  Hypervolume: 0.3867
2025-06-03 21:51:08,232 - INFO - 
--- Iter 55 (train size (65, 3)) ---
2025-06-03 21:51:08,232 - INFO -  Inferred reference point at iter 55: [-0.09999999768118678, 0.04840664368577622, -0.0999942397860808]
2025-06-03 21:51:08,234 - INFO -  Scoring full pool: 9935 candidates
2025-06-03 21:51:17,117 - INFO -  GP predict time: 8.882s
2025-06-03 21:51:17,117 - INFO -   EHVI: 9935 candidates with 500 MC samples
2025-06-03 21:55:18,152 - INFO -  EHVI time: 241.035s
f1 shape: (1,)
f2 shape: (1,)
f3 shape: (1,)
2025-06-03 21:55:18,155 - INFO -  Selected idx=2005 (CC(C)Oc1cc(C(=O)O)cc(NC(=O)c2nc3c(s2)CN(C(C)C)CC3)c1CCC(=O)Nc1ccc(Cl)cc1) → [1.         0.19664466 0.17339345]
2025-06-03 21:55:18,215 - INFO -  Hypervolume: 0.3867
2025-06-03 21:55:18,215 - INFO - 
--- Iter 56 (train size (66, 3)) ---
2025-06-03 21:55:18,216 - INFO -  Inferred reference point at iter 56: [-0.09999999768118678, 0.04840664368577622, -0.0999942397860808]
2025-06-03 21:55:18,218 - INFO -  Scoring full pool: 9934 candidates
2025-06-03 21:55:27,294 - INFO -  GP predict time: 9.075s
2025-06-03 21:55:27,294 - INFO -   EHVI: 9934 candidates with 500 MC samples
2025-06-03 21:59:30,050 - INFO -  EHVI time: 242.756s
f1 shape: (1,)
f2 shape: (1,)
f3 shape: (1,)
2025-06-03 21:59:30,051 - INFO -  Selected idx=835 (O=C(Nc1nc2ccccc2[nH]1)c1ccccc1F) → [0.00556843 0.10850694 1.        ]
2025-06-03 21:59:30,111 - INFO -  Hypervolume: 0.3867
2025-06-03 21:59:30,111 - INFO - 
--- Iter 57 (train size (67, 3)) ---
2025-06-03 21:59:30,112 - INFO -  Inferred reference point at iter 57: [-0.09999999768118678, 0.04840664368577622, -0.0999942397860808]
2025-06-03 21:59:30,114 - INFO -  Scoring full pool: 9933 candidates
2025-06-03 21:59:39,050 - INFO -  GP predict time: 8.936s
2025-06-03 21:59:39,050 - INFO -   EHVI: 9933 candidates with 500 MC samples
2025-06-03 22:03:39,555 - INFO -  EHVI time: 240.505s
f1 shape: (1,)
f2 shape: (1,)
f3 shape: (1,)
2025-06-03 22:03:39,558 - INFO -  Selected idx=7626 (CN(CC(=O)Nc1ccccc1Cl)C(=O)C1CCN(C(=O)c2ccc(F)cc2)CC1) → [0.12791465 0.27439024 1.        ]
2025-06-03 22:03:39,620 - INFO -  Hypervolume: 0.3867
2025-06-03 22:03:39,620 - INFO - 
--- Iter 58 (train size (68, 3)) ---
2025-06-03 22:03:39,620 - INFO -  Inferred reference point at iter 58: [-0.09999999768118678, 0.04840664368577622, -0.0999942397860808]
2025-06-03 22:03:39,623 - INFO -  Scoring full pool: 9932 candidates
2025-06-03 22:03:48,795 - INFO -  GP predict time: 9.172s
2025-06-03 22:03:48,795 - INFO -   EHVI: 9932 candidates with 500 MC samples
2025-06-03 22:07:49,883 - INFO -  EHVI time: 241.088s
f1 shape: (1,)
f2 shape: (1,)
f3 shape: (1,)
2025-06-03 22:07:49,885 - INFO -  Selected idx=9587 (CCN(C(=O)c1ccc2c(=O)n3c(nc2c1)CCCCC3)c1ccc(F)cc1) → [0.00234563 0.26623867 1.        ]
2025-06-03 22:07:49,946 - INFO -  Hypervolume: 0.3867
2025-06-03 22:07:49,946 - INFO - 
--- Iter 59 (train size (69, 3)) ---
2025-06-03 22:07:49,946 - INFO -  Inferred reference point at iter 59: [-0.09999999768118678, 0.04840664368577622, -0.0999942397860808]
2025-06-03 22:07:49,948 - INFO -  Scoring full pool: 9931 candidates
2025-06-03 22:07:59,154 - INFO -  GP predict time: 9.206s
2025-06-03 22:07:59,154 - INFO -   EHVI: 9931 candidates with 500 MC samples
2025-06-03 22:12:02,027 - INFO -  EHVI time: 242.873s
f1 shape: (1,)
f2 shape: (1,)
f3 shape: (1,)
2025-06-03 22:12:02,029 - INFO -  Selected idx=1162 (O=C(c1ccc(CS(=O)(=O)c2ccc(Br)cc2)o1)N1CCC2(CC1)OCCO2) → [0.92495286 0.22675305 1.        ]
2025-06-03 22:12:02,094 - INFO -  Hypervolume: 0.3867
2025-06-03 22:12:02,094 - INFO - 
--- Iter 60 (train size (70, 3)) ---
2025-06-03 22:12:02,094 - INFO -  Inferred reference point at iter 60: [-0.09999999768118678, 0.04840664368577622, -0.0999942397860808]
2025-06-03 22:12:02,097 - INFO -  Scoring full pool: 9930 candidates
2025-06-03 22:12:11,779 - INFO -  GP predict time: 9.682s
2025-06-03 22:12:11,780 - INFO -   EHVI: 9930 candidates with 500 MC samples
2025-06-03 22:16:15,934 - INFO -  EHVI time: 244.154s
f1 shape: (1,)
f2 shape: (1,)
f3 shape: (1,)
2025-06-03 22:16:15,936 - INFO -  Selected idx=1155 (Cc1cc2ccccc2nc1N(Cc1cccc(OC(F)(F)F)c1)S(=O)(=O)c1ccc(C(=O)O)cc1) → [1.         0.17477629 0.3076136 ]
2025-06-03 22:16:16,001 - INFO -  Hypervolume: 0.3867
2025-06-03 22:16:16,002 - INFO - 
--- Iter 61 (train size (71, 3)) ---
2025-06-03 22:16:16,002 - INFO -  Inferred reference point at iter 61: [-0.09999999768118678, 0.04840664368577622, -0.0999942397860808]
2025-06-03 22:16:16,004 - INFO -  Scoring full pool: 9929 candidates
2025-06-03 22:16:25,721 - INFO -  GP predict time: 9.717s
2025-06-03 22:16:25,721 - INFO -   EHVI: 9929 candidates with 500 MC samples
2025-06-03 22:20:27,905 - INFO -  EHVI time: 242.183s
f1 shape: (1,)
f2 shape: (1,)
f3 shape: (1,)
2025-06-03 22:20:27,907 - INFO -  Selected idx=3267 (COc1ccc(CNS(=O)(=O)CCNC(=O)c2ccccc2)cc1) → [0.85963276 0.18272425 1.        ]
2025-06-03 22:20:27,977 - INFO -  Hypervolume: 0.3867
2025-06-03 22:20:27,977 - INFO - 
--- Iter 62 (train size (72, 3)) ---
2025-06-03 22:20:27,977 - INFO -  Inferred reference point at iter 62: [-0.09999999768118678, 0.04840664368577622, -0.0999942397860808]
2025-06-03 22:20:27,980 - INFO -  Scoring full pool: 9928 candidates
2025-06-03 22:20:37,699 - INFO -  GP predict time: 9.720s
2025-06-03 22:20:37,699 - INFO -   EHVI: 9928 candidates with 500 MC samples
2025-06-03 22:24:40,017 - INFO -  EHVI time: 242.318s
f1 shape: (1,)
f2 shape: (1,)
f3 shape: (1,)
2025-06-03 22:24:40,020 - INFO -  Selected idx=8367 (Cc1ccccc1Oc1nc(Nc2ccc(C#N)cc2)c(=O)n(C)c1C) → [0.60289152 0.10714286 1.        ]
2025-06-03 22:24:40,091 - INFO -  Hypervolume: 0.3867
2025-06-03 22:24:40,091 - INFO - 
--- Iter 63 (train size (73, 3)) ---
2025-06-03 22:24:40,091 - INFO -  Inferred reference point at iter 63: [-0.09999999768118678, 0.04840664368577622, -0.0999942397860808]
2025-06-03 22:24:40,094 - INFO -  Scoring full pool: 9927 candidates
2025-06-03 22:24:49,904 - INFO -  GP predict time: 9.810s
2025-06-03 22:24:49,904 - INFO -   EHVI: 9927 candidates with 500 MC samples
2025-06-03 22:28:52,139 - INFO -  EHVI time: 242.234s
f1 shape: (1,)
f2 shape: (1,)
f3 shape: (1,)
2025-06-03 22:28:52,140 - INFO -  Selected idx=4890 (O=C(C=Cc1ccc2ccccc2c1)NC1=C(C(=O)O)CCCC1) → [0.06174144 0.2826087  1.        ]
2025-06-03 22:28:52,208 - INFO -  Hypervolume: 0.3867
2025-06-03 22:28:52,209 - INFO - 
--- Iter 64 (train size (74, 3)) ---
2025-06-03 22:28:52,209 - INFO -  Inferred reference point at iter 64: [-0.09999999768118678, 0.04840664368577622, -0.0999942397860808]
2025-06-03 22:28:52,211 - INFO -  Scoring full pool: 9926 candidates
2025-06-03 22:29:02,339 - INFO -  GP predict time: 10.128s
2025-06-03 22:29:02,340 - INFO -   EHVI: 9926 candidates with 500 MC samples
2025-06-03 22:33:05,029 - INFO -  EHVI time: 242.690s
f1 shape: (1,)
f2 shape: (1,)
f3 shape: (1,)
2025-06-03 22:33:05,032 - INFO -  Selected idx=6655 (O=C(OCn1nnc2ccccc2c1=O)c1ccc(N2CCOCC2)c([N+](=O)[O-])c1) → [1.         0.18356643 1.        ]
2025-06-03 22:33:05,107 - INFO -  Hypervolume: 0.3867
2025-06-03 22:33:05,107 - INFO - 
--- Iter 65 (train size (75, 3)) ---
2025-06-03 22:33:05,107 - INFO -  Inferred reference point at iter 65: [-0.09999999768118678, 0.04840664368577622, -0.0999942397860808]
2025-06-03 22:33:05,110 - INFO -  Scoring full pool: 9925 candidates
2025-06-03 22:33:15,706 - INFO -  GP predict time: 10.596s
2025-06-03 22:33:15,706 - INFO -   EHVI: 9925 candidates with 500 MC samples
2025-06-03 22:37:18,506 - INFO -  EHVI time: 242.800s
f1 shape: (1,)
f2 shape: (1,)
f3 shape: (1,)
2025-06-03 22:37:18,508 - INFO -  Selected idx=9702 (NC(=O)c1cccc2c(NCc3ccc(NS(=O)(=O)c4ccccc4)cc3)ncnc12) → [1.         0.17932489 1.        ]
2025-06-03 22:37:18,581 - INFO -  Hypervolume: 0.3867
2025-06-03 22:37:18,581 - INFO - 
--- Iter 66 (train size (76, 3)) ---
2025-06-03 22:37:18,581 - INFO -  Inferred reference point at iter 66: [-0.09999999768118678, 0.04840664368577622, -0.0999942397860808]
2025-06-03 22:37:18,584 - INFO -  Scoring full pool: 9924 candidates
2025-06-03 22:37:28,740 - INFO -  GP predict time: 10.156s
2025-06-03 22:37:28,740 - INFO -   EHVI: 9924 candidates with 500 MC samples
2025-06-03 22:41:31,226 - INFO -  EHVI time: 242.485s
f1 shape: (1,)
f2 shape: (1,)
f3 shape: (1,)
2025-06-03 22:41:31,228 - INFO -  Selected idx=3019 (CCCCc1ccc(C(=O)Nc2ccc3[nH]c(N)nc3c2)cc1) → [0.82514182 0.2044293  1.        ]
2025-06-03 22:41:31,304 - INFO -  Hypervolume: 0.3867
2025-06-03 22:41:31,304 - INFO - 
--- Iter 67 (train size (77, 3)) ---
2025-06-03 22:41:31,304 - INFO -  Inferred reference point at iter 67: [-0.09999999768118678, 0.04840664368577622, -0.0999942397860808]
2025-06-03 22:41:31,307 - INFO -  Scoring full pool: 9923 candidates
2025-06-03 22:41:41,875 - INFO -  GP predict time: 10.568s
2025-06-03 22:41:41,876 - INFO -   EHVI: 9923 candidates with 500 MC samples
2025-06-03 22:45:43,515 - INFO -  EHVI time: 241.640s
f1 shape: (1,)
f2 shape: (1,)
f3 shape: (1,)
2025-06-03 22:45:43,517 - INFO -  Selected idx=4670 (O=C(NCCO)c1c(O)c2ncc(Cc3ccc(F)cc3)cc2[nH]c1=O) → [1.        0.1714939 1.       ]
2025-06-03 22:45:43,592 - INFO -  Hypervolume: 0.3867
2025-06-03 22:45:43,592 - INFO - 
--- Iter 68 (train size (78, 3)) ---
2025-06-03 22:45:43,592 - INFO -  Inferred reference point at iter 68: [-0.09999999768118678, 0.04840664368577622, -0.0999942397860808]
2025-06-03 22:45:43,595 - INFO -  Scoring full pool: 9922 candidates
2025-06-03 22:45:54,214 - INFO -  GP predict time: 10.619s
2025-06-03 22:45:54,214 - INFO -   EHVI: 9922 candidates with 500 MC samples
2025-06-03 22:49:57,481 - INFO -  EHVI time: 243.268s
f1 shape: (1,)
f2 shape: (1,)
f3 shape: (1,)
2025-06-03 22:49:57,484 - INFO -  Selected idx=707 (CCC(=O)NCCc1nc2cc(NC(=O)c3cccc([N+](=O)[O-])c3)ccc2n1C) → [1.        0.2191679 1.       ]
2025-06-03 22:49:57,563 - INFO -  Hypervolume: 0.3867
2025-06-03 22:49:57,563 - INFO - 
--- Iter 69 (train size (79, 3)) ---
2025-06-03 22:49:57,564 - INFO -  Inferred reference point at iter 69: [-0.09999999768118678, 0.04840664368577622, -0.0999942397860808]
2025-06-03 22:49:57,567 - INFO -  Scoring full pool: 9921 candidates
2025-06-03 22:50:08,347 - INFO -  GP predict time: 10.780s
2025-06-03 22:50:08,347 - INFO -   EHVI: 9921 candidates with 500 MC samples
2025-06-03 22:54:11,158 - INFO -  EHVI time: 242.811s
f1 shape: (1,)
f2 shape: (1,)
f3 shape: (1,)
2025-06-03 22:54:11,160 - INFO -  Selected idx=1984 (O=C(O)CNS(=O)(=O)c1ccc2ccccc2c1) → [0.80799089 0.14705882 1.        ]
2025-06-03 22:54:11,242 - INFO -  Hypervolume: 0.3867
2025-06-03 22:54:11,243 - INFO - 
--- Iter 70 (train size (80, 3)) ---
2025-06-03 22:54:11,243 - INFO -  Inferred reference point at iter 70: [-0.09999999768118678, 0.04840664368577622, -0.0999942397860808]
2025-06-03 22:54:11,246 - INFO -  Scoring full pool: 9920 candidates
2025-06-03 22:54:22,043 - INFO -  GP predict time: 10.797s
2025-06-03 22:54:22,043 - INFO -   EHVI: 9920 candidates with 500 MC samples
2025-06-03 22:58:24,473 - INFO -  EHVI time: 242.430s
f1 shape: (1,)
f2 shape: (1,)
f3 shape: (1,)
2025-06-03 22:58:24,475 - INFO -  Selected idx=7123 (CS(=O)(=O)c1ccc2nc(NC(=O)C3=NN(c4ccccc4)C(=O)CC3)sc2c1) → [1.         0.15976124 1.        ]
2025-06-03 22:58:24,558 - INFO -  Hypervolume: 0.3867
2025-06-03 22:58:24,558 - INFO - 
--- Iter 71 (train size (81, 3)) ---
2025-06-03 22:58:24,558 - INFO -  Inferred reference point at iter 71: [-0.09999999768118678, 0.04840664368577622, -0.0999942397860808]
2025-06-03 22:58:24,561 - INFO -  Scoring full pool: 9919 candidates
2025-06-03 22:58:35,368 - INFO -  GP predict time: 10.807s
2025-06-03 22:58:35,368 - INFO -   EHVI: 9919 candidates with 500 MC samples
2025-06-03 23:02:36,426 - INFO -  EHVI time: 241.059s
f1 shape: (1,)
f2 shape: (1,)
f3 shape: (1,)
2025-06-03 23:02:36,429 - INFO -  Selected idx=3414 (COC(=O)Nc1ccc(S(=O)(=O)Nc2ncccn2)cc1) → [1.         0.10140728 1.        ]
2025-06-03 23:02:36,513 - INFO -  Hypervolume: 0.3867
2025-06-03 23:02:36,513 - INFO - 
--- Iter 72 (train size (82, 3)) ---
2025-06-03 23:02:36,513 - INFO -  Inferred reference point at iter 72: [-0.09999999768118678, 0.04840664368577622, -0.0999942397860808]
2025-06-03 23:02:36,516 - INFO -  Scoring full pool: 9918 candidates
2025-06-03 23:02:47,269 - INFO -  GP predict time: 10.753s
2025-06-03 23:02:47,270 - INFO -   EHVI: 9918 candidates with 500 MC samples
2025-06-03 23:06:49,891 - INFO -  EHVI time: 242.621s
f1 shape: (1,)
f2 shape: (1,)
f3 shape: (1,)
2025-06-03 23:06:49,893 - INFO -  Selected idx=7609 (CC(=O)Nc1ccc(NC(=O)COC(=O)c2ccccc2SCC(=O)N2CCCC2)cc1) → [1.         0.24602026 1.        ]
2025-06-03 23:06:49,980 - INFO -  Hypervolume: 0.3867
2025-06-03 23:06:49,980 - INFO - 
--- Iter 73 (train size (83, 3)) ---
2025-06-03 23:06:49,980 - INFO -  Inferred reference point at iter 73: [-0.09999999768118678, 0.04840664368577622, -0.0999942397860808]
2025-06-03 23:06:49,984 - INFO -  Scoring full pool: 9917 candidates
2025-06-03 23:07:01,237 - INFO -  GP predict time: 11.254s
2025-06-03 23:07:01,238 - INFO -   EHVI: 9917 candidates with 500 MC samples
2025-06-03 23:11:01,884 - INFO -  EHVI time: 240.647s
f1 shape: (1,)
f2 shape: (1,)
f3 shape: (1,)
2025-06-03 23:11:01,887 - INFO -  Selected idx=5415 (CC(C)c1ccc(NC(=O)c2cn(C3CCCC3)c(=O)c3c2c2ccccc2n3C)cc1) → [0.00312037 0.27443106 0.13971816]
2025-06-03 23:11:01,975 - INFO -  Hypervolume: 0.3867
2025-06-03 23:11:01,975 - INFO - 
--- Iter 74 (train size (84, 3)) ---
2025-06-03 23:11:01,975 - INFO -  Inferred reference point at iter 74: [-0.09999999768118678, 0.04840664368577622, -0.0999942397860808]
2025-06-03 23:11:01,979 - INFO -  Scoring full pool: 9916 candidates
2025-06-03 23:11:13,468 - INFO -  GP predict time: 11.489s
2025-06-03 23:11:13,468 - INFO -   EHVI: 9916 candidates with 500 MC samples
2025-06-03 23:15:14,983 - INFO -  EHVI time: 241.515s
f1 shape: (1,)
f2 shape: (1,)
f3 shape: (1,)
2025-06-03 23:15:14,985 - INFO -  Selected idx=2416 (COc1cc(N2CCN(C)CC2)ccc1Nc1nc(N)n(C(=O)NCc2ccc(S(C)(=O)=O)cc2)n1) → [1.        0.1609375 1.       ]
2025-06-03 23:15:15,073 - INFO -  Hypervolume: 0.3867
2025-06-03 23:15:15,073 - INFO - 
--- Iter 75 (train size (85, 3)) ---
2025-06-03 23:15:15,073 - INFO -  Inferred reference point at iter 75: [-0.09999999768118678, 0.04840664368577622, -0.0999942397860808]
2025-06-03 23:15:15,076 - INFO -  Scoring full pool: 9915 candidates
2025-06-03 23:15:26,089 - INFO -  GP predict time: 11.013s
2025-06-03 23:15:26,089 - INFO -   EHVI: 9915 candidates with 500 MC samples
2025-06-03 23:19:27,811 - INFO -  EHVI time: 241.722s
f1 shape: (1,)
f2 shape: (1,)
f3 shape: (1,)
2025-06-03 23:19:27,812 - INFO -  Selected idx=8384 (CCC(Oc1ccccc1)C(=O)NCc1ccc(S(N)(=O)=O)cc1) → [1.         0.15224359 1.        ]
2025-06-03 23:19:27,901 - INFO -  Hypervolume: 0.3867
2025-06-03 23:19:27,901 - INFO - 
--- Iter 76 (train size (86, 3)) ---
2025-06-03 23:19:27,901 - INFO -  Inferred reference point at iter 76: [-0.09999999768118678, 0.04840664368577622, -0.0999942397860808]
2025-06-03 23:19:27,904 - INFO -  Scoring full pool: 9914 candidates
2025-06-03 23:19:39,299 - INFO -  GP predict time: 11.395s
2025-06-03 23:19:39,299 - INFO -   EHVI: 9914 candidates with 500 MC samples
2025-06-03 23:23:41,343 - INFO -  EHVI time: 242.044s
f1 shape: (1,)
f2 shape: (1,)
f3 shape: (1,)
2025-06-03 23:23:41,346 - INFO -  Selected idx=2172 (COc1ccccc1N(C)S(=O)(=O)c1ccc(C(=O)Nc2ccncc2)cc1) → [0.99024786 0.16099855 1.        ]
2025-06-03 23:23:41,438 - INFO -  Hypervolume: 0.3867
2025-06-03 23:23:41,439 - INFO - 
--- Iter 77 (train size (87, 3)) ---
2025-06-03 23:23:41,439 - INFO -  Inferred reference point at iter 77: [-0.09999999768118678, 0.04840664368577622, -0.0999942397860808]
2025-06-03 23:23:41,442 - INFO -  Scoring full pool: 9913 candidates
2025-06-03 23:23:53,253 - INFO -  GP predict time: 11.811s
2025-06-03 23:23:53,253 - INFO -   EHVI: 9913 candidates with 500 MC samples
2025-06-03 23:27:55,988 - INFO -  EHVI time: 242.735s
f1 shape: (1,)
f2 shape: (1,)
f3 shape: (1,)
2025-06-03 23:27:55,991 - INFO -  Selected idx=557 (COc1ccccc1CNC(=O)CN1C(=O)COc2ccc(S(=O)(=O)N3CCCCC3)cc21) → [1.         0.22996058 1.        ]
2025-06-03 23:27:56,410 - INFO -  Hypervolume: 0.3867
2025-06-03 23:27:56,410 - INFO - 
--- Iter 78 (train size (88, 3)) ---
2025-06-03 23:27:56,410 - INFO -  Inferred reference point at iter 78: [-0.09999999768118678, 0.04840664368577622, -0.0999942397860808]
2025-06-03 23:27:56,413 - INFO -  Scoring full pool: 9912 candidates
2025-06-03 23:28:08,296 - INFO -  GP predict time: 11.883s
2025-06-03 23:28:08,297 - INFO -   EHVI: 9912 candidates with 500 MC samples
2025-06-03 23:32:10,744 - INFO -  EHVI time: 242.447s
f1 shape: (1,)
f2 shape: (1,)
f3 shape: (1,)
2025-06-03 23:32:10,746 - INFO -  Selected idx=2724 (NS(=O)(=O)c1cc(S(=O)(=O)c2ccc(CNCc3ccccn3)cc2)cs1) → [1.         0.16147416 1.        ]
2025-06-03 23:32:10,841 - INFO -  Hypervolume: 0.3867
2025-06-03 23:32:10,841 - INFO - 
--- Iter 79 (train size (89, 3)) ---
2025-06-03 23:32:10,841 - INFO -  Inferred reference point at iter 79: [-0.09999999768118678, 0.04840664368577622, -0.0999942397860808]
2025-06-03 23:32:10,844 - INFO -  Scoring full pool: 9911 candidates
2025-06-03 23:32:22,661 - INFO -  GP predict time: 11.817s
2025-06-03 23:32:22,661 - INFO -   EHVI: 9911 candidates with 500 MC samples
2025-06-03 23:36:25,378 - INFO -  EHVI time: 242.717s
f1 shape: (1,)
f2 shape: (1,)
f3 shape: (1,)
2025-06-03 23:36:25,380 - INFO -  Selected idx=4196 (Cc1ccc(NC(=O)c2ccccc2)nc1) → [9.88195195e-06 1.48346304e-01 1.00000000e+00]
2025-06-03 23:36:25,482 - INFO -  Hypervolume: 0.3867
2025-06-03 23:36:25,482 - INFO - 
--- Iter 80 (train size (90, 3)) ---
2025-06-03 23:36:25,482 - INFO -  Inferred reference point at iter 80: [-0.09999999768118678, 0.04840664368577622, -0.0999942397860808]
2025-06-03 23:36:25,486 - INFO -  Scoring full pool: 9910 candidates
2025-06-03 23:36:37,779 - INFO -  GP predict time: 12.293s
2025-06-03 23:36:37,779 - INFO -   EHVI: 9910 candidates with 500 MC samples
2025-06-03 23:40:40,297 - INFO -  EHVI time: 242.518s
f1 shape: (1,)
f2 shape: (1,)
f3 shape: (1,)
2025-06-03 23:40:40,299 - INFO -  Selected idx=516 (CCN(C1CCCCC1)S(=O)(=O)c1ccc(C(=O)Nc2nnc(-c3ccccc3)o2)cc1) → [1.         0.22823034 0.94631629]
2025-06-03 23:40:40,397 - INFO -  Hypervolume: 0.3867
2025-06-03 23:40:40,397 - INFO - 
--- Iter 81 (train size (91, 3)) ---
2025-06-03 23:40:40,397 - INFO -  Inferred reference point at iter 81: [-0.09999999768118678, 0.04840664368577622, -0.0999942397860808]
2025-06-03 23:40:40,400 - INFO -  Scoring full pool: 9909 candidates
2025-06-03 23:40:52,147 - INFO -  GP predict time: 11.747s
2025-06-03 23:40:52,148 - INFO -   EHVI: 9909 candidates with 500 MC samples
2025-06-03 23:44:55,681 - INFO -  EHVI time: 243.533s
f1 shape: (1,)
f2 shape: (1,)
f3 shape: (1,)
2025-06-03 23:44:55,683 - INFO -  Selected idx=4001 (CCC(Cn1nnc2ccccc2c1=O)NC(=O)Nc1ccc(C)cc1) → [0.99407711 0.16098485 1.        ]
2025-06-03 23:44:56,126 - INFO -  Hypervolume: 0.3867
2025-06-03 23:44:56,126 - INFO - 
--- Iter 82 (train size (92, 3)) ---
2025-06-03 23:44:56,126 - INFO -  Inferred reference point at iter 82: [-0.09999999768118678, 0.04840664368577622, -0.0999942397860808]
2025-06-03 23:44:56,129 - INFO -  Scoring full pool: 9908 candidates
2025-06-03 23:45:08,187 - INFO -  GP predict time: 12.058s
2025-06-03 23:45:08,187 - INFO -   EHVI: 9908 candidates with 500 MC samples
2025-06-03 23:49:09,988 - INFO -  EHVI time: 241.800s
f1 shape: (1,)
f2 shape: (1,)
f3 shape: (1,)
2025-06-03 23:49:09,990 - INFO -  Selected idx=7174 (CCN(CC)S(=O)(=O)c1ccc2nc(NC(=O)c3cncc(Br)c3)sc2c1) → [1.         0.12410072 1.        ]
2025-06-03 23:49:10,097 - INFO -  Hypervolume: 0.3867
2025-06-03 23:49:10,097 - INFO - 
--- Iter 83 (train size (93, 3)) ---
2025-06-03 23:49:10,097 - INFO -  Inferred reference point at iter 83: [-0.09999999768118678, 0.04840664368577622, -0.0999942397860808]
2025-06-03 23:49:10,100 - INFO -  Scoring full pool: 9907 candidates
2025-06-03 23:49:22,702 - INFO -  GP predict time: 12.601s
2025-06-03 23:49:22,702 - INFO -   EHVI: 9907 candidates with 500 MC samples
2025-06-03 23:53:24,687 - INFO -  EHVI time: 241.985s
f1 shape: (1,)
f2 shape: (1,)
f3 shape: (1,)
2025-06-03 23:53:24,690 - INFO -  Selected idx=2648 (O=C(O)COc1c(C(=O)O)sc(-c2cccc(NC3CCN(S(=O)(=O)Cc4ccccc4)CC3)c2)c1Cl) → [1.         0.29557464 0.81668446]
2025-06-03 23:53:24,797 - INFO -  Hypervolume: 0.3867
2025-06-03 23:53:24,797 - INFO - 
--- Iter 84 (train size (94, 3)) ---
2025-06-03 23:53:24,797 - INFO -  Inferred reference point at iter 84: [-0.09999999768118678, 0.04840664368577622, -0.0999942397860808]
2025-06-03 23:53:24,800 - INFO -  Scoring full pool: 9906 candidates
2025-06-03 23:53:37,868 - INFO -  GP predict time: 13.067s
2025-06-03 23:53:37,868 - INFO -   EHVI: 9906 candidates with 500 MC samples
2025-06-03 23:57:39,558 - INFO -  EHVI time: 241.690s
f1 shape: (1,)
f2 shape: (1,)
f3 shape: (1,)
2025-06-03 23:57:39,560 - INFO -  Selected idx=3229 (CNCc1ccc(-n2nc(C(=O)N3CCOCC3)c3c2-c2ccccc2S(=O)(=O)C3)cc1) → [1.         0.27741083 1.        ]
2025-06-03 23:57:39,666 - INFO -  Hypervolume: 0.3867
2025-06-03 23:57:39,667 - INFO - 
--- Iter 85 (train size (95, 3)) ---
2025-06-03 23:57:39,667 - INFO -  Inferred reference point at iter 85: [-0.09999999768118678, 0.04840664368577622, -0.0999942397860808]
2025-06-03 23:57:39,670 - INFO -  Scoring full pool: 9905 candidates
2025-06-03 23:57:52,206 - INFO -  GP predict time: 12.536s
2025-06-03 23:57:52,206 - INFO -   EHVI: 9905 candidates with 500 MC samples
2025-06-04 00:01:54,456 - INFO -  EHVI time: 242.250s
f1 shape: (1,)
f2 shape: (1,)
f3 shape: (1,)
2025-06-04 00:01:54,458 - INFO -  Selected idx=3506 (COc1cc(NS(C)(=O)=O)ccc1Nc1c2ccccc2nc2cnccc12) → [1.         0.14270977 1.        ]
2025-06-04 00:01:54,930 - INFO -  Hypervolume: 0.3867
2025-06-04 00:01:54,931 - INFO - 
--- Iter 86 (train size (96, 3)) ---
2025-06-04 00:01:54,931 - INFO -  Inferred reference point at iter 86: [-0.09999999768118678, 0.04840664368577622, -0.0999942397860808]
2025-06-04 00:01:54,934 - INFO -  Scoring full pool: 9904 candidates
2025-06-04 00:02:07,530 - INFO -  GP predict time: 12.596s
2025-06-04 00:02:07,530 - INFO -   EHVI: 9904 candidates with 500 MC samples
2025-06-04 00:06:08,928 - INFO -  EHVI time: 241.398s
f1 shape: (1,)
f2 shape: (1,)
f3 shape: (1,)
2025-06-04 00:06:08,930 - INFO -  Selected idx=5087 (Nc1ccccc1NC(=O)c1ccc(CNC2=NC(Cc3c[nH]cn3)CO2)cc1) → [1.         0.20610687 1.        ]
2025-06-04 00:06:09,043 - INFO -  Hypervolume: 0.3867
2025-06-04 00:06:09,043 - INFO - 
--- Iter 87 (train size (97, 3)) ---
2025-06-04 00:06:09,043 - INFO -  Inferred reference point at iter 87: [-0.09999999768118678, 0.04840664368577622, -0.0999942397860808]
2025-06-04 00:06:09,046 - INFO -  Scoring full pool: 9903 candidates
2025-06-04 00:06:22,165 - INFO -  GP predict time: 13.119s
2025-06-04 00:06:22,165 - INFO -   EHVI: 9903 candidates with 500 MC samples
2025-06-04 00:10:23,476 - INFO -  EHVI time: 241.311s
f1 shape: (1,)
f2 shape: (1,)
f3 shape: (1,)
2025-06-04 00:10:23,479 - INFO -  Selected idx=5588 (COc1ccc2[nH]c(SCc3ccc(C(=O)O)cc3)nc2c1) → [0.33496792 0.16101695 1.        ]
2025-06-04 00:10:23,967 - INFO -  Hypervolume: 0.3867
2025-06-04 00:10:23,967 - INFO - 
--- Iter 88 (train size (98, 3)) ---
2025-06-04 00:10:23,967 - INFO -  Inferred reference point at iter 88: [-0.09999999768118678, 0.04840664368577622, -0.0999942397860808]
2025-06-04 00:10:23,970 - INFO -  Scoring full pool: 9902 candidates
2025-06-04 00:10:36,846 - INFO -  GP predict time: 12.876s
2025-06-04 00:10:36,846 - INFO -   EHVI: 9902 candidates with 500 MC samples
2025-06-04 00:14:38,711 - INFO -  EHVI time: 241.864s
f1 shape: (1,)
f2 shape: (1,)
f3 shape: (1,)
2025-06-04 00:14:38,714 - INFO -  Selected idx=7193 (Cc1cc(COc2ccc(S(=O)(=O)NCC(C(=O)NO)N3CCN(C(=O)C(C)C)CC3)cc2)c2ccccc2n1) → [1.        0.2445322 1.       ]
2025-06-04 00:14:39,192 - INFO -  Hypervolume: 0.3867
2025-06-04 00:14:39,193 - INFO - 
--- Iter 89 (train size (99, 3)) ---
2025-06-04 00:14:39,193 - INFO -  Inferred reference point at iter 89: [-0.09999999768118678, 0.04840664368577622, -0.0999942397860808]
2025-06-04 00:14:39,196 - INFO -  Scoring full pool: 9901 candidates
2025-06-04 00:14:52,298 - INFO -  GP predict time: 13.102s
2025-06-04 00:14:52,298 - INFO -   EHVI: 9901 candidates with 500 MC samples
2025-06-04 00:18:54,956 - INFO -  EHVI time: 242.657s
f1 shape: (1,)
f2 shape: (1,)
f3 shape: (1,)
2025-06-04 00:18:54,958 - INFO -  Selected idx=9842 (CCOC(=O)c1oc2ccc(S(=O)(=O)Nc3ccc(F)cc3)cc2c1C) → [0.90813657 0.14011799 1.        ]
2025-06-04 00:18:55,080 - INFO -  Hypervolume: 0.3867
2025-06-04 00:18:55,081 - INFO - 
--- Iter 90 (train size (100, 3)) ---
2025-06-04 00:18:55,081 - INFO -  Inferred reference point at iter 90: [-0.09999999768118678, 0.04840664368577622, -0.0999942397860808]
2025-06-04 00:18:55,084 - INFO -  Scoring full pool: 9900 candidates
2025-06-04 00:19:08,871 - INFO -  GP predict time: 13.787s
2025-06-04 00:19:08,871 - INFO -   EHVI: 9900 candidates with 500 MC samples
2025-06-04 00:23:08,295 - INFO -  EHVI time: 239.424s
f1 shape: (1,)
f2 shape: (1,)
f3 shape: (1,)
2025-06-04 00:23:08,298 - INFO -  Selected idx=3074 (CCN(CC)C(=O)Cn1cc(S(=O)(=O)CC(=O)Nc2ccc(F)cc2F)c2ccccc21) → [0.98851447 0.19117647 1.        ]
2025-06-04 00:23:08,417 - INFO -  Hypervolume: 0.3867
2025-06-04 00:23:08,417 - INFO - 
--- Iter 91 (train size (101, 3)) ---
2025-06-04 00:23:08,417 - INFO -  Inferred reference point at iter 91: [-0.09999999768118678, 0.04840664368577622, -0.0999942397860808]
2025-06-04 00:23:08,420 - INFO -  Scoring full pool: 9899 candidates
2025-06-04 00:23:21,745 - INFO -  GP predict time: 13.324s
2025-06-04 00:23:21,745 - INFO -   EHVI: 9899 candidates with 500 MC samples
2025-06-04 00:27:21,217 - INFO -  EHVI time: 239.472s
f1 shape: (1,)
f2 shape: (1,)
f3 shape: (1,)
2025-06-04 00:27:21,220 - INFO -  Selected idx=6127 (N#Cc1cc(S(=O)(=O)Nc2ccc(F)cn2)ccc1Oc1cccc(C(F)(F)F)c1) → [1.         0.13290713 0.78035592]
2025-06-04 00:27:21,722 - INFO -  Hypervolume: 0.3867
2025-06-04 00:27:21,722 - INFO - 
--- Iter 92 (train size (102, 3)) ---
2025-06-04 00:27:21,722 - INFO -  Inferred reference point at iter 92: [-0.09999999768118678, 0.04840664368577622, -0.0999942397860808]
2025-06-04 00:27:21,725 - INFO -  Scoring full pool: 9898 candidates
2025-06-04 00:27:34,845 - INFO -  GP predict time: 13.120s
2025-06-04 00:27:34,845 - INFO -   EHVI: 9898 candidates with 500 MC samples
2025-06-04 00:31:34,750 - INFO -  EHVI time: 239.905s
f1 shape: (1,)
f2 shape: (1,)
f3 shape: (1,)
2025-06-04 00:31:34,752 - INFO -  Selected idx=4076 (O=C(NC(CCS)C(=O)NC(Cc1ccccc1)C(=O)O)c1ccno1) → [1.        0.1655506 1.       ]
2025-06-04 00:31:34,874 - INFO -  Hypervolume: 0.3867
2025-06-04 00:31:34,874 - INFO - 
--- Iter 93 (train size (103, 3)) ---
2025-06-04 00:31:34,874 - INFO -  Inferred reference point at iter 93: [-0.09999999768118678, 0.04840664368577622, -0.0999942397860808]
2025-06-04 00:31:34,878 - INFO -  Scoring full pool: 9897 candidates
2025-06-04 00:31:48,466 - INFO -  GP predict time: 13.588s
2025-06-04 00:31:48,466 - INFO -   EHVI: 9897 candidates with 500 MC samples
2025-06-04 00:35:47,960 - INFO -  EHVI time: 239.494s
f1 shape: (1,)
f2 shape: (1,)
f3 shape: (1,)
2025-06-04 00:35:47,962 - INFO -  Selected idx=1332 (COc1c(C)cc(S(=O)(=O)Nc2cccc(-c3ccc(N4CCOCC4)nn3)c2)c(C)c1C) → [1.        0.2014531 1.       ]
2025-06-04 00:35:48,088 - INFO -  Hypervolume: 0.3867
2025-06-04 00:35:48,088 - INFO - 
--- Iter 94 (train size (104, 3)) ---
2025-06-04 00:35:48,088 - INFO -  Inferred reference point at iter 94: [-0.09999999768118678, 0.04840664368577622, -0.0999942397860808]
2025-06-04 00:35:48,092 - INFO -  Scoring full pool: 9896 candidates
2025-06-04 00:36:02,071 - INFO -  GP predict time: 13.980s
2025-06-04 00:36:02,072 - INFO -   EHVI: 9896 candidates with 500 MC samples
2025-06-04 00:40:02,209 - INFO -  EHVI time: 240.137s
f1 shape: (1,)
f2 shape: (1,)
f3 shape: (1,)
2025-06-04 00:40:02,212 - INFO -  Selected idx=8369 (COc1ccccc1-c1cc(C(=O)N2CCN(c3ccc(F)cc3)CC2)no1) → [0.00771892 0.25466563 1.        ]
2025-06-04 00:40:02,672 - INFO -  Hypervolume: 0.3867
2025-06-04 00:40:02,672 - INFO - 
--- Iter 95 (train size (105, 3)) ---
2025-06-04 00:40:02,672 - INFO -  Inferred reference point at iter 95: [-0.09999999768118678, 0.04840664368577622, -0.0999942397860808]
2025-06-04 00:40:02,676 - INFO -  Scoring full pool: 9895 candidates
2025-06-04 00:40:16,364 - INFO -  GP predict time: 13.689s
2025-06-04 00:40:16,364 - INFO -   EHVI: 9895 candidates with 500 MC samples
2025-06-04 00:44:15,932 - INFO -  EHVI time: 239.567s
f1 shape: (1,)
f2 shape: (1,)
f3 shape: (1,)
2025-06-04 00:44:15,935 - INFO -  Selected idx=3161 (CCCOC(=O)Nc1ccc(S(=O)(=O)N2CC(c3ccccc3)NC2=O)cc1CC) → [1.         0.19874477 1.        ]
2025-06-04 00:44:16,066 - INFO -  Hypervolume: 0.3867
2025-06-04 00:44:16,066 - INFO - 
--- Iter 96 (train size (106, 3)) ---
2025-06-04 00:44:16,066 - INFO -  Inferred reference point at iter 96: [-0.09999999768118678, 0.04840664368577622, -0.0999942397860808]
2025-06-04 00:44:16,070 - INFO -  Scoring full pool: 9894 candidates
2025-06-04 00:44:30,276 - INFO -  GP predict time: 14.206s
2025-06-04 00:44:30,276 - INFO -   EHVI: 9894 candidates with 500 MC samples
2025-06-04 00:48:29,588 - INFO -  EHVI time: 239.311s
f1 shape: (1,)
f2 shape: (1,)
f3 shape: (1,)
2025-06-04 00:48:29,590 - INFO -  Selected idx=3672 (COc1ccc(S(=O)(=O)Nc2ncccc2C)c2ccccc12) → [0.09473986 0.13518809 1.        ]
2025-06-04 00:48:29,721 - INFO -  Hypervolume: 0.3867
2025-06-04 00:48:29,721 - INFO - 
--- Iter 97 (train size (107, 3)) ---
2025-06-04 00:48:29,722 - INFO -  Inferred reference point at iter 97: [-0.09999999768118678, 0.04840664368577622, -0.0999942397860808]
2025-06-04 00:48:29,725 - INFO -  Scoring full pool: 9893 candidates
2025-06-04 00:48:44,172 - INFO -  GP predict time: 14.447s
2025-06-04 00:48:44,172 - INFO -   EHVI: 9893 candidates with 500 MC samples
2025-06-04 00:52:42,133 - INFO -  EHVI time: 237.961s
f1 shape: (1,)
f2 shape: (1,)
f3 shape: (1,)
2025-06-04 00:52:42,136 - INFO -  Selected idx=3039 (Cc1ccc(S(=O)(=O)N2C(=O)CCC2C(=O)NCc2ccco2)cc1) → [1.         0.16819572 1.        ]
2025-06-04 00:52:42,269 - INFO -  Hypervolume: 0.3867
2025-06-04 00:52:42,269 - INFO - 
--- Iter 98 (train size (108, 3)) ---
2025-06-04 00:52:42,269 - INFO -  Inferred reference point at iter 98: [-0.09999999768118678, 0.04840664368577622, -0.0999942397860808]
2025-06-04 00:52:42,273 - INFO -  Scoring full pool: 9892 candidates
2025-06-04 00:52:56,620 - INFO -  GP predict time: 14.347s
2025-06-04 00:52:56,620 - INFO -   EHVI: 9892 candidates with 500 MC samples
2025-06-04 00:56:53,869 - INFO -  EHVI time: 237.249s
f1 shape: (1,)
f2 shape: (1,)
f3 shape: (1,)
2025-06-04 00:56:53,872 - INFO -  Selected idx=5858 (O=C(Nc1ccc(S(=O)(=O)Nc2cnc3ccccc3n2)cc1)c1ccc(Cl)c([N+](=O)[O-])c1) → [1.         0.14908257 0.97055217]
2025-06-04 00:56:54,007 - INFO -  Hypervolume: 0.3867
2025-06-04 00:56:54,007 - INFO - 
--- Iter 99 (train size (109, 3)) ---
2025-06-04 00:56:54,007 - INFO -  Inferred reference point at iter 99: [-0.09999999768118678, 0.04840664368577622, -0.0999942397860808]
2025-06-04 00:56:54,011 - INFO -  Scoring full pool: 9891 candidates
2025-06-04 00:57:08,493 - INFO -  GP predict time: 14.481s
2025-06-04 00:57:08,493 - INFO -   EHVI: 9891 candidates with 500 MC samples
2025-06-04 01:01:06,301 - INFO -  EHVI time: 237.808s
f1 shape: (1,)
f2 shape: (1,)
f3 shape: (1,)
2025-06-04 01:01:06,303 - INFO -  Selected idx=178 (CC(=O)c1cc2c(cc1N=C(NS(=O)(=O)c1ccc(Br)cc1)c1ccccc1)OCO2) → [1.         0.14925373 0.90885299]
2025-06-04 01:01:06,441 - INFO -  Hypervolume: 0.3867
2025-06-04 01:01:06,441 - INFO - 
--- Iter 100 (train size (110, 3)) ---
2025-06-04 01:01:06,441 - INFO -  Inferred reference point at iter 100: [-0.09999999768118678, 0.04840664368577622, -0.0999942397860808]
2025-06-04 01:01:06,445 - INFO -  Scoring full pool: 9890 candidates
2025-06-04 01:01:21,576 - INFO -  GP predict time: 15.131s
2025-06-04 01:01:21,576 - INFO -   EHVI: 9890 candidates with 500 MC samples
2025-06-04 01:05:19,934 - INFO -  EHVI time: 238.358s
f1 shape: (1,)
f2 shape: (1,)
f3 shape: (1,)
2025-06-04 01:05:19,936 - INFO -  Selected idx=2895 (CC(O)C(NS(=O)(=O)c1ccc(Cl)cc1)C(=O)OCc1nnc(-c2ccccc2)o1) → [1.         0.14173497 1.        ]
2025-06-04 01:05:20,077 - INFO -  Hypervolume: 0.3867
2025-06-04 01:05:20,077 - INFO - 
--- Iter 101 (train size (111, 3)) ---
2025-06-04 01:05:20,077 - INFO -  Inferred reference point at iter 101: [-0.09999999768118678, 0.04840664368577622, -0.0999942397860808]
2025-06-04 01:05:20,081 - INFO -  Scoring full pool: 9889 candidates
2025-06-04 01:05:35,195 - INFO -  GP predict time: 15.114s
2025-06-04 01:05:35,195 - INFO -   EHVI: 9889 candidates with 500 MC samples
2025-06-04 01:09:33,707 - INFO -  EHVI time: 238.512s
f1 shape: (1,)
f2 shape: (1,)
f3 shape: (1,)
2025-06-04 01:09:33,709 - INFO -  Selected idx=5034 (CN(CC(=O)Nc1cccc2ccccc12)c1ccc(S(=O)(=O)N2CCOCC2)cn1) → [1.         0.24527616 1.        ]
2025-06-04 01:09:33,850 - INFO -  Hypervolume: 0.3867
2025-06-04 01:09:33,850 - INFO - 
--- Iter 102 (train size (112, 3)) ---
2025-06-04 01:09:33,850 - INFO -  Inferred reference point at iter 102: [-0.09999999768118678, 0.04840664368577622, -0.0999942397860808]
2025-06-04 01:09:33,853 - INFO -  Scoring full pool: 9888 candidates
2025-06-04 01:09:48,718 - INFO -  GP predict time: 14.864s
2025-06-04 01:09:48,718 - INFO -   EHVI: 9888 candidates with 500 MC samples
2025-06-04 01:13:47,447 - INFO -  EHVI time: 238.729s
f1 shape: (1,)
f2 shape: (1,)
f3 shape: (1,)
2025-06-04 01:13:47,449 - INFO -  Selected idx=8832 (O=S(=O)(Nc1cc(CCCO)c(O)c2ccccc12)c1ccc(Br)cc1) → [0.94479765 0.26057994 0.99943568]
2025-06-04 01:13:47,594 - INFO -  Hypervolume: 0.3867
2025-06-04 01:13:47,594 - INFO - 
--- Iter 103 (train size (113, 3)) ---
2025-06-04 01:13:47,594 - INFO -  Inferred reference point at iter 103: [-0.09999999768118678, 0.04840664368577622, -0.0999942397860808]
2025-06-04 01:13:47,598 - INFO -  Scoring full pool: 9887 candidates
2025-06-04 01:14:02,552 - INFO -  GP predict time: 14.954s
2025-06-04 01:14:02,552 - INFO -   EHVI: 9887 candidates with 500 MC samples
2025-06-04 01:18:00,671 - INFO -  EHVI time: 238.119s
f1 shape: (1,)
f2 shape: (1,)
f3 shape: (1,)
2025-06-04 01:18:00,673 - INFO -  Selected idx=3774 (NC(=O)c1cccnc1Nc1ccccc1F) → [0.08911742 0.12826493 1.        ]
2025-06-04 01:18:00,820 - INFO -  Hypervolume: 0.3867
2025-06-04 01:18:00,820 - INFO - 
--- Iter 104 (train size (114, 3)) ---
2025-06-04 01:18:00,820 - INFO -  Inferred reference point at iter 104: [-0.09999999768118678, 0.04840664368577622, -0.0999942397860808]
2025-06-04 01:18:00,824 - INFO -  Scoring full pool: 9886 candidates
2025-06-04 01:18:15,976 - INFO -  GP predict time: 15.152s
2025-06-04 01:18:15,976 - INFO -   EHVI: 9886 candidates with 500 MC samples
2025-06-04 01:22:14,513 - INFO -  EHVI time: 238.537s
f1 shape: (1,)
f2 shape: (1,)
f3 shape: (1,)
2025-06-04 01:22:14,515 - INFO -  Selected idx=4571 (O=S(=O)(Nc1ccc2ccccc2n1)c1ccc2c(c1)CCO2) → [0.09473986 0.1774062  1.        ]
2025-06-04 01:22:14,661 - INFO -  Hypervolume: 0.3867
2025-06-04 01:22:14,662 - INFO - 
--- Iter 105 (train size (115, 3)) ---
2025-06-04 01:22:14,662 - INFO -  Inferred reference point at iter 105: [-0.09999999768118678, 0.04840664368577622, -0.0999942397860808]
2025-06-04 01:22:14,665 - INFO -  Scoring full pool: 9885 candidates
2025-06-04 01:22:29,877 - INFO -  GP predict time: 15.212s
2025-06-04 01:22:29,878 - INFO -   EHVI: 9885 candidates with 500 MC samples
2025-06-04 01:26:27,672 - INFO -  EHVI time: 237.794s
f1 shape: (1,)
f2 shape: (1,)
f3 shape: (1,)
2025-06-04 01:26:27,674 - INFO -  Selected idx=2148 (CN(C)C(=O)c1c(CNC(=O)c2ccc(N3CCC(CCO)CC3)nc2)c(=O)c2ccc(Cl)cc2n1-c1ccccc1) → [1.         0.24862637 0.96428436]
2025-06-04 01:26:27,826 - INFO -  Hypervolume: 0.3867
2025-06-04 01:26:27,826 - INFO - 
--- Iter 106 (train size (116, 3)) ---
2025-06-04 01:26:27,826 - INFO -  Inferred reference point at iter 106: [-0.09999999768118678, 0.04840664368577622, -0.0999942397860808]
2025-06-04 01:26:27,830 - INFO -  Scoring full pool: 9884 candidates
2025-06-04 01:26:43,184 - INFO -  GP predict time: 15.354s
2025-06-04 01:26:43,184 - INFO -   EHVI: 9884 candidates with 500 MC samples
2025-06-04 01:30:41,278 - INFO -  EHVI time: 238.093s
f1 shape: (1,)
f2 shape: (1,)
f3 shape: (1,)
2025-06-04 01:30:41,280 - INFO -  Selected idx=6166 (CS(=O)(=O)Nc1ccc(CCNC(=O)c2ccnc3[nH]c(-c4cccs4)nc23)cc1) → [1.         0.15205092 1.        ]
2025-06-04 01:30:41,434 - INFO -  Hypervolume: 0.3867
2025-06-04 01:30:41,434 - INFO - 
--- Iter 107 (train size (117, 3)) ---
2025-06-04 01:30:41,434 - INFO -  Inferred reference point at iter 107: [-0.09999999768118678, 0.04840664368577622, -0.0999942397860808]
2025-06-04 01:30:41,438 - INFO -  Scoring full pool: 9883 candidates
2025-06-04 01:30:57,006 - INFO -  GP predict time: 15.568s
2025-06-04 01:30:57,007 - INFO -   EHVI: 9883 candidates with 500 MC samples
2025-06-04 01:34:55,643 - INFO -  EHVI time: 238.636s
f1 shape: (1,)
f2 shape: (1,)
f3 shape: (1,)
2025-06-04 01:34:55,645 - INFO -  Selected idx=5476 (Cn1c(=NC(=O)CS(=O)(=O)c2ccccc2)sc2cc([N+](=O)[O-])ccc21) → [1.         0.13458702 1.        ]
2025-06-04 01:34:55,799 - INFO -  Hypervolume: 0.3867
2025-06-04 01:34:55,799 - INFO - 
--- Iter 108 (train size (118, 3)) ---
2025-06-04 01:34:55,799 - INFO -  Inferred reference point at iter 108: [-0.09999999768118678, 0.04840664368577622, -0.0999942397860808]
2025-06-04 01:34:55,803 - INFO -  Scoring full pool: 9882 candidates
2025-06-04 01:35:11,462 - INFO -  GP predict time: 15.660s
2025-06-04 01:35:11,463 - INFO -   EHVI: 9882 candidates with 500 MC samples
2025-06-04 01:39:10,007 - INFO -  EHVI time: 238.544s
f1 shape: (1,)
f2 shape: (1,)
f3 shape: (1,)
2025-06-04 01:39:10,009 - INFO -  Selected idx=8044 (O=C(COc1ccc(S(=O)(=O)N2CCCC2)cc1)NCc1ccccn1) → [0.99024786 0.19       1.        ]
2025-06-04 01:39:10,168 - INFO -  Hypervolume: 0.3867
2025-06-04 01:39:10,168 - INFO - 
--- Iter 109 (train size (119, 3)) ---
2025-06-04 01:39:10,168 - INFO -  Inferred reference point at iter 109: [-0.09999999768118678, 0.04840664368577622, -0.0999942397860808]
2025-06-04 01:39:10,172 - INFO -  Scoring full pool: 9881 candidates
2025-06-04 01:39:25,947 - INFO -  GP predict time: 15.775s
2025-06-04 01:39:25,947 - INFO -   EHVI: 9881 candidates with 500 MC samples
2025-06-04 01:43:23,221 - INFO -  EHVI time: 237.273s
f1 shape: (1,)
f2 shape: (1,)
f3 shape: (1,)
2025-06-04 01:43:23,223 - INFO -  Selected idx=871 (Cc1c(NS(C)(=O)=O)cccc1-c1nc(Nc2ccc(C(=O)N3CCOCC3)cc2)c2nc[nH]c2n1) → [1.         0.17256903 1.        ]
2025-06-04 01:43:23,382 - INFO -  Hypervolume: 0.3867
2025-06-04 01:43:23,382 - INFO - 
--- Iter 110 (train size (120, 3)) ---
2025-06-04 01:43:23,382 - INFO -  Inferred reference point at iter 110: [-0.09999999768118678, 0.04840664368577622, -0.0999942397860808]
2025-06-04 01:43:23,386 - INFO -  Scoring full pool: 9880 candidates
2025-06-04 01:43:39,026 - INFO -  GP predict time: 15.639s
2025-06-04 01:43:39,026 - INFO -   EHVI: 9880 candidates with 500 MC samples
2025-06-04 01:47:37,211 - INFO -  EHVI time: 238.185s
f1 shape: (1,)
f2 shape: (1,)
f3 shape: (1,)
2025-06-04 01:47:37,214 - INFO -  Selected idx=7305 (CS(=O)(=O)c1ccc(C(=O)NCCN2C(=O)SC(=Cc3cccnc3)C2=O)cc1[N+](=O)[O-]) → [1.         0.19337017 1.        ]
2025-06-04 01:47:37,377 - INFO -  Hypervolume: 0.3867
2025-06-04 01:47:37,377 - INFO - 
--- Iter 111 (train size (121, 3)) ---
2025-06-04 01:47:37,377 - INFO -  Inferred reference point at iter 111: [-0.09999999768118678, 0.04840664368577622, -0.0999942397860808]
2025-06-04 01:47:37,381 - INFO -  Scoring full pool: 9879 candidates
2025-06-04 01:47:53,764 - INFO -  GP predict time: 16.383s
2025-06-04 01:47:53,764 - INFO -   EHVI: 9879 candidates with 500 MC samples
2025-06-04 01:51:51,868 - INFO -  EHVI time: 238.104s
f1 shape: (1,)
f2 shape: (1,)
f3 shape: (1,)
2025-06-04 01:51:51,871 - INFO -  Selected idx=8417 (O=C(O)CCc1cc(CCNS(=O)(=O)c2ccc(Br)cc2)cc(Cc2cccnc2)c1) → [1.         0.27474527 1.        ]
2025-06-04 01:51:52,035 - INFO -  Hypervolume: 0.3867
2025-06-04 01:51:52,036 - INFO - 
--- Iter 112 (train size (122, 3)) ---
2025-06-04 01:51:52,036 - INFO -  Inferred reference point at iter 112: [-0.09999999768118678, 0.04840664368577622, -0.0999942397860808]
2025-06-04 01:51:52,039 - INFO -  Scoring full pool: 9878 candidates
2025-06-04 01:52:08,212 - INFO -  GP predict time: 16.172s
2025-06-04 01:52:08,212 - INFO -   EHVI: 9878 candidates with 500 MC samples
2025-06-04 01:56:06,126 - INFO -  EHVI time: 237.914s
f1 shape: (1,)
f2 shape: (1,)
f3 shape: (1,)
2025-06-04 01:56:06,129 - INFO -  Selected idx=6917 (Cc1noc(NS(=O)(=O)c2cc(O)ccc2-c2ccc(CC(C)C)cc2)c1C) → [1.         0.16304348 0.80251079]
2025-06-04 01:56:06,296 - INFO -  Hypervolume: 0.3867
2025-06-04 01:56:06,296 - INFO - 
--- Iter 113 (train size (123, 3)) ---
2025-06-04 01:56:06,296 - INFO -  Inferred reference point at iter 113: [-0.09999999768118678, 0.04840664368577622, -0.0999942397860808]
2025-06-04 01:56:06,300 - INFO -  Scoring full pool: 9877 candidates
2025-06-04 01:56:22,621 - INFO -  GP predict time: 16.321s
2025-06-04 01:56:22,621 - INFO -   EHVI: 9877 candidates with 500 MC samples
2025-06-04 02:00:20,333 - INFO -  EHVI time: 237.712s
f1 shape: (1,)
f2 shape: (1,)
f3 shape: (1,)
2025-06-04 02:00:20,336 - INFO -  Selected idx=4360 (CCN(CC)S(=O)(=O)c1ccc(N2CCOCC2)c(NC(=O)c2ccc(O)nc2)c1) → [1.        0.2380137 1.       ]
2025-06-04 02:00:20,506 - INFO -  Hypervolume: 0.3867
2025-06-04 02:00:20,506 - INFO - 
--- Iter 114 (train size (124, 3)) ---
2025-06-04 02:00:20,506 - INFO -  Inferred reference point at iter 114: [-0.09999999768118678, 0.04840664368577622, -0.0999942397860808]
2025-06-04 02:00:20,511 - INFO -  Scoring full pool: 9876 candidates
2025-06-04 02:00:37,265 - INFO -  GP predict time: 16.755s
2025-06-04 02:00:37,265 - INFO -   EHVI: 9876 candidates with 500 MC samples
2025-06-04 02:04:35,469 - INFO -  EHVI time: 238.204s
f1 shape: (1,)
f2 shape: (1,)
f3 shape: (1,)
2025-06-04 02:04:35,472 - INFO -  Selected idx=3990 (O=C(NCc1ccc(S(=O)(=O)c2ccccc2)cc1)c1cc2cnccc2[nH]1) → [1.         0.19537178 1.        ]
2025-06-04 02:04:35,646 - INFO -  Hypervolume: 0.3867
2025-06-04 02:04:35,646 - INFO - 
--- Iter 115 (train size (125, 3)) ---
2025-06-04 02:04:35,646 - INFO -  Inferred reference point at iter 115: [-0.09999999768118678, 0.04840664368577622, -0.0999942397860808]
2025-06-04 02:04:35,650 - INFO -  Scoring full pool: 9875 candidates
2025-06-04 02:04:52,504 - INFO -  GP predict time: 16.854s
2025-06-04 02:04:52,504 - INFO -   EHVI: 9875 candidates with 500 MC samples
2025-06-04 02:08:50,307 - INFO -  EHVI time: 237.802s
f1 shape: (1,)
f2 shape: (1,)
f3 shape: (1,)
2025-06-04 02:08:50,309 - INFO -  Selected idx=6948 (CC(=O)OCc1ccc2oc(=O)c(C(=O)Sc3cccc(Br)c3)cc2c1) → [0.25973796 0.14053254 0.85911232]
2025-06-04 02:08:50,872 - INFO -  Hypervolume: 0.3867
2025-06-04 02:08:50,872 - INFO - 
--- Iter 116 (train size (126, 3)) ---
2025-06-04 02:08:50,872 - INFO -  Inferred reference point at iter 116: [-0.09999999768118678, 0.04840664368577622, -0.0999942397860808]
2025-06-04 02:08:50,876 - INFO -  Scoring full pool: 9874 candidates
2025-06-04 02:09:07,580 - INFO -  GP predict time: 16.704s
2025-06-04 02:09:07,580 - INFO -   EHVI: 9874 candidates with 500 MC samples
2025-06-04 02:13:05,185 - INFO -  EHVI time: 237.605s
f1 shape: (1,)
f2 shape: (1,)
f3 shape: (1,)
2025-06-04 02:13:05,188 - INFO -  Selected idx=8632 (O=C(O)c1ccc2c(c1)nc(NC1CC1)c1nc(Nc3ccccc3)ncc12) → [1.         0.20503597 0.98133891]
2025-06-04 02:13:05,367 - INFO -  Hypervolume: 0.3867
2025-06-04 02:13:05,367 - INFO - 
--- Iter 117 (train size (127, 3)) ---
2025-06-04 02:13:05,367 - INFO -  Inferred reference point at iter 117: [-0.09999999768118678, 0.04840664368577622, -0.0999942397860808]
2025-06-04 02:13:05,371 - INFO -  Scoring full pool: 9873 candidates
2025-06-04 02:13:22,280 - INFO -  GP predict time: 16.908s
2025-06-04 02:13:22,280 - INFO -   EHVI: 9873 candidates with 500 MC samples
2025-06-04 02:17:19,697 - INFO -  EHVI time: 237.417s
f1 shape: (1,)
f2 shape: (1,)
f3 shape: (1,)
2025-06-04 02:17:19,699 - INFO -  Selected idx=3199 (NS(=O)(=O)c1ccc(CNC(=O)Nc2ccccc2)cc1) → [1.         0.13034188 1.        ]
2025-06-04 02:17:20,280 - INFO -  Hypervolume: 0.3867
2025-06-04 02:17:20,280 - INFO - 
--- Iter 118 (train size (128, 3)) ---
2025-06-04 02:17:20,280 - INFO -  Inferred reference point at iter 118: [-0.09999999768118678, 0.04840664368577622, -0.0999942397860808]
2025-06-04 02:17:20,284 - INFO -  Scoring full pool: 9872 candidates
2025-06-04 02:17:37,093 - INFO -  GP predict time: 16.809s
2025-06-04 02:17:37,093 - INFO -   EHVI: 9872 candidates with 500 MC samples
2025-06-04 02:21:35,373 - INFO -  EHVI time: 238.280s
f1 shape: (1,)
f2 shape: (1,)
f3 shape: (1,)
2025-06-04 02:21:35,376 - INFO -  Selected idx=5723 (Cc1cc(NC(=O)COn2nnc3ccc(S(C)(=O)=O)cc32)ccc1Br) → [1.         0.11430678 1.        ]
2025-06-04 02:21:35,560 - INFO -  Hypervolume: 0.3867
2025-06-04 02:21:35,560 - INFO - 
--- Iter 119 (train size (129, 3)) ---
2025-06-04 02:21:35,560 - INFO -  Inferred reference point at iter 119: [-0.09999999768118678, 0.04840664368577622, -0.0999942397860808]
2025-06-04 02:21:35,564 - INFO -  Scoring full pool: 9871 candidates
2025-06-04 02:21:52,783 - INFO -  GP predict time: 17.219s
2025-06-04 02:21:52,783 - INFO -   EHVI: 9871 candidates with 500 MC samples
2025-06-04 02:25:50,780 - INFO -  EHVI time: 237.997s
f1 shape: (1,)
f2 shape: (1,)
f3 shape: (1,)
2025-06-04 02:25:50,783 - INFO -  Selected idx=6968 (COc1ccccc1CCC(=O)Nc1ccc(S(=O)(=O)Nc2cc(C)nc(C)n2)cc1) → [1.         0.16061453 1.        ]
2025-06-04 02:25:50,970 - INFO -  Hypervolume: 0.3867
2025-06-04 02:25:50,970 - INFO - 
--- Iter 120 (train size (130, 3)) ---
2025-06-04 02:25:50,970 - INFO -  Inferred reference point at iter 120: [-0.09999999768118678, 0.04840664368577622, -0.0999942397860808]
2025-06-04 02:25:50,974 - INFO -  Scoring full pool: 9870 candidates
2025-06-04 02:26:08,563 - INFO -  GP predict time: 17.589s
2025-06-04 02:26:08,563 - INFO -   EHVI: 9870 candidates with 500 MC samples
2025-06-04 02:30:05,765 - INFO -  EHVI time: 237.202s
f1 shape: (1,)
f2 shape: (1,)
f3 shape: (1,)
2025-06-04 02:30:05,768 - INFO -  Selected idx=1077 (CS(=O)(=O)c1ccc2c(c1)N(CCCN1CCC(C(N)=O)CC1)c1ccccc1S2) → [0.82051712 0.39504717 1.        ]
2025-06-04 02:30:06,349 - INFO -  Hypervolume: 0.4158
2025-06-04 02:30:06,349 - INFO - 
--- Iter 121 (train size (131, 3)) ---
2025-06-04 02:30:06,349 - INFO -  Inferred reference point at iter 121: [-0.09999999768118678, 0.04840664368577622, -0.0999942397860808]
2025-06-04 02:30:06,354 - INFO -  Scoring full pool: 9869 candidates
2025-06-04 02:30:23,650 - INFO -  GP predict time: 17.297s
2025-06-04 02:30:23,651 - INFO -   EHVI: 9869 candidates with 500 MC samples
2025-06-04 02:34:21,558 - INFO -  EHVI time: 237.908s
f1 shape: (1,)
f2 shape: (1,)
f3 shape: (1,)
2025-06-04 02:34:21,561 - INFO -  Selected idx=5400 (O=C(CCN1C(=O)SC(=Cc2ccccc2)C1=O)Nc1ccc(C(=O)O)c(O)c1) → [1.         0.23746201 1.        ]
2025-06-04 02:34:21,751 - INFO -  Hypervolume: 0.4158
2025-06-04 02:34:21,752 - INFO - 
--- Iter 122 (train size (132, 3)) ---
2025-06-04 02:34:21,752 - INFO -  Inferred reference point at iter 122: [-0.09999999768118678, 0.04840664368577622, -0.0999942397860808]
2025-06-04 02:34:21,756 - INFO -  Scoring full pool: 9868 candidates
2025-06-04 02:34:39,567 - INFO -  GP predict time: 17.810s
2025-06-04 02:34:39,567 - INFO -   EHVI: 9868 candidates with 500 MC samples
2025-06-04 02:38:37,988 - INFO -  EHVI time: 238.422s
f1 shape: (1,)
f2 shape: (1,)
f3 shape: (1,)
2025-06-04 02:38:37,990 - INFO -  Selected idx=6197 (CCCNS(=O)(=O)c1ccc(NC(=O)Cc2cccs2)cc1) → [0.33794757 0.15916808 1.        ]
2025-06-04 02:38:38,184 - INFO -  Hypervolume: 0.4158
2025-06-04 02:38:38,184 - INFO - 
--- Iter 123 (train size (133, 3)) ---
2025-06-04 02:38:38,184 - INFO -  Inferred reference point at iter 123: [-0.09999999768118678, 0.04840664368577622, -0.0999942397860808]
2025-06-04 02:38:38,188 - INFO -  Scoring full pool: 9867 candidates
2025-06-04 02:38:55,821 - INFO -  GP predict time: 17.633s
2025-06-04 02:38:55,821 - INFO -   EHVI: 9867 candidates with 500 MC samples
2025-06-04 02:42:55,357 - INFO -  EHVI time: 239.536s
f1 shape: (1,)
f2 shape: (1,)
f3 shape: (1,)
2025-06-04 02:42:55,359 - INFO -  Selected idx=5691 (CCC(C)NC(=O)C(NS(=O)(=O)c1ccc2c(c1)c(=O)n(C)c(=O)n2C)c1ccccc1) → [1.         0.16229713 1.        ]
2025-06-04 02:42:55,558 - INFO -  Hypervolume: 0.4158
2025-06-04 02:42:55,558 - INFO - 
--- Iter 124 (train size (134, 3)) ---
2025-06-04 02:42:55,558 - INFO -  Inferred reference point at iter 124: [-0.09999999768118678, 0.04840664368577622, -0.0999942397860808]
2025-06-04 02:42:55,563 - INFO -  Scoring full pool: 9866 candidates
2025-06-04 02:43:13,677 - INFO -  GP predict time: 18.114s
2025-06-04 02:43:13,677 - INFO -   EHVI: 9866 candidates with 500 MC samples
2025-06-04 02:47:13,659 - INFO -  EHVI time: 239.982s
f1 shape: (1,)
f2 shape: (1,)
f3 shape: (1,)
2025-06-04 02:47:13,661 - INFO -  Selected idx=7447 (O=C(c1ccc(CNS(=O)(=O)c2ccc(Br)cc2)cc1)N1CCCCC1) → [0.06291617 0.22213247 1.        ]
2025-06-04 02:47:13,862 - INFO -  Hypervolume: 0.4158
2025-06-04 02:47:13,862 - INFO - 
--- Iter 125 (train size (135, 3)) ---
2025-06-04 02:47:13,862 - INFO -  Inferred reference point at iter 125: [-0.09999999768118678, 0.04840664368577622, -0.0999942397860808]
2025-06-04 02:47:13,867 - INFO -  Scoring full pool: 9865 candidates
2025-06-04 02:47:31,760 - INFO -  GP predict time: 17.893s
2025-06-04 02:47:31,760 - INFO -   EHVI: 9865 candidates with 500 MC samples
2025-06-04 02:51:30,590 - INFO -  EHVI time: 238.830s
f1 shape: (1,)
f2 shape: (1,)
f3 shape: (1,)
2025-06-04 02:51:30,593 - INFO -  Selected idx=9293 (CC1CN(C(C)CO)C(=O)c2cc(NC(=O)Nc3ccccc3)ccc2OC1CN(C)S(=O)(=O)c1ccc(Cl)cc1) → [1.         0.23608079 0.87135351]
2025-06-04 02:51:31,208 - INFO -  Hypervolume: 0.4158
2025-06-04 02:51:31,208 - INFO - 
--- Iter 126 (train size (136, 3)) ---
2025-06-04 02:51:31,208 - INFO -  Inferred reference point at iter 126: [-0.09999999768118678, 0.04840664368577622, -0.0999942397860808]
2025-06-04 02:51:31,212 - INFO -  Scoring full pool: 9864 candidates
2025-06-04 02:51:49,108 - INFO -  GP predict time: 17.896s
2025-06-04 02:51:49,108 - INFO -   EHVI: 9864 candidates with 500 MC samples
2025-06-04 02:55:49,496 - INFO -  EHVI time: 240.388s
f1 shape: (1,)
f2 shape: (1,)
f3 shape: (1,)
2025-06-04 02:55:49,499 - INFO -  Selected idx=6659 (CSCCC(NC(=O)c1cccc(S(=O)(=O)N2CCN(C(C)=O)CC2)c1)c1nc2ccccc2[nH]1) → [1.         0.22040302 1.        ]
2025-06-04 02:55:49,705 - INFO -  Hypervolume: 0.4158
2025-06-04 02:55:49,705 - INFO - 
--- Iter 127 (train size (137, 3)) ---
2025-06-04 02:55:49,705 - INFO -  Inferred reference point at iter 127: [-0.09999999768118678, 0.04840664368577622, -0.0999942397860808]
2025-06-04 02:55:49,710 - INFO -  Scoring full pool: 9863 candidates
2025-06-04 02:56:08,260 - INFO -  GP predict time: 18.550s
2025-06-04 02:56:08,260 - INFO -   EHVI: 9863 candidates with 500 MC samples
2025-06-04 03:00:07,901 - INFO -  EHVI time: 239.641s
f1 shape: (1,)
f2 shape: (1,)
f3 shape: (1,)
2025-06-04 03:00:07,904 - INFO -  Selected idx=3418 (Cc1cc(NS(=O)(=O)c2ccc(Nc3c4ccccc4nc4c(C(=O)NC(CO)(CO)CO)cccc34)cc2)no1) → [1.         0.19375673 1.        ]
2025-06-04 03:00:08,112 - INFO -  Hypervolume: 0.4158
2025-06-04 03:00:08,112 - INFO - 
--- Iter 128 (train size (138, 3)) ---
2025-06-04 03:00:08,112 - INFO -  Inferred reference point at iter 128: [-0.09999999768118678, 0.04840664368577622, -0.0999942397860808]
2025-06-04 03:00:08,117 - INFO -  Scoring full pool: 9862 candidates
2025-06-04 03:00:26,396 - INFO -  GP predict time: 18.279s
2025-06-04 03:00:26,396 - INFO -   EHVI: 9862 candidates with 500 MC samples
2025-06-04 03:04:25,960 - INFO -  EHVI time: 239.564s
f1 shape: (1,)
f2 shape: (1,)
f3 shape: (1,)
2025-06-04 03:04:25,962 - INFO -  Selected idx=9958 (CC(C)NS(=O)(=O)c1ccc(NC2CCN(CC(O)=Nc3ccccc3)CC2)c([N+](=O)O)c1) → [1.         0.30291971 1.        ]
2025-06-04 03:04:26,174 - INFO -  Hypervolume: 0.4158
2025-06-04 03:04:26,174 - INFO - 
--- Iter 129 (train size (139, 3)) ---
2025-06-04 03:04:26,174 - INFO -  Inferred reference point at iter 129: [-0.09999999768118678, 0.04840664368577622, -0.0999942397860808]
2025-06-04 03:04:26,179 - INFO -  Scoring full pool: 9861 candidates
2025-06-04 03:04:44,992 - INFO -  GP predict time: 18.812s
2025-06-04 03:04:44,992 - INFO -   EHVI: 9861 candidates with 500 MC samples
2025-06-04 03:08:43,514 - INFO -  EHVI time: 238.522s
f1 shape: (1,)
f2 shape: (1,)
f3 shape: (1,)
2025-06-04 03:08:43,516 - INFO -  Selected idx=5366 (CC(CN1CCC2(CC1)C(=O)NCN2c1ccccc1)NC(=O)c1ccc(F)c(F)c1) → [0.04053814 0.31628788 1.        ]
2025-06-04 03:08:43,733 - INFO -  Hypervolume: 0.4158
2025-06-04 03:08:43,733 - INFO - 
--- Iter 130 (train size (140, 3)) ---
2025-06-04 03:08:43,733 - INFO -  Inferred reference point at iter 130: [-0.09999999768118678, 0.04840664368577622, -0.0999942397860808]
2025-06-04 03:08:43,738 - INFO -  Scoring full pool: 9860 candidates
2025-06-04 03:09:02,445 - INFO -  GP predict time: 18.707s
2025-06-04 03:09:02,445 - INFO -   EHVI: 9860 candidates with 500 MC samples
2025-06-04 03:13:00,405 - INFO -  EHVI time: 237.960s
f1 shape: (1,)
f2 shape: (1,)
f3 shape: (1,)
2025-06-04 03:13:00,407 - INFO -  Selected idx=2998 (Cn1nc(C(=O)NNC(=O)c2ccc(Cl)c(S(N)(=O)=O)c2)c2ccccc2c1=O) → [1.         0.08940397 1.        ]
2025-06-04 03:13:00,625 - INFO -  Hypervolume: 0.4158
2025-06-04 03:13:00,625 - INFO - 
--- Iter 131 (train size (141, 3)) ---
2025-06-04 03:13:00,625 - INFO -  Inferred reference point at iter 131: [-0.09999999768118678, 0.04680013046025937, -0.0999942397860808]
2025-06-04 03:13:00,630 - INFO -  Scoring full pool: 9859 candidates
2025-06-04 03:13:19,656 - INFO -  GP predict time: 19.026s
2025-06-04 03:13:19,656 - INFO -   EHVI: 9859 candidates with 500 MC samples
2025-06-04 03:17:17,099 - INFO -  EHVI time: 237.443s
f1 shape: (1,)
f2 shape: (1,)
f3 shape: (1,)
2025-06-04 03:17:17,102 - INFO -  Selected idx=9282 (Cc1ccc(S(=O)(=O)N(CC(=O)O)Cc2ccccc2)cc1) → [0.30927884 0.16763245 1.        ]
2025-06-04 03:17:17,322 - INFO -  Hypervolume: 0.4177
2025-06-04 03:17:17,323 - INFO - 
--- Iter 132 (train size (142, 3)) ---
2025-06-04 03:17:17,323 - INFO -  Inferred reference point at iter 132: [-0.09999999768118678, 0.04680013046025937, -0.0999942397860808]
2025-06-04 03:17:17,327 - INFO -  Scoring full pool: 9858 candidates
2025-06-04 03:17:36,208 - INFO -  GP predict time: 18.881s
2025-06-04 03:17:36,209 - INFO -   EHVI: 9858 candidates with 500 MC samples
2025-06-04 03:21:34,020 - INFO -  EHVI time: 237.812s
f1 shape: (1,)
f2 shape: (1,)
f3 shape: (1,)
2025-06-04 03:21:34,023 - INFO -  Selected idx=5233 (COC(=O)c1c(Cc2ccc(C(=O)NCC(C)(C)O)cc2)c(=O)c2cccnc2n1-c1ccccc1) → [1.         0.18152302 1.        ]
2025-06-04 03:21:34,666 - INFO -  Hypervolume: 0.4177
2025-06-04 03:21:34,666 - INFO - 
--- Iter 133 (train size (143, 3)) ---
2025-06-04 03:21:34,666 - INFO -  Inferred reference point at iter 133: [-0.09999999768118678, 0.04680013046025937, -0.0999942397860808]
2025-06-04 03:21:34,671 - INFO -  Scoring full pool: 9857 candidates
2025-06-04 03:21:53,712 - INFO -  GP predict time: 19.042s
2025-06-04 03:21:53,712 - INFO -   EHVI: 9857 candidates with 500 MC samples
2025-06-04 03:25:52,100 - INFO -  EHVI time: 238.387s
f1 shape: (1,)
f2 shape: (1,)
f3 shape: (1,)
2025-06-04 03:25:52,103 - INFO -  Selected idx=2634 (Cc1c(N(CCC2CC2)S(=O)(=O)c2ccc(-c3nc(=O)o[nH]3)cc2)sc2ccccc12) → [1.         0.25103164 0.86037904]
2025-06-04 03:25:52,330 - INFO -  Hypervolume: 0.4177
2025-06-04 03:25:52,330 - INFO - 
--- Iter 134 (train size (144, 3)) ---
2025-06-04 03:25:52,330 - INFO -  Inferred reference point at iter 134: [-0.09999999768118678, 0.04680013046025937, -0.0999942397860808]
2025-06-04 03:25:52,335 - INFO -  Scoring full pool: 9856 candidates
2025-06-04 03:26:11,826 - INFO -  GP predict time: 19.491s
2025-06-04 03:26:11,826 - INFO -   EHVI: 9856 candidates with 500 MC samples
2025-06-04 03:30:10,090 - INFO -  EHVI time: 238.264s
f1 shape: (1,)
f2 shape: (1,)
f3 shape: (1,)
2025-06-04 03:30:10,093 - INFO -  Selected idx=6835 (CC(=O)NC(Cc1ccc(OP(=O)(O)O)cc1)C(=O)NC1CSCCN(Cc2cccc(-c3ccccc3C#N)c2)C1=O) → [1.         0.30028736 1.        ]
2025-06-04 03:30:10,323 - INFO -  Hypervolume: 0.4177
2025-06-04 03:30:10,323 - INFO - 
--- Iter 135 (train size (145, 3)) ---
2025-06-04 03:30:10,323 - INFO -  Inferred reference point at iter 135: [-0.09999999768118678, 0.04680013046025937, -0.0999942397860808]
2025-06-04 03:30:10,328 - INFO -  Scoring full pool: 9855 candidates
2025-06-04 03:30:30,154 - INFO -  GP predict time: 19.826s
2025-06-04 03:30:30,154 - INFO -   EHVI: 9855 candidates with 500 MC samples
2025-06-04 03:34:28,291 - INFO -  EHVI time: 238.137s
f1 shape: (1,)
f2 shape: (1,)
f3 shape: (1,)
2025-06-04 03:34:28,293 - INFO -  Selected idx=3361 (COP(=O)(F)CC(=O)NC(CCCCNS(=O)(=O)c1ccc2ccc3cccc4ccc1c2c34)C(N)=O) → [1.         0.26539974 1.        ]
2025-06-04 03:34:28,526 - INFO -  Hypervolume: 0.4177
2025-06-04 03:34:28,526 - INFO - 
--- Iter 136 (train size (146, 3)) ---
2025-06-04 03:34:28,527 - INFO -  Inferred reference point at iter 136: [-0.09999999768118678, 0.04680013046025937, -0.0999942397860808]
2025-06-04 03:34:28,531 - INFO -  Scoring full pool: 9854 candidates
2025-06-04 03:34:48,287 - INFO -  GP predict time: 19.756s
2025-06-04 03:34:48,287 - INFO -   EHVI: 9854 candidates with 500 MC samples
2025-06-04 03:38:45,636 - INFO -  EHVI time: 237.349s
f1 shape: (1,)
f2 shape: (1,)
f3 shape: (1,)
2025-06-04 03:38:45,639 - INFO -  Selected idx=9639 (O=C(O)CCNS(=O)(=O)c1ccc(NN=C(S)NCCc2c[nH]c3ccccc23)c([N+](=O)[O-])c1) → [1.         0.18142477 1.        ]
2025-06-04 03:38:45,879 - INFO -  Hypervolume: 0.4177
2025-06-04 03:38:45,879 - INFO - 
--- Iter 137 (train size (147, 3)) ---
2025-06-04 03:38:45,879 - INFO -  Inferred reference point at iter 137: [-0.09999999768118678, 0.04680013046025937, -0.0999942397860808]
2025-06-04 03:38:45,884 - INFO -  Scoring full pool: 9853 candidates
2025-06-04 03:39:06,710 - INFO -  GP predict time: 20.827s
2025-06-04 03:39:06,711 - INFO -   EHVI: 9853 candidates with 500 MC samples
2025-06-04 03:43:03,295 - INFO -  EHVI time: 236.584s
f1 shape: (1,)
f2 shape: (1,)
f3 shape: (1,)
2025-06-04 03:43:03,297 - INFO -  Selected idx=7026 (O=C(CCNC(=O)N1CC(=O)Nc2ccccc21)NCCc1cccc(F)c1) → [1.         0.21517997 1.        ]
2025-06-04 03:43:04,100 - INFO -  Hypervolume: 0.4177
2025-06-04 03:43:04,100 - INFO - 
--- Iter 138 (train size (148, 3)) ---
2025-06-04 03:43:04,100 - INFO -  Inferred reference point at iter 138: [-0.09999999768118678, 0.04680013046025937, -0.0999942397860808]
2025-06-04 03:43:04,105 - INFO -  Scoring full pool: 9852 candidates
2025-06-04 03:43:23,827 - INFO -  GP predict time: 19.722s
2025-06-04 03:43:23,827 - INFO -   EHVI: 9852 candidates with 500 MC samples
2025-06-04 03:47:21,464 - INFO -  EHVI time: 237.637s
f1 shape: (1,)
f2 shape: (1,)
f3 shape: (1,)
2025-06-04 03:47:21,467 - INFO -  Selected idx=4250 (Nc1nc2[nH]cc(Cc3ccc(C(=O)NC(CCC(=O)O)C(=O)O)cc3)c2c(=O)[nH]1) → [1.        0.1788269 1.       ]
2025-06-04 03:47:21,711 - INFO -  Hypervolume: 0.4177
2025-06-04 03:47:21,712 - INFO - 
--- Iter 139 (train size (149, 3)) ---
2025-06-04 03:47:21,712 - INFO -  Inferred reference point at iter 139: [-0.09999999768118678, 0.04680013046025937, -0.0999942397860808]
2025-06-04 03:47:21,717 - INFO -  Scoring full pool: 9851 candidates
2025-06-04 03:47:41,820 - INFO -  GP predict time: 20.103s
2025-06-04 03:47:41,820 - INFO -   EHVI: 9851 candidates with 500 MC samples
2025-06-04 03:51:39,447 - INFO -  EHVI time: 237.627s
f1 shape: (1,)
f2 shape: (1,)
f3 shape: (1,)
2025-06-04 03:51:39,450 - INFO -  Selected idx=3558 (Cc1cc(CC(NS(=O)(=O)c2cccc(F)c2)c2ncc(CCCOc3cccc(O)c3C(=O)O)[nH]2)ccc1C1CC(=O)NS1(=O)=O) → [1.         0.23673257 1.        ]
2025-06-04 03:51:40,136 - INFO -  Hypervolume: 0.4177
2025-06-04 03:51:40,136 - INFO - 
--- Iter 140 (train size (150, 3)) ---
2025-06-04 03:51:40,136 - INFO -  Inferred reference point at iter 140: [-0.09999999768118678, 0.04680013046025937, -0.0999942397860808]
2025-06-04 03:51:40,141 - INFO -  Scoring full pool: 9850 candidates
2025-06-04 03:52:00,135 - INFO -  GP predict time: 19.994s
2025-06-04 03:52:00,135 - INFO -   EHVI: 9850 candidates with 500 MC samples
2025-06-04 03:55:57,296 - INFO -  EHVI time: 237.160s
f1 shape: (1,)
f2 shape: (1,)
f3 shape: (1,)
2025-06-04 03:55:57,299 - INFO -  Selected idx=1706 (COC(=O)NC(Cc1ccccc1)C(=O)NC(Cc1ccc(NS(=O)(=O)O)cc1)c1csc(C)n1) → [1.        0.1751497 1.       ]
2025-06-04 03:55:58,206 - INFO -  Hypervolume: 0.4177
2025-06-04 03:55:58,206 - INFO - 
--- Iter 141 (train size (151, 3)) ---
2025-06-04 03:55:58,206 - INFO -  Inferred reference point at iter 141: [-0.09999999768118678, 0.04680013046025937, -0.0999942397860808]
2025-06-04 03:55:58,211 - INFO -  Scoring full pool: 9849 candidates
2025-06-04 03:56:18,949 - INFO -  GP predict time: 20.737s
2025-06-04 03:56:18,949 - INFO -   EHVI: 9849 candidates with 500 MC samples
2025-06-04 04:00:17,026 - INFO -  EHVI time: 238.077s
f1 shape: (1,)
f2 shape: (1,)
f3 shape: (1,)
2025-06-04 04:00:17,029 - INFO -  Selected idx=9929 (Nc1[nH]c(C(=O)c2ccccc2)c(-c2ccc(F)cc2)c1C(=O)NCCc1c[nH]c2ccccc12) → [1.         0.18916465 0.55341095]
2025-06-04 04:00:17,282 - INFO -  Hypervolume: 0.4177
2025-06-04 04:00:17,282 - INFO - 
--- Iter 142 (train size (152, 3)) ---
2025-06-04 04:00:17,282 - INFO -  Inferred reference point at iter 142: [-0.09999999768118678, 0.04680013046025937, -0.0999942397860808]
2025-06-04 04:00:17,287 - INFO -  Scoring full pool: 9848 candidates
2025-06-04 04:00:37,667 - INFO -  GP predict time: 20.380s
2025-06-04 04:00:37,667 - INFO -   EHVI: 9848 candidates with 500 MC samples
2025-06-04 04:04:35,501 - INFO -  EHVI time: 237.834s
f1 shape: (1,)
f2 shape: (1,)
f3 shape: (1,)
2025-06-04 04:04:35,504 - INFO -  Selected idx=320 (Cc1cccc(-c2ncc(N)c(=O)n2CC(=O)NC(Cc2ccccc2)C(=O)C(F)(F)C(=O)NCc2ccccc2)c1) → [1.         0.18982438 1.        ]
2025-06-04 04:04:35,761 - INFO -  Hypervolume: 0.4177
2025-06-04 04:04:35,761 - INFO - 
--- Iter 143 (train size (153, 3)) ---
2025-06-04 04:04:35,761 - INFO -  Inferred reference point at iter 143: [-0.09999999768118678, 0.04680013046025937, -0.0999942397860808]
2025-06-04 04:04:35,766 - INFO -  Scoring full pool: 9847 candidates
2025-06-04 04:04:56,651 - INFO -  GP predict time: 20.885s
2025-06-04 04:04:56,651 - INFO -   EHVI: 9847 candidates with 500 MC samples
2025-06-04 04:08:53,961 - INFO -  EHVI time: 237.310s
f1 shape: (1,)
f2 shape: (1,)
f3 shape: (1,)
2025-06-04 04:08:53,964 - INFO -  Selected idx=7979 (CCCCn1c(N)c(N(CCOC)C(=O)c2cccc(S(=O)(=O)N(C)c3ccc(C)cc3)c2)c(=O)[nH]c1=O) → [1.         0.20692568 1.        ]
2025-06-04 04:08:54,223 - INFO -  Hypervolume: 0.4177
2025-06-04 04:08:54,223 - INFO - 
--- Iter 144 (train size (154, 3)) ---
2025-06-04 04:08:54,223 - INFO -  Inferred reference point at iter 144: [-0.09999999768118678, 0.04680013046025937, -0.0999942397860808]
2025-06-04 04:08:54,229 - INFO -  Scoring full pool: 9846 candidates
2025-06-04 04:09:15,607 - INFO -  GP predict time: 21.378s
2025-06-04 04:09:15,607 - INFO -   EHVI: 9846 candidates with 500 MC samples
2025-06-04 04:13:12,488 - INFO -  EHVI time: 236.881s
f1 shape: (1,)
f2 shape: (1,)
f3 shape: (1,)
2025-06-04 04:13:12,491 - INFO -  Selected idx=2489 (CC(C)(C)c1ccc(S(=O)(=O)Nc2cc(SCC(=O)O)c(O)c3ccccc23)cc1) → [1.         0.22253129 0.71424583]
2025-06-04 04:13:12,756 - INFO -  Hypervolume: 0.4177
2025-06-04 04:13:12,756 - INFO - 
--- Iter 145 (train size (155, 3)) ---
2025-06-04 04:13:12,756 - INFO -  Inferred reference point at iter 145: [-0.09999999768118678, 0.04680013046025937, -0.0999942397860808]
2025-06-04 04:13:12,761 - INFO -  Scoring full pool: 9845 candidates
2025-06-04 04:13:34,189 - INFO -  GP predict time: 21.427s
2025-06-04 04:13:34,189 - INFO -   EHVI: 9845 candidates with 500 MC samples
2025-06-04 04:17:30,243 - INFO -  EHVI time: 236.054s
f1 shape: (1,)
f2 shape: (1,)
f3 shape: (1,)
2025-06-04 04:17:30,245 - INFO -  Selected idx=2304 (CCNC(=N)c1ccc(C2=NOC(CC(=O)NCC(NS(=O)(=O)c3cccc(C)c3)C(=O)O)C2)cc1) → [1.         0.21981627 1.        ]
2025-06-04 04:17:31,095 - INFO -  Hypervolume: 0.4177
2025-06-04 04:17:31,095 - INFO - 
--- Iter 146 (train size (156, 3)) ---
2025-06-04 04:17:31,095 - INFO -  Inferred reference point at iter 146: [-0.09999999768118678, 0.04680013046025937, -0.0999942397860808]
2025-06-04 04:17:31,100 - INFO -  Scoring full pool: 9844 candidates
2025-06-04 04:17:51,987 - INFO -  GP predict time: 20.887s
2025-06-04 04:17:51,987 - INFO -   EHVI: 9844 candidates with 500 MC samples
2025-06-04 04:21:49,282 - INFO -  EHVI time: 237.294s
f1 shape: (1,)
f2 shape: (1,)
f3 shape: (1,)
2025-06-04 04:21:49,283 - INFO -  Selected idx=954 (O=C(NCCS(=O)(=O)c1ccc(Br)cc1)c1ccc(F)cc1) → [0.0278621  0.12973641 1.        ]
2025-06-04 04:21:49,557 - INFO -  Hypervolume: 0.4177
2025-06-04 04:21:49,557 - INFO - 
--- Iter 147 (train size (157, 3)) ---
2025-06-04 04:21:49,557 - INFO -  Inferred reference point at iter 147: [-0.09999999768118678, 0.04680013046025937, -0.0999942397860808]
2025-06-04 04:21:49,562 - INFO -  Scoring full pool: 9843 candidates
2025-06-04 04:22:11,053 - INFO -  GP predict time: 21.491s
2025-06-04 04:22:11,053 - INFO -   EHVI: 9843 candidates with 500 MC samples
2025-06-04 04:26:08,239 - INFO -  EHVI time: 237.185s
f1 shape: (1,)
f2 shape: (1,)
f3 shape: (1,)
2025-06-04 04:26:08,241 - INFO -  Selected idx=7619 (O=C(NCCc1ccncc1)c1ccc(S(=O)(=O)NC2CCC2)cc1) → [0.98321447 0.19371941 1.        ]
2025-06-04 04:26:08,970 - INFO -  Hypervolume: 0.4177
2025-06-04 04:26:08,970 - INFO - 
--- Iter 148 (train size (158, 3)) ---
2025-06-04 04:26:08,970 - INFO -  Inferred reference point at iter 148: [-0.09999999768118678, 0.04680013046025937, -0.0999942397860808]
2025-06-04 04:26:08,975 - INFO -  Scoring full pool: 9842 candidates
2025-06-04 04:26:30,038 - INFO -  GP predict time: 21.063s
2025-06-04 04:26:30,038 - INFO -   EHVI: 9842 candidates with 500 MC samples
2025-06-04 04:30:26,249 - INFO -  EHVI time: 236.211s
f1 shape: (1,)
f2 shape: (1,)
f3 shape: (1,)
2025-06-04 04:30:26,252 - INFO -  Selected idx=6124 (Cc1ccc(N(CC(=O)N2CCN(c3ccccc3F)CC2)S(=O)(=O)c2c(C)noc2C)cc1) → [0.95484333 0.24131274 1.        ]
2025-06-04 04:30:27,189 - INFO -  Hypervolume: 0.4177
2025-06-04 04:30:27,189 - INFO - 
--- Iter 149 (train size (159, 3)) ---
2025-06-04 04:30:27,189 - INFO -  Inferred reference point at iter 149: [-0.09999999768118678, 0.04680013046025937, -0.0999942397860808]
2025-06-04 04:30:27,194 - INFO -  Scoring full pool: 9841 candidates
2025-06-04 04:30:48,471 - INFO -  GP predict time: 21.276s
2025-06-04 04:30:48,471 - INFO -   EHVI: 9841 candidates with 500 MC samples
2025-06-04 04:34:46,118 - INFO -  EHVI time: 237.647s
f1 shape: (1,)
f2 shape: (1,)
f3 shape: (1,)
2025-06-04 04:34:46,121 - INFO -  Selected idx=6771 (CC(=O)NC(CCC(N)=O)C(=O)NC(CC(=O)Nc1ccc2c(c1)C(=O)C(=O)c1ccccc1-2)C(=O)O) → [1.         0.20097442 1.        ]
2025-06-04 04:34:46,877 - INFO -  Hypervolume: 0.4177
2025-06-04 04:34:46,878 - INFO - 
--- Iter 150 (train size (160, 3)) ---
2025-06-04 04:34:46,878 - INFO -  Inferred reference point at iter 150: [-0.09999999768118678, 0.04680013046025937, -0.0999942397860808]
2025-06-04 04:34:46,883 - INFO -  Scoring full pool: 9840 candidates
2025-06-04 04:35:08,675 - INFO -  GP predict time: 21.793s
2025-06-04 04:35:08,676 - INFO -   EHVI: 9840 candidates with 500 MC samples
2025-06-04 04:39:05,926 - INFO -  EHVI time: 237.250s
f1 shape: (1,)
f2 shape: (1,)
f3 shape: (1,)
2025-06-04 04:39:05,928 - INFO -  Selected idx=2327 (Cc1ccc(S(=O)(=O)N2CCCC2CNC(=O)C(=O)NCc2ccccn2)cc1) → [1.         0.22201493 1.        ]
2025-06-04 04:39:06,214 - INFO -  Hypervolume: 0.4177
2025-06-04 04:39:06,215 - INFO - 
--- Iter 151 (train size (161, 3)) ---
2025-06-04 04:39:06,215 - INFO -  Inferred reference point at iter 151: [-0.09999999768118678, 0.04680013046025937, -0.0999942397860808]
2025-06-04 04:39:06,220 - INFO -  Scoring full pool: 9839 candidates
2025-06-04 04:39:28,198 - INFO -  GP predict time: 21.977s
2025-06-04 04:39:28,198 - INFO -   EHVI: 9839 candidates with 500 MC samples
2025-06-04 04:43:25,431 - INFO -  EHVI time: 237.233s
f1 shape: (1,)
f2 shape: (1,)
f3 shape: (1,)
2025-06-04 04:43:25,434 - INFO -  Selected idx=1826 (O=c1c(S(=O)(=O)c2ccc(F)cc2F)cc2cnc(Nc3ccc4[nH]ccc4c3)nc2n1CC1CC1) → [1.         0.19219484 0.865542  ]
2025-06-04 04:43:25,721 - INFO -  Hypervolume: 0.4177
2025-06-04 04:43:25,721 - INFO - 
--- Iter 152 (train size (162, 3)) ---
2025-06-04 04:43:25,721 - INFO -  Inferred reference point at iter 152: [-0.09999999768118678, 0.04680013046025937, -0.0999942397860808]
2025-06-04 04:43:25,726 - INFO -  Scoring full pool: 9838 candidates
2025-06-04 04:43:47,910 - INFO -  GP predict time: 22.184s
2025-06-04 04:43:47,910 - INFO -   EHVI: 9838 candidates with 500 MC samples
2025-06-04 04:47:44,807 - INFO -  EHVI time: 236.897s
f1 shape: (1,)
f2 shape: (1,)
f3 shape: (1,)
2025-06-04 04:47:44,810 - INFO -  Selected idx=9070 (CSCCC(NC(=O)c1ccc(CS(=O)(=O)c2cccnc2)cc1-c1ccccc1)C(=O)O) → [1.         0.25459921 1.        ]
2025-06-04 04:47:45,099 - INFO -  Hypervolume: 0.4177
2025-06-04 04:47:45,099 - INFO - 
--- Iter 153 (train size (163, 3)) ---
2025-06-04 04:47:45,099 - INFO -  Inferred reference point at iter 153: [-0.09999999768118678, 0.04680013046025937, -0.0999942397860808]
2025-06-04 04:47:45,105 - INFO -  Scoring full pool: 9837 candidates
2025-06-04 04:48:07,457 - INFO -  GP predict time: 22.353s
2025-06-04 04:48:07,458 - INFO -   EHVI: 9837 candidates with 500 MC samples
2025-06-04 04:52:03,137 - INFO -  EHVI time: 235.679s
f1 shape: (1,)
f2 shape: (1,)
f3 shape: (1,)
2025-06-04 04:52:03,140 - INFO -  Selected idx=4107 (CCCCCCOC(=O)c1cc2c([nH]c3ccccc32)c(-c2ccc3c(n2)C(=O)C(NC(C)=O)=CC3=O)n1) → [1.         0.17739274 0.6584407 ]
2025-06-04 04:52:03,435 - INFO -  Hypervolume: 0.4177
2025-06-04 04:52:03,435 - INFO - 
--- Iter 154 (train size (164, 3)) ---
2025-06-04 04:52:03,435 - INFO -  Inferred reference point at iter 154: [-0.09999999768118678, 0.04680013046025937, -0.0999942397860808]
2025-06-04 04:52:03,441 - INFO -  Scoring full pool: 9836 candidates
2025-06-04 04:52:25,933 - INFO -  GP predict time: 22.492s
2025-06-04 04:52:25,933 - INFO -   EHVI: 9836 candidates with 500 MC samples
2025-06-04 04:56:23,307 - INFO -  EHVI time: 237.374s
f1 shape: (1,)
f2 shape: (1,)
f3 shape: (1,)
2025-06-04 04:56:23,309 - INFO -  Selected idx=3650 (CC(C)(C)C(=O)NC(Cc1ccc(NC(=O)c2ccnc3ccccc23)cc1)C(=O)O) → [1.         0.22826087 1.        ]
2025-06-04 04:56:24,258 - INFO -  Hypervolume: 0.4177
2025-06-04 04:56:24,259 - INFO - 
--- Iter 155 (train size (165, 3)) ---
2025-06-04 04:56:24,259 - INFO -  Inferred reference point at iter 155: [-0.09999999768118678, 0.04680013046025937, -0.0999942397860808]
2025-06-04 04:56:24,264 - INFO -  Scoring full pool: 9835 candidates
2025-06-04 04:56:46,809 - INFO -  GP predict time: 22.545s
2025-06-04 04:56:46,809 - INFO -   EHVI: 9835 candidates with 500 MC samples
2025-06-04 05:00:43,943 - INFO -  EHVI time: 237.134s
f1 shape: (1,)
f2 shape: (1,)
f3 shape: (1,)
2025-06-04 05:00:43,946 - INFO -  Selected idx=524 (Cc1csc(NC(=O)c2cccc(Oc3ccc(S(C)(=O)=O)cc3)c2)n1) → [0.89794362 0.15648855 1.        ]
2025-06-04 05:00:44,245 - INFO -  Hypervolume: 0.4177
2025-06-04 05:00:44,245 - INFO - 
--- Iter 156 (train size (166, 3)) ---
2025-06-04 05:00:44,245 - INFO -  Inferred reference point at iter 156: [-0.09999999768118678, 0.04680013046025937, -0.0999942397860808]
2025-06-04 05:00:44,251 - INFO -  Scoring full pool: 9834 candidates
2025-06-04 05:01:06,984 - INFO -  GP predict time: 22.733s
2025-06-04 05:01:06,984 - INFO -   EHVI: 9834 candidates with 500 MC samples
2025-06-04 05:05:04,256 - INFO -  EHVI time: 237.271s
f1 shape: (1,)
f2 shape: (1,)
f3 shape: (1,)
2025-06-04 05:05:04,258 - INFO -  Selected idx=8902 (CC(=O)N1c2ccc(S(=O)(=O)NCC3CCC(C(=O)NCc4ccc(C)o4)CC3)cc2CC1C) → [1.         0.23308011 1.        ]
2025-06-04 05:05:04,565 - INFO -  Hypervolume: 0.4177
2025-06-04 05:05:04,565 - INFO - 
--- Iter 157 (train size (167, 3)) ---
2025-06-04 05:05:04,565 - INFO -  Inferred reference point at iter 157: [-0.09999999768118678, 0.04680013046025937, -0.0999942397860808]
2025-06-04 05:05:04,571 - INFO -  Scoring full pool: 9833 candidates
2025-06-04 05:05:27,459 - INFO -  GP predict time: 22.888s
2025-06-04 05:05:27,459 - INFO -   EHVI: 9833 candidates with 500 MC samples
2025-06-04 05:09:24,463 - INFO -  EHVI time: 237.004s
f1 shape: (1,)
f2 shape: (1,)
f3 shape: (1,)
2025-06-04 05:09:24,466 - INFO -  Selected idx=4870 (Cn1cncc1CN1CC(N(CC(=O)O)S(=O)(=O)c2ccccn2)Cc2cc(C#N)ccc21) → [1.         0.21160822 1.        ]
2025-06-04 05:09:25,274 - INFO -  Hypervolume: 0.4177
2025-06-04 05:09:25,274 - INFO - 
--- Iter 158 (train size (168, 3)) ---
2025-06-04 05:09:25,274 - INFO -  Inferred reference point at iter 158: [-0.09999999768118678, 0.04680013046025937, -0.0999942397860808]
2025-06-04 05:09:25,279 - INFO -  Scoring full pool: 9832 candidates
2025-06-04 05:09:48,500 - INFO -  GP predict time: 23.221s
2025-06-04 05:09:48,500 - INFO -   EHVI: 9832 candidates with 500 MC samples
2025-06-04 05:13:45,261 - INFO -  EHVI time: 236.761s
f1 shape: (1,)
f2 shape: (1,)
f3 shape: (1,)
2025-06-04 05:13:45,264 - INFO -  Selected idx=4756 (CC(=O)Nc1cc(F)ccc1CN1Cc2c(c(O)c3ncccc3c2N(C)S(C)(=O)=O)C1=O) → [1.        0.1543943 1.       ]
2025-06-04 05:13:46,268 - INFO -  Hypervolume: 0.4177
2025-06-04 05:13:46,268 - INFO - 
--- Iter 159 (train size (169, 3)) ---
2025-06-04 05:13:46,268 - INFO -  Inferred reference point at iter 159: [-0.09999999768118678, 0.04680013046025937, -0.0999942397860808]
2025-06-04 05:13:46,274 - INFO -  Scoring full pool: 9831 candidates
2025-06-04 05:14:09,325 - INFO -  GP predict time: 23.051s
2025-06-04 05:14:09,325 - INFO -   EHVI: 9831 candidates with 500 MC samples
2025-06-04 05:18:06,915 - INFO -  EHVI time: 237.590s
f1 shape: (1,)
f2 shape: (1,)
f3 shape: (1,)
2025-06-04 05:18:06,917 - INFO -  Selected idx=9630 (C#CCN(Cc1ccc2nc[nH]c(=O)c2c1)c1ccc(C(=O)NC(CCC(=O)O)C(=O)O)c(F)c1) → [1.       0.206743 1.      ]
2025-06-04 05:18:07,237 - INFO -  Hypervolume: 0.4177
2025-06-04 05:18:07,237 - INFO - 
--- Iter 160 (train size (170, 3)) ---
2025-06-04 05:18:07,237 - INFO -  Inferred reference point at iter 160: [-0.09999999768118678, 0.04680013046025937, -0.0999942397860808]
2025-06-04 05:18:07,242 - INFO -  Scoring full pool: 9830 candidates
2025-06-04 05:18:30,096 - INFO -  GP predict time: 22.854s
2025-06-04 05:18:30,097 - INFO -   EHVI: 9830 candidates with 500 MC samples
2025-06-04 05:22:27,904 - INFO -  EHVI time: 237.807s
f1 shape: (1,)
f2 shape: (1,)
f3 shape: (1,)
2025-06-04 05:22:27,907 - INFO -  Selected idx=176 (CCOc1ccc(NC(=O)CSc2nnc3c(n2)[nH]c2ccc(S(=O)(=O)N4CCOCC4)cc23)cc1) → [1.         0.18401015 1.        ]
2025-06-04 05:22:28,228 - INFO -  Hypervolume: 0.4177
2025-06-04 05:22:28,228 - INFO - 
--- Iter 161 (train size (171, 3)) ---
2025-06-04 05:22:28,228 - INFO -  Inferred reference point at iter 161: [-0.09999999768118678, 0.04680013046025937, -0.0999942397860808]
2025-06-04 05:22:28,234 - INFO -  Scoring full pool: 9829 candidates
2025-06-04 05:22:51,758 - INFO -  GP predict time: 23.524s
2025-06-04 05:22:51,758 - INFO -   EHVI: 9829 candidates with 500 MC samples
2025-06-04 05:26:48,186 - INFO -  EHVI time: 236.429s
f1 shape: (1,)
f2 shape: (1,)
f3 shape: (1,)
2025-06-04 05:26:48,189 - INFO -  Selected idx=3326 (Nc1ncnc2c1ncn2C1OC(CNS(=O)(=O)NC(=O)c2ccccc2O)C(O)C1O) → [1.         0.14391979 1.        ]
2025-06-04 05:26:49,016 - INFO -  Hypervolume: 0.4177
2025-06-04 05:26:49,017 - INFO - 
--- Iter 162 (train size (172, 3)) ---
2025-06-04 05:26:49,017 - INFO -  Inferred reference point at iter 162: [-0.09999999768118678, 0.04680013046025937, -0.0999942397860808]
2025-06-04 05:26:49,022 - INFO -  Scoring full pool: 9828 candidates
2025-06-04 05:27:12,557 - INFO -  GP predict time: 23.535s
2025-06-04 05:27:12,558 - INFO -   EHVI: 9828 candidates with 500 MC samples
2025-06-04 05:31:08,508 - INFO -  EHVI time: 235.950s
f1 shape: (1,)
f2 shape: (1,)
f3 shape: (1,)
2025-06-04 05:31:08,511 - INFO -  Selected idx=9395 (O=C(Cn1nnc(-c2ccccc2Cl)n1)Nc1cccc(S(=O)(=O)N2CCCC2)c1) → [1.         0.17277856 1.        ]
2025-06-04 05:31:08,837 - INFO -  Hypervolume: 0.4177
2025-06-04 05:31:08,837 - INFO - 
--- Iter 163 (train size (173, 3)) ---
2025-06-04 05:31:08,837 - INFO -  Inferred reference point at iter 163: [-0.09999999768118678, 0.04680013046025937, -0.0999942397860808]
2025-06-04 05:31:08,842 - INFO -  Scoring full pool: 9827 candidates
2025-06-04 05:31:32,716 - INFO -  GP predict time: 23.873s
2025-06-04 05:31:32,716 - INFO -   EHVI: 9827 candidates with 500 MC samples
2025-06-04 05:35:29,948 - INFO -  EHVI time: 237.232s
f1 shape: (1,)
f2 shape: (1,)
f3 shape: (1,)
2025-06-04 05:35:29,951 - INFO -  Selected idx=9809 (Cc1ccc(NC(=O)Cn2c(=O)n(CCCCC(=O)NCc3ccccc3Cl)c(=O)c3ccccc32)cc1C) → [1.         0.25277435 0.85542995]
2025-06-04 05:35:30,285 - INFO -  Hypervolume: 0.4177
2025-06-04 05:35:30,285 - INFO - 
--- Iter 164 (train size (174, 3)) ---
2025-06-04 05:35:30,285 - INFO -  Inferred reference point at iter 164: [-0.09999999768118678, 0.04680013046025937, -0.0999942397860808]
2025-06-04 05:35:30,291 - INFO -  Scoring full pool: 9826 candidates
2025-06-04 05:35:54,285 - INFO -  GP predict time: 23.994s
2025-06-04 05:35:54,285 - INFO -   EHVI: 9826 candidates with 500 MC samples
2025-06-04 05:39:52,068 - INFO -  EHVI time: 237.783s
f1 shape: (1,)
f2 shape: (1,)
f3 shape: (1,)
2025-06-04 05:39:52,071 - INFO -  Selected idx=667 (CN1CCN(C(=O)NC(Cc2cccnc2)C(=O)NC(C=CS(=O)(=O)c2ccccc2)CCc2ccccc2)CC1) → [1.         0.29537671 1.        ]
2025-06-04 05:39:52,407 - INFO -  Hypervolume: 0.4177
2025-06-04 05:39:52,407 - INFO - 
--- Iter 165 (train size (175, 3)) ---
2025-06-04 05:39:52,407 - INFO -  Inferred reference point at iter 165: [-0.09999999768118678, 0.04680013046025937, -0.0999942397860808]
2025-06-04 05:39:52,413 - INFO -  Scoring full pool: 9825 candidates
2025-06-04 05:40:16,059 - INFO -  GP predict time: 23.646s
2025-06-04 05:40:16,059 - INFO -   EHVI: 9825 candidates with 500 MC samples
2025-06-04 05:44:13,481 - INFO -  EHVI time: 237.422s
f1 shape: (1,)
f2 shape: (1,)
f3 shape: (1,)
2025-06-04 05:44:13,484 - INFO -  Selected idx=5910 (CCCc1nc(SC)c(C(=O)O)n1Cc1ccc(-c2ccccc2S(=O)(=O)NC(=O)NC2CCCCC2)cc1) → [1.         0.25664251 0.43425851]
2025-06-04 05:44:14,318 - INFO -  Hypervolume: 0.4177
2025-06-04 05:44:14,318 - INFO - 
--- Iter 166 (train size (176, 3)) ---
2025-06-04 05:44:14,318 - INFO -  Inferred reference point at iter 166: [-0.09999999768118678, 0.04680013046025937, -0.0999942397860808]
2025-06-04 05:44:14,323 - INFO -  Scoring full pool: 9824 candidates
2025-06-04 05:44:38,412 - INFO -  GP predict time: 24.089s
2025-06-04 05:44:38,412 - INFO -   EHVI: 9824 candidates with 500 MC samples
2025-06-04 05:48:35,079 - INFO -  EHVI time: 236.667s
f1 shape: (1,)
f2 shape: (1,)
f3 shape: (1,)
2025-06-04 05:48:35,082 - INFO -  Selected idx=8878 (O=C(CCC1CC(=O)Nc2ccccc21)NCc1cccnc1) → [0.16730438 0.21757679 1.        ]
2025-06-04 05:48:35,424 - INFO -  Hypervolume: 0.4177
2025-06-04 05:48:35,424 - INFO - 
--- Iter 167 (train size (177, 3)) ---
2025-06-04 05:48:35,424 - INFO -  Inferred reference point at iter 167: [-0.09999999768118678, 0.04680013046025937, -0.0999942397860808]
2025-06-04 05:48:35,430 - INFO -  Scoring full pool: 9823 candidates
2025-06-04 05:49:00,171 - INFO -  GP predict time: 24.741s
2025-06-04 05:49:00,171 - INFO -   EHVI: 9823 candidates with 500 MC samples
2025-06-04 05:52:56,487 - INFO -  EHVI time: 236.316s
f1 shape: (1,)
f2 shape: (1,)
f3 shape: (1,)
2025-06-04 05:52:56,490 - INFO -  Selected idx=1416 (Cc1cccc(NS(=O)(=O)c2ccc(N=Nc3c(O)c(C(=O)O)cc4ccccc34)cc2)n1) → [1.         0.15077821 0.50837273]
2025-06-04 05:52:57,464 - INFO -  Hypervolume: 0.4177
2025-06-04 05:52:57,465 - INFO - 
--- Iter 168 (train size (178, 3)) ---
2025-06-04 05:52:57,465 - INFO -  Inferred reference point at iter 168: [-0.09999999768118678, 0.04680013046025937, -0.0999942397860808]
2025-06-04 05:52:57,470 - INFO -  Scoring full pool: 9822 candidates
2025-06-04 05:53:21,884 - INFO -  GP predict time: 24.413s
2025-06-04 05:53:21,884 - INFO -   EHVI: 9822 candidates with 500 MC samples
2025-06-04 05:57:19,364 - INFO -  EHVI time: 237.480s
f1 shape: (1,)
f2 shape: (1,)
f3 shape: (1,)
2025-06-04 05:57:19,366 - INFO -  Selected idx=4822 (N=C(N)c1ccc(O)c(OCC(=O)Nc2ccc(-c3ccccc3S(N)(=O)=O)cc2)c1) → [1.         0.18538136 1.        ]
2025-06-04 05:57:19,717 - INFO -  Hypervolume: 0.4177
2025-06-04 05:57:19,717 - INFO - 
--- Iter 169 (train size (179, 3)) ---
2025-06-04 05:57:19,717 - INFO -  Inferred reference point at iter 169: [-0.09999999768118678, 0.04680013046025937, -0.0999942397860808]
2025-06-04 05:57:19,723 - INFO -  Scoring full pool: 9821 candidates
2025-06-04 05:57:44,468 - INFO -  GP predict time: 24.745s
2025-06-04 05:57:44,468 - INFO -   EHVI: 9821 candidates with 500 MC samples
2025-06-04 06:01:41,437 - INFO -  EHVI time: 236.968s
f1 shape: (1,)
f2 shape: (1,)
f3 shape: (1,)
2025-06-04 06:01:41,439 - INFO -  Selected idx=7172 (CS(=O)(=NC=C(C#N)C(=O)c1ccco1)c1ccc(Oc2ccc([N+](=O)[O-])cn2)cc1) → [1.         0.14766484 0.99256381]
2025-06-04 06:01:42,327 - INFO -  Hypervolume: 0.4177
2025-06-04 06:01:42,327 - INFO - 
--- Iter 170 (train size (180, 3)) ---
2025-06-04 06:01:42,327 - INFO -  Inferred reference point at iter 170: [-0.09999999768118678, 0.04680013046025937, -0.0999942397860808]
2025-06-04 06:01:42,332 - INFO -  Scoring full pool: 9820 candidates
2025-06-04 06:02:06,971 - INFO -  GP predict time: 24.639s
2025-06-04 06:02:06,971 - INFO -   EHVI: 9820 candidates with 500 MC samples
2025-06-04 06:06:03,677 - INFO -  EHVI time: 236.706s
f1 shape: (1,)
f2 shape: (1,)
f3 shape: (1,)
2025-06-04 06:06:03,680 - INFO -  Selected idx=8159 (CCOC(=O)c1c(S(=O)(=O)NCC(=O)Nc2ccc(C(C)=O)cc2)c(C)n(C)c1C) → [1.         0.10927152 1.        ]
2025-06-04 06:06:04,544 - INFO -  Hypervolume: 0.4177
2025-06-04 06:06:04,544 - INFO - 
--- Iter 171 (train size (181, 3)) ---
2025-06-04 06:06:04,544 - INFO -  Inferred reference point at iter 171: [-0.09999999768118678, 0.04680013046025937, -0.0999942397860808]
2025-06-04 06:06:04,550 - INFO -  Scoring full pool: 9819 candidates
2025-06-04 06:06:29,263 - INFO -  GP predict time: 24.713s
2025-06-04 06:06:29,263 - INFO -   EHVI: 9819 candidates with 500 MC samples
2025-06-04 06:10:26,143 - INFO -  EHVI time: 236.880s
f1 shape: (1,)
f2 shape: (1,)
f3 shape: (1,)
2025-06-04 06:10:26,146 - INFO -  Selected idx=5201 (CCOc1ccc(C(=O)Nc2cc(Br)cc3c(=O)cc(C(=O)O)oc23)cc1) → [1.         0.13928571 1.        ]
2025-06-04 06:10:27,016 - INFO -  Hypervolume: 0.4177
2025-06-04 06:10:27,016 - INFO - 
--- Iter 172 (train size (182, 3)) ---
2025-06-04 06:10:27,016 - INFO -  Inferred reference point at iter 172: [-0.09999999768118678, 0.04680013046025937, -0.0999942397860808]
2025-06-04 06:10:27,022 - INFO -  Scoring full pool: 9818 candidates
2025-06-04 06:10:51,846 - INFO -  GP predict time: 24.824s
2025-06-04 06:10:51,846 - INFO -   EHVI: 9818 candidates with 500 MC samples
2025-06-04 06:14:49,195 - INFO -  EHVI time: 237.348s
f1 shape: (1,)
f2 shape: (1,)
f3 shape: (1,)
2025-06-04 06:14:49,197 - INFO -  Selected idx=1771 (CS(=O)(=O)N1CC2(CCN(C(=O)Nc3ccc(-n4cccn4)cc3)CC2)c2ccccc21) → [0.97019519 0.27618364 1.        ]
2025-06-04 06:14:49,563 - INFO -  Hypervolume: 0.4177
2025-06-04 06:14:49,563 - INFO - 
--- Iter 173 (train size (183, 3)) ---
2025-06-04 06:14:49,563 - INFO -  Inferred reference point at iter 173: [-0.09999999768118678, 0.04680013046025937, -0.0999942397860808]
2025-06-04 06:14:49,569 - INFO -  Scoring full pool: 9817 candidates
2025-06-04 06:15:15,081 - INFO -  GP predict time: 25.512s
2025-06-04 06:15:15,081 - INFO -   EHVI: 9817 candidates with 500 MC samples
2025-06-04 06:19:11,158 - INFO -  EHVI time: 236.076s
f1 shape: (1,)
f2 shape: (1,)
f3 shape: (1,)
2025-06-04 06:19:11,160 - INFO -  Selected idx=8265 (Cc1ccc(-c2cc(-c3nnc(SCC(=O)NCC(C)C)n3N)c3ccccc3n2)cc1) → [1.         0.17089844 0.99890454]
2025-06-04 06:19:12,176 - INFO -  Hypervolume: 0.4177
2025-06-04 06:19:12,176 - INFO - 
--- Iter 174 (train size (184, 3)) ---
2025-06-04 06:19:12,176 - INFO -  Inferred reference point at iter 174: [-0.09999999768118678, 0.04680013046025937, -0.0999942397860808]
2025-06-04 06:19:12,182 - INFO -  Scoring full pool: 9816 candidates
2025-06-04 06:19:37,925 - INFO -  GP predict time: 25.743s
2025-06-04 06:19:37,925 - INFO -   EHVI: 9816 candidates with 500 MC samples
2025-06-04 06:23:33,701 - INFO -  EHVI time: 235.776s
f1 shape: (1,)
f2 shape: (1,)
f3 shape: (1,)
2025-06-04 06:23:33,704 - INFO -  Selected idx=6347 (NC(=O)c1ccc(NC(=O)CN2CCN(S(=O)(=O)c3ccc4c(c3)OCCO4)CC2)cc1) → [1.         0.26277372 1.        ]
2025-06-04 06:23:34,721 - INFO -  Hypervolume: 0.4177
2025-06-04 06:23:34,721 - INFO - 
--- Iter 175 (train size (185, 3)) ---
2025-06-04 06:23:34,721 - INFO -  Inferred reference point at iter 175: [-0.09999999768118678, 0.04680013046025937, -0.0999942397860808]
2025-06-04 06:23:34,727 - INFO -  Scoring full pool: 9815 candidates
2025-06-04 06:23:59,948 - INFO -  GP predict time: 25.221s
2025-06-04 06:23:59,948 - INFO -   EHVI: 9815 candidates with 500 MC samples
2025-06-04 06:27:56,832 - INFO -  EHVI time: 236.884s
f1 shape: (1,)
f2 shape: (1,)
f3 shape: (1,)
2025-06-04 06:27:56,835 - INFO -  Selected idx=7578 (CCc1ccc(NC(=O)C2CCN(S(=O)(=O)c3c(C)nc(O)nc3O)CC2)cc1) → [1.         0.21418021 1.        ]
2025-06-04 06:27:57,748 - INFO -  Hypervolume: 0.4177
2025-06-04 06:27:57,748 - INFO - 
--- Iter 176 (train size (186, 3)) ---
2025-06-04 06:27:57,748 - INFO -  Inferred reference point at iter 176: [-0.09999999768118678, 0.04680013046025937, -0.0999942397860808]
2025-06-04 06:27:57,754 - INFO -  Scoring full pool: 9814 candidates
2025-06-04 06:28:23,607 - INFO -  GP predict time: 25.853s
2025-06-04 06:28:23,607 - INFO -   EHVI: 9814 candidates with 500 MC samples
2025-06-04 06:32:20,146 - INFO -  EHVI time: 236.539s
f1 shape: (1,)
f2 shape: (1,)
f3 shape: (1,)
2025-06-04 06:32:20,149 - INFO -  Selected idx=1577 (CC(C)C(NS(=O)(=O)c1ccc2c(c1)oc1ccc(-n3cncn3)cc12)C(=O)O) → [1.         0.14403292 1.        ]
2025-06-04 06:32:20,529 - INFO -  Hypervolume: 0.4177
2025-06-04 06:32:20,529 - INFO - 
--- Iter 177 (train size (187, 3)) ---
2025-06-04 06:32:20,529 - INFO -  Inferred reference point at iter 177: [-0.09999999768118678, 0.04680013046025937, -0.0999942397860808]
2025-06-04 06:32:20,535 - INFO -  Scoring full pool: 9813 candidates
2025-06-04 06:32:46,663 - INFO -  GP predict time: 26.127s
2025-06-04 06:32:46,663 - INFO -   EHVI: 9813 candidates with 500 MC samples
2025-06-04 06:36:42,869 - INFO -  EHVI time: 236.206s
f1 shape: (1,)
f2 shape: (1,)
f3 shape: (1,)
2025-06-04 06:36:42,871 - INFO -  Selected idx=8279 (CNC(=O)c1cc(Oc2ccc(NS(=O)(=O)c3ccccc3[N+](=O)[O-])cc2)ccn1) → [1.         0.17045455 1.        ]
2025-06-04 06:36:43,255 - INFO -  Hypervolume: 0.4177
2025-06-04 06:36:43,255 - INFO - 
--- Iter 178 (train size (188, 3)) ---
2025-06-04 06:36:43,255 - INFO -  Inferred reference point at iter 178: [-0.09999999768118678, 0.04680013046025937, -0.0999942397860808]
2025-06-04 06:36:43,261 - INFO -  Scoring full pool: 9812 candidates
2025-06-04 06:37:09,019 - INFO -  GP predict time: 25.758s
2025-06-04 06:37:09,019 - INFO -   EHVI: 9812 candidates with 500 MC samples
2025-06-04 06:41:06,561 - INFO -  EHVI time: 237.542s
f1 shape: (1,)
f2 shape: (1,)
f3 shape: (1,)
2025-06-04 06:41:06,563 - INFO -  Selected idx=1900 (COC1CCN(S(=O)(=O)c2ccc(CNC(=O)c3cnc4[nH]ncc4c3)cc2)CC1) → [1.         0.19258721 1.        ]
2025-06-04 06:41:06,954 - INFO -  Hypervolume: 0.4177
2025-06-04 06:41:06,954 - INFO - 
--- Iter 179 (train size (189, 3)) ---
2025-06-04 06:41:06,954 - INFO -  Inferred reference point at iter 179: [-0.09999999768118678, 0.04680013046025937, -0.0999942397860808]
2025-06-04 06:41:06,960 - INFO -  Scoring full pool: 9811 candidates
2025-06-04 06:41:32,896 - INFO -  GP predict time: 25.935s
2025-06-04 06:41:32,896 - INFO -   EHVI: 9811 candidates with 500 MC samples
2025-06-04 06:45:30,787 - INFO -  EHVI time: 237.891s
f1 shape: (1,)
f2 shape: (1,)
f3 shape: (1,)
2025-06-04 06:45:30,790 - INFO -  Selected idx=3897 (Cc1oc(C(Cc2cn(C)c3ccccc23)NC(=O)C(CC(C)C)NC(=O)Nc2cccnc2)nc1C(=O)O) → [1.         0.17571885 0.97934301]
2025-06-04 06:45:31,184 - INFO -  Hypervolume: 0.4177
2025-06-04 06:45:31,184 - INFO - 
--- Iter 180 (train size (190, 3)) ---
2025-06-04 06:45:31,184 - INFO -  Inferred reference point at iter 180: [-0.09999999768118678, 0.04680013046025937, -0.0999942397860808]
2025-06-04 06:45:31,190 - INFO -  Scoring full pool: 9810 candidates
2025-06-04 06:45:57,099 - INFO -  GP predict time: 25.909s
2025-06-04 06:45:57,099 - INFO -   EHVI: 9810 candidates with 500 MC samples
2025-06-04 06:49:53,725 - INFO -  EHVI time: 236.626s
f1 shape: (1,)
f2 shape: (1,)
f3 shape: (1,)
2025-06-04 06:49:53,728 - INFO -  Selected idx=7110 (Cc1ccc(CCNS(=O)(=O)c2ccc3c(c2)CCN3C(=O)CCC(=O)O)cc1) → [1.         0.21860987 1.        ]
2025-06-04 06:49:54,675 - INFO -  Hypervolume: 0.4177
2025-06-04 06:49:54,675 - INFO - 
--- Iter 181 (train size (191, 3)) ---
2025-06-04 06:49:54,675 - INFO -  Inferred reference point at iter 181: [-0.09999999768118678, 0.04680013046025937, -0.0999942397860808]
2025-06-04 06:49:54,681 - INFO -  Scoring full pool: 9809 candidates
2025-06-04 06:50:20,636 - INFO -  GP predict time: 25.955s
2025-06-04 06:50:20,637 - INFO -   EHVI: 9809 candidates with 500 MC samples
2025-06-04 06:54:18,259 - INFO -  EHVI time: 237.622s
f1 shape: (1,)
f2 shape: (1,)
f3 shape: (1,)
2025-06-04 06:54:18,261 - INFO -  Selected idx=1962 (CN(C)c1c(NC(Cc2ccc(NC(=O)c3c(Cl)cncc3Cl)cc2)C(=O)O)c(=O)c1=O) → [1.         0.17517007 1.        ]
2025-06-04 06:54:18,662 - INFO -  Hypervolume: 0.4177
2025-06-04 06:54:18,662 - INFO - 
--- Iter 182 (train size (192, 3)) ---
2025-06-04 06:54:18,662 - INFO -  Inferred reference point at iter 182: [-0.09999999768118678, 0.04680013046025937, -0.0999942397860808]
2025-06-04 06:54:18,669 - INFO -  Scoring full pool: 9808 candidates
2025-06-04 06:54:45,214 - INFO -  GP predict time: 26.545s
2025-06-04 06:54:45,214 - INFO -   EHVI: 9808 candidates with 500 MC samples
2025-06-04 06:58:42,695 - INFO -  EHVI time: 237.481s
f1 shape: (1,)
f2 shape: (1,)
f3 shape: (1,)
2025-06-04 06:58:42,698 - INFO -  Selected idx=5762 (Cc1ccc2c(c1)c(-c1ccc[nH]c1=O)c(C(=O)NS(=O)(=O)C(C)C)n2Cc1cc(F)ccc1F) → [1.         0.1280359  0.99506013]
2025-06-04 06:58:43,103 - INFO -  Hypervolume: 0.4177
2025-06-04 06:58:43,103 - INFO - 
--- Iter 183 (train size (193, 3)) ---
2025-06-04 06:58:43,103 - INFO -  Inferred reference point at iter 183: [-0.09999999768118678, 0.04680013046025937, -0.0999942397860808]
2025-06-04 06:58:43,109 - INFO -  Scoring full pool: 9807 candidates
2025-06-04 06:59:09,886 - INFO -  GP predict time: 26.776s
2025-06-04 06:59:09,886 - INFO -   EHVI: 9807 candidates with 500 MC samples
2025-06-04 07:03:06,680 - INFO -  EHVI time: 236.794s
f1 shape: (1,)
f2 shape: (1,)
f3 shape: (1,)
2025-06-04 07:03:06,682 - INFO -  Selected idx=5076 (Cc1cc(C)cc(S(=O)(=O)c2c(C(=O)NCc3cccnc3)[nH]c3ccc(Cl)cc23)c1) → [1.         0.12824475 0.83730051]
2025-06-04 07:03:07,641 - INFO -  Hypervolume: 0.4177
2025-06-04 07:03:07,641 - INFO - 
--- Iter 184 (train size (194, 3)) ---
2025-06-04 07:03:07,641 - INFO -  Inferred reference point at iter 184: [-0.09999999768118678, 0.04680013046025937, -0.0999942397860808]
2025-06-04 07:03:07,647 - INFO -  Scoring full pool: 9806 candidates
2025-06-04 07:03:34,404 - INFO -  GP predict time: 26.756s
2025-06-04 07:03:34,404 - INFO -   EHVI: 9806 candidates with 500 MC samples
2025-06-04 07:07:28,735 - INFO -  EHVI time: 234.331s
f1 shape: (1,)
f2 shape: (1,)
f3 shape: (1,)
2025-06-04 07:07:28,736 - INFO -  Selected idx=9510 (C[S+]([O-])CCC(NS(=O)(=O)c1ccccc1)C(=O)O) → [1.         0.11800699 1.        ]
2025-06-04 07:07:29,145 - INFO -  Hypervolume: 0.4177
2025-06-04 07:07:29,145 - INFO - 
--- Iter 185 (train size (195, 3)) ---
2025-06-04 07:07:29,145 - INFO -  Inferred reference point at iter 185: [-0.09999999768118678, 0.04680013046025937, -0.0999942397860808]
2025-06-04 07:07:29,151 - INFO -  Scoring full pool: 9805 candidates
2025-06-04 07:07:55,609 - INFO -  GP predict time: 26.458s
2025-06-04 07:07:55,609 - INFO -   EHVI: 9805 candidates with 500 MC samples
2025-06-04 07:11:50,378 - INFO -  EHVI time: 234.769s
f1 shape: (1,)
f2 shape: (1,)
f3 shape: (1,)
2025-06-04 07:11:50,381 - INFO -  Selected idx=7332 (CN(C)CCC(CSc1ccccc1)Nc1ccc(S(=O)(=O)Nc2ccc(N3CCNCC3)cc2)cc1[N+](=O)[O-]) → [1.         0.29090909 0.94709957]
2025-06-04 07:11:50,798 - INFO -  Hypervolume: 0.4177
2025-06-04 07:11:50,798 - INFO - 
--- Iter 186 (train size (196, 3)) ---
2025-06-04 07:11:50,799 - INFO -  Inferred reference point at iter 186: [-0.09999999768118678, 0.04680013046025937, -0.0999942397860808]
2025-06-04 07:11:50,805 - INFO -  Scoring full pool: 9804 candidates
2025-06-04 07:12:18,423 - INFO -  GP predict time: 27.618s
2025-06-04 07:12:18,423 - INFO -   EHVI: 9804 candidates with 500 MC samples
2025-06-04 07:16:13,221 - INFO -  EHVI time: 234.798s
f1 shape: (1,)
f2 shape: (1,)
f3 shape: (1,)
2025-06-04 07:16:13,224 - INFO -  Selected idx=2048 (CCN(CC)C(CNC(=O)c1ccc(NS(C)(=O)=O)cc1)c1ccccc1) → [0.51679939 0.22127329 1.        ]
2025-06-04 07:16:13,642 - INFO -  Hypervolume: 0.4177
2025-06-04 07:16:13,642 - INFO - 
--- Iter 187 (train size (197, 3)) ---
2025-06-04 07:16:13,642 - INFO -  Inferred reference point at iter 187: [-0.09999999768118678, 0.04680013046025937, -0.0999942397860808]
2025-06-04 07:16:13,648 - INFO -  Scoring full pool: 9803 candidates
2025-06-04 07:16:40,981 - INFO -  GP predict time: 27.333s
2025-06-04 07:16:40,981 - INFO -   EHVI: 9803 candidates with 500 MC samples
2025-06-04 07:20:35,067 - INFO -  EHVI time: 234.086s
f1 shape: (1,)
f2 shape: (1,)
f3 shape: (1,)
2025-06-04 07:20:35,070 - INFO -  Selected idx=1795 (CC1Cc2cc(C(=O)C3=C(O)C(=O)N(CCCn4ccnc4)C3c3cccnc3)ccc2O1) → [1.         0.26785714 1.        ]
2025-06-04 07:20:36,162 - INFO -  Hypervolume: 0.4177
2025-06-04 07:20:36,162 - INFO - 
--- Iter 188 (train size (198, 3)) ---
2025-06-04 07:20:36,162 - INFO -  Inferred reference point at iter 188: [-0.09999999768118678, 0.04680013046025937, -0.0999942397860808]
2025-06-04 07:20:36,168 - INFO -  Scoring full pool: 9802 candidates
2025-06-04 07:21:03,432 - INFO -  GP predict time: 27.264s
2025-06-04 07:21:03,432 - INFO -   EHVI: 9802 candidates with 500 MC samples
2025-06-04 07:24:57,966 - INFO -  EHVI time: 234.534s
f1 shape: (1,)
f2 shape: (1,)
f3 shape: (1,)
2025-06-04 07:24:57,969 - INFO -  Selected idx=5998 (CCC(=O)Nc1ccc(S(=O)(=O)NCc2cccn2Cc2cccc(C)c2)cc1) → [0.61865965 0.20679468 1.        ]
2025-06-04 07:24:58,957 - INFO -  Hypervolume: 0.4177
2025-06-04 07:24:58,957 - INFO - 
--- Iter 189 (train size (199, 3)) ---
2025-06-04 07:24:58,957 - INFO -  Inferred reference point at iter 189: [-0.09999999768118678, 0.04680013046025937, -0.0999942397860808]
2025-06-04 07:24:58,963 - INFO -  Scoring full pool: 9801 candidates
2025-06-04 07:25:26,364 - INFO -  GP predict time: 27.401s
2025-06-04 07:25:26,364 - INFO -   EHVI: 9801 candidates with 500 MC samples
2025-06-04 07:29:20,981 - INFO -  EHVI time: 234.617s
f1 shape: (1,)
f2 shape: (1,)
f3 shape: (1,)
2025-06-04 07:29:20,984 - INFO -  Selected idx=8758 (CC(C)CC(NC(=O)C1CCCN1C(=O)C(N)Cc1ccc(O)cc1)C(=O)NC(Cc1ccccc1)C(N)=O) → [1.         0.22383721 1.        ]
2025-06-04 07:29:21,415 - INFO -  Hypervolume: 0.4177
2025-06-04 07:29:21,416 - INFO - 
--- Iter 190 (train size (200, 3)) ---
2025-06-04 07:29:21,416 - INFO -  Inferred reference point at iter 190: [-0.09999999768118678, 0.04680013046025937, -0.0999942397860808]
2025-06-04 07:29:21,422 - INFO -  Scoring full pool: 9800 candidates
2025-06-04 07:29:49,009 - INFO -  GP predict time: 27.587s
2025-06-04 07:29:49,009 - INFO -   EHVI: 9800 candidates with 500 MC samples
2025-06-04 07:33:43,147 - INFO -  EHVI time: 234.138s
f1 shape: (1,)
f2 shape: (1,)
f3 shape: (1,)
2025-06-04 07:33:43,150 - INFO -  Selected idx=6148 (Cc1ccc(S(=O)(=O)NC(Cc2ccccc2)C(=O)N2CCCC2C(=O)O)cc1) → [1.        0.2613798 1.       ]
2025-06-04 07:33:44,249 - INFO -  Hypervolume: 0.4177
2025-06-04 07:33:44,249 - INFO - 
--- Iter 191 (train size (201, 3)) ---
2025-06-04 07:33:44,249 - INFO -  Inferred reference point at iter 191: [-0.09999999768118678, 0.04680013046025937, -0.0999942397860808]
2025-06-04 07:33:44,256 - INFO -  Scoring full pool: 9799 candidates
2025-06-04 07:34:11,896 - INFO -  GP predict time: 27.641s
2025-06-04 07:34:11,897 - INFO -   EHVI: 9799 candidates with 500 MC samples
2025-06-04 07:38:06,869 - INFO -  EHVI time: 234.972s
f1 shape: (1,)
f2 shape: (1,)
f3 shape: (1,)
2025-06-04 07:38:06,871 - INFO -  Selected idx=2947 (COC(=O)c1c(O)cccc1OCCCCNC(=O)C(Cc1ccc(NC(=O)C(=O)O)cc1)NC(C)=O) → [1.         0.27758621 1.        ]
2025-06-04 07:38:07,316 - INFO -  Hypervolume: 0.4177
2025-06-04 07:38:07,316 - INFO - 
--- Iter 192 (train size (202, 3)) ---
2025-06-04 07:38:07,316 - INFO -  Inferred reference point at iter 192: [-0.09999999768118678, 0.04680013046025937, -0.0999942397860808]
2025-06-04 07:38:07,322 - INFO -  Scoring full pool: 9798 candidates
2025-06-04 07:38:34,591 - INFO -  GP predict time: 27.269s
2025-06-04 07:38:34,591 - INFO -   EHVI: 9798 candidates with 500 MC samples
2025-06-04 07:42:29,749 - INFO -  EHVI time: 235.158s
f1 shape: (1,)
f2 shape: (1,)
f3 shape: (1,)
2025-06-04 07:42:29,751 - INFO -  Selected idx=1953 (Cc1ccc(NC(=O)CC2=NC(=O)C(CC(=O)Nc3ccccc3F)S2)cc1) → [0.9723062  0.16691395 1.        ]
2025-06-04 07:42:30,199 - INFO -  Hypervolume: 0.4177
2025-06-04 07:42:30,199 - INFO - 
--- Iter 193 (train size (203, 3)) ---
2025-06-04 07:42:30,199 - INFO -  Inferred reference point at iter 193: [-0.09999999768118678, 0.04680013046025937, -0.0999942397860808]
2025-06-04 07:42:30,206 - INFO -  Scoring full pool: 9797 candidates
2025-06-04 07:42:57,732 - INFO -  GP predict time: 27.526s
2025-06-04 07:42:57,732 - INFO -   EHVI: 9797 candidates with 500 MC samples
2025-06-04 07:46:52,694 - INFO -  EHVI time: 234.962s
f1 shape: (1,)
f2 shape: (1,)
f3 shape: (1,)
2025-06-04 07:46:52,696 - INFO -  Selected idx=718 (NC(=O)c1cccc(-c2ccnc3c2CC(C(=O)Nc2ccccc2)O3)c1) → [1.         0.17857143 1.        ]
2025-06-04 07:46:53,688 - INFO -  Hypervolume: 0.4177
2025-06-04 07:46:53,688 - INFO - 
--- Iter 194 (train size (204, 3)) ---
2025-06-04 07:46:53,688 - INFO -  Inferred reference point at iter 194: [-0.09999999768118678, 0.04680013046025937, -0.0999942397860808]
2025-06-04 07:46:53,694 - INFO -  Scoring full pool: 9796 candidates
2025-06-04 07:47:21,790 - INFO -  GP predict time: 28.096s
2025-06-04 07:47:21,790 - INFO -   EHVI: 9796 candidates with 500 MC samples
2025-06-04 07:51:16,425 - INFO -  EHVI time: 234.635s
f1 shape: (1,)
f2 shape: (1,)
f3 shape: (1,)
2025-06-04 07:51:16,428 - INFO -  Selected idx=8796 (O=C(c1c(F)ccc(NS(=O)(=O)c2cccc(OC(F)F)c2)c1F)c1c[nH]c2ncncc12) → [1.         0.11241007 1.        ]
2025-06-04 07:51:17,425 - INFO -  Hypervolume: 0.4177
2025-06-04 07:51:17,426 - INFO - 
--- Iter 195 (train size (205, 3)) ---
2025-06-04 07:51:17,426 - INFO -  Inferred reference point at iter 195: [-0.09999999768118678, 0.04680013046025937, -0.0999942397860808]
2025-06-04 07:51:17,432 - INFO -  Scoring full pool: 9795 candidates
2025-06-04 07:51:45,579 - INFO -  GP predict time: 28.147s
2025-06-04 07:51:45,579 - INFO -   EHVI: 9795 candidates with 500 MC samples
2025-06-04 07:55:40,762 - INFO -  EHVI time: 235.183s
f1 shape: (1,)
f2 shape: (1,)
f3 shape: (1,)
2025-06-04 07:55:40,764 - INFO -  Selected idx=6022 (CCOCC1(O)CCN(C(=O)c2ccc(NS(=O)(=O)c3cccc4cccnc34)cc2)CC1) → [1.        0.2712766 1.       ]
2025-06-04 07:55:41,221 - INFO -  Hypervolume: 0.4177
2025-06-04 07:55:41,221 - INFO - 
--- Iter 196 (train size (206, 3)) ---
2025-06-04 07:55:41,221 - INFO -  Inferred reference point at iter 196: [-0.09999999768118678, 0.04680013046025937, -0.0999942397860808]
2025-06-04 07:55:41,228 - INFO -  Scoring full pool: 9794 candidates
2025-06-04 07:56:09,581 - INFO -  GP predict time: 28.353s
2025-06-04 07:56:09,581 - INFO -   EHVI: 9794 candidates with 500 MC samples
2025-06-04 08:00:04,008 - INFO -  EHVI time: 234.427s
f1 shape: (1,)
f2 shape: (1,)
f3 shape: (1,)
2025-06-04 08:00:04,011 - INFO -  Selected idx=7105 (Cc1ccc2nc(-c3ccc(NC(=O)c4ccc(N)cc4)c(S(=O)(=O)O)c3)sc2c1) → [1.         0.14257294 0.93962327]
2025-06-04 08:00:05,160 - INFO -  Hypervolume: 0.4177
2025-06-04 08:00:05,160 - INFO - 
--- Iter 197 (train size (207, 3)) ---
2025-06-04 08:00:05,160 - INFO -  Inferred reference point at iter 197: [-0.09999999768118678, 0.04680013046025937, -0.0999942397860808]
2025-06-04 08:00:05,166 - INFO -  Scoring full pool: 9793 candidates
2025-06-04 08:00:33,206 - INFO -  GP predict time: 28.040s
2025-06-04 08:00:33,206 - INFO -   EHVI: 9793 candidates with 500 MC samples
2025-06-04 08:04:27,641 - INFO -  EHVI time: 234.435s
f1 shape: (1,)
f2 shape: (1,)
f3 shape: (1,)
2025-06-04 08:04:27,644 - INFO -  Selected idx=4649 (C#CCN(Cc1coc2nc(N)nc(N)c12)c1ccc(C(=O)NCc2cccnc2)cc1) → [1.         0.16733601 1.        ]
2025-06-04 08:04:28,699 - INFO -  Hypervolume: 0.4177
2025-06-04 08:04:28,699 - INFO - 
--- Iter 198 (train size (208, 3)) ---
2025-06-04 08:04:28,699 - INFO -  Inferred reference point at iter 198: [-0.09999999768118678, 0.04680013046025937, -0.0999942397860808]
2025-06-04 08:04:28,705 - INFO -  Scoring full pool: 9792 candidates
2025-06-04 08:04:56,895 - INFO -  GP predict time: 28.190s
2025-06-04 08:04:56,895 - INFO -   EHVI: 9792 candidates with 500 MC samples
2025-06-04 08:08:53,639 - INFO -  EHVI time: 236.744s
f1 shape: (1,)
f2 shape: (1,)
f3 shape: (1,)
2025-06-04 08:08:53,642 - INFO -  Selected idx=4298 (CCOC(=O)C(Cc1ccc(NC(=O)c2c(Cl)cncc2Cl)cc1)NC(=O)C1CC(NC2CCC2)CN1S(=O)(=O)c1cccc(C#N)c1) → [1.         0.23838933 0.99706441]
2025-06-04 08:08:54,119 - INFO -  Hypervolume: 0.4177
2025-06-04 08:08:54,119 - INFO - 
--- Iter 199 (train size (209, 3)) ---
2025-06-04 08:08:54,119 - INFO -  Inferred reference point at iter 199: [-0.09999999768118678, 0.04680013046025937, -0.0999942397860808]
2025-06-04 08:08:54,126 - INFO -  Scoring full pool: 9791 candidates
2025-06-04 08:09:22,866 - INFO -  GP predict time: 28.740s
2025-06-04 08:09:22,866 - INFO -   EHVI: 9791 candidates with 500 MC samples
2025-06-04 08:13:17,380 - INFO -  EHVI time: 234.513s
f1 shape: (1,)
f2 shape: (1,)
f3 shape: (1,)
2025-06-04 08:13:17,382 - INFO -  Selected idx=4328 (Cc1ccc(C(=O)Nc2cc(Cl)ccc2OCC(=O)Nc2ccc(S(N)(=O)=O)cc2C)cc1C) → [1.         0.14556962 0.98349195]
2025-06-04 08:13:18,544 - INFO -  Hypervolume: 0.4177
2025-06-04 08:13:18,600 - INFO - 
Final Pareto front points: [[1.0, 0.3430232558139535, 1.0], [0.002894970088890557, 0.4715447154471545, 0.6580795094015556], [9.60118048368301e-06, 0.5154424040066778, 0.048221363740151034], [0.8205171227435214, 0.3950471698113207, 1.0]]
2025-06-04 08:13:18,601 - INFO - Final Pareto front SMILES: ['O=C(O)c1ccc(-c2noc(C3CCN(C(=O)NC4CC4c4ccccc4)CC3)n2)cc1', None, None, None]
