Initial SMILES: ['Cc1cc(O)c(C2=NN(S(N)(=O)=O)C(c3ccc(N(C)C)cc3)C2)c(C)c1Cl',
 'CCCCCCCCCC(=O)OC1C(C)C23OC4(c5ccccc5)OC(C2C2OC2(CO)C(O)C2(O)C(=O)C=CC23C)C1(C(C)C)O4',
 'CN1C(=O)N(Cc2cc(C(F)(F)F)cc(C(F)(F)F)c2)C2(CCN(C(=O)c3c(Cl)cccc3Cl)CC2)C1=O',
 'CC1CN(C(C)CO)C(=O)c2cc(NC(=O)Nc3ccccc3)ccc2OC1CN(C)S(=O)(=O)c1ccc(Cl)cc1',
 'Oc1cc(-c2ccc3c(c2)OCO3)nc2cc3c(cc12)OCO3',
 'CCCc1cc2c(c(NC(C)=O)n1)c(=O)oc1ccccc12',
 'Cc1cccc2c1cnn2C(=O)CCC(=O)NCc1ccc(F)cc1',
 'CCOC(=O)C(C)(C)Oc1ccc(N(CC2CCCC2)C(=O)Nc2nccs2)cc1',
 'COc1ccc(C=C(NC(=O)c2ccc(C)cc2)C(=O)N2CCCCC2)cc1',
 'CCOC(=O)c1noc2c1CN(C(=O)c1cc(Cl)c(O)cc1O)CC2']
f1 shape: (10,)
f2 shape: (10,)
2025-06-04 07:01:39,090 - INFO - Initial objectives:
[[1.69230769e-01 1.00000000e+00]
 [1.42857143e-01 1.26641655e-14]
 [1.47435897e-01 1.35335283e-01]
 [1.71779141e-01 1.35335283e-01]
 [9.02255639e-02 3.35462628e-04]
 [2.19298246e-01 1.00000000e+00]
 [1.84000000e-01 1.00000000e+00]
 [2.00000000e-01 1.00000000e+00]
 [1.54411765e-01 1.00000000e+00]
 [2.16666667e-01 1.00000000e+00]]
2025-06-04 07:01:40,785 - INFO - Precomputed 10000 Morgan-fps in 1.695s
2025-06-04 07:01:41,637 - INFO - 
--- Iter 0 (train size (10, 2)) ---
2025-06-04 07:01:41,637 - INFO -  Inferred reference point at iter 0: [0.07731829573934837, -0.09999999999998607]
2025-06-04 07:01:41,638 - INFO -  Scoring full pool: 9990 candidates
2025-06-04 07:01:42,920 - INFO -  GP predict time: 1.282s
2025-06-04 07:01:42,920 - INFO -   EHVI: 9990 candidates with 500 MC samples
2025-06-04 07:03:13,278 - INFO -  EHVI time: 90.358s
f1 shape: (1,)
f2 shape: (1,)
2025-06-04 07:03:13,279 - INFO -  Selected idx=4790 (Cc1cc2c(c(C)c1C)C(=O)C1(OC(=O)c3ccccc31)O2) → [0.18965517 0.13533528]
2025-06-04 07:03:13,288 - INFO -  Hypervolume: 0.1562
2025-06-04 07:03:13,288 - INFO - 
--- Iter 1 (train size (11, 2)) ---
2025-06-04 07:03:13,288 - INFO -  Inferred reference point at iter 1: [0.07731829573934837, -0.09999999999998607]
2025-06-04 07:03:13,288 - INFO -  Scoring full pool: 9989 candidates
2025-06-04 07:03:14,501 - INFO -  GP predict time: 1.213s
2025-06-04 07:03:14,501 - INFO -   EHVI: 9989 candidates with 500 MC samples
2025-06-04 07:04:45,406 - INFO -  EHVI time: 90.904s
f1 shape: (1,)
f2 shape: (1,)
2025-06-04 07:04:45,407 - INFO -  Selected idx=8073 (COc1ccc(NC(=O)c2ccc3nc(C)sc3c2)cc1) → [0.17094017 1.        ]
2025-06-04 07:04:45,418 - INFO -  Hypervolume: 0.1562
2025-06-04 07:04:45,418 - INFO - 
--- Iter 2 (train size (12, 2)) ---
2025-06-04 07:04:45,418 - INFO -  Inferred reference point at iter 2: [0.07731829573934837, -0.09999999999998607]
2025-06-04 07:04:45,419 - INFO -  Scoring full pool: 9988 candidates
2025-06-04 07:04:46,720 - INFO -  GP predict time: 1.301s
2025-06-04 07:04:46,720 - INFO -   EHVI: 9988 candidates with 500 MC samples
2025-06-04 07:06:17,713 - INFO -  EHVI time: 90.992s
f1 shape: (1,)
f2 shape: (1,)
2025-06-04 07:06:17,714 - INFO -  Selected idx=1440 (Cc1ccc(C(=N)NOC(=O)Cc2cccs2)cc1) → [0.15929204 0.13533528]
2025-06-04 07:06:17,724 - INFO -  Hypervolume: 0.1562
2025-06-04 07:06:17,724 - INFO - 
--- Iter 3 (train size (13, 2)) ---
2025-06-04 07:06:17,724 - INFO -  Inferred reference point at iter 3: [0.07731829573934837, -0.09999999999998607]
2025-06-04 07:06:17,725 - INFO -  Scoring full pool: 9987 candidates
2025-06-04 07:06:19,089 - INFO -  GP predict time: 1.364s
2025-06-04 07:06:19,089 - INFO -   EHVI: 9987 candidates with 500 MC samples
2025-06-04 07:07:50,233 - INFO -  EHVI time: 91.145s
f1 shape: (1,)
f2 shape: (1,)
2025-06-04 07:07:50,235 - INFO -  Selected idx=6737 (COc1ccc(C(=O)CSc2nnc(CNc3ccc(C)cc3C)o2)cc1) → [0.17557252 1.        ]
2025-06-04 07:07:50,245 - INFO -  Hypervolume: 0.1562
2025-06-04 07:07:50,245 - INFO - 
--- Iter 4 (train size (14, 2)) ---
2025-06-04 07:07:50,245 - INFO -  Inferred reference point at iter 4: [0.07731829573934837, -0.09999999999998607]
2025-06-04 07:07:50,246 - INFO -  Scoring full pool: 9986 candidates
2025-06-04 07:07:51,716 - INFO -  GP predict time: 1.470s
2025-06-04 07:07:51,716 - INFO -   EHVI: 9986 candidates with 500 MC samples
2025-06-04 07:09:22,760 - INFO -  EHVI time: 91.043s
f1 shape: (1,)
f2 shape: (1,)
2025-06-04 07:09:22,761 - INFO -  Selected idx=4167 (COc1ccc(-c2[nH]nc(O)c2NC(=O)c2ccc(C)cc2)cc1) → [0.16935484 1.        ]
2025-06-04 07:09:22,773 - INFO -  Hypervolume: 0.1562
2025-06-04 07:09:22,773 - INFO - 
--- Iter 5 (train size (15, 2)) ---
2025-06-04 07:09:22,773 - INFO -  Inferred reference point at iter 5: [0.07731829573934837, -0.09999999999998607]
2025-06-04 07:09:22,774 - INFO -  Scoring full pool: 9985 candidates
2025-06-04 07:09:24,380 - INFO -  GP predict time: 1.606s
2025-06-04 07:09:24,380 - INFO -   EHVI: 9985 candidates with 500 MC samples
2025-06-04 07:10:55,140 - INFO -  EHVI time: 90.759s
f1 shape: (1,)
f2 shape: (1,)
2025-06-04 07:10:55,142 - INFO -  Selected idx=3521 (COc1cccc(N2C(=O)Nc3ccc(Br)cc3C2(O)C(=O)NCCN(C)C)c1) → [0.19847328 1.        ]
2025-06-04 07:10:55,154 - INFO -  Hypervolume: 0.1562
2025-06-04 07:10:55,154 - INFO - 
--- Iter 6 (train size (16, 2)) ---
2025-06-04 07:10:55,154 - INFO -  Inferred reference point at iter 6: [0.07731829573934837, -0.09999999999998607]
2025-06-04 07:10:55,155 - INFO -  Scoring full pool: 9984 candidates
2025-06-04 07:10:56,871 - INFO -  GP predict time: 1.716s
2025-06-04 07:10:56,871 - INFO -   EHVI: 9984 candidates with 500 MC samples
2025-06-04 07:12:27,543 - INFO -  EHVI time: 90.672s
f1 shape: (1,)
f2 shape: (1,)
2025-06-04 07:12:27,545 - INFO -  Selected idx=2966 (CCCCOc1ccc(C(=O)n2c(C)c(C(=O)O)c3cc(OC)ccc32)cc1) → [0.24 1.  ]
2025-06-04 07:12:27,557 - INFO -  Hypervolume: 0.1789
2025-06-04 07:12:27,557 - INFO - 
--- Iter 7 (train size (17, 2)) ---
2025-06-04 07:12:27,557 - INFO -  Inferred reference point at iter 7: [0.07524812030075187, -0.09999999999998607]
2025-06-04 07:12:27,558 - INFO -  Scoring full pool: 9983 candidates
2025-06-04 07:12:29,264 - INFO -  GP predict time: 1.706s
2025-06-04 07:12:29,265 - INFO -   EHVI: 9983 candidates with 500 MC samples
2025-06-04 07:13:59,988 - INFO -  EHVI time: 90.724s
f1 shape: (1,)
f2 shape: (1,)
2025-06-04 07:13:59,990 - INFO -  Selected idx=2535 (COc1ccc(NC(=S)N2CCC(NC(=O)c3ccccc3C)CC2)cc1) → [0.18461538 1.        ]
2025-06-04 07:14:00,003 - INFO -  Hypervolume: 0.1812
2025-06-04 07:14:00,003 - INFO - 
--- Iter 8 (train size (18, 2)) ---
2025-06-04 07:14:00,003 - INFO -  Inferred reference point at iter 8: [0.07524812030075187, -0.09999999999998607]
2025-06-04 07:14:00,004 - INFO -  Scoring full pool: 9982 candidates
2025-06-04 07:14:01,841 - INFO -  GP predict time: 1.836s
2025-06-04 07:14:01,841 - INFO -   EHVI: 9982 candidates with 500 MC samples
2025-06-04 07:15:32,939 - INFO -  EHVI time: 91.099s
f1 shape: (1,)
f2 shape: (1,)
2025-06-04 07:15:32,941 - INFO -  Selected idx=1870 (CCOC(=O)c1ccc(-c2nn(CC)c3ccccc23)cc1) → [0.26126126 1.        ]
2025-06-04 07:15:32,954 - INFO -  Hypervolume: 0.2046
2025-06-04 07:15:32,954 - INFO - 
--- Iter 9 (train size (19, 2)) ---
2025-06-04 07:15:32,954 - INFO -  Inferred reference point at iter 9: [0.07312199417462575, -0.09999999999998607]
2025-06-04 07:15:32,956 - INFO -  Scoring full pool: 9981 candidates
2025-06-04 07:15:34,854 - INFO -  GP predict time: 1.899s
2025-06-04 07:15:34,855 - INFO -   EHVI: 9981 candidates with 500 MC samples
2025-06-04 07:17:05,815 - INFO -  EHVI time: 90.960s
f1 shape: (1,)
f2 shape: (1,)
2025-06-04 07:17:05,816 - INFO -  Selected idx=1653 (CC(=O)c1ccc(NC(=O)NC(C)c2ccc3c(c2)CC(=O)N3)cc1) → [0.176 1.   ]
2025-06-04 07:17:05,827 - INFO -  Hypervolume: 0.2070
2025-06-04 07:17:05,827 - INFO - 
--- Iter 10 (train size (20, 2)) ---
2025-06-04 07:17:05,828 - INFO -  Inferred reference point at iter 10: [0.07312199417462575, -0.09999999999998607]
2025-06-04 07:17:05,829 - INFO -  Scoring full pool: 9980 candidates
2025-06-04 07:17:07,779 - INFO -  GP predict time: 1.951s
2025-06-04 07:17:07,779 - INFO -   EHVI: 9980 candidates with 500 MC samples
2025-06-04 07:18:38,874 - INFO -  EHVI time: 91.094s
f1 shape: (1,)
f2 shape: (1,)
2025-06-04 07:18:38,875 - INFO -  Selected idx=4933 (COc1ccc(-n2c(SCC(=O)NNC(=O)c3ccccc3C)nnc2-c2ccncc2)cc1) → [0.19047619 0.13533528]
2025-06-04 07:18:38,887 - INFO -  Hypervolume: 0.2070
2025-06-04 07:18:38,887 - INFO - 
--- Iter 11 (train size (21, 2)) ---
2025-06-04 07:18:38,887 - INFO -  Inferred reference point at iter 11: [0.07312199417462575, -0.09999999999998607]
2025-06-04 07:18:38,888 - INFO -  Scoring full pool: 9979 candidates
2025-06-04 07:18:40,909 - INFO -  GP predict time: 2.021s
2025-06-04 07:18:40,909 - INFO -   EHVI: 9979 candidates with 500 MC samples
2025-06-04 07:20:12,171 - INFO -  EHVI time: 91.262s
f1 shape: (1,)
f2 shape: (1,)
2025-06-04 07:20:12,172 - INFO -  Selected idx=1168 (CCC(=O)N1CCc2cc(S(=O)(=O)CCC(=O)N(C)c3ccc(OC)cc3)ccc21) → [0.19402985 1.        ]
2025-06-04 07:20:12,187 - INFO -  Hypervolume: 0.2070
2025-06-04 07:20:12,187 - INFO - 
--- Iter 12 (train size (22, 2)) ---
2025-06-04 07:20:12,187 - INFO -  Inferred reference point at iter 12: [0.07312199417462575, -0.09999999999998607]
2025-06-04 07:20:12,188 - INFO -  Scoring full pool: 9978 candidates
2025-06-04 07:20:14,378 - INFO -  GP predict time: 2.190s
2025-06-04 07:20:14,378 - INFO -   EHVI: 9978 candidates with 500 MC samples
2025-06-04 07:21:45,158 - INFO -  EHVI time: 90.780s
f1 shape: (1,)
f2 shape: (1,)
2025-06-04 07:21:45,160 - INFO -  Selected idx=8150 (ON=C(NCc1ccccc1F)c1ccc(Oc2ccc(Cl)cc2)nc1) → [0.16030534 1.        ]
2025-06-04 07:21:45,174 - INFO -  Hypervolume: 0.2070
2025-06-04 07:21:45,174 - INFO - 
--- Iter 13 (train size (23, 2)) ---
2025-06-04 07:21:45,174 - INFO -  Inferred reference point at iter 13: [0.07312199417462575, -0.09999999999998607]
2025-06-04 07:21:45,176 - INFO -  Scoring full pool: 9977 candidates
2025-06-04 07:21:47,457 - INFO -  GP predict time: 2.282s
2025-06-04 07:21:47,457 - INFO -   EHVI: 9977 candidates with 500 MC samples
2025-06-04 07:23:18,301 - INFO -  EHVI time: 90.844s
f1 shape: (1,)
f2 shape: (1,)
2025-06-04 07:23:18,303 - INFO -  Selected idx=7117 (COC(=O)c1cc(NC(=O)Cc2ccc(OC)cc2)cc(C(=O)OC)c1) → [0.24166667 0.13533528]
2025-06-04 07:23:18,317 - INFO -  Hypervolume: 0.2070
2025-06-04 07:23:18,317 - INFO - 
--- Iter 14 (train size (24, 2)) ---
2025-06-04 07:23:18,317 - INFO -  Inferred reference point at iter 14: [0.07312199417462575, -0.09999999999998607]
2025-06-04 07:23:18,318 - INFO -  Scoring full pool: 9976 candidates
2025-06-04 07:23:20,566 - INFO -  GP predict time: 2.247s
2025-06-04 07:23:20,566 - INFO -   EHVI: 9976 candidates with 500 MC samples
2025-06-04 07:24:51,943 - INFO -  EHVI time: 91.378s
f1 shape: (1,)
f2 shape: (1,)
2025-06-04 07:24:51,945 - INFO -  Selected idx=9896 (COc1ccc(Cc2cc(-c3ccc(F)cc3)nn(CC(=O)Nc3ccc(Br)cc3)c2=O)cc1) → [0.1372549  0.13533528]
2025-06-04 07:24:51,959 - INFO -  Hypervolume: 0.2070
2025-06-04 07:24:51,959 - INFO - 
--- Iter 15 (train size (25, 2)) ---
2025-06-04 07:24:51,959 - INFO -  Inferred reference point at iter 15: [0.07312199417462575, -0.09999999999998607]
2025-06-04 07:24:51,960 - INFO -  Scoring full pool: 9975 candidates
2025-06-04 07:24:54,299 - INFO -  GP predict time: 2.339s
2025-06-04 07:24:54,299 - INFO -   EHVI: 9975 candidates with 500 MC samples
2025-06-04 07:26:25,031 - INFO -  EHVI time: 90.733s
f1 shape: (1,)
f2 shape: (1,)
2025-06-04 07:26:25,033 - INFO -  Selected idx=4857 (CNc1cccc(-c2cccc(NC(=O)Nc3ccc(Cl)cc3)c2)n1) → [0.15503876 1.        ]
2025-06-04 07:26:25,049 - INFO -  Hypervolume: 0.2070
2025-06-04 07:26:25,049 - INFO - 
--- Iter 16 (train size (26, 2)) ---
2025-06-04 07:26:25,049 - INFO -  Inferred reference point at iter 16: [0.07312199417462575, -0.09999999999998607]
2025-06-04 07:26:25,050 - INFO -  Scoring full pool: 9974 candidates
2025-06-04 07:26:27,464 - INFO -  GP predict time: 2.414s
2025-06-04 07:26:27,464 - INFO -   EHVI: 9974 candidates with 500 MC samples
2025-06-04 07:27:58,467 - INFO -  EHVI time: 91.002s
f1 shape: (1,)
f2 shape: (1,)
2025-06-04 07:27:58,469 - INFO -  Selected idx=8491 (COc1ccc(-c2nnc(-c3ccc(C(=O)NN=Cc4ccc(O)cc4)cc3)o2)c(OC)c1) → [0.13157895 0.13533528]
2025-06-04 07:27:58,485 - INFO -  Hypervolume: 0.2070
2025-06-04 07:27:58,485 - INFO - 
--- Iter 17 (train size (27, 2)) ---
2025-06-04 07:27:58,485 - INFO -  Inferred reference point at iter 17: [0.07312199417462575, -0.09999999999998607]
2025-06-04 07:27:58,487 - INFO -  Scoring full pool: 9973 candidates
2025-06-04 07:28:01,103 - INFO -  GP predict time: 2.616s
2025-06-04 07:28:01,103 - INFO -   EHVI: 9973 candidates with 500 MC samples
2025-06-04 07:29:31,690 - INFO -  EHVI time: 90.587s
f1 shape: (1,)
f2 shape: (1,)
2025-06-04 07:29:31,691 - INFO -  Selected idx=1562 (CN(C)C(=O)COc1ccc(C(=O)C=Cc2cccnc2)cc1) → [0.16393443 0.13533528]
2025-06-04 07:29:31,709 - INFO -  Hypervolume: 0.2070
2025-06-04 07:29:31,709 - INFO - 
--- Iter 18 (train size (28, 2)) ---
2025-06-04 07:29:31,709 - INFO -  Inferred reference point at iter 18: [0.07312199417462575, -0.09999999999998607]
2025-06-04 07:29:31,710 - INFO -  Scoring full pool: 9972 candidates
2025-06-04 07:29:34,388 - INFO -  GP predict time: 2.678s
2025-06-04 07:29:34,388 - INFO -   EHVI: 9972 candidates with 500 MC samples
2025-06-04 07:31:05,414 - INFO -  EHVI time: 91.026s
f1 shape: (1,)
f2 shape: (1,)
2025-06-04 07:31:05,416 - INFO -  Selected idx=9339 (CCOC(=O)c1nc2cc(C(F)(F)F)ccc2nc1Oc1ccc(C(=O)OC)cc1) → [0.26984127 1.        ]
2025-06-04 07:31:05,433 - INFO -  Hypervolume: 0.2164
2025-06-04 07:31:05,433 - INFO - 
--- Iter 19 (train size (29, 2)) ---
2025-06-04 07:31:05,433 - INFO -  Inferred reference point at iter 19: [0.07226399331662489, -0.09999999999998607]
2025-06-04 07:31:05,434 - INFO -  Scoring full pool: 9971 candidates
2025-06-04 07:31:08,159 - INFO -  GP predict time: 2.725s
2025-06-04 07:31:08,160 - INFO -   EHVI: 9971 candidates with 500 MC samples
2025-06-04 07:32:39,387 - INFO -  EHVI time: 91.227s
f1 shape: (1,)
f2 shape: (1,)
2025-06-04 07:32:39,388 - INFO -  Selected idx=9530 (COc1ccc(Nc2cc(C)nc3ccc(OC)cc23)cc1) → [0.15702479 1.        ]
2025-06-04 07:32:39,406 - INFO -  Hypervolume: 0.2173
2025-06-04 07:32:39,406 - INFO - 
--- Iter 20 (train size (30, 2)) ---
2025-06-04 07:32:39,406 - INFO -  Inferred reference point at iter 20: [0.07226399331662489, -0.09999999999998607]
2025-06-04 07:32:39,408 - INFO -  Scoring full pool: 9970 candidates
2025-06-04 07:32:42,294 - INFO -  GP predict time: 2.886s
2025-06-04 07:32:42,294 - INFO -   EHVI: 9970 candidates with 500 MC samples
2025-06-04 07:34:13,140 - INFO -  EHVI time: 90.846s
f1 shape: (1,)
f2 shape: (1,)
2025-06-04 07:34:13,142 - INFO -  Selected idx=4298 (CCOC(=O)C1=C(C)NC(=S)NC1c1ccc(NC(=O)Nc2ccc(OC)cc2)cc1) → [0.312 1.   ]
2025-06-04 07:34:13,160 - INFO -  Hypervolume: 0.2637
2025-06-04 07:34:13,160 - INFO - 
--- Iter 21 (train size (31, 2)) ---
2025-06-04 07:34:13,160 - INFO -  Inferred reference point at iter 21: [0.06804812030075187, -0.09999999999998607]
2025-06-04 07:34:13,162 - INFO -  Scoring full pool: 9969 candidates
2025-06-04 07:34:16,074 - INFO -  GP predict time: 2.912s
2025-06-04 07:34:16,074 - INFO -   EHVI: 9969 candidates with 500 MC samples
2025-06-04 07:35:47,190 - INFO -  EHVI time: 91.116s
f1 shape: (1,)
f2 shape: (1,)
2025-06-04 07:35:47,192 - INFO -  Selected idx=4511 (CCOC(=O)c1[nH]c2c(c1Cc1ccccc1)C(=O)CC(c1ccc(OC)cc1)C2) → [0.2734375  0.13533528]
2025-06-04 07:35:47,210 - INFO -  Hypervolume: 0.2683
2025-06-04 07:35:47,210 - INFO - 
--- Iter 22 (train size (32, 2)) ---
2025-06-04 07:35:47,211 - INFO -  Inferred reference point at iter 22: [0.06804812030075187, -0.09999999999998607]
2025-06-04 07:35:47,212 - INFO -  Scoring full pool: 9968 candidates
2025-06-04 07:35:50,138 - INFO -  GP predict time: 2.926s
2025-06-04 07:35:50,138 - INFO -   EHVI: 9968 candidates with 500 MC samples
2025-06-04 07:37:21,458 - INFO -  EHVI time: 91.320s
f1 shape: (1,)
f2 shape: (1,)
2025-06-04 07:37:21,459 - INFO -  Selected idx=7088 (CCOC(=O)c1cnc(-n2nc(C)cc2C)nc1Nc1ccc(OC)cc1) → [0.23387097 1.        ]
2025-06-04 07:37:21,475 - INFO -  Hypervolume: 0.2683
2025-06-04 07:37:21,475 - INFO - 
--- Iter 23 (train size (33, 2)) ---
2025-06-04 07:37:21,475 - INFO -  Inferred reference point at iter 23: [0.06804812030075187, -0.09999999999998607]
2025-06-04 07:37:21,476 - INFO -  Scoring full pool: 9967 candidates
2025-06-04 07:37:24,347 - INFO -  GP predict time: 2.871s
2025-06-04 07:37:24,347 - INFO -   EHVI: 9967 candidates with 500 MC samples
2025-06-04 07:38:55,274 - INFO -  EHVI time: 90.926s
f1 shape: (1,)
f2 shape: (1,)
2025-06-04 07:38:55,276 - INFO -  Selected idx=217 (CCOC(=O)C1=C(Nc2ccccc2)CC(C)(O)C(C(=O)OCC)C1c1ccc(Br)cc1) → [0.28682171 1.        ]
2025-06-04 07:38:55,295 - INFO -  Hypervolume: 0.2683
2025-06-04 07:38:55,295 - INFO - 
--- Iter 24 (train size (34, 2)) ---
2025-06-04 07:38:55,296 - INFO -  Inferred reference point at iter 24: [0.06804812030075187, -0.09999999999998607]
2025-06-04 07:38:55,297 - INFO -  Scoring full pool: 9966 candidates
2025-06-04 07:38:58,355 - INFO -  GP predict time: 3.058s
2025-06-04 07:38:58,355 - INFO -   EHVI: 9966 candidates with 500 MC samples
2025-06-04 07:40:29,659 - INFO -  EHVI time: 91.304s
f1 shape: (1,)
f2 shape: (1,)
2025-06-04 07:40:29,661 - INFO -  Selected idx=9122 (CC(=NNC(=O)c1ccc(C)cc1)c1ccc(-n2c(C)ccc2C)cc1) → [0.15384615 1.        ]
2025-06-04 07:40:29,682 - INFO -  Hypervolume: 0.2683
2025-06-04 07:40:29,682 - INFO - 
--- Iter 25 (train size (35, 2)) ---
2025-06-04 07:40:29,682 - INFO -  Inferred reference point at iter 25: [0.06804812030075187, -0.09999999999998607]
2025-06-04 07:40:29,683 - INFO -  Scoring full pool: 9965 candidates
2025-06-04 07:40:32,864 - INFO -  GP predict time: 3.181s
2025-06-04 07:40:32,864 - INFO -   EHVI: 9965 candidates with 500 MC samples
2025-06-04 07:42:03,860 - INFO -  EHVI time: 90.996s
f1 shape: (1,)
f2 shape: (1,)
2025-06-04 07:42:03,862 - INFO -  Selected idx=3503 (CCC(C)N1CCN(C(=O)c2ccc(NCc3ccc(-c4cccc(F)c4C(=O)OC)cc3F)nc2)CC1) → [0.19480519 0.13533528]
2025-06-04 07:42:03,883 - INFO -  Hypervolume: 0.2683
2025-06-04 07:42:03,883 - INFO - 
--- Iter 26 (train size (36, 2)) ---
2025-06-04 07:42:03,883 - INFO -  Inferred reference point at iter 26: [0.06804812030075187, -0.09999999999998607]
2025-06-04 07:42:03,885 - INFO -  Scoring full pool: 9964 candidates
2025-06-04 07:42:07,140 - INFO -  GP predict time: 3.255s
2025-06-04 07:42:07,140 - INFO -   EHVI: 9964 candidates with 500 MC samples
2025-06-04 07:43:38,422 - INFO -  EHVI time: 91.282s
f1 shape: (1,)
f2 shape: (1,)
2025-06-04 07:43:38,424 - INFO -  Selected idx=5290 (Cc1ccccc1NC(=O)c1nnc(COc2ccc(CCC(=O)O)cc2)s1) → [0.2265625 1.       ]
2025-06-04 07:43:38,443 - INFO -  Hypervolume: 0.2683
2025-06-04 07:43:38,443 - INFO - 
--- Iter 27 (train size (37, 2)) ---
2025-06-04 07:43:38,443 - INFO -  Inferred reference point at iter 27: [0.06804812030075187, -0.09999999999998607]
2025-06-04 07:43:38,444 - INFO -  Scoring full pool: 9963 candidates
2025-06-04 07:43:41,715 - INFO -  GP predict time: 3.271s
2025-06-04 07:43:41,715 - INFO -   EHVI: 9963 candidates with 500 MC samples
2025-06-04 07:45:12,681 - INFO -  EHVI time: 90.966s
f1 shape: (1,)
f2 shape: (1,)
2025-06-04 07:45:12,683 - INFO -  Selected idx=1294 (Cc1cc(NC(=O)c2c(O)cc(Oc3ccccc3)oc2=O)on1) → [0.18852459 1.        ]
2025-06-04 07:45:12,705 - INFO -  Hypervolume: 0.2683
2025-06-04 07:45:12,705 - INFO - 
--- Iter 28 (train size (38, 2)) ---
2025-06-04 07:45:12,705 - INFO -  Inferred reference point at iter 28: [0.06804812030075187, -0.09999999999998607]
2025-06-04 07:45:12,706 - INFO -  Scoring full pool: 9962 candidates
2025-06-04 07:45:16,092 - INFO -  GP predict time: 3.386s
2025-06-04 07:45:16,092 - INFO -   EHVI: 9962 candidates with 500 MC samples
2025-06-04 07:46:47,067 - INFO -  EHVI time: 90.975s
f1 shape: (1,)
f2 shape: (1,)
2025-06-04 07:46:47,068 - INFO -  Selected idx=6385 (Cc1ccc(C)c(NC(=O)COC(=O)c2ccc(S(=O)(=O)N3CCCC3)cc2)c1) → [0.17910448 1.        ]
2025-06-04 07:46:47,089 - INFO -  Hypervolume: 0.2683
2025-06-04 07:46:47,089 - INFO - 
--- Iter 29 (train size (39, 2)) ---
2025-06-04 07:46:47,089 - INFO -  Inferred reference point at iter 29: [0.06804812030075187, -0.09999999999998607]
2025-06-04 07:46:47,090 - INFO -  Scoring full pool: 9961 candidates
2025-06-04 07:46:50,490 - INFO -  GP predict time: 3.400s
2025-06-04 07:46:50,490 - INFO -   EHVI: 9961 candidates with 500 MC samples
2025-06-04 07:48:21,727 - INFO -  EHVI time: 91.237s
f1 shape: (1,)
f2 shape: (1,)
2025-06-04 07:48:21,729 - INFO -  Selected idx=1624 (Cc1ccc(NC(=O)CS(=O)(=O)c2c[nH]c3ccccc23)c(C)c1) → [0.21008403 1.        ]
2025-06-04 07:48:21,752 - INFO -  Hypervolume: 0.2683
2025-06-04 07:48:21,752 - INFO - 
--- Iter 30 (train size (40, 2)) ---
2025-06-04 07:48:21,752 - INFO -  Inferred reference point at iter 30: [0.06804812030075187, -0.09999999999998607]
2025-06-04 07:48:21,754 - INFO -  Scoring full pool: 9960 candidates
2025-06-04 07:48:25,420 - INFO -  GP predict time: 3.666s
2025-06-04 07:48:25,420 - INFO -   EHVI: 9960 candidates with 500 MC samples
2025-06-04 07:49:56,995 - INFO -  EHVI time: 91.575s
f1 shape: (1,)
f2 shape: (1,)
2025-06-04 07:49:56,997 - INFO -  Selected idx=1479 (CCNC(=O)C1(C)CCCN(Cc2cccc3c(OC)cc(C(=O)OCC)cc23)C1) → [0.2578125 1.       ]
2025-06-04 07:49:57,020 - INFO -  Hypervolume: 0.2683
2025-06-04 07:49:57,020 - INFO - 
--- Iter 31 (train size (41, 2)) ---
2025-06-04 07:49:57,020 - INFO -  Inferred reference point at iter 31: [0.06804812030075187, -0.09999999999998607]
2025-06-04 07:49:57,022 - INFO -  Scoring full pool: 9959 candidates
2025-06-04 07:50:00,668 - INFO -  GP predict time: 3.646s
2025-06-04 07:50:00,668 - INFO -   EHVI: 9959 candidates with 500 MC samples
2025-06-04 07:51:31,963 - INFO -  EHVI time: 91.294s
f1 shape: (1,)
f2 shape: (1,)
2025-06-04 07:51:31,964 - INFO -  Selected idx=2550 (O=C(CSc1ccccc1C(=O)O)NCc1ccco1) → [0.18584071 0.13533528]
2025-06-04 07:51:31,988 - INFO -  Hypervolume: 0.2683
2025-06-04 07:51:31,988 - INFO - 
--- Iter 32 (train size (42, 2)) ---
2025-06-04 07:51:31,988 - INFO -  Inferred reference point at iter 32: [0.06804812030075187, -0.09999999999998607]
2025-06-04 07:51:31,989 - INFO -  Scoring full pool: 9958 candidates
2025-06-04 07:51:35,724 - INFO -  GP predict time: 3.735s
2025-06-04 07:51:35,724 - INFO -   EHVI: 9958 candidates with 500 MC samples
2025-06-04 07:53:06,679 - INFO -  EHVI time: 90.954s
f1 shape: (1,)
f2 shape: (1,)
2025-06-04 07:53:06,680 - INFO -  Selected idx=1723 (CCOC(=O)c1oc2ccc(S(=O)(=O)Nc3ccc(F)cc3)cc2c1C) → [0.22131148 1.        ]
2025-06-04 07:53:06,706 - INFO -  Hypervolume: 0.2683
2025-06-04 07:53:06,706 - INFO - 
--- Iter 33 (train size (43, 2)) ---
2025-06-04 07:53:06,706 - INFO -  Inferred reference point at iter 33: [0.06804812030075187, -0.09999999999998607]
2025-06-04 07:53:06,708 - INFO -  Scoring full pool: 9957 candidates
2025-06-04 07:53:10,489 - INFO -  GP predict time: 3.781s
2025-06-04 07:53:10,489 - INFO -   EHVI: 9957 candidates with 500 MC samples
2025-06-04 07:54:41,353 - INFO -  EHVI time: 90.863s
f1 shape: (1,)
f2 shape: (1,)
2025-06-04 07:54:41,354 - INFO -  Selected idx=2434 (CCN(CC)C(=O)Cn1cc(S(=O)(=O)CC(=O)Nc2ccc(F)cc2F)c2ccccc21) → [0.21323529 1.        ]
2025-06-04 07:54:41,380 - INFO -  Hypervolume: 0.2683
2025-06-04 07:54:41,380 - INFO - 
--- Iter 34 (train size (44, 2)) ---
2025-06-04 07:54:41,380 - INFO -  Inferred reference point at iter 34: [0.06804812030075187, -0.09999999999998607]
2025-06-04 07:54:41,382 - INFO -  Scoring full pool: 9956 candidates
2025-06-04 07:54:45,278 - INFO -  GP predict time: 3.896s
2025-06-04 07:54:45,279 - INFO -   EHVI: 9956 candidates with 500 MC samples
2025-06-04 07:56:16,352 - INFO -  EHVI time: 91.073s
f1 shape: (1,)
f2 shape: (1,)
2025-06-04 07:56:16,354 - INFO -  Selected idx=5423 (CCOc1ccc(C(=O)Cc2cc3cccc(OC)c3oc2=O)cc1) → [0.21311475 1.        ]
2025-06-04 07:56:16,380 - INFO -  Hypervolume: 0.2683
2025-06-04 07:56:16,380 - INFO - 
--- Iter 35 (train size (45, 2)) ---
2025-06-04 07:56:16,380 - INFO -  Inferred reference point at iter 35: [0.06804812030075187, -0.09999999999998607]
2025-06-04 07:56:16,382 - INFO -  Scoring full pool: 9955 candidates
2025-06-04 07:56:20,369 - INFO -  GP predict time: 3.987s
2025-06-04 07:56:20,369 - INFO -   EHVI: 9955 candidates with 500 MC samples
2025-06-04 07:57:51,337 - INFO -  EHVI time: 90.968s
f1 shape: (1,)
f2 shape: (1,)
2025-06-04 07:57:51,338 - INFO -  Selected idx=7281 (O=C(Nc1ccc(Cl)cc1)c1cc(-c2cccc(O)c2)on1) → [0.14754098 1.        ]
2025-06-04 07:57:51,363 - INFO -  Hypervolume: 0.2683
2025-06-04 07:57:51,363 - INFO - 
--- Iter 36 (train size (46, 2)) ---
2025-06-04 07:57:51,363 - INFO -  Inferred reference point at iter 36: [0.06804812030075187, -0.09999999999998607]
2025-06-04 07:57:51,365 - INFO -  Scoring full pool: 9954 candidates
2025-06-04 07:57:55,309 - INFO -  GP predict time: 3.944s
2025-06-04 07:57:55,309 - INFO -   EHVI: 9954 candidates with 500 MC samples
2025-06-04 07:59:26,828 - INFO -  EHVI time: 91.519s
f1 shape: (1,)
f2 shape: (1,)
2025-06-04 07:59:26,830 - INFO -  Selected idx=5857 (CCOC(=O)Nc1cc2c(nc(SCc3ccc(OC)cc3)n2N)c(N)n1) → [0.21428571 1.        ]
2025-06-04 07:59:27,009 - INFO -  Hypervolume: 0.2683
2025-06-04 07:59:27,009 - INFO - 
--- Iter 37 (train size (47, 2)) ---
2025-06-04 07:59:27,009 - INFO -  Inferred reference point at iter 37: [0.06804812030075187, -0.09999999999998607]
2025-06-04 07:59:27,011 - INFO -  Scoring full pool: 9953 candidates
2025-06-04 07:59:30,984 - INFO -  GP predict time: 3.973s
2025-06-04 07:59:30,984 - INFO -   EHVI: 9953 candidates with 500 MC samples
2025-06-04 08:01:01,783 - INFO -  EHVI time: 90.799s
f1 shape: (1,)
f2 shape: (1,)
2025-06-04 08:01:01,784 - INFO -  Selected idx=6122 (N#CCC(=O)Nc1ccc(C(=O)OCC(=O)c2c[nH]c3ccccc23)cc1) → [0.21259843 1.        ]
2025-06-04 08:01:01,811 - INFO -  Hypervolume: 0.2683
2025-06-04 08:01:01,811 - INFO - 
--- Iter 38 (train size (48, 2)) ---
2025-06-04 08:01:01,811 - INFO -  Inferred reference point at iter 38: [0.06804812030075187, -0.09999999999998607]
2025-06-04 08:01:01,813 - INFO -  Scoring full pool: 9952 candidates
2025-06-04 08:01:05,861 - INFO -  GP predict time: 4.049s
2025-06-04 08:01:05,861 - INFO -   EHVI: 9952 candidates with 500 MC samples
2025-06-04 08:02:36,838 - INFO -  EHVI time: 90.977s
f1 shape: (1,)
f2 shape: (1,)
2025-06-04 08:02:36,840 - INFO -  Selected idx=380 (COc1ccc(C)cc1NC(=O)NCc1ccc2c(c1)CCN2C(=O)c1ccccc1) → [0.20289855 0.13533528]
2025-06-04 08:02:37,027 - INFO -  Hypervolume: 0.2683
2025-06-04 08:02:37,027 - INFO - 
--- Iter 39 (train size (49, 2)) ---
2025-06-04 08:02:37,027 - INFO -  Inferred reference point at iter 39: [0.06804812030075187, -0.09999999999998607]
2025-06-04 08:02:37,029 - INFO -  Scoring full pool: 9951 candidates
2025-06-04 08:02:41,141 - INFO -  GP predict time: 4.112s
2025-06-04 08:02:41,141 - INFO -   EHVI: 9951 candidates with 500 MC samples
2025-06-04 08:04:12,089 - INFO -  EHVI time: 90.947s
f1 shape: (1,)
f2 shape: (1,)
2025-06-04 08:04:12,090 - INFO -  Selected idx=8980 (CCOC(=O)c1cc2n(c1C)-c1ccccc1-c1ccccc1-2) → [0.26548673 0.13533528]
2025-06-04 08:04:12,120 - INFO -  Hypervolume: 0.2683
2025-06-04 08:04:12,120 - INFO - 
--- Iter 40 (train size (50, 2)) ---
2025-06-04 08:04:12,120 - INFO -  Inferred reference point at iter 40: [0.06804812030075187, -0.09999999999998607]
2025-06-04 08:04:12,122 - INFO -  Scoring full pool: 9950 candidates
2025-06-04 08:04:16,505 - INFO -  GP predict time: 4.382s
2025-06-04 08:04:16,505 - INFO -   EHVI: 9950 candidates with 500 MC samples
2025-06-04 08:05:47,209 - INFO -  EHVI time: 90.704s
f1 shape: (1,)
f2 shape: (1,)
2025-06-04 08:05:47,211 - INFO -  Selected idx=3456 (COc1ccc2oc(=O)c(C(=O)NCc3ccc(C)cc3)cc2c1) → [0.17886179 1.        ]
2025-06-04 08:05:47,241 - INFO -  Hypervolume: 0.2683
2025-06-04 08:05:47,241 - INFO - 
--- Iter 41 (train size (51, 2)) ---
2025-06-04 08:05:47,241 - INFO -  Inferred reference point at iter 41: [0.06804812030075187, -0.09999999999998607]
2025-06-04 08:05:47,243 - INFO -  Scoring full pool: 9949 candidates
2025-06-04 08:05:51,698 - INFO -  GP predict time: 4.455s
2025-06-04 08:05:51,698 - INFO -   EHVI: 9949 candidates with 500 MC samples
2025-06-04 08:07:23,084 - INFO -  EHVI time: 91.385s
f1 shape: (1,)
f2 shape: (1,)
2025-06-04 08:07:23,085 - INFO -  Selected idx=1271 (CCCN(CCC)C(=O)C(=O)c1c(-c2ccc(Cl)cc2)[nH]c2ccccc12) → [0.26446281 1.        ]
2025-06-04 08:07:23,113 - INFO -  Hypervolume: 0.2683
2025-06-04 08:07:23,113 - INFO - 
--- Iter 42 (train size (52, 2)) ---
2025-06-04 08:07:23,113 - INFO -  Inferred reference point at iter 42: [0.06804812030075187, -0.09999999999998607]
2025-06-04 08:07:23,115 - INFO -  Scoring full pool: 9948 candidates
2025-06-04 08:07:27,486 - INFO -  GP predict time: 4.371s
2025-06-04 08:07:27,486 - INFO -   EHVI: 9948 candidates with 500 MC samples
2025-06-04 08:08:58,517 - INFO -  EHVI time: 91.031s
f1 shape: (1,)
f2 shape: (1,)
2025-06-04 08:08:58,519 - INFO -  Selected idx=9604 (O=C(Nc1ccc(C(=O)O)cc1)Nc1nc2ccc(Cl)cc2s1) → [0.16393443 1.        ]
2025-06-04 08:08:58,551 - INFO -  Hypervolume: 0.2683
2025-06-04 08:08:58,551 - INFO - 
--- Iter 43 (train size (53, 2)) ---
2025-06-04 08:08:58,551 - INFO -  Inferred reference point at iter 43: [0.06804812030075187, -0.09999999999998607]
2025-06-04 08:08:58,553 - INFO -  Scoring full pool: 9947 candidates
2025-06-04 08:09:03,209 - INFO -  GP predict time: 4.656s
2025-06-04 08:09:03,209 - INFO -   EHVI: 9947 candidates with 500 MC samples
2025-06-04 08:10:34,145 - INFO -  EHVI time: 90.936s
f1 shape: (1,)
f2 shape: (1,)
2025-06-04 08:10:34,147 - INFO -  Selected idx=3137 (CCC(=O)N1CCN(c2ccc(Cl)cc2NC(=O)c2ccc(Br)o2)CC1) → [0.171875 1.      ]
2025-06-04 08:10:34,180 - INFO -  Hypervolume: 0.2683
2025-06-04 08:10:34,180 - INFO - 
--- Iter 44 (train size (54, 2)) ---
2025-06-04 08:10:34,180 - INFO -  Inferred reference point at iter 44: [0.06804812030075187, -0.09999999999998607]
2025-06-04 08:10:34,182 - INFO -  Scoring full pool: 9946 candidates
2025-06-04 08:10:38,860 - INFO -  GP predict time: 4.678s
2025-06-04 08:10:38,860 - INFO -   EHVI: 9946 candidates with 500 MC samples
2025-06-04 08:12:10,061 - INFO -  EHVI time: 91.201s
f1 shape: (1,)
f2 shape: (1,)
2025-06-04 08:12:10,062 - INFO -  Selected idx=2923 (COc1ccc(C(=O)OCCc2cc3ccccc3c(=O)o2)cc1) → [0.24786325 1.        ]
2025-06-04 08:12:10,091 - INFO -  Hypervolume: 0.2683
2025-06-04 08:12:10,092 - INFO - 
--- Iter 45 (train size (55, 2)) ---
2025-06-04 08:12:10,092 - INFO -  Inferred reference point at iter 45: [0.06804812030075187, -0.09999999999998607]
2025-06-04 08:12:10,093 - INFO -  Scoring full pool: 9945 candidates
2025-06-04 08:12:14,821 - INFO -  GP predict time: 4.728s
2025-06-04 08:12:14,822 - INFO -   EHVI: 9945 candidates with 500 MC samples
2025-06-04 08:13:45,515 - INFO -  EHVI time: 90.693s
f1 shape: (1,)
f2 shape: (1,)
2025-06-04 08:13:45,517 - INFO -  Selected idx=6365 (CCCn1nc2cc(C(=O)N(CC)c3ccc(OC)cc3)ccc2c1OCC) → [0.20930233 1.        ]
2025-06-04 08:13:45,550 - INFO -  Hypervolume: 0.2683
2025-06-04 08:13:45,550 - INFO - 
--- Iter 46 (train size (56, 2)) ---
2025-06-04 08:13:45,550 - INFO -  Inferred reference point at iter 46: [0.06804812030075187, -0.09999999999998607]
2025-06-04 08:13:45,552 - INFO -  Scoring full pool: 9944 candidates
2025-06-04 08:13:50,300 - INFO -  GP predict time: 4.747s
2025-06-04 08:13:50,300 - INFO -   EHVI: 9944 candidates with 500 MC samples
2025-06-04 08:15:20,953 - INFO -  EHVI time: 90.653s
f1 shape: (1,)
f2 shape: (1,)
2025-06-04 08:15:20,955 - INFO -  Selected idx=9223 (CC(C)(C)c1ccc(NC(=O)c2ccc(Cl)[n+]([O-])c2)cc1) → [0.15517241 0.13533528]
2025-06-04 08:15:20,989 - INFO -  Hypervolume: 0.2683
2025-06-04 08:15:20,989 - INFO - 
--- Iter 47 (train size (57, 2)) ---
2025-06-04 08:15:20,989 - INFO -  Inferred reference point at iter 47: [0.06804812030075187, -0.09999999999998607]
2025-06-04 08:15:20,992 - INFO -  Scoring full pool: 9943 candidates
2025-06-04 08:15:25,989 - INFO -  GP predict time: 4.997s
2025-06-04 08:15:25,989 - INFO -   EHVI: 9943 candidates with 500 MC samples
2025-06-04 08:16:56,836 - INFO -  EHVI time: 90.847s
f1 shape: (1,)
f2 shape: (1,)
2025-06-04 08:16:56,838 - INFO -  Selected idx=880 (COC(=O)c1ccc(S(=O)(=O)N(CCC(F)(F)F)c2sc3ccccc3c2C)cc1) → [0.23255814 1.        ]
2025-06-04 08:16:56,873 - INFO -  Hypervolume: 0.2683
2025-06-04 08:16:56,873 - INFO - 
--- Iter 48 (train size (58, 2)) ---
2025-06-04 08:16:56,873 - INFO -  Inferred reference point at iter 48: [0.06804812030075187, -0.09999999999998607]
2025-06-04 08:16:56,875 - INFO -  Scoring full pool: 9942 candidates
2025-06-04 08:17:01,757 - INFO -  GP predict time: 4.881s
2025-06-04 08:17:01,757 - INFO -   EHVI: 9942 candidates with 500 MC samples
2025-06-04 08:18:33,190 - INFO -  EHVI time: 91.433s
f1 shape: (1,)
f2 shape: (1,)
2025-06-04 08:18:33,192 - INFO -  Selected idx=1389 (COC(=O)C(C(=O)C(=O)Nc1ccc([N+](=O)[O-])cc1[N+](=O)[O-])c1nc2ccc(Cl)cc2nc1O) → [0.16551724 1.        ]
2025-06-04 08:18:33,228 - INFO -  Hypervolume: 0.2683
2025-06-04 08:18:33,228 - INFO - 
--- Iter 49 (train size (59, 2)) ---
2025-06-04 08:18:33,229 - INFO -  Inferred reference point at iter 49: [0.06804812030075187, -0.09999999999998607]
2025-06-04 08:18:33,231 - INFO -  Scoring full pool: 9941 candidates
2025-06-04 08:18:38,353 - INFO -  GP predict time: 5.123s
2025-06-04 08:18:38,353 - INFO -   EHVI: 9941 candidates with 500 MC samples
2025-06-04 08:20:09,815 - INFO -  EHVI time: 91.462s
f1 shape: (1,)
f2 shape: (1,)
2025-06-04 08:20:09,817 - INFO -  Selected idx=852 (COc1ccccc1CCC(=O)Nc1ccc(S(=O)(=O)Nc2cc(C)nc(C)n2)cc1) → [0.20588235 1.        ]
2025-06-04 08:20:09,854 - INFO -  Hypervolume: 0.2683
2025-06-04 08:20:09,854 - INFO - 
--- Iter 50 (train size (60, 2)) ---
2025-06-04 08:20:09,854 - INFO -  Inferred reference point at iter 50: [0.06804812030075187, -0.09999999999998607]
2025-06-04 08:20:09,856 - INFO -  Scoring full pool: 9940 candidates
2025-06-04 08:20:14,914 - INFO -  GP predict time: 5.058s
2025-06-04 08:20:14,915 - INFO -   EHVI: 9940 candidates with 500 MC samples
2025-06-04 08:21:46,348 - INFO -  EHVI time: 91.433s
f1 shape: (1,)
f2 shape: (1,)
2025-06-04 08:21:46,350 - INFO -  Selected idx=978 (Cc1cccc(OCCNS(=O)(=O)c2ccc(Cl)cc2)c1) → [0.1826087  0.13533528]
2025-06-04 08:21:46,387 - INFO -  Hypervolume: 0.2683
2025-06-04 08:21:46,387 - INFO - 
--- Iter 51 (train size (61, 2)) ---
2025-06-04 08:21:46,387 - INFO -  Inferred reference point at iter 51: [0.06804812030075187, -0.09999999999998607]
2025-06-04 08:21:46,390 - INFO -  Scoring full pool: 9939 candidates
2025-06-04 08:21:51,677 - INFO -  GP predict time: 5.288s
2025-06-04 08:21:51,678 - INFO -   EHVI: 9939 candidates with 500 MC samples
2025-06-04 08:23:22,460 - INFO -  EHVI time: 90.782s
f1 shape: (1,)
f2 shape: (1,)
2025-06-04 08:23:22,462 - INFO -  Selected idx=2597 (Cc1cc(N2CCCCC2)nc2ccc(NC(=O)c3ccc(Br)o3)cc12) → [0.12592593 0.13533528]
2025-06-04 08:23:22,500 - INFO -  Hypervolume: 0.2683
2025-06-04 08:23:22,500 - INFO - 
--- Iter 52 (train size (62, 2)) ---
2025-06-04 08:23:22,500 - INFO -  Inferred reference point at iter 52: [0.06804812030075187, -0.09999999999998607]
2025-06-04 08:23:22,502 - INFO -  Scoring full pool: 9938 candidates
2025-06-04 08:23:27,678 - INFO -  GP predict time: 5.176s
2025-06-04 08:23:27,678 - INFO -   EHVI: 9938 candidates with 500 MC samples
2025-06-04 08:24:58,426 - INFO -  EHVI time: 90.748s
f1 shape: (1,)
f2 shape: (1,)
2025-06-04 08:24:58,428 - INFO -  Selected idx=5800 (CCOC(=O)C1=C(C)NC(C)=C(C(=O)OCC)C1c1ccccc1I) → [0.52631579 0.13533528]
2025-06-04 08:24:58,467 - INFO -  Hypervolume: 0.3188
2025-06-04 08:24:58,467 - INFO - 
--- Iter 53 (train size (63, 2)) ---
2025-06-04 08:24:58,467 - INFO -  Inferred reference point at iter 53: [0.04661654135338345, -0.09999999999998607]
2025-06-04 08:24:58,470 - INFO -  Scoring full pool: 9937 candidates
2025-06-04 08:25:03,870 - INFO -  GP predict time: 5.400s
2025-06-04 08:25:03,870 - INFO -   EHVI: 9937 candidates with 500 MC samples
2025-06-04 08:26:52,901 - INFO -  EHVI time: 109.031s
f1 shape: (1,)
f2 shape: (1,)
2025-06-04 08:26:52,902 - INFO -  Selected idx=2912 (CCC(=O)Oc1ccc(COC(=O)Nc2ccncc2N)cc1) → [0.21367521 0.13533528]
2025-06-04 08:26:52,942 - INFO -  Hypervolume: 0.3424
2025-06-04 08:26:52,942 - INFO - 
--- Iter 54 (train size (64, 2)) ---
2025-06-04 08:26:52,943 - INFO -  Inferred reference point at iter 54: [0.04661654135338345, -0.09999999999998607]
2025-06-04 08:26:52,945 - INFO -  Scoring full pool: 9936 candidates
2025-06-04 08:26:58,406 - INFO -  GP predict time: 5.461s
2025-06-04 08:26:58,406 - INFO -   EHVI: 9936 candidates with 500 MC samples
2025-06-04 08:28:47,310 - INFO -  EHVI time: 108.903s
f1 shape: (1,)
f2 shape: (1,)
2025-06-04 08:28:47,312 - INFO -  Selected idx=6908 (Cc1ccc(C=Cc2onc(C)c2S(=O)(=O)N2CCC(C(=O)Nc3ccc(OC(F)(F)F)cc3)CC2)cc1) → [0.12962963 0.13533528]
2025-06-04 08:28:47,353 - INFO -  Hypervolume: 0.3424
2025-06-04 08:28:47,353 - INFO - 
--- Iter 55 (train size (65, 2)) ---
2025-06-04 08:28:47,353 - INFO -  Inferred reference point at iter 55: [0.04661654135338345, -0.09999999999998607]
2025-06-04 08:28:47,356 - INFO -  Scoring full pool: 9935 candidates
2025-06-04 08:28:53,170 - INFO -  GP predict time: 5.814s
2025-06-04 08:28:53,170 - INFO -   EHVI: 9935 candidates with 500 MC samples
2025-06-04 08:30:42,456 - INFO -  EHVI time: 109.286s
f1 shape: (1,)
f2 shape: (1,)
2025-06-04 08:30:42,458 - INFO -  Selected idx=1211 (CCOc1ccc(C(=O)Nc2cc(Br)cc3c(=O)cc(C(=O)O)oc23)cc1) → [0.17829457 1.        ]
2025-06-04 08:30:42,500 - INFO -  Hypervolume: 0.3424
2025-06-04 08:30:42,500 - INFO - 
--- Iter 56 (train size (66, 2)) ---
2025-06-04 08:30:42,500 - INFO -  Inferred reference point at iter 56: [0.04661654135338345, -0.09999999999998607]
2025-06-04 08:30:42,503 - INFO -  Scoring full pool: 9934 candidates
2025-06-04 08:30:48,206 - INFO -  GP predict time: 5.703s
2025-06-04 08:30:48,206 - INFO -   EHVI: 9934 candidates with 500 MC samples
2025-06-04 08:32:37,720 - INFO -  EHVI time: 109.514s
f1 shape: (1,)
f2 shape: (1,)
2025-06-04 08:32:37,722 - INFO -  Selected idx=1592 (CCOC(=O)c1ccc(OCc2nc3ccccc3n(C)c2=O)cc1) → [0.28695652 1.        ]
2025-06-04 08:32:37,765 - INFO -  Hypervolume: 0.3424
2025-06-04 08:32:37,765 - INFO - 
--- Iter 57 (train size (67, 2)) ---
2025-06-04 08:32:37,765 - INFO -  Inferred reference point at iter 57: [0.04661654135338345, -0.09999999999998607]
2025-06-04 08:32:37,767 - INFO -  Scoring full pool: 9933 candidates
2025-06-04 08:32:43,480 - INFO -  GP predict time: 5.713s
2025-06-04 08:32:43,481 - INFO -   EHVI: 9933 candidates with 500 MC samples
2025-06-04 08:34:32,796 - INFO -  EHVI time: 109.316s
f1 shape: (1,)
f2 shape: (1,)
2025-06-04 08:34:32,798 - INFO -  Selected idx=7893 (COc1cc(C(=O)Nc2ccc(C(N)=O)cc2)c([N+](=O)[O-])cc1OC) → [0.19834711 0.13533528]
2025-06-04 08:34:32,839 - INFO -  Hypervolume: 0.3424
2025-06-04 08:34:32,839 - INFO - 
--- Iter 58 (train size (68, 2)) ---
2025-06-04 08:34:32,839 - INFO -  Inferred reference point at iter 58: [0.04661654135338345, -0.09999999999998607]
2025-06-04 08:34:32,841 - INFO -  Scoring full pool: 9932 candidates
2025-06-04 08:34:38,384 - INFO -  GP predict time: 5.543s
2025-06-04 08:34:38,384 - INFO -   EHVI: 9932 candidates with 500 MC samples
2025-06-04 08:36:27,817 - INFO -  EHVI time: 109.433s
f1 shape: (1,)
f2 shape: (1,)
2025-06-04 08:36:27,819 - INFO -  Selected idx=2998 (CCCn1c(=O)c2[nH]c(-c3ccc(OCC(=O)Nc4ccc(F)cc4O)cc3)cc2n(CCC)c1=O) → [0.16339869 0.13533528]
2025-06-04 08:36:27,863 - INFO -  Hypervolume: 0.3424
2025-06-04 08:36:27,863 - INFO - 
--- Iter 59 (train size (69, 2)) ---
2025-06-04 08:36:27,863 - INFO -  Inferred reference point at iter 59: [0.04661654135338345, -0.09999999999998607]
2025-06-04 08:36:27,865 - INFO -  Scoring full pool: 9931 candidates
2025-06-04 08:36:33,497 - INFO -  GP predict time: 5.631s
2025-06-04 08:36:33,497 - INFO -   EHVI: 9931 candidates with 500 MC samples
2025-06-04 08:38:22,931 - INFO -  EHVI time: 109.434s
f1 shape: (1,)
f2 shape: (1,)
2025-06-04 08:38:22,933 - INFO -  Selected idx=2569 (COCC(C)NC(=O)c1ccc(NC(=O)N2Cc3ccc(F)cc3C2)cc1) → [0.16793893 1.        ]
2025-06-04 08:38:22,978 - INFO -  Hypervolume: 0.3424
2025-06-04 08:38:22,978 - INFO - 
--- Iter 60 (train size (70, 2)) ---
2025-06-04 08:38:22,978 - INFO -  Inferred reference point at iter 60: [0.04661654135338345, -0.09999999999998607]
2025-06-04 08:38:22,981 - INFO -  Scoring full pool: 9930 candidates
2025-06-04 08:38:28,865 - INFO -  GP predict time: 5.884s
2025-06-04 08:38:28,865 - INFO -   EHVI: 9930 candidates with 500 MC samples
2025-06-04 08:40:18,055 - INFO -  EHVI time: 109.190s
f1 shape: (1,)
f2 shape: (1,)
2025-06-04 08:40:18,057 - INFO -  Selected idx=5199 (COc1ccc(C(C(=O)NC(C)(C)C)N(C(=O)CCC(=O)Nc2cc(C)on2)c2c(C)cccc2C)cc1) → [0.17532468 1.        ]
2025-06-04 08:40:18,103 - INFO -  Hypervolume: 0.3424
2025-06-04 08:40:18,103 - INFO - 
--- Iter 61 (train size (71, 2)) ---
2025-06-04 08:40:18,103 - INFO -  Inferred reference point at iter 61: [0.04661654135338345, -0.09999999999998607]
2025-06-04 08:40:18,106 - INFO -  Scoring full pool: 9929 candidates
2025-06-04 08:40:24,141 - INFO -  GP predict time: 6.035s
2025-06-04 08:40:24,141 - INFO -   EHVI: 9929 candidates with 500 MC samples
2025-06-04 08:42:13,963 - INFO -  EHVI time: 109.822s
f1 shape: (1,)
f2 shape: (1,)
2025-06-04 08:42:13,964 - INFO -  Selected idx=1843 (Cc1ccc(CNc2nc(N)nc3ccccc23)cc1) → [0.17391304 1.        ]
2025-06-04 08:42:14,010 - INFO -  Hypervolume: 0.3424
2025-06-04 08:42:14,010 - INFO - 
--- Iter 62 (train size (72, 2)) ---
2025-06-04 08:42:14,010 - INFO -  Inferred reference point at iter 62: [0.04661654135338345, -0.09999999999998607]
2025-06-04 08:42:14,013 - INFO -  Scoring full pool: 9928 candidates
2025-06-04 08:42:20,082 - INFO -  GP predict time: 6.070s
2025-06-04 08:42:20,082 - INFO -   EHVI: 9928 candidates with 500 MC samples
2025-06-04 08:44:08,996 - INFO -  EHVI time: 108.913s
f1 shape: (1,)
f2 shape: (1,)
2025-06-04 08:44:08,998 - INFO -  Selected idx=8066 (COc1ccc(NC(=S)NNC(=O)Cn2nc(C)cc2C)cc1) → [0.175      0.13533528]
2025-06-04 08:44:09,046 - INFO -  Hypervolume: 0.3424
2025-06-04 08:44:09,046 - INFO - 
--- Iter 63 (train size (73, 2)) ---
2025-06-04 08:44:09,046 - INFO -  Inferred reference point at iter 63: [0.04661654135338345, -0.09999999999998607]
2025-06-04 08:44:09,048 - INFO -  Scoring full pool: 9927 candidates
2025-06-04 08:44:15,258 - INFO -  GP predict time: 6.210s
2025-06-04 08:44:15,258 - INFO -   EHVI: 9927 candidates with 500 MC samples
2025-06-04 08:46:03,993 - INFO -  EHVI time: 108.735s
f1 shape: (1,)
f2 shape: (1,)
2025-06-04 08:46:03,995 - INFO -  Selected idx=8426 (O=C(Cc1ccc(O)c(O)c1)NCc1ccc(Cl)cc1Cl) → [0.17391304 0.13533528]
2025-06-04 08:46:04,044 - INFO -  Hypervolume: 0.3424
2025-06-04 08:46:04,044 - INFO - 
--- Iter 64 (train size (74, 2)) ---
2025-06-04 08:46:04,044 - INFO -  Inferred reference point at iter 64: [0.04661654135338345, -0.09999999999998607]
2025-06-04 08:46:04,047 - INFO -  Scoring full pool: 9926 candidates
2025-06-04 08:46:10,483 - INFO -  GP predict time: 6.436s
2025-06-04 08:46:10,483 - INFO -   EHVI: 9926 candidates with 500 MC samples
2025-06-04 08:47:59,665 - INFO -  EHVI time: 109.183s
f1 shape: (1,)
f2 shape: (1,)
2025-06-04 08:47:59,667 - INFO -  Selected idx=8727 (CCc1cc(C=CC(=O)O)ccc1NC(=O)c1cccc(NC2=NCCN2)c1) → [0.17164179 1.        ]
2025-06-04 08:47:59,714 - INFO -  Hypervolume: 0.3424
2025-06-04 08:47:59,714 - INFO - 
--- Iter 65 (train size (75, 2)) ---
2025-06-04 08:47:59,714 - INFO -  Inferred reference point at iter 65: [0.04661654135338345, -0.09999999999998607]
2025-06-04 08:47:59,716 - INFO -  Scoring full pool: 9925 candidates
2025-06-04 08:48:05,791 - INFO -  GP predict time: 6.075s
2025-06-04 08:48:05,792 - INFO -   EHVI: 9925 candidates with 500 MC samples
2025-06-04 08:49:55,042 - INFO -  EHVI time: 109.251s
f1 shape: (1,)
f2 shape: (1,)
2025-06-04 08:49:55,044 - INFO -  Selected idx=3211 (NC(=O)c1nc(Nc2ccc3ccccc3c2)sc1NC(=O)c1ccc(N)cc1) → [0.16788321 0.13533528]
2025-06-04 08:49:55,092 - INFO -  Hypervolume: 0.3424
2025-06-04 08:49:55,092 - INFO - 
--- Iter 66 (train size (76, 2)) ---
2025-06-04 08:49:55,092 - INFO -  Inferred reference point at iter 66: [0.04661654135338345, -0.09999999999998607]
2025-06-04 08:49:55,095 - INFO -  Scoring full pool: 9924 candidates
2025-06-04 08:50:01,289 - INFO -  GP predict time: 6.194s
2025-06-04 08:50:01,289 - INFO -   EHVI: 9924 candidates with 500 MC samples
2025-06-04 08:51:50,315 - INFO -  EHVI time: 109.026s
f1 shape: (1,)
f2 shape: (1,)
2025-06-04 08:51:50,317 - INFO -  Selected idx=3253 (CCC(=O)c1ccc(OCC(=O)N2CCc3cc(OC)c(OC)cc3C2)cc1) → [0.21875 1.     ]
2025-06-04 08:51:50,369 - INFO -  Hypervolume: 0.3424
2025-06-04 08:51:50,369 - INFO - 
--- Iter 67 (train size (77, 2)) ---
2025-06-04 08:51:50,369 - INFO -  Inferred reference point at iter 67: [0.04661654135338345, -0.09999999999998607]
2025-06-04 08:51:50,372 - INFO -  Scoring full pool: 9923 candidates
2025-06-04 08:51:56,883 - INFO -  GP predict time: 6.511s
2025-06-04 08:51:56,883 - INFO -   EHVI: 9923 candidates with 500 MC samples
2025-06-04 08:53:46,228 - INFO -  EHVI time: 109.344s
f1 shape: (1,)
f2 shape: (1,)
2025-06-04 08:53:46,229 - INFO -  Selected idx=2063 (COC(=O)c1ccc(C=NNC(=O)CC(=O)NCCc2ccccc2)cc1) → [0.22222222 0.13533528]
2025-06-04 08:53:46,283 - INFO -  Hypervolume: 0.3424
2025-06-04 08:53:46,283 - INFO - 
--- Iter 68 (train size (78, 2)) ---
2025-06-04 08:53:46,283 - INFO -  Inferred reference point at iter 68: [0.04661654135338345, -0.09999999999998607]
2025-06-04 08:53:46,285 - INFO -  Scoring full pool: 9922 candidates
2025-06-04 08:53:52,852 - INFO -  GP predict time: 6.567s
2025-06-04 08:53:52,852 - INFO -   EHVI: 9922 candidates with 500 MC samples
2025-06-04 08:55:42,104 - INFO -  EHVI time: 109.252s
f1 shape: (1,)
f2 shape: (1,)
2025-06-04 08:55:42,106 - INFO -  Selected idx=5606 (CC(=O)N(C(C)=O)c1ccc(-c2nc3ccccc3s2)cc1C) → [0.22608696 1.        ]
2025-06-04 08:55:42,160 - INFO -  Hypervolume: 0.3424
2025-06-04 08:55:42,160 - INFO - 
--- Iter 69 (train size (79, 2)) ---
2025-06-04 08:55:42,160 - INFO -  Inferred reference point at iter 69: [0.04661654135338345, -0.09999999999998607]
2025-06-04 08:55:42,162 - INFO -  Scoring full pool: 9921 candidates
2025-06-04 08:55:48,735 - INFO -  GP predict time: 6.572s
2025-06-04 08:55:48,735 - INFO -   EHVI: 9921 candidates with 500 MC samples
2025-06-04 08:57:37,982 - INFO -  EHVI time: 109.247s
f1 shape: (1,)
f2 shape: (1,)
2025-06-04 08:57:37,984 - INFO -  Selected idx=3930 (CCOC(=O)C1CCN(C(=O)c2ccc3c(c2)sc2nc(-c4ccc(C)cc4)cn23)CC1) → [0.19858156 0.00033546]
2025-06-04 08:57:38,039 - INFO -  Hypervolume: 0.3424
2025-06-04 08:57:38,039 - INFO - 
--- Iter 70 (train size (80, 2)) ---
2025-06-04 08:57:38,039 - INFO -  Inferred reference point at iter 70: [0.04661654135338345, -0.09999999999998607]
2025-06-04 08:57:38,042 - INFO -  Scoring full pool: 9920 candidates
2025-06-04 08:57:45,012 - INFO -  GP predict time: 6.969s
2025-06-04 08:57:45,012 - INFO -   EHVI: 9920 candidates with 500 MC samples
2025-06-04 08:59:34,033 - INFO -  EHVI time: 109.021s
f1 shape: (1,)
f2 shape: (1,)
2025-06-04 08:59:34,034 - INFO -  Selected idx=1408 (CCOc1ccc2ccccc2c1C(=O)NC(Cc1cccc(C(=O)O)c1)B(O)O) → [0.21052632 1.        ]
2025-06-04 08:59:34,091 - INFO -  Hypervolume: 0.3424
2025-06-04 08:59:34,091 - INFO - 
--- Iter 71 (train size (81, 2)) ---
2025-06-04 08:59:34,091 - INFO -  Inferred reference point at iter 71: [0.04661654135338345, -0.09999999999998607]
2025-06-04 08:59:34,094 - INFO -  Scoring full pool: 9919 candidates
2025-06-04 08:59:40,950 - INFO -  GP predict time: 6.856s
2025-06-04 08:59:40,950 - INFO -   EHVI: 9919 candidates with 500 MC samples
2025-06-04 09:01:29,709 - INFO -  EHVI time: 108.759s
f1 shape: (1,)
f2 shape: (1,)
2025-06-04 09:01:29,711 - INFO -  Selected idx=9264 (CCC(C)=NNC(=O)c1[nH]c2ccc(C)cc2c1-c1ccccc1) → [0.22881356 1.        ]
2025-06-04 09:01:29,768 - INFO -  Hypervolume: 0.3424
2025-06-04 09:01:29,768 - INFO - 
--- Iter 72 (train size (82, 2)) ---
2025-06-04 09:01:29,769 - INFO -  Inferred reference point at iter 72: [0.04661654135338345, -0.09999999999998607]
2025-06-04 09:01:29,771 - INFO -  Scoring full pool: 9918 candidates
2025-06-04 09:01:36,704 - INFO -  GP predict time: 6.933s
2025-06-04 09:01:36,704 - INFO -   EHVI: 9918 candidates with 500 MC samples
2025-06-04 09:03:25,686 - INFO -  EHVI time: 108.982s
f1 shape: (1,)
f2 shape: (1,)
2025-06-04 09:03:25,687 - INFO -  Selected idx=3159 (COc1ccc(NC(=O)C(Cl)=C(Cl)[S+]([O-])Cc2ccccc2Cl)cn1) → [0.21666667 0.13533528]
2025-06-04 09:03:25,745 - INFO -  Hypervolume: 0.3424
2025-06-04 09:03:25,745 - INFO - 
--- Iter 73 (train size (83, 2)) ---
2025-06-04 09:03:25,745 - INFO -  Inferred reference point at iter 73: [0.04661654135338345, -0.09999999999998607]
2025-06-04 09:03:25,748 - INFO -  Scoring full pool: 9917 candidates
2025-06-04 09:03:32,773 - INFO -  GP predict time: 7.025s
2025-06-04 09:03:32,773 - INFO -   EHVI: 9917 candidates with 500 MC samples
2025-06-04 09:05:21,925 - INFO -  EHVI time: 109.152s
f1 shape: (1,)
f2 shape: (1,)
2025-06-04 09:05:21,927 - INFO -  Selected idx=9953 (CCCc1c(OCCCCOc2ccc(S(N)(=O)=O)cc2)ccc(C(C)=O)c1O) → [0.20769231 0.13533528]
2025-06-04 09:05:21,986 - INFO -  Hypervolume: 0.3424
2025-06-04 09:05:21,987 - INFO - 
--- Iter 74 (train size (84, 2)) ---
2025-06-04 09:05:21,987 - INFO -  Inferred reference point at iter 74: [0.04661654135338345, -0.09999999999998607]
2025-06-04 09:05:21,989 - INFO -  Scoring full pool: 9916 candidates
2025-06-04 09:05:29,033 - INFO -  GP predict time: 7.044s
2025-06-04 09:05:29,033 - INFO -   EHVI: 9916 candidates with 500 MC samples
2025-06-04 09:07:18,265 - INFO -  EHVI time: 109.232s
f1 shape: (1,)
f2 shape: (1,)
2025-06-04 09:07:18,267 - INFO -  Selected idx=7239 (CN(C)CCCN(C(=O)c1ccc2c(c1)CCCC2)c1nc2ccc(Br)cc2s1) → [0.14285714 0.13533528]
2025-06-04 09:07:18,328 - INFO -  Hypervolume: 0.3424
2025-06-04 09:07:18,328 - INFO - 
--- Iter 75 (train size (85, 2)) ---
2025-06-04 09:07:18,328 - INFO -  Inferred reference point at iter 75: [0.04661654135338345, -0.09999999999998607]
2025-06-04 09:07:18,331 - INFO -  Scoring full pool: 9915 candidates
2025-06-04 09:07:25,620 - INFO -  GP predict time: 7.289s
2025-06-04 09:07:25,620 - INFO -   EHVI: 9915 candidates with 500 MC samples
2025-06-04 09:09:14,726 - INFO -  EHVI time: 109.106s
f1 shape: (1,)
f2 shape: (1,)
2025-06-04 09:09:14,728 - INFO -  Selected idx=8673 (O=c1oc2ccccc2cc1OCC(=NO)c1ccc(F)cc1) → [0.16260163 1.        ]
2025-06-04 09:09:14,790 - INFO -  Hypervolume: 0.3424
2025-06-04 09:09:14,790 - INFO - 
--- Iter 76 (train size (86, 2)) ---
2025-06-04 09:09:14,790 - INFO -  Inferred reference point at iter 76: [0.04661654135338345, -0.09999999999998607]
2025-06-04 09:09:14,793 - INFO -  Scoring full pool: 9914 candidates
2025-06-04 09:09:22,216 - INFO -  GP predict time: 7.423s
2025-06-04 09:09:22,216 - INFO -   EHVI: 9914 candidates with 500 MC samples
2025-06-04 09:11:11,383 - INFO -  EHVI time: 109.167s
f1 shape: (1,)
f2 shape: (1,)
2025-06-04 09:11:11,385 - INFO -  Selected idx=791 (COc1ccc(Oc2ncccc2C(=NO)NCC(C)(C)C)cc1) → [0.152      0.13533528]
2025-06-04 09:11:11,449 - INFO -  Hypervolume: 0.3424
2025-06-04 09:11:11,449 - INFO - 
--- Iter 77 (train size (87, 2)) ---
2025-06-04 09:11:11,449 - INFO -  Inferred reference point at iter 77: [0.04661654135338345, -0.09999999999998607]
2025-06-04 09:11:11,452 - INFO -  Scoring full pool: 9913 candidates
2025-06-04 09:11:18,964 - INFO -  GP predict time: 7.512s
2025-06-04 09:11:18,964 - INFO -   EHVI: 9913 candidates with 500 MC samples
2025-06-04 09:13:08,554 - INFO -  EHVI time: 109.590s
f1 shape: (1,)
f2 shape: (1,)
2025-06-04 09:13:08,556 - INFO -  Selected idx=5802 (COc1ccc(Cl)cc1S(=O)(=O)N1CCOc2ccc(C(=O)Nc3ccc(C(=O)O)cc3)cc21) → [0.15436242 0.13533528]
2025-06-04 09:13:08,617 - INFO -  Hypervolume: 0.3424
2025-06-04 09:13:08,617 - INFO - 
--- Iter 78 (train size (88, 2)) ---
2025-06-04 09:13:08,617 - INFO -  Inferred reference point at iter 78: [0.04661654135338345, -0.09999999999998607]
2025-06-04 09:13:08,620 - INFO -  Scoring full pool: 9912 candidates
2025-06-04 09:13:15,953 - INFO -  GP predict time: 7.333s
2025-06-04 09:13:15,953 - INFO -   EHVI: 9912 candidates with 500 MC samples
2025-06-04 09:15:05,092 - INFO -  EHVI time: 109.139s
f1 shape: (1,)
f2 shape: (1,)
2025-06-04 09:15:05,094 - INFO -  Selected idx=1702 (CCCCOc1ccc(NC(=O)c2ccc(OC)cc2)cc1) → [0.1965812  0.13533528]
2025-06-04 09:15:05,159 - INFO -  Hypervolume: 0.3424
2025-06-04 09:15:05,159 - INFO - 
--- Iter 79 (train size (89, 2)) ---
2025-06-04 09:15:05,159 - INFO -  Inferred reference point at iter 79: [0.04661654135338345, -0.09999999999998607]
2025-06-04 09:15:05,162 - INFO -  Scoring full pool: 9911 candidates
2025-06-04 09:15:12,736 - INFO -  GP predict time: 7.574s
2025-06-04 09:15:12,736 - INFO -   EHVI: 9911 candidates with 500 MC samples
2025-06-04 09:17:02,124 - INFO -  EHVI time: 109.388s
f1 shape: (1,)
f2 shape: (1,)
2025-06-04 09:17:02,126 - INFO -  Selected idx=7723 (CCOP(=O)(c1ccc(OC)cc1)N1Cc2[nH]c3ccccc3c2CC1C(=O)NO) → [0.22727273 0.13533528]
2025-06-04 09:17:02,481 - INFO -  Hypervolume: 0.3424
2025-06-04 09:17:02,481 - INFO - 
--- Iter 80 (train size (90, 2)) ---
2025-06-04 09:17:02,481 - INFO -  Inferred reference point at iter 80: [0.04661654135338345, -0.09999999999998607]
2025-06-04 09:17:02,484 - INFO -  Scoring full pool: 9910 candidates
2025-06-04 09:17:09,894 - INFO -  GP predict time: 7.410s
2025-06-04 09:17:09,894 - INFO -   EHVI: 9910 candidates with 500 MC samples
2025-06-04 09:18:58,883 - INFO -  EHVI time: 108.989s
f1 shape: (1,)
f2 shape: (1,)
2025-06-04 09:18:58,884 - INFO -  Selected idx=9891 (Cc1ccccc1Oc1nc(Nc2ccc(C#N)cc2)c(=O)n(C)c1C) → [0.171875 1.      ]
2025-06-04 09:18:58,950 - INFO -  Hypervolume: 0.3424
2025-06-04 09:18:58,950 - INFO - 
--- Iter 81 (train size (91, 2)) ---
2025-06-04 09:18:58,950 - INFO -  Inferred reference point at iter 81: [0.04661654135338345, -0.09999999999998607]
2025-06-04 09:18:58,953 - INFO -  Scoring full pool: 9909 candidates
2025-06-04 09:19:06,597 - INFO -  GP predict time: 7.644s
2025-06-04 09:19:06,597 - INFO -   EHVI: 9909 candidates with 500 MC samples
2025-06-04 09:20:55,178 - INFO -  EHVI time: 108.580s
f1 shape: (1,)
f2 shape: (1,)
2025-06-04 09:20:55,180 - INFO -  Selected idx=4715 (CCCCNC(=O)N1N=C(c2ccc(N)cc2)c2cc(OC)ccc2C1C) → [0.21428571 1.        ]
2025-06-04 09:20:55,249 - INFO -  Hypervolume: 0.3424
2025-06-04 09:20:55,249 - INFO - 
--- Iter 82 (train size (92, 2)) ---
2025-06-04 09:20:55,249 - INFO -  Inferred reference point at iter 82: [0.04661654135338345, -0.09999999999998607]
2025-06-04 09:20:55,252 - INFO -  Scoring full pool: 9908 candidates
2025-06-04 09:21:02,973 - INFO -  GP predict time: 7.721s
2025-06-04 09:21:02,974 - INFO -   EHVI: 9908 candidates with 500 MC samples
2025-06-04 09:22:51,968 - INFO -  EHVI time: 108.995s
f1 shape: (1,)
f2 shape: (1,)
2025-06-04 09:22:51,970 - INFO -  Selected idx=3223 (O=C(Nc1nc2ccccc2s1)Nc1ccc(F)cc1F) → [0.16101695 1.        ]
2025-06-04 09:22:52,040 - INFO -  Hypervolume: 0.3424
2025-06-04 09:22:52,040 - INFO - 
--- Iter 83 (train size (93, 2)) ---
2025-06-04 09:22:52,040 - INFO -  Inferred reference point at iter 83: [0.04661654135338345, -0.09999999999998607]
2025-06-04 09:22:52,043 - INFO -  Scoring full pool: 9907 candidates
2025-06-04 09:23:00,057 - INFO -  GP predict time: 8.014s
2025-06-04 09:23:00,057 - INFO -   EHVI: 9907 candidates with 500 MC samples
2025-06-04 09:24:49,000 - INFO -  EHVI time: 108.942s
f1 shape: (1,)
f2 shape: (1,)
2025-06-04 09:24:49,002 - INFO -  Selected idx=5340 (Cc1ccc(NC(=O)COc2cccc3ccc(C)nc23)c(Br)c1) → [0.16935484 1.        ]
2025-06-04 09:24:49,074 - INFO -  Hypervolume: 0.3424
2025-06-04 09:24:49,074 - INFO - 
--- Iter 84 (train size (94, 2)) ---
2025-06-04 09:24:49,074 - INFO -  Inferred reference point at iter 84: [0.04661654135338345, -0.09999999999998607]
2025-06-04 09:24:49,077 - INFO -  Scoring full pool: 9906 candidates
2025-06-04 09:24:57,137 - INFO -  GP predict time: 8.061s
2025-06-04 09:24:57,138 - INFO -   EHVI: 9906 candidates with 500 MC samples
2025-06-04 09:26:46,055 - INFO -  EHVI time: 108.917s
f1 shape: (1,)
f2 shape: (1,)
2025-06-04 09:26:46,057 - INFO -  Selected idx=4648 (CCOc1c2ccc(C(=O)NCCc3ccc(C)cc3)cc2nn1CC) → [0.208 1.   ]
2025-06-04 09:26:46,130 - INFO -  Hypervolume: 0.3424
2025-06-04 09:26:46,130 - INFO - 
--- Iter 85 (train size (95, 2)) ---
2025-06-04 09:26:46,130 - INFO -  Inferred reference point at iter 85: [0.04661654135338345, -0.09999999999998607]
2025-06-04 09:26:46,133 - INFO -  Scoring full pool: 9905 candidates
2025-06-04 09:26:54,070 - INFO -  GP predict time: 7.937s
2025-06-04 09:26:54,071 - INFO -   EHVI: 9905 candidates with 500 MC samples
2025-06-04 09:28:43,235 - INFO -  EHVI time: 109.165s
f1 shape: (1,)
f2 shape: (1,)
2025-06-04 09:28:43,237 - INFO -  Selected idx=7611 (COc1cccc(C(=O)NC2(C(=O)c3cccc(C)c3)CCCC2)c1C) → [0.2 1. ]
2025-06-04 09:28:43,311 - INFO -  Hypervolume: 0.3424
2025-06-04 09:28:43,311 - INFO - 
--- Iter 86 (train size (96, 2)) ---
2025-06-04 09:28:43,311 - INFO -  Inferred reference point at iter 86: [0.04661654135338345, -0.09999999999998607]
2025-06-04 09:28:43,314 - INFO -  Scoring full pool: 9904 candidates
2025-06-04 09:28:51,352 - INFO -  GP predict time: 8.037s
2025-06-04 09:28:51,352 - INFO -   EHVI: 9904 candidates with 500 MC samples
2025-06-04 09:30:40,522 - INFO -  EHVI time: 109.169s
f1 shape: (1,)
f2 shape: (1,)
2025-06-04 09:30:40,523 - INFO -  Selected idx=5436 (CCn1cc(C(=O)Nc2ccccc2)c(=O)c2ccc(C)nc21) → [0.21367521 1.        ]
2025-06-04 09:30:40,599 - INFO -  Hypervolume: 0.3424
2025-06-04 09:30:40,599 - INFO - 
--- Iter 87 (train size (97, 2)) ---
2025-06-04 09:30:40,599 - INFO -  Inferred reference point at iter 87: [0.04661654135338345, -0.09999999999998607]
2025-06-04 09:30:40,602 - INFO -  Scoring full pool: 9903 candidates
2025-06-04 09:30:48,706 - INFO -  GP predict time: 8.104s
2025-06-04 09:30:48,706 - INFO -   EHVI: 9903 candidates with 500 MC samples
2025-06-04 09:32:38,146 - INFO -  EHVI time: 109.440s
f1 shape: (1,)
f2 shape: (1,)
2025-06-04 09:32:38,148 - INFO -  Selected idx=4806 (CCOC(=O)c1nc2ccccc2nc1Nc1ccc(Cl)c(Cl)c1) → [0.27192982 1.        ]
2025-06-04 09:32:38,225 - INFO -  Hypervolume: 0.3424
2025-06-04 09:32:38,225 - INFO - 
--- Iter 88 (train size (98, 2)) ---
2025-06-04 09:32:38,225 - INFO -  Inferred reference point at iter 88: [0.04661654135338345, -0.09999999999998607]
2025-06-04 09:32:38,228 - INFO -  Scoring full pool: 9902 candidates
2025-06-04 09:32:46,659 - INFO -  GP predict time: 8.431s
2025-06-04 09:32:46,659 - INFO -   EHVI: 9902 candidates with 500 MC samples
2025-06-04 09:34:35,896 - INFO -  EHVI time: 109.237s
f1 shape: (1,)
f2 shape: (1,)
2025-06-04 09:34:35,898 - INFO -  Selected idx=5324 (CCOc1ccc(CNC(=O)C2=Cc3cccc(OC)c3OC2)cc1) → [0.2016129 1.       ]
2025-06-04 09:34:35,971 - INFO -  Hypervolume: 0.3424
2025-06-04 09:34:35,971 - INFO - 
--- Iter 89 (train size (99, 2)) ---
2025-06-04 09:34:35,971 - INFO -  Inferred reference point at iter 89: [0.04661654135338345, -0.09999999999998607]
2025-06-04 09:34:35,974 - INFO -  Scoring full pool: 9901 candidates
2025-06-04 09:34:44,161 - INFO -  GP predict time: 8.187s
2025-06-04 09:34:44,161 - INFO -   EHVI: 9901 candidates with 500 MC samples
2025-06-04 09:36:33,204 - INFO -  EHVI time: 109.042s
f1 shape: (1,)
f2 shape: (1,)
2025-06-04 09:36:33,206 - INFO -  Selected idx=357 (CC#CCn1c(NC(C)c2ccc(C(F)(F)F)cc2)nc2c(c1=O)CN(C(=O)c1ccc(OC)cc1)CC2) → [0.13664596 0.13533528]
2025-06-04 09:36:33,285 - INFO -  Hypervolume: 0.3424
2025-06-04 09:36:33,285 - INFO - 
--- Iter 90 (train size (100, 2)) ---
2025-06-04 09:36:33,286 - INFO -  Inferred reference point at iter 90: [0.04661654135338345, -0.09999999999998607]
2025-06-04 09:36:33,289 - INFO -  Scoring full pool: 9900 candidates
2025-06-04 09:36:41,679 - INFO -  GP predict time: 8.391s
2025-06-04 09:36:41,679 - INFO -   EHVI: 9900 candidates with 500 MC samples
2025-06-04 09:38:30,603 - INFO -  EHVI time: 108.924s
f1 shape: (1,)
f2 shape: (1,)
2025-06-04 09:38:30,605 - INFO -  Selected idx=9587 (CCOc1ccc(NC(=O)Nc2nc3ccc(S(C)(=O)=O)cc3s2)cc1) → [0.171875 1.      ]
2025-06-04 09:38:30,685 - INFO -  Hypervolume: 0.3424
2025-06-04 09:38:30,685 - INFO - 
--- Iter 91 (train size (101, 2)) ---
2025-06-04 09:38:30,685 - INFO -  Inferred reference point at iter 91: [0.04661654135338345, -0.09999999999998607]
2025-06-04 09:38:30,689 - INFO -  Scoring full pool: 9899 candidates
2025-06-04 09:38:39,134 - INFO -  GP predict time: 8.445s
2025-06-04 09:38:39,134 - INFO -   EHVI: 9899 candidates with 500 MC samples
2025-06-04 09:40:28,603 - INFO -  EHVI time: 109.469s
f1 shape: (1,)
f2 shape: (1,)
2025-06-04 09:40:28,605 - INFO -  Selected idx=6300 (CCN(C(=O)c1ccc2c(=O)n3c(nc2c1)CCCCC3)c1ccc(F)cc1) → [0.13768116 0.13533528]
2025-06-04 09:40:28,686 - INFO -  Hypervolume: 0.3424
2025-06-04 09:40:28,686 - INFO - 
--- Iter 92 (train size (102, 2)) ---
2025-06-04 09:40:28,686 - INFO -  Inferred reference point at iter 92: [0.04661654135338345, -0.09999999999998607]
2025-06-04 09:40:28,689 - INFO -  Scoring full pool: 9898 candidates
2025-06-04 09:40:37,135 - INFO -  GP predict time: 8.445s
2025-06-04 09:40:37,135 - INFO -   EHVI: 9898 candidates with 500 MC samples
2025-06-04 09:42:25,905 - INFO -  EHVI time: 108.770s
f1 shape: (1,)
f2 shape: (1,)
2025-06-04 09:42:25,906 - INFO -  Selected idx=3565 (CCOc1ccc(NC(=O)N2CCC(NC(=O)C(Cc3ccccc3OC)NC(C)=O)CC2)cc1) → [0.2137931 1.       ]
2025-06-04 09:42:25,988 - INFO -  Hypervolume: 0.3424
2025-06-04 09:42:25,988 - INFO - 
--- Iter 93 (train size (103, 2)) ---
2025-06-04 09:42:25,989 - INFO -  Inferred reference point at iter 93: [0.04661654135338345, -0.09999999999998607]
2025-06-04 09:42:25,992 - INFO -  Scoring full pool: 9897 candidates
2025-06-04 09:42:34,673 - INFO -  GP predict time: 8.681s
2025-06-04 09:42:34,673 - INFO -   EHVI: 9897 candidates with 500 MC samples
2025-06-04 09:44:23,449 - INFO -  EHVI time: 108.776s
f1 shape: (1,)
f2 shape: (1,)
2025-06-04 09:44:23,451 - INFO -  Selected idx=8365 (CC(=O)c1cc(C)c(C)cc1NCC(=O)Nc1ccccc1C(=O)O) → [0.22881356 0.13533528]
2025-06-04 09:44:23,536 - INFO -  Hypervolume: 0.3424
2025-06-04 09:44:23,536 - INFO - 
--- Iter 94 (train size (104, 2)) ---
2025-06-04 09:44:23,536 - INFO -  Inferred reference point at iter 94: [0.04661654135338345, -0.09999999999998607]
2025-06-04 09:44:23,540 - INFO -  Scoring full pool: 9896 candidates
2025-06-04 09:44:32,486 - INFO -  GP predict time: 8.946s
2025-06-04 09:44:32,486 - INFO -   EHVI: 9896 candidates with 500 MC samples
2025-06-04 09:46:21,797 - INFO -  EHVI time: 109.311s
f1 shape: (1,)
f2 shape: (1,)
2025-06-04 09:46:21,798 - INFO -  Selected idx=8595 (CC(C(=O)NC1N=C(c2ccccc2)c2ccccc2N(C)C1=O)C(CO)c1ccc(F)c(F)c1) → [0.1589404  0.13533528]
2025-06-04 09:46:21,882 - INFO -  Hypervolume: 0.3424
2025-06-04 09:46:21,882 - INFO - 
--- Iter 95 (train size (105, 2)) ---
2025-06-04 09:46:21,882 - INFO -  Inferred reference point at iter 95: [0.04661654135338345, -0.09999999999998607]
2025-06-04 09:46:21,885 - INFO -  Scoring full pool: 9895 candidates
2025-06-04 09:46:30,704 - INFO -  GP predict time: 8.819s
2025-06-04 09:46:30,704 - INFO -   EHVI: 9895 candidates with 500 MC samples
2025-06-04 09:48:19,478 - INFO -  EHVI time: 108.774s
f1 shape: (1,)
f2 shape: (1,)
2025-06-04 09:48:19,480 - INFO -  Selected idx=2257 (CCOC(=O)Cc1csc(NC(=O)c2ccc3ccccc3n2)n1) → [0.24786325 1.        ]
2025-06-04 09:48:19,568 - INFO -  Hypervolume: 0.3424
2025-06-04 09:48:19,568 - INFO - 
--- Iter 96 (train size (106, 2)) ---
2025-06-04 09:48:19,568 - INFO -  Inferred reference point at iter 96: [0.04661654135338345, -0.09999999999998607]
2025-06-04 09:48:19,571 - INFO -  Scoring full pool: 9894 candidates
2025-06-04 09:48:28,793 - INFO -  GP predict time: 9.222s
2025-06-04 09:48:28,793 - INFO -   EHVI: 9894 candidates with 500 MC samples
2025-06-04 09:50:18,291 - INFO -  EHVI time: 109.497s
f1 shape: (1,)
f2 shape: (1,)
2025-06-04 09:50:18,292 - INFO -  Selected idx=6537 (CC(C(=O)NC(Cc1c[nH]c2ccccc12)C(=O)O)n1nnc2ccccc2c1=O) → [0.18248175 0.13533528]
2025-06-04 09:50:18,377 - INFO -  Hypervolume: 0.3424
2025-06-04 09:50:18,377 - INFO - 
--- Iter 97 (train size (107, 2)) ---
2025-06-04 09:50:18,377 - INFO -  Inferred reference point at iter 97: [0.04661654135338345, -0.09999999999998607]
2025-06-04 09:50:18,380 - INFO -  Scoring full pool: 9893 candidates
2025-06-04 09:50:27,314 - INFO -  GP predict time: 8.933s
2025-06-04 09:50:27,314 - INFO -   EHVI: 9893 candidates with 500 MC samples
2025-06-04 09:52:16,493 - INFO -  EHVI time: 109.179s
f1 shape: (1,)
f2 shape: (1,)
2025-06-04 09:52:16,495 - INFO -  Selected idx=7826 (CCOC(=O)c1csc(NN=Cc2cccc3ccccc23)n1) → [0.23076923 1.        ]
2025-06-04 09:52:16,586 - INFO -  Hypervolume: 0.3424
2025-06-04 09:52:16,586 - INFO - 
--- Iter 98 (train size (108, 2)) ---
2025-06-04 09:52:16,586 - INFO -  Inferred reference point at iter 98: [0.04661654135338345, -0.09999999999998607]
2025-06-04 09:52:16,589 - INFO -  Scoring full pool: 9892 candidates
2025-06-04 09:52:25,983 - INFO -  GP predict time: 9.394s
2025-06-04 09:52:25,984 - INFO -   EHVI: 9892 candidates with 500 MC samples
2025-06-04 09:54:15,273 - INFO -  EHVI time: 109.289s
f1 shape: (1,)
f2 shape: (1,)
2025-06-04 09:54:15,274 - INFO -  Selected idx=6518 (CCOC(=O)c1cc(-c2csc(CS(=O)(=O)c3ccccc3)n2)c(=O)[nH]c1C) → [0.2704918 1.       ]
2025-06-04 09:54:15,366 - INFO -  Hypervolume: 0.3424
2025-06-04 09:54:15,366 - INFO - 
--- Iter 99 (train size (109, 2)) ---
2025-06-04 09:54:15,366 - INFO -  Inferred reference point at iter 99: [0.04661654135338345, -0.09999999999998607]
2025-06-04 09:54:15,369 - INFO -  Scoring full pool: 9891 candidates
2025-06-04 09:54:24,620 - INFO -  GP predict time: 9.250s
2025-06-04 09:54:24,620 - INFO -   EHVI: 9891 candidates with 500 MC samples
2025-06-04 09:56:13,701 - INFO -  EHVI time: 109.081s
f1 shape: (1,)
f2 shape: (1,)
2025-06-04 09:56:13,703 - INFO -  Selected idx=5830 (Cc1ccc(C(=O)Nc2c(C)cc(-c3ccccc3)oc2=O)cc1) → [0.18852459 1.        ]
2025-06-04 09:56:13,795 - INFO -  Hypervolume: 0.3424
2025-06-04 09:56:13,795 - INFO - 
--- Iter 100 (train size (110, 2)) ---
2025-06-04 09:56:13,795 - INFO -  Inferred reference point at iter 100: [0.04661654135338345, -0.09999999999998607]
2025-06-04 09:56:13,799 - INFO -  Scoring full pool: 9890 candidates
2025-06-04 09:56:23,133 - INFO -  GP predict time: 9.334s
2025-06-04 09:56:23,134 - INFO -   EHVI: 9890 candidates with 500 MC samples
2025-06-04 09:58:12,563 - INFO -  EHVI time: 109.429s
f1 shape: (1,)
f2 shape: (1,)
2025-06-04 09:58:12,565 - INFO -  Selected idx=6316 (Cc1cccc(OCC2CC3CCC2N3C(=O)c2ccccc2-c2nc(C)no2)n1) → [0.17985612 0.00033546]
2025-06-04 09:58:12,659 - INFO -  Hypervolume: 0.3424
2025-06-04 09:58:12,659 - INFO - 
--- Iter 101 (train size (111, 2)) ---
2025-06-04 09:58:12,659 - INFO -  Inferred reference point at iter 101: [0.04661654135338345, -0.09999999999998607]
2025-06-04 09:58:12,663 - INFO -  Scoring full pool: 9889 candidates
2025-06-04 09:58:22,046 - INFO -  GP predict time: 9.383s
2025-06-04 09:58:22,046 - INFO -   EHVI: 9889 candidates with 500 MC samples
2025-06-04 10:00:11,483 - INFO -  EHVI time: 109.436s
f1 shape: (1,)
f2 shape: (1,)
2025-06-04 10:00:11,485 - INFO -  Selected idx=161 (CCOC(=O)Cn1nnnc1CN(Cc1ccc(OC)cc1)Cc1cc2cc(C)ccc2nc1O) → [0.20408163 0.13533528]
2025-06-04 10:00:11,579 - INFO -  Hypervolume: 0.3424
2025-06-04 10:00:11,579 - INFO - 
--- Iter 102 (train size (112, 2)) ---
2025-06-04 10:00:11,580 - INFO -  Inferred reference point at iter 102: [0.04661654135338345, -0.09999999999998607]
2025-06-04 10:00:11,583 - INFO -  Scoring full pool: 9888 candidates
2025-06-04 10:00:21,015 - INFO -  GP predict time: 9.432s
2025-06-04 10:00:21,015 - INFO -   EHVI: 9888 candidates with 500 MC samples
2025-06-04 10:02:10,286 - INFO -  EHVI time: 109.271s
f1 shape: (1,)
f2 shape: (1,)
2025-06-04 10:02:10,288 - INFO -  Selected idx=3109 (COc1ccc(S(=O)(=O)NCCc2sc(-c3cccc(F)c3)nc2C)cc1) → [0.16793893 1.        ]
2025-06-04 10:02:10,385 - INFO -  Hypervolume: 0.3424
2025-06-04 10:02:10,385 - INFO - 
--- Iter 103 (train size (113, 2)) ---
2025-06-04 10:02:10,385 - INFO -  Inferred reference point at iter 103: [0.04661654135338345, -0.09999999999998607]
2025-06-04 10:02:10,389 - INFO -  Scoring full pool: 9887 candidates
2025-06-04 10:02:19,984 - INFO -  GP predict time: 9.595s
2025-06-04 10:02:19,984 - INFO -   EHVI: 9887 candidates with 500 MC samples
2025-06-04 10:04:08,800 - INFO -  EHVI time: 108.816s
f1 shape: (1,)
f2 shape: (1,)
2025-06-04 10:04:08,802 - INFO -  Selected idx=1787 (Cc1ccc(CNC(=O)CC2Oc3ccccc3NC2=O)cc1) → [0.22222222 1.        ]
2025-06-04 10:04:09,235 - INFO -  Hypervolume: 0.3424
2025-06-04 10:04:09,235 - INFO - 
--- Iter 104 (train size (114, 2)) ---
2025-06-04 10:04:09,235 - INFO -  Inferred reference point at iter 104: [0.04661654135338345, -0.09999999999998607]
2025-06-04 10:04:09,238 - INFO -  Scoring full pool: 9886 candidates
2025-06-04 10:04:18,864 - INFO -  GP predict time: 9.626s
2025-06-04 10:04:18,864 - INFO -   EHVI: 9886 candidates with 500 MC samples
2025-06-04 10:06:08,670 - INFO -  EHVI time: 109.806s
f1 shape: (1,)
f2 shape: (1,)
2025-06-04 10:06:08,672 - INFO -  Selected idx=6548 (O=C(C=Cc1ccc(Cl)cc1)C=Cc1ccc(OCc2cccc(I)c2)cc1) → [0.15328467 1.        ]
2025-06-04 10:06:08,772 - INFO -  Hypervolume: 0.3424
2025-06-04 10:06:08,773 - INFO - 
--- Iter 105 (train size (115, 2)) ---
2025-06-04 10:06:08,773 - INFO -  Inferred reference point at iter 105: [0.04661654135338345, -0.09999999999998607]
2025-06-04 10:06:08,776 - INFO -  Scoring full pool: 9885 candidates
2025-06-04 10:06:18,823 - INFO -  GP predict time: 10.047s
2025-06-04 10:06:18,823 - INFO -   EHVI: 9885 candidates with 500 MC samples
2025-06-04 10:08:07,659 - INFO -  EHVI time: 108.835s
f1 shape: (1,)
f2 shape: (1,)
2025-06-04 10:08:07,660 - INFO -  Selected idx=3692 (CCOC(=O)c1cnc2c(ccc3ccccc32)c1Cl) → [0.28846154 1.        ]
2025-06-04 10:08:07,762 - INFO -  Hypervolume: 0.3424
2025-06-04 10:08:07,763 - INFO - 
--- Iter 106 (train size (116, 2)) ---
2025-06-04 10:08:07,763 - INFO -  Inferred reference point at iter 106: [0.04661654135338345, -0.09999999999998607]
2025-06-04 10:08:07,766 - INFO -  Scoring full pool: 9884 candidates
2025-06-04 10:08:17,618 - INFO -  GP predict time: 9.852s
2025-06-04 10:08:17,618 - INFO -   EHVI: 9884 candidates with 500 MC samples
2025-06-04 10:10:06,870 - INFO -  EHVI time: 109.252s
f1 shape: (1,)
f2 shape: (1,)
2025-06-04 10:10:06,872 - INFO -  Selected idx=2543 (COc1ccc2oc(C(=O)OCc3nnc(-c4ccccc4)o3)c(C)c2c1) → [0.23015873 0.13533528]
2025-06-04 10:10:06,975 - INFO -  Hypervolume: 0.3424
2025-06-04 10:10:06,975 - INFO - 
--- Iter 107 (train size (117, 2)) ---
2025-06-04 10:10:06,975 - INFO -  Inferred reference point at iter 107: [0.04661654135338345, -0.09999999999998607]
2025-06-04 10:10:06,979 - INFO -  Scoring full pool: 9883 candidates
2025-06-04 10:10:16,604 - INFO -  GP predict time: 9.625s
2025-06-04 10:10:16,604 - INFO -   EHVI: 9883 candidates with 500 MC samples
2025-06-04 10:12:05,894 - INFO -  EHVI time: 109.291s
f1 shape: (1,)
f2 shape: (1,)
2025-06-04 10:12:05,896 - INFO -  Selected idx=5281 (COc1ccc(C(=O)NCCCNC(=O)c2cc3ccccc3[nH]2)cc1OC) → [0.24603175 1.        ]
2025-06-04 10:12:05,999 - INFO -  Hypervolume: 0.3424
2025-06-04 10:12:05,999 - INFO - 
--- Iter 108 (train size (118, 2)) ---
2025-06-04 10:12:05,999 - INFO -  Inferred reference point at iter 108: [0.04661654135338345, -0.09999999999998607]
2025-06-04 10:12:06,003 - INFO -  Scoring full pool: 9882 candidates
2025-06-04 10:12:15,939 - INFO -  GP predict time: 9.936s
2025-06-04 10:12:15,939 - INFO -   EHVI: 9882 candidates with 500 MC samples
2025-06-04 10:14:05,145 - INFO -  EHVI time: 109.206s
f1 shape: (1,)
f2 shape: (1,)
2025-06-04 10:14:05,147 - INFO -  Selected idx=6935 (CCN(CC)c1ccc(NC(=O)c2cccc(OC)c2)c(C)c1) → [0.20512821 0.13533528]
2025-06-04 10:14:05,253 - INFO -  Hypervolume: 0.3424
2025-06-04 10:14:05,253 - INFO - 
--- Iter 109 (train size (119, 2)) ---
2025-06-04 10:14:05,253 - INFO -  Inferred reference point at iter 109: [0.04661654135338345, -0.09999999999998607]
2025-06-04 10:14:05,257 - INFO -  Scoring full pool: 9881 candidates
2025-06-04 10:14:15,864 - INFO -  GP predict time: 10.608s
2025-06-04 10:14:15,864 - INFO -   EHVI: 9881 candidates with 500 MC samples
2025-06-04 10:16:04,982 - INFO -  EHVI time: 109.117s
f1 shape: (1,)
f2 shape: (1,)
2025-06-04 10:16:04,983 - INFO -  Selected idx=6143 (Cc1ccc2oc(=O)n(CCOc3ccccc3)c2c1) → [0.19469027 1.        ]
2025-06-04 10:16:05,091 - INFO -  Hypervolume: 0.3424
2025-06-04 10:16:05,091 - INFO - 
--- Iter 110 (train size (120, 2)) ---
2025-06-04 10:16:05,091 - INFO -  Inferred reference point at iter 110: [0.04661654135338345, -0.09999999999998607]
2025-06-04 10:16:05,095 - INFO -  Scoring full pool: 9880 candidates
2025-06-04 10:16:15,313 - INFO -  GP predict time: 10.218s
2025-06-04 10:16:15,313 - INFO -   EHVI: 9880 candidates with 500 MC samples
2025-06-04 10:18:04,132 - INFO -  EHVI time: 108.819s
f1 shape: (1,)
f2 shape: (1,)
2025-06-04 10:18:04,134 - INFO -  Selected idx=4570 (CCOc1ccc(S(=O)(=O)NC)cc1Nc1ncnc2[nH]ccc12) → [0.16935484 1.        ]
2025-06-04 10:18:04,238 - INFO -  Hypervolume: 0.3424
2025-06-04 10:18:04,239 - INFO - 
--- Iter 111 (train size (121, 2)) ---
2025-06-04 10:18:04,239 - INFO -  Inferred reference point at iter 111: [0.04661654135338345, -0.09999999999998607]
2025-06-04 10:18:04,242 - INFO -  Scoring full pool: 9879 candidates
2025-06-04 10:18:14,708 - INFO -  GP predict time: 10.466s
2025-06-04 10:18:14,708 - INFO -   EHVI: 9879 candidates with 500 MC samples
2025-06-04 10:20:03,513 - INFO -  EHVI time: 108.805s
f1 shape: (1,)
f2 shape: (1,)
2025-06-04 10:20:03,515 - INFO -  Selected idx=1842 ([O-][n+]1onc2cc(OCc3nc4ccccc4s3)ccc21) → [0.15833333 0.13533528]
2025-06-04 10:20:03,626 - INFO -  Hypervolume: 0.3424
2025-06-04 10:20:03,626 - INFO - 
--- Iter 112 (train size (122, 2)) ---
2025-06-04 10:20:03,626 - INFO -  Inferred reference point at iter 112: [0.04661654135338345, -0.09999999999998607]
2025-06-04 10:20:03,630 - INFO -  Scoring full pool: 9878 candidates
2025-06-04 10:20:14,009 - INFO -  GP predict time: 10.379s
2025-06-04 10:20:14,009 - INFO -   EHVI: 9878 candidates with 500 MC samples
2025-06-04 10:22:02,441 - INFO -  EHVI time: 108.432s
f1 shape: (1,)
f2 shape: (1,)
2025-06-04 10:22:02,443 - INFO -  Selected idx=1149 (Cc1cccc(C)c1NC(=O)c1cc(-c2ccc(NC(=N)N)cc2)[nH]n1) → [0.171875 1.      ]
2025-06-04 10:22:02,555 - INFO -  Hypervolume: 0.3424
2025-06-04 10:22:02,555 - INFO - 
--- Iter 113 (train size (123, 2)) ---
2025-06-04 10:22:02,555 - INFO -  Inferred reference point at iter 113: [0.04661654135338345, -0.09999999999998607]
2025-06-04 10:22:02,559 - INFO -  Scoring full pool: 9877 candidates
2025-06-04 10:22:12,987 - INFO -  GP predict time: 10.428s
2025-06-04 10:22:12,987 - INFO -   EHVI: 9877 candidates with 500 MC samples
2025-06-04 10:24:02,005 - INFO -  EHVI time: 109.017s
f1 shape: (1,)
f2 shape: (1,)
2025-06-04 10:24:02,007 - INFO -  Selected idx=6414 (CC(COc1c(-c2ccccc2)c(O)nc2cc(Cl)ccc12)=NO) → [0.17886179 1.        ]
2025-06-04 10:24:02,120 - INFO -  Hypervolume: 0.3424
2025-06-04 10:24:02,120 - INFO - 
--- Iter 114 (train size (124, 2)) ---
2025-06-04 10:24:02,120 - INFO -  Inferred reference point at iter 114: [0.04661654135338345, -0.09999999999998607]
2025-06-04 10:24:02,124 - INFO -  Scoring full pool: 9876 candidates
2025-06-04 10:24:12,604 - INFO -  GP predict time: 10.480s
2025-06-04 10:24:12,604 - INFO -   EHVI: 9876 candidates with 500 MC samples
2025-06-04 10:26:01,430 - INFO -  EHVI time: 108.826s
f1 shape: (1,)
f2 shape: (1,)
2025-06-04 10:26:01,432 - INFO -  Selected idx=8569 (Cc1cccc(OC2=NS(=O)(=O)c3ccccc32)c1) → [0.18018018 1.        ]
2025-06-04 10:26:01,548 - INFO -  Hypervolume: 0.3424
2025-06-04 10:26:01,548 - INFO - 
--- Iter 115 (train size (125, 2)) ---
2025-06-04 10:26:01,548 - INFO -  Inferred reference point at iter 115: [0.04661654135338345, -0.09999999999998607]
2025-06-04 10:26:01,552 - INFO -  Scoring full pool: 9875 candidates
2025-06-04 10:26:12,383 - INFO -  GP predict time: 10.831s
2025-06-04 10:26:12,383 - INFO -   EHVI: 9875 candidates with 500 MC samples
2025-06-04 10:28:01,497 - INFO -  EHVI time: 109.114s
f1 shape: (1,)
f2 shape: (1,)
2025-06-04 10:28:01,499 - INFO -  Selected idx=3270 (CCOC(=O)c1nc(Nc2ccccc2)c2ccccc2n1) → [0.23684211 1.        ]
2025-06-04 10:28:01,614 - INFO -  Hypervolume: 0.3424
2025-06-04 10:28:01,614 - INFO - 
--- Iter 116 (train size (126, 2)) ---
2025-06-04 10:28:01,615 - INFO -  Inferred reference point at iter 116: [0.04661654135338345, -0.09999999999998607]
2025-06-04 10:28:01,619 - INFO -  Scoring full pool: 9874 candidates
2025-06-04 10:28:12,488 - INFO -  GP predict time: 10.869s
2025-06-04 10:28:12,488 - INFO -   EHVI: 9874 candidates with 500 MC samples
2025-06-04 10:30:01,073 - INFO -  EHVI time: 108.585s
f1 shape: (1,)
f2 shape: (1,)
2025-06-04 10:30:01,075 - INFO -  Selected idx=8043 (Cc1noc(-c2ccccc2)c1C(=O)NC(C(=O)c1ccc(C#N)cc1)C(C)C) → [0.1969697 1.       ]
2025-06-04 10:30:01,193 - INFO -  Hypervolume: 0.3424
2025-06-04 10:30:01,193 - INFO - 
--- Iter 117 (train size (127, 2)) ---
2025-06-04 10:30:01,193 - INFO -  Inferred reference point at iter 117: [0.04661654135338345, -0.09999999999998607]
2025-06-04 10:30:01,197 - INFO -  Scoring full pool: 9873 candidates
2025-06-04 10:30:12,231 - INFO -  GP predict time: 11.033s
2025-06-04 10:30:12,231 - INFO -   EHVI: 9873 candidates with 500 MC samples
2025-06-04 10:32:00,762 - INFO -  EHVI time: 108.531s
f1 shape: (1,)
f2 shape: (1,)
2025-06-04 10:32:00,764 - INFO -  Selected idx=3574 (COc1ccc(CNC(=O)NS(=O)(=O)c2ccc3[nH]c(=O)oc3c2)c(OC)c1) → [0.17424242 1.        ]
2025-06-04 10:32:00,885 - INFO -  Hypervolume: 0.3424
2025-06-04 10:32:00,885 - INFO - 
--- Iter 118 (train size (128, 2)) ---
2025-06-04 10:32:00,885 - INFO -  Inferred reference point at iter 118: [0.04661654135338345, -0.09999999999998607]
2025-06-04 10:32:00,889 - INFO -  Scoring full pool: 9872 candidates
2025-06-04 10:32:11,681 - INFO -  GP predict time: 10.793s
2025-06-04 10:32:11,681 - INFO -   EHVI: 9872 candidates with 500 MC samples
2025-06-04 10:34:00,340 - INFO -  EHVI time: 108.658s
f1 shape: (1,)
f2 shape: (1,)
2025-06-04 10:34:00,341 - INFO -  Selected idx=5986 (O=[N+]([O-])c1ccc2c(c1)oc1ccccc12) → [0.14953271 1.        ]
2025-06-04 10:34:00,458 - INFO -  Hypervolume: 0.3424
2025-06-04 10:34:00,459 - INFO - 
--- Iter 119 (train size (129, 2)) ---
2025-06-04 10:34:00,459 - INFO -  Inferred reference point at iter 119: [0.04661654135338345, -0.09999999999998607]
2025-06-04 10:34:00,463 - INFO -  Scoring full pool: 9871 candidates
2025-06-04 10:34:11,220 - INFO -  GP predict time: 10.757s
2025-06-04 10:34:11,220 - INFO -   EHVI: 9871 candidates with 500 MC samples
2025-06-04 10:36:00,210 - INFO -  EHVI time: 108.990s
f1 shape: (1,)
f2 shape: (1,)
2025-06-04 10:36:00,212 - INFO -  Selected idx=9147 (CC(C)Cc1cc(NC(=NC(C)(C)C)Nc2nccs2)c2ccccc2n1) → [0.15037594 1.        ]
2025-06-04 10:36:00,334 - INFO -  Hypervolume: 0.3424
2025-06-04 10:36:00,334 - INFO - 
--- Iter 120 (train size (130, 2)) ---
2025-06-04 10:36:00,334 - INFO -  Inferred reference point at iter 120: [0.04661654135338345, -0.09999999999998607]
2025-06-04 10:36:00,338 - INFO -  Scoring full pool: 9870 candidates
2025-06-04 10:36:11,631 - INFO -  GP predict time: 11.293s
2025-06-04 10:36:11,631 - INFO -   EHVI: 9870 candidates with 500 MC samples
2025-06-04 10:38:00,256 - INFO -  EHVI time: 108.624s
f1 shape: (1,)
f2 shape: (1,)
2025-06-04 10:38:00,257 - INFO -  Selected idx=1756 (Cc1cc(COc2ccc(NC(=O)C3CN(C)CCC3C(=O)NO)cc2)c2ccccc2n1) → [0.20422535 0.13533528]
2025-06-04 10:38:00,378 - INFO -  Hypervolume: 0.3424
2025-06-04 10:38:00,378 - INFO - 
--- Iter 121 (train size (131, 2)) ---
2025-06-04 10:38:00,378 - INFO -  Inferred reference point at iter 121: [0.04661654135338345, -0.09999999999998607]
2025-06-04 10:38:00,382 - INFO -  Scoring full pool: 9869 candidates
2025-06-04 10:38:11,353 - INFO -  GP predict time: 10.971s
2025-06-04 10:38:11,353 - INFO -   EHVI: 9869 candidates with 500 MC samples
2025-06-04 10:40:00,079 - INFO -  EHVI time: 108.726s
f1 shape: (1,)
f2 shape: (1,)
2025-06-04 10:40:00,080 - INFO -  Selected idx=4366 (CC(C)c1ccc(C(=O)Oc2ccc([N+](=O)[O-])cc2[N+](=O)[O-])cc1) → [0.15447154 0.13533528]
2025-06-04 10:40:00,589 - INFO -  Hypervolume: 0.3424
2025-06-04 10:40:00,589 - INFO - 
--- Iter 122 (train size (132, 2)) ---
2025-06-04 10:40:00,589 - INFO -  Inferred reference point at iter 122: [0.04661654135338345, -0.09999999999998607]
2025-06-04 10:40:00,593 - INFO -  Scoring full pool: 9868 candidates
2025-06-04 10:40:11,589 - INFO -  GP predict time: 10.996s
2025-06-04 10:40:11,589 - INFO -   EHVI: 9868 candidates with 500 MC samples
2025-06-04 10:41:59,859 - INFO -  EHVI time: 108.270s
f1 shape: (1,)
f2 shape: (1,)
2025-06-04 10:41:59,861 - INFO -  Selected idx=7494 (COc1ccc(CNC(=O)c2ccc3ccccc3n2)cc1OC) → [0.20661157 1.        ]
2025-06-04 10:41:59,990 - INFO -  Hypervolume: 0.3424
2025-06-04 10:41:59,990 - INFO - 
--- Iter 123 (train size (133, 2)) ---
2025-06-04 10:41:59,990 - INFO -  Inferred reference point at iter 123: [0.04661654135338345, -0.09999999999998607]
2025-06-04 10:41:59,994 - INFO -  Scoring full pool: 9867 candidates
2025-06-04 10:42:11,533 - INFO -  GP predict time: 11.539s
2025-06-04 10:42:11,533 - INFO -   EHVI: 9867 candidates with 500 MC samples
2025-06-04 10:44:00,793 - INFO -  EHVI time: 109.260s
f1 shape: (1,)
f2 shape: (1,)
2025-06-04 10:44:00,795 - INFO -  Selected idx=6117 (Cc1ccccc1OCC(=O)Nc1ccc(-c2nc3cccc(F)c3o2)cc1) → [0.17037037 0.13533528]
2025-06-04 10:44:00,927 - INFO -  Hypervolume: 0.3424
2025-06-04 10:44:00,927 - INFO - 
--- Iter 124 (train size (134, 2)) ---
2025-06-04 10:44:00,927 - INFO -  Inferred reference point at iter 124: [0.04661654135338345, -0.09999999999998607]
2025-06-04 10:44:00,931 - INFO -  Scoring full pool: 9866 candidates
2025-06-04 10:44:12,486 - INFO -  GP predict time: 11.555s
2025-06-04 10:44:12,487 - INFO -   EHVI: 9866 candidates with 500 MC samples
2025-06-04 10:46:01,634 - INFO -  EHVI time: 109.148s
f1 shape: (1,)
f2 shape: (1,)
2025-06-04 10:46:01,636 - INFO -  Selected idx=3033 (CCOc1ccc2ccccc2c1C(=O)NCB(O)O) → [0.20909091 0.13533528]
2025-06-04 10:46:01,764 - INFO -  Hypervolume: 0.3424
2025-06-04 10:46:01,764 - INFO - 
--- Iter 125 (train size (135, 2)) ---
2025-06-04 10:46:01,764 - INFO -  Inferred reference point at iter 125: [0.04661654135338345, -0.09999999999998607]
2025-06-04 10:46:01,768 - INFO -  Scoring full pool: 9865 candidates
2025-06-04 10:46:13,410 - INFO -  GP predict time: 11.642s
2025-06-04 10:46:13,410 - INFO -   EHVI: 9865 candidates with 500 MC samples
2025-06-04 10:48:01,712 - INFO -  EHVI time: 108.302s
f1 shape: (1,)
f2 shape: (1,)
2025-06-04 10:48:01,714 - INFO -  Selected idx=7955 (CCOc1ccc(S(=O)(=O)Nc2ccc3oc(C)c(C(=O)OC(C)C)c3c2)cc1) → [0.19847328 1.        ]
2025-06-04 10:48:01,847 - INFO -  Hypervolume: 0.3424
2025-06-04 10:48:01,847 - INFO - 
--- Iter 126 (train size (136, 2)) ---
2025-06-04 10:48:01,847 - INFO -  Inferred reference point at iter 126: [0.04661654135338345, -0.09999999999998607]
2025-06-04 10:48:01,851 - INFO -  Scoring full pool: 9864 candidates
2025-06-04 10:48:13,647 - INFO -  GP predict time: 11.796s
2025-06-04 10:48:13,647 - INFO -   EHVI: 9864 candidates with 500 MC samples
2025-06-04 10:50:01,842 - INFO -  EHVI time: 108.195s
f1 shape: (1,)
f2 shape: (1,)
2025-06-04 10:50:01,844 - INFO -  Selected idx=6493 (Cc1cccc2oc3cc(=O)c4ncccc4c-3nc12) → [0.1440678  0.13533528]
2025-06-04 10:50:01,979 - INFO -  Hypervolume: 0.3424
2025-06-04 10:50:01,979 - INFO - 
--- Iter 127 (train size (137, 2)) ---
2025-06-04 10:50:01,979 - INFO -  Inferred reference point at iter 127: [0.04661654135338345, -0.09999999999998607]
2025-06-04 10:50:01,983 - INFO -  Scoring full pool: 9863 candidates
2025-06-04 10:50:13,848 - INFO -  GP predict time: 11.865s
2025-06-04 10:50:13,848 - INFO -   EHVI: 9863 candidates with 500 MC samples
2025-06-04 10:52:02,470 - INFO -  EHVI time: 108.621s
f1 shape: (1,)
f2 shape: (1,)
2025-06-04 10:52:02,472 - INFO -  Selected idx=5154 (C=C1CCN(C(CC(C)C)C(=O)NCc2ccc(Cl)cc2)S(=O)(=O)c2ccccc21) → [0.18518519 1.        ]
2025-06-04 10:52:03,010 - INFO -  Hypervolume: 0.3424
2025-06-04 10:52:03,010 - INFO - 
--- Iter 128 (train size (138, 2)) ---
2025-06-04 10:52:03,010 - INFO -  Inferred reference point at iter 128: [0.04661654135338345, -0.09999999999998607]
2025-06-04 10:52:03,014 - INFO -  Scoring full pool: 9862 candidates
2025-06-04 10:52:14,628 - INFO -  GP predict time: 11.614s
2025-06-04 10:52:14,628 - INFO -   EHVI: 9862 candidates with 500 MC samples
2025-06-04 10:54:02,821 - INFO -  EHVI time: 108.192s
f1 shape: (1,)
f2 shape: (1,)
2025-06-04 10:54:02,823 - INFO -  Selected idx=9502 (CCOC(=O)c1c(S(=O)(=O)NCC(=O)Nc2cc(C)ccc2C)c(C)n(C)c1C) → [0.24193548 0.13533528]
2025-06-04 10:54:02,961 - INFO -  Hypervolume: 0.3424
2025-06-04 10:54:02,961 - INFO - 
--- Iter 129 (train size (139, 2)) ---
2025-06-04 10:54:02,962 - INFO -  Inferred reference point at iter 129: [0.04661654135338345, -0.09999999999998607]
2025-06-04 10:54:02,966 - INFO -  Scoring full pool: 9861 candidates
2025-06-04 10:54:15,153 - INFO -  GP predict time: 12.187s
2025-06-04 10:54:15,153 - INFO -   EHVI: 9861 candidates with 500 MC samples
2025-06-04 10:56:03,442 - INFO -  EHVI time: 108.289s
f1 shape: (1,)
f2 shape: (1,)
2025-06-04 10:56:03,444 - INFO -  Selected idx=4227 (CCc1[nH]c(C(=O)c2cc(OC)c(OC)c(OC)c2)nc1-c1ccccc1) → [0.23387097 1.        ]
2025-06-04 10:56:03,585 - INFO -  Hypervolume: 0.3424
2025-06-04 10:56:03,585 - INFO - 
--- Iter 130 (train size (140, 2)) ---
2025-06-04 10:56:03,585 - INFO -  Inferred reference point at iter 130: [0.04661654135338345, -0.09999999999998607]
2025-06-04 10:56:03,589 - INFO -  Scoring full pool: 9860 candidates
2025-06-04 10:56:15,432 - INFO -  GP predict time: 11.843s
2025-06-04 10:56:15,432 - INFO -   EHVI: 9860 candidates with 500 MC samples
2025-06-04 10:58:04,109 - INFO -  EHVI time: 108.677s
f1 shape: (1,)
f2 shape: (1,)
2025-06-04 10:58:04,110 - INFO -  Selected idx=2599 (CON(C)S(=O)(=O)c1ccc2c(c1)N(Cc1ccc(C)cc1)C(=O)C1CCCN21) → [0.16176471 0.13533528]
2025-06-04 10:58:04,251 - INFO -  Hypervolume: 0.3424
2025-06-04 10:58:04,251 - INFO - 
--- Iter 131 (train size (141, 2)) ---
2025-06-04 10:58:04,251 - INFO -  Inferred reference point at iter 131: [0.04661654135338345, -0.09999999999998607]
2025-06-04 10:58:04,255 - INFO -  Scoring full pool: 9859 candidates
2025-06-04 10:58:16,521 - INFO -  GP predict time: 12.265s
2025-06-04 10:58:16,521 - INFO -   EHVI: 9859 candidates with 500 MC samples
2025-06-04 11:00:05,100 - INFO -  EHVI time: 108.579s
f1 shape: (1,)
f2 shape: (1,)
2025-06-04 11:00:05,101 - INFO -  Selected idx=4498 (CN(C)S(=O)(=O)c1ccc(Nc2ccc(C(=O)c3ccccc3)c(N)n2)cc1) → [0.17424242 1.        ]
2025-06-04 11:00:05,247 - INFO -  Hypervolume: 0.3424
2025-06-04 11:00:05,247 - INFO - 
--- Iter 132 (train size (142, 2)) ---
2025-06-04 11:00:05,248 - INFO -  Inferred reference point at iter 132: [0.04661654135338345, -0.09999999999998607]
2025-06-04 11:00:05,252 - INFO -  Scoring full pool: 9858 candidates
2025-06-04 11:00:17,677 - INFO -  GP predict time: 12.425s
2025-06-04 11:00:17,677 - INFO -   EHVI: 9858 candidates with 500 MC samples
2025-06-04 11:02:06,109 - INFO -  EHVI time: 108.432s
f1 shape: (1,)
f2 shape: (1,)
2025-06-04 11:02:06,110 - INFO -  Selected idx=3672 (CCCCn1c(=O)c2ccccc2c2cc(C(C)=O)ccc21) → [0.2300885 1.       ]
2025-06-04 11:02:06,256 - INFO -  Hypervolume: 0.3424
2025-06-04 11:02:06,256 - INFO - 
--- Iter 133 (train size (143, 2)) ---
2025-06-04 11:02:06,256 - INFO -  Inferred reference point at iter 133: [0.04661654135338345, -0.09999999999998607]
2025-06-04 11:02:06,260 - INFO -  Scoring full pool: 9857 candidates
2025-06-04 11:02:18,396 - INFO -  GP predict time: 12.135s
2025-06-04 11:02:18,396 - INFO -   EHVI: 9857 candidates with 500 MC samples
2025-06-04 11:04:06,841 - INFO -  EHVI time: 108.446s
f1 shape: (1,)
f2 shape: (1,)
2025-06-04 11:04:06,843 - INFO -  Selected idx=1720 (CCCCNC(=O)c1cnc2c(OC)cccc2c1Nc1ccccc1C) → [0.232 1.   ]
2025-06-04 11:04:07,402 - INFO -  Hypervolume: 0.3424
2025-06-04 11:04:07,402 - INFO - 
--- Iter 134 (train size (144, 2)) ---
2025-06-04 11:04:07,402 - INFO -  Inferred reference point at iter 134: [0.04661654135338345, -0.09999999999998607]
2025-06-04 11:04:07,406 - INFO -  Scoring full pool: 9856 candidates
2025-06-04 11:04:19,585 - INFO -  GP predict time: 12.178s
2025-06-04 11:04:19,585 - INFO -   EHVI: 9856 candidates with 500 MC samples
2025-06-04 11:06:08,157 - INFO -  EHVI time: 108.572s
f1 shape: (1,)
f2 shape: (1,)
2025-06-04 11:06:08,159 - INFO -  Selected idx=9609 (CC(=O)N1CCCC(COc2ccc(-c3nc4cc(C(N)=O)ccc4[nH]3)cc2)C1) → [0.17647059 0.13533528]
2025-06-04 11:06:08,308 - INFO -  Hypervolume: 0.3424
2025-06-04 11:06:08,309 - INFO - 
--- Iter 135 (train size (145, 2)) ---
2025-06-04 11:06:08,309 - INFO -  Inferred reference point at iter 135: [0.04661654135338345, -0.09999999999998607]
2025-06-04 11:06:08,313 - INFO -  Scoring full pool: 9855 candidates
2025-06-04 11:06:20,945 - INFO -  GP predict time: 12.632s
2025-06-04 11:06:20,945 - INFO -   EHVI: 9855 candidates with 500 MC samples
2025-06-04 11:08:09,598 - INFO -  EHVI time: 108.653s
f1 shape: (1,)
f2 shape: (1,)
2025-06-04 11:08:09,600 - INFO -  Selected idx=6031 (CCSc1nc(Nc2cccc(O)c2)c2cnn(CC(C)c3ccccc3)c2n1) → [0.15       0.13533528]
2025-06-04 11:08:09,747 - INFO -  Hypervolume: 0.3424
2025-06-04 11:08:09,747 - INFO - 
--- Iter 136 (train size (146, 2)) ---
2025-06-04 11:08:09,747 - INFO -  Inferred reference point at iter 136: [0.04661654135338345, -0.09999999999998607]
2025-06-04 11:08:09,751 - INFO -  Scoring full pool: 9854 candidates
2025-06-04 11:08:22,404 - INFO -  GP predict time: 12.653s
2025-06-04 11:08:22,404 - INFO -   EHVI: 9854 candidates with 500 MC samples
2025-06-04 11:10:10,908 - INFO -  EHVI time: 108.504s
f1 shape: (1,)
f2 shape: (1,)
2025-06-04 11:10:10,910 - INFO -  Selected idx=5712 (O=C(OCc1cccc([N+](=O)[O-])c1)c1cc2ccccc2oc1=O) → [0.20833333 1.        ]
2025-06-04 11:10:11,064 - INFO -  Hypervolume: 0.3424
2025-06-04 11:10:11,064 - INFO - 
--- Iter 137 (train size (147, 2)) ---
2025-06-04 11:10:11,065 - INFO -  Inferred reference point at iter 137: [0.04661654135338345, -0.09999999999998607]
2025-06-04 11:10:11,069 - INFO -  Scoring full pool: 9853 candidates
2025-06-04 11:10:24,270 - INFO -  GP predict time: 13.201s
2025-06-04 11:10:24,270 - INFO -   EHVI: 9853 candidates with 500 MC samples
2025-06-04 11:12:12,936 - INFO -  EHVI time: 108.666s
f1 shape: (1,)
f2 shape: (1,)
2025-06-04 11:12:12,938 - INFO -  Selected idx=4111 (COCC(NC(C)=O)C(=O)NCc1ccc(Oc2cccc(C)c2)cc1) → [0.20967742 0.13533528]
2025-06-04 11:12:13,093 - INFO -  Hypervolume: 0.3424
2025-06-04 11:12:13,093 - INFO - 
--- Iter 138 (train size (148, 2)) ---
2025-06-04 11:12:13,093 - INFO -  Inferred reference point at iter 138: [0.04661654135338345, -0.09999999999998607]
2025-06-04 11:12:13,098 - INFO -  Scoring full pool: 9852 candidates
2025-06-04 11:12:25,712 - INFO -  GP predict time: 12.614s
2025-06-04 11:12:25,712 - INFO -   EHVI: 9852 candidates with 500 MC samples
2025-06-04 11:14:14,663 - INFO -  EHVI time: 108.951s
f1 shape: (1,)
f2 shape: (1,)
2025-06-04 11:14:14,665 - INFO -  Selected idx=2682 (CCC(C(=O)Nc1ccccc1OC)n1c(C(=O)OC)cc2ccsc21) → [0.27118644 1.        ]
2025-06-04 11:14:14,822 - INFO -  Hypervolume: 0.3424
2025-06-04 11:14:14,822 - INFO - 
--- Iter 139 (train size (149, 2)) ---
2025-06-04 11:14:14,822 - INFO -  Inferred reference point at iter 139: [0.04661654135338345, -0.09999999999998607]
2025-06-04 11:14:14,827 - INFO -  Scoring full pool: 9851 candidates
2025-06-04 11:14:27,850 - INFO -  GP predict time: 13.023s
2025-06-04 11:14:27,850 - INFO -   EHVI: 9851 candidates with 500 MC samples
2025-06-04 11:16:16,747 - INFO -  EHVI time: 108.897s
f1 shape: (1,)
f2 shape: (1,)
2025-06-04 11:16:16,749 - INFO -  Selected idx=4746 (Cc1cccc(S(=O)(=O)NNC(=O)c2cc3cc(Cl)ccc3[nH]2)c1) → [0.18032787 1.        ]
2025-06-04 11:16:16,908 - INFO -  Hypervolume: 0.3424
2025-06-04 11:16:16,909 - INFO - 
--- Iter 140 (train size (150, 2)) ---
2025-06-04 11:16:16,909 - INFO -  Inferred reference point at iter 140: [0.04661654135338345, -0.09999999999998607]
2025-06-04 11:16:16,913 - INFO -  Scoring full pool: 9850 candidates
2025-06-04 11:16:30,000 - INFO -  GP predict time: 13.087s
2025-06-04 11:16:30,000 - INFO -   EHVI: 9850 candidates with 500 MC samples
2025-06-04 11:18:18,682 - INFO -  EHVI time: 108.682s
f1 shape: (1,)
f2 shape: (1,)
2025-06-04 11:18:18,684 - INFO -  Selected idx=8234 (Cc1ccccc1C(=O)Nc1cc(C#N)ccn1) → [0.17431193 0.13533528]
2025-06-04 11:18:18,846 - INFO -  Hypervolume: 0.3424
2025-06-04 11:18:18,846 - INFO - 
--- Iter 141 (train size (151, 2)) ---
2025-06-04 11:18:18,846 - INFO -  Inferred reference point at iter 141: [0.04661654135338345, -0.09999999999998607]
2025-06-04 11:18:18,850 - INFO -  Scoring full pool: 9849 candidates
2025-06-04 11:18:32,348 - INFO -  GP predict time: 13.498s
2025-06-04 11:18:32,348 - INFO -   EHVI: 9849 candidates with 500 MC samples
2025-06-04 11:20:20,678 - INFO -  EHVI time: 108.330s
f1 shape: (1,)
f2 shape: (1,)
2025-06-04 11:20:20,680 - INFO -  Selected idx=2913 (CCOC(=O)c1cnc2ccc(OC)cc2c1NCCc1ccccc1) → [0.27731092 1.        ]
2025-06-04 11:20:20,843 - INFO -  Hypervolume: 0.3424
2025-06-04 11:20:20,843 - INFO - 
--- Iter 142 (train size (152, 2)) ---
2025-06-04 11:20:20,843 - INFO -  Inferred reference point at iter 142: [0.04661654135338345, -0.09999999999998607]
2025-06-04 11:20:20,848 - INFO -  Scoring full pool: 9848 candidates
2025-06-04 11:20:33,803 - INFO -  GP predict time: 12.955s
2025-06-04 11:20:33,803 - INFO -   EHVI: 9848 candidates with 500 MC samples
2025-06-04 11:22:21,898 - INFO -  EHVI time: 108.095s
f1 shape: (1,)
f2 shape: (1,)
2025-06-04 11:22:21,899 - INFO -  Selected idx=4634 (CC(=O)Nc1ccc2c3ccccc3n(C)c2c1) → [0.18518519 1.        ]
2025-06-04 11:22:22,064 - INFO -  Hypervolume: 0.3424
2025-06-04 11:22:22,064 - INFO - 
--- Iter 143 (train size (153, 2)) ---
2025-06-04 11:22:22,064 - INFO -  Inferred reference point at iter 143: [0.04661654135338345, -0.09999999999998607]
2025-06-04 11:22:22,069 - INFO -  Scoring full pool: 9847 candidates
2025-06-04 11:22:35,433 - INFO -  GP predict time: 13.364s
2025-06-04 11:22:35,433 - INFO -   EHVI: 9847 candidates with 500 MC samples
2025-06-04 11:24:23,256 - INFO -  EHVI time: 107.823s
f1 shape: (1,)
f2 shape: (1,)
2025-06-04 11:24:23,258 - INFO -  Selected idx=1916 (CCOc1ccc(C(=O)C(C)OC(=O)c2nc(Cl)ccc2Cl)cc1) → [0.24347826 0.13533528]
2025-06-04 11:24:23,424 - INFO -  Hypervolume: 0.3424
2025-06-04 11:24:23,425 - INFO - 
--- Iter 144 (train size (154, 2)) ---
2025-06-04 11:24:23,425 - INFO -  Inferred reference point at iter 144: [0.04661654135338345, -0.09999999999998607]
2025-06-04 11:24:23,429 - INFO -  Scoring full pool: 9846 candidates
2025-06-04 11:24:36,526 - INFO -  GP predict time: 13.096s
2025-06-04 11:24:36,526 - INFO -   EHVI: 9846 candidates with 500 MC samples
2025-06-04 11:26:25,073 - INFO -  EHVI time: 108.547s
f1 shape: (1,)
f2 shape: (1,)
2025-06-04 11:26:25,075 - INFO -  Selected idx=3948 (CN1CCN(c2ccc(Nc3nc4c(NCc5cccc(S(C)(=O)=O)c5)cccn4n3)cc2)CC1) → [0.11949686 0.00033546]
2025-06-04 11:26:25,682 - INFO -  Hypervolume: 0.3424
2025-06-04 11:26:25,682 - INFO - 
--- Iter 145 (train size (155, 2)) ---
2025-06-04 11:26:25,683 - INFO -  Inferred reference point at iter 145: [0.04661654135338345, -0.09999999999998607]
2025-06-04 11:26:25,687 - INFO -  Scoring full pool: 9845 candidates
2025-06-04 11:26:39,176 - INFO -  GP predict time: 13.489s
2025-06-04 11:26:39,176 - INFO -   EHVI: 9845 candidates with 500 MC samples
2025-06-04 11:28:26,891 - INFO -  EHVI time: 107.715s
f1 shape: (1,)
f2 shape: (1,)
2025-06-04 11:28:26,893 - INFO -  Selected idx=6496 (Cc1cc(Cl)ccc1C1OC(=O)c2c1ccc1ccccc21) → [0.1965812  0.13533528]
2025-06-04 11:28:27,064 - INFO -  Hypervolume: 0.3424
2025-06-04 11:28:27,064 - INFO - 
--- Iter 146 (train size (156, 2)) ---
2025-06-04 11:28:27,064 - INFO -  Inferred reference point at iter 146: [0.04661654135338345, -0.09999999999998607]
2025-06-04 11:28:27,069 - INFO -  Scoring full pool: 9844 candidates
2025-06-04 11:28:40,696 - INFO -  GP predict time: 13.627s
2025-06-04 11:28:40,696 - INFO -   EHVI: 9844 candidates with 500 MC samples
2025-06-04 11:30:29,292 - INFO -  EHVI time: 108.596s
f1 shape: (1,)
f2 shape: (1,)
2025-06-04 11:30:29,294 - INFO -  Selected idx=4832 (COc1ccccc1CNC(=O)c1ccc2ccccc2n1) → [0.18487395 1.        ]
2025-06-04 11:30:29,466 - INFO -  Hypervolume: 0.3424
2025-06-04 11:30:29,466 - INFO - 
--- Iter 147 (train size (157, 2)) ---
2025-06-04 11:30:29,466 - INFO -  Inferred reference point at iter 147: [0.04661654135338345, -0.09999999999998607]
2025-06-04 11:30:29,470 - INFO -  Scoring full pool: 9843 candidates
2025-06-04 11:30:43,235 - INFO -  GP predict time: 13.764s
2025-06-04 11:30:43,235 - INFO -   EHVI: 9843 candidates with 500 MC samples
2025-06-04 11:32:31,378 - INFO -  EHVI time: 108.143s
f1 shape: (1,)
f2 shape: (1,)
2025-06-04 11:32:31,380 - INFO -  Selected idx=1482 (CCCCN(CC)C(=O)C(=O)c1c(-c2ccc(Cl)cc2)[nH]c2ccc(Cl)cc12) → [0.22047244 1.        ]
2025-06-04 11:32:31,554 - INFO -  Hypervolume: 0.3424
2025-06-04 11:32:31,554 - INFO - 
--- Iter 148 (train size (158, 2)) ---
2025-06-04 11:32:31,554 - INFO -  Inferred reference point at iter 148: [0.04661654135338345, -0.09999999999998607]
2025-06-04 11:32:31,559 - INFO -  Scoring full pool: 9842 candidates
2025-06-04 11:32:45,803 - INFO -  GP predict time: 14.245s
2025-06-04 11:32:45,803 - INFO -   EHVI: 9842 candidates with 500 MC samples
2025-06-04 11:34:33,509 - INFO -  EHVI time: 107.705s
f1 shape: (1,)
f2 shape: (1,)
2025-06-04 11:34:33,511 - INFO -  Selected idx=994 (C=C(COC)C(=O)Nc1cccc(-c2ncnc3[nH]cc(C(=O)OCC)c23)c1) → [0.26829268 1.        ]
2025-06-04 11:34:33,689 - INFO -  Hypervolume: 0.3424
2025-06-04 11:34:33,689 - INFO - 
--- Iter 149 (train size (159, 2)) ---
2025-06-04 11:34:33,689 - INFO -  Inferred reference point at iter 149: [0.04661654135338345, -0.09999999999998607]
2025-06-04 11:34:33,694 - INFO -  Scoring full pool: 9841 candidates
2025-06-04 11:34:47,553 - INFO -  GP predict time: 13.859s
2025-06-04 11:34:47,553 - INFO -   EHVI: 9841 candidates with 500 MC samples
2025-06-04 11:36:35,832 - INFO -  EHVI time: 108.280s
f1 shape: (1,)
f2 shape: (1,)
2025-06-04 11:36:35,834 - INFO -  Selected idx=2052 (O=C(Nc1ccc2ccccc2c1)c1ccc(Br)o1) → [0.15789474 1.        ]
2025-06-04 11:36:36,457 - INFO -  Hypervolume: 0.3424
2025-06-04 11:36:36,457 - INFO - 
--- Iter 150 (train size (160, 2)) ---
2025-06-04 11:36:36,457 - INFO -  Inferred reference point at iter 150: [0.04661654135338345, -0.09999999999998607]
2025-06-04 11:36:36,462 - INFO -  Scoring full pool: 9840 candidates
2025-06-04 11:36:50,296 - INFO -  GP predict time: 13.834s
2025-06-04 11:36:50,296 - INFO -   EHVI: 9840 candidates with 500 MC samples
2025-06-04 11:38:38,562 - INFO -  EHVI time: 108.265s
f1 shape: (1,)
f2 shape: (1,)
2025-06-04 11:38:38,563 - INFO -  Selected idx=428 (CCOC(=O)c1cc(-c2ccccc2)sc1NC(=O)COC) → [0.31132075 0.13533528]
2025-06-04 11:38:38,743 - INFO -  Hypervolume: 0.3424
2025-06-04 11:38:38,743 - INFO - 
--- Iter 151 (train size (161, 2)) ---
2025-06-04 11:38:38,743 - INFO -  Inferred reference point at iter 151: [0.04661654135338345, -0.09999999999998607]
2025-06-04 11:38:38,748 - INFO -  Scoring full pool: 9839 candidates
2025-06-04 11:38:52,793 - INFO -  GP predict time: 14.045s
2025-06-04 11:38:52,793 - INFO -   EHVI: 9839 candidates with 500 MC samples
2025-06-04 11:40:41,404 - INFO -  EHVI time: 108.611s
f1 shape: (1,)
f2 shape: (1,)
2025-06-04 11:40:41,405 - INFO -  Selected idx=6575 (CCCCN(CCCC)c1cc(=O)c2ccc3ccccc3c2o1) → [0.19672131 1.        ]
2025-06-04 11:40:41,588 - INFO -  Hypervolume: 0.3424
2025-06-04 11:40:41,588 - INFO - 
--- Iter 152 (train size (162, 2)) ---
2025-06-04 11:40:41,588 - INFO -  Inferred reference point at iter 152: [0.04661654135338345, -0.09999999999998607]
2025-06-04 11:40:41,593 - INFO -  Scoring full pool: 9838 candidates
2025-06-04 11:40:55,815 - INFO -  GP predict time: 14.221s
2025-06-04 11:40:55,815 - INFO -   EHVI: 9838 candidates with 500 MC samples
2025-06-04 11:42:43,387 - INFO -  EHVI time: 107.572s
f1 shape: (1,)
f2 shape: (1,)
2025-06-04 11:42:43,389 - INFO -  Selected idx=8922 (O=C(COC(=O)c1ccc2ccccc2n1)Nc1ccccc1Br) → [0.20661157 1.        ]
2025-06-04 11:42:44,026 - INFO -  Hypervolume: 0.3424
2025-06-04 11:42:44,026 - INFO - 
--- Iter 153 (train size (163, 2)) ---
2025-06-04 11:42:44,026 - INFO -  Inferred reference point at iter 153: [0.04661654135338345, -0.09999999999998607]
2025-06-04 11:42:44,031 - INFO -  Scoring full pool: 9837 candidates
2025-06-04 11:42:58,163 - INFO -  GP predict time: 14.132s
2025-06-04 11:42:58,163 - INFO -   EHVI: 9837 candidates with 500 MC samples
2025-06-04 11:44:45,956 - INFO -  EHVI time: 107.793s
f1 shape: (1,)
f2 shape: (1,)
2025-06-04 11:44:45,958 - INFO -  Selected idx=4342 (CCN(c1cccc(C)c1)S(=O)(=O)c1ccc2nc(O)c(O)nc2c1) → [0.15873016 1.        ]
2025-06-04 11:44:46,144 - INFO -  Hypervolume: 0.3424
2025-06-04 11:44:46,144 - INFO - 
--- Iter 154 (train size (164, 2)) ---
2025-06-04 11:44:46,144 - INFO -  Inferred reference point at iter 154: [0.04661654135338345, -0.09999999999998607]
2025-06-04 11:44:46,149 - INFO -  Scoring full pool: 9836 candidates
2025-06-04 11:45:00,888 - INFO -  GP predict time: 14.739s
2025-06-04 11:45:00,888 - INFO -   EHVI: 9836 candidates with 500 MC samples
2025-06-04 11:46:49,282 - INFO -  EHVI time: 108.394s
f1 shape: (1,)
f2 shape: (1,)
2025-06-04 11:46:49,283 - INFO -  Selected idx=5019 (Cc1cc(NC(=O)Nc2cccc(N(C)C)c2)c2ccccc2n1) → [0.18852459 1.        ]
2025-06-04 11:46:49,472 - INFO -  Hypervolume: 0.3424
2025-06-04 11:46:49,472 - INFO - 
--- Iter 155 (train size (165, 2)) ---
2025-06-04 11:46:49,472 - INFO -  Inferred reference point at iter 155: [0.04661654135338345, -0.09999999999998607]
2025-06-04 11:46:49,477 - INFO -  Scoring full pool: 9835 candidates
2025-06-04 11:47:03,850 - INFO -  GP predict time: 14.372s
2025-06-04 11:47:03,850 - INFO -   EHVI: 9835 candidates with 500 MC samples
2025-06-04 11:48:52,079 - INFO -  EHVI time: 108.229s
f1 shape: (1,)
f2 shape: (1,)
2025-06-04 11:48:52,081 - INFO -  Selected idx=3258 (Cc1ccc(C)c(OCCCC(C)(C)C(=O)NS(=O)(=O)c2ccccc2)c1) → [0.21774194 0.13533528]
2025-06-04 11:48:52,272 - INFO -  Hypervolume: 0.3424
2025-06-04 11:48:52,272 - INFO - 
--- Iter 156 (train size (166, 2)) ---
2025-06-04 11:48:52,272 - INFO -  Inferred reference point at iter 156: [0.04661654135338345, -0.09999999999998607]
2025-06-04 11:48:52,277 - INFO -  Scoring full pool: 9834 candidates
2025-06-04 11:49:07,091 - INFO -  GP predict time: 14.814s
2025-06-04 11:49:07,091 - INFO -   EHVI: 9834 candidates with 500 MC samples
2025-06-04 11:50:54,894 - INFO -  EHVI time: 107.802s
f1 shape: (1,)
f2 shape: (1,)
2025-06-04 11:50:54,896 - INFO -  Selected idx=1718 (CC(=O)OCC[n+]1c(C)n(-c2ccccc2)c2ccc(Cl)cc21) → [0.24561404 1.        ]
2025-06-04 11:50:55,088 - INFO -  Hypervolume: 0.3424
2025-06-04 11:50:55,088 - INFO - 
--- Iter 157 (train size (167, 2)) ---
2025-06-04 11:50:55,088 - INFO -  Inferred reference point at iter 157: [0.04661654135338345, -0.09999999999998607]
2025-06-04 11:50:55,093 - INFO -  Scoring full pool: 9833 candidates
2025-06-04 11:51:09,313 - INFO -  GP predict time: 14.220s
2025-06-04 11:51:09,314 - INFO -   EHVI: 9833 candidates with 500 MC samples
2025-06-04 11:52:57,298 - INFO -  EHVI time: 107.984s
f1 shape: (1,)
f2 shape: (1,)
2025-06-04 11:52:57,300 - INFO -  Selected idx=8529 (CCOc1ccc(-c2nc(-c3cccc(C(=O)O)n3)cs2)cc1OCC) → [0.18897638 1.        ]
2025-06-04 11:52:57,495 - INFO -  Hypervolume: 0.3424
2025-06-04 11:52:57,495 - INFO - 
--- Iter 158 (train size (168, 2)) ---
2025-06-04 11:52:57,495 - INFO -  Inferred reference point at iter 158: [0.04661654135338345, -0.09999999999998607]
2025-06-04 11:52:57,500 - INFO -  Scoring full pool: 9832 candidates
2025-06-04 11:53:12,538 - INFO -  GP predict time: 15.038s
2025-06-04 11:53:12,538 - INFO -   EHVI: 9832 candidates with 500 MC samples
2025-06-04 11:55:00,238 - INFO -  EHVI time: 107.700s
f1 shape: (1,)
f2 shape: (1,)
2025-06-04 11:55:00,240 - INFO -  Selected idx=6371 (Cc1cc(C)n(-c2ccc(C(=O)Nc3nc4ccccc4s3)cc2)n1) → [0.17322835 0.13533528]
2025-06-04 11:55:00,437 - INFO -  Hypervolume: 0.3424
2025-06-04 11:55:00,437 - INFO - 
--- Iter 159 (train size (169, 2)) ---
2025-06-04 11:55:00,437 - INFO -  Inferred reference point at iter 159: [0.04661654135338345, -0.09999999999998607]
2025-06-04 11:55:00,442 - INFO -  Scoring full pool: 9831 candidates
2025-06-04 11:55:14,776 - INFO -  GP predict time: 14.334s
2025-06-04 11:55:14,776 - INFO -   EHVI: 9831 candidates with 500 MC samples
2025-06-04 11:57:03,083 - INFO -  EHVI time: 108.306s
f1 shape: (1,)
f2 shape: (1,)
2025-06-04 11:57:03,084 - INFO -  Selected idx=4494 (CN(CC(=O)NCc1ccccc1F)S(=O)(=O)c1ccc(Cl)cc1) → [0.19166667 0.13533528]
2025-06-04 11:57:03,278 - INFO -  Hypervolume: 0.3424
2025-06-04 11:57:03,278 - INFO - 
--- Iter 160 (train size (170, 2)) ---
2025-06-04 11:57:03,278 - INFO -  Inferred reference point at iter 160: [0.04661654135338345, -0.09999999999998607]
2025-06-04 11:57:03,283 - INFO -  Scoring full pool: 9830 candidates
2025-06-04 11:57:18,472 - INFO -  GP predict time: 15.188s
2025-06-04 11:57:18,472 - INFO -   EHVI: 9830 candidates with 500 MC samples
2025-06-04 11:59:06,498 - INFO -  EHVI time: 108.026s
f1 shape: (1,)
f2 shape: (1,)
2025-06-04 11:59:06,500 - INFO -  Selected idx=3251 (CCOC(=O)c1oc2ccccc2c1NC(=O)c1ccco1) → [0.27272727 1.        ]
2025-06-04 11:59:06,702 - INFO -  Hypervolume: 0.3424
2025-06-04 11:59:06,702 - INFO - 
--- Iter 161 (train size (171, 2)) ---
2025-06-04 11:59:06,702 - INFO -  Inferred reference point at iter 161: [0.04661654135338345, -0.09999999999998607]
2025-06-04 11:59:06,707 - INFO -  Scoring full pool: 9829 candidates
2025-06-04 11:59:21,201 - INFO -  GP predict time: 14.494s
2025-06-04 11:59:21,201 - INFO -   EHVI: 9829 candidates with 500 MC samples
2025-06-04 12:01:08,990 - INFO -  EHVI time: 107.789s
f1 shape: (1,)
f2 shape: (1,)
2025-06-04 12:01:08,992 - INFO -  Selected idx=4447 (COc1ccc(C2NC(=O)NC(C)=C2C(C)=O)cc1) → [0.26470588 0.13533528]
2025-06-04 12:01:09,194 - INFO -  Hypervolume: 0.3424
2025-06-04 12:01:09,194 - INFO - 
--- Iter 162 (train size (172, 2)) ---
2025-06-04 12:01:09,194 - INFO -  Inferred reference point at iter 162: [0.04661654135338345, -0.09999999999998607]
2025-06-04 12:01:09,200 - INFO -  Scoring full pool: 9828 candidates
2025-06-04 12:01:24,251 - INFO -  GP predict time: 15.051s
2025-06-04 12:01:24,251 - INFO -   EHVI: 9828 candidates with 500 MC samples
2025-06-04 12:03:11,901 - INFO -  EHVI time: 107.650s
f1 shape: (1,)
f2 shape: (1,)
2025-06-04 12:03:11,903 - INFO -  Selected idx=7518 (CN1C(C(=O)Nc2nccs2)=C(O)c2c(ccc3ccccc23)S1(=O)=O) → [0.1627907  0.13533528]
2025-06-04 12:03:12,108 - INFO -  Hypervolume: 0.3424
2025-06-04 12:03:12,108 - INFO - 
--- Iter 163 (train size (173, 2)) ---
2025-06-04 12:03:12,108 - INFO -  Inferred reference point at iter 163: [0.04661654135338345, -0.09999999999998607]
2025-06-04 12:03:12,114 - INFO -  Scoring full pool: 9827 candidates
2025-06-04 12:03:27,248 - INFO -  GP predict time: 15.134s
2025-06-04 12:03:27,248 - INFO -   EHVI: 9827 candidates with 500 MC samples
2025-06-04 12:05:15,489 - INFO -  EHVI time: 108.241s
f1 shape: (1,)
f2 shape: (1,)
2025-06-04 12:05:15,491 - INFO -  Selected idx=3079 (COc1ccc(C(C)C(CS)C(=O)NC(Cc2ccc(O)cc2)C(=O)O)cc1OC) → [0.18656716 0.13533528]
2025-06-04 12:05:15,694 - INFO -  Hypervolume: 0.3424
2025-06-04 12:05:15,694 - INFO - 
--- Iter 164 (train size (174, 2)) ---
2025-06-04 12:05:15,694 - INFO -  Inferred reference point at iter 164: [0.04661654135338345, -0.09999999999998607]
2025-06-04 12:05:15,699 - INFO -  Scoring full pool: 9826 candidates
2025-06-04 12:05:31,159 - INFO -  GP predict time: 15.459s
2025-06-04 12:05:31,159 - INFO -   EHVI: 9826 candidates with 500 MC samples
2025-06-04 12:07:18,828 - INFO -  EHVI time: 107.669s
f1 shape: (1,)
f2 shape: (1,)
2025-06-04 12:07:18,829 - INFO -  Selected idx=4936 (CCN(CC)CCCNC(=O)c1csc(Nc2cccc3ccccc23)n1) → [0.19230769 1.        ]
2025-06-04 12:07:19,041 - INFO -  Hypervolume: 0.3424
2025-06-04 12:07:19,041 - INFO - 
--- Iter 165 (train size (175, 2)) ---
2025-06-04 12:07:19,041 - INFO -  Inferred reference point at iter 165: [0.04661654135338345, -0.09999999999998607]
2025-06-04 12:07:19,046 - INFO -  Scoring full pool: 9825 candidates
2025-06-04 12:07:33,988 - INFO -  GP predict time: 14.942s
2025-06-04 12:07:33,988 - INFO -   EHVI: 9825 candidates with 500 MC samples
2025-06-04 12:09:22,219 - INFO -  EHVI time: 108.230s
f1 shape: (1,)
f2 shape: (1,)
2025-06-04 12:09:22,220 - INFO -  Selected idx=5127 (CCCNC(=O)Nc1ccc(C(=O)n2nc(C)c(Br)c2C)cc1) → [0.20689655 0.13533528]
2025-06-04 12:09:22,432 - INFO -  Hypervolume: 0.3424
2025-06-04 12:09:22,432 - INFO - 
--- Iter 166 (train size (176, 2)) ---
2025-06-04 12:09:22,432 - INFO -  Inferred reference point at iter 166: [0.04661654135338345, -0.09999999999998607]
2025-06-04 12:09:22,437 - INFO -  Scoring full pool: 9824 candidates
2025-06-04 12:09:37,811 - INFO -  GP predict time: 15.374s
2025-06-04 12:09:37,811 - INFO -   EHVI: 9824 candidates with 500 MC samples
2025-06-04 12:11:26,253 - INFO -  EHVI time: 108.441s
f1 shape: (1,)
f2 shape: (1,)
2025-06-04 12:11:26,254 - INFO -  Selected idx=5976 (COc1ccccc1NC(=O)Cc1noc(CSc2nnc(C)s2)n1) → [0.21138211 1.        ]
2025-06-04 12:11:26,467 - INFO -  Hypervolume: 0.3424
2025-06-04 12:11:26,467 - INFO - 
--- Iter 167 (train size (177, 2)) ---
2025-06-04 12:11:26,468 - INFO -  Inferred reference point at iter 167: [0.04661654135338345, -0.09999999999998607]
2025-06-04 12:11:26,473 - INFO -  Scoring full pool: 9823 candidates
2025-06-04 12:11:42,308 - INFO -  GP predict time: 15.835s
2025-06-04 12:11:42,308 - INFO -   EHVI: 9823 candidates with 500 MC samples
2025-06-04 12:13:29,633 - INFO -  EHVI time: 107.325s
f1 shape: (1,)
f2 shape: (1,)
2025-06-04 12:13:29,635 - INFO -  Selected idx=5307 (CCOC(=O)c1csc(NC(=O)c2ccncc2NS(=O)(=O)c2ccc(C)cc2)n1) → [0.21969697 1.        ]
2025-06-04 12:13:29,851 - INFO -  Hypervolume: 0.3424
2025-06-04 12:13:29,851 - INFO - 
--- Iter 168 (train size (178, 2)) ---
2025-06-04 12:13:29,851 - INFO -  Inferred reference point at iter 168: [0.04661654135338345, -0.09999999999998607]
2025-06-04 12:13:29,856 - INFO -  Scoring full pool: 9822 candidates
2025-06-04 12:13:45,772 - INFO -  GP predict time: 15.916s
2025-06-04 12:13:45,772 - INFO -   EHVI: 9822 candidates with 500 MC samples
2025-06-04 12:15:33,294 - INFO -  EHVI time: 107.522s
f1 shape: (1,)
f2 shape: (1,)
2025-06-04 12:15:33,296 - INFO -  Selected idx=1541 (O=C(Sc1nc2ccccc2[nH]1)c1cccc(Cl)c1) → [0.18918919 1.        ]
2025-06-04 12:15:33,515 - INFO -  Hypervolume: 0.3424
2025-06-04 12:15:33,515 - INFO - 
--- Iter 169 (train size (179, 2)) ---
2025-06-04 12:15:33,515 - INFO -  Inferred reference point at iter 169: [0.04661654135338345, -0.09999999999998607]
2025-06-04 12:15:33,521 - INFO -  Scoring full pool: 9821 candidates
2025-06-04 12:15:49,110 - INFO -  GP predict time: 15.590s
2025-06-04 12:15:49,111 - INFO -   EHVI: 9821 candidates with 500 MC samples
2025-06-04 12:17:37,057 - INFO -  EHVI time: 107.946s
f1 shape: (1,)
f2 shape: (1,)
2025-06-04 12:17:37,059 - INFO -  Selected idx=6657 (COc1ccc(N(CN2C(=O)c3ccccc3C2=O)C(C)=O)cc1) → [0.21008403 1.        ]
2025-06-04 12:17:37,775 - INFO -  Hypervolume: 0.3424
2025-06-04 12:17:37,775 - INFO - 
--- Iter 170 (train size (180, 2)) ---
2025-06-04 12:17:37,775 - INFO -  Inferred reference point at iter 170: [0.04661654135338345, -0.09999999999998607]
2025-06-04 12:17:37,781 - INFO -  Scoring full pool: 9820 candidates
2025-06-04 12:17:53,278 - INFO -  GP predict time: 15.498s
2025-06-04 12:17:53,279 - INFO -   EHVI: 9820 candidates with 500 MC samples
2025-06-04 12:19:40,945 - INFO -  EHVI time: 107.666s
f1 shape: (1,)
f2 shape: (1,)
2025-06-04 12:19:40,946 - INFO -  Selected idx=4473 (COc1ccccc1CC(=O)Nc1c(O)c2ccccc2oc1=O) → [0.19834711 1.        ]
2025-06-04 12:19:41,168 - INFO -  Hypervolume: 0.3424
2025-06-04 12:19:41,168 - INFO - 
--- Iter 171 (train size (181, 2)) ---
2025-06-04 12:19:41,168 - INFO -  Inferred reference point at iter 171: [0.04661654135338345, -0.09999999999998607]
2025-06-04 12:19:41,173 - INFO -  Scoring full pool: 9819 candidates
2025-06-04 12:19:56,893 - INFO -  GP predict time: 15.720s
2025-06-04 12:19:56,894 - INFO -   EHVI: 9819 candidates with 500 MC samples
2025-06-04 12:21:44,381 - INFO -  EHVI time: 107.488s
f1 shape: (1,)
f2 shape: (1,)
2025-06-04 12:21:44,383 - INFO -  Selected idx=9454 (CCOc1ccccc1NC(=O)CC1Sc2ccccc2NC1=O) → [0.23728814 1.        ]
2025-06-04 12:21:44,609 - INFO -  Hypervolume: 0.3424
2025-06-04 12:21:44,609 - INFO - 
--- Iter 172 (train size (182, 2)) ---
2025-06-04 12:21:44,609 - INFO -  Inferred reference point at iter 172: [0.04661654135338345, -0.09999999999998607]
2025-06-04 12:21:44,614 - INFO -  Scoring full pool: 9818 candidates
2025-06-04 12:22:00,891 - INFO -  GP predict time: 16.277s
2025-06-04 12:22:00,892 - INFO -   EHVI: 9818 candidates with 500 MC samples
2025-06-04 12:23:48,815 - INFO -  EHVI time: 107.924s
f1 shape: (1,)
f2 shape: (1,)
2025-06-04 12:23:48,817 - INFO -  Selected idx=5619 (CCOC(=O)c1cc2sccc2n1CC(=O)Nc1ccc(OC)cc1OC) → [0.275 1.   ]
2025-06-04 12:23:49,045 - INFO -  Hypervolume: 0.3424
2025-06-04 12:23:49,045 - INFO - 
--- Iter 173 (train size (183, 2)) ---
2025-06-04 12:23:49,045 - INFO -  Inferred reference point at iter 173: [0.04661654135338345, -0.09999999999998607]
2025-06-04 12:23:49,051 - INFO -  Scoring full pool: 9817 candidates
2025-06-04 12:24:04,581 - INFO -  GP predict time: 15.531s
2025-06-04 12:24:04,581 - INFO -   EHVI: 9817 candidates with 500 MC samples
2025-06-04 12:25:52,849 - INFO -  EHVI time: 108.268s
f1 shape: (1,)
f2 shape: (1,)
2025-06-04 12:25:52,851 - INFO -  Selected idx=2163 (CCn1c2ccccc2c2cc(NC(N)=S)ccc21) → [0.18018018 1.        ]
2025-06-04 12:25:53,081 - INFO -  Hypervolume: 0.3424
2025-06-04 12:25:53,081 - INFO - 
--- Iter 174 (train size (184, 2)) ---
2025-06-04 12:25:53,081 - INFO -  Inferred reference point at iter 174: [0.04661654135338345, -0.09999999999998607]
2025-06-04 12:25:53,087 - INFO -  Scoring full pool: 9816 candidates
2025-06-04 12:26:09,504 - INFO -  GP predict time: 16.417s
2025-06-04 12:26:09,504 - INFO -   EHVI: 9816 candidates with 500 MC samples
2025-06-04 12:27:56,943 - INFO -  EHVI time: 107.439s
f1 shape: (1,)
f2 shape: (1,)
2025-06-04 12:27:56,944 - INFO -  Selected idx=6587 (Cc1cccc2c1cc(C(N)=O)n2Cc1cccc(C(=N)N)c1) → [0.18487395 1.        ]
2025-06-04 12:27:57,177 - INFO -  Hypervolume: 0.3424
2025-06-04 12:27:57,177 - INFO - 
--- Iter 175 (train size (185, 2)) ---
2025-06-04 12:27:57,178 - INFO -  Inferred reference point at iter 175: [0.04661654135338345, -0.09999999999998607]
2025-06-04 12:27:57,183 - INFO -  Scoring full pool: 9815 candidates
2025-06-04 12:28:12,868 - INFO -  GP predict time: 15.685s
2025-06-04 12:28:12,868 - INFO -   EHVI: 9815 candidates with 500 MC samples
2025-06-04 12:30:00,390 - INFO -  EHVI time: 107.521s
f1 shape: (1,)
f2 shape: (1,)
2025-06-04 12:30:00,391 - INFO -  Selected idx=1557 (COc1ccccc1-c1ccc2ccc(C)nc2c1) → [0.18918919 1.        ]
2025-06-04 12:30:00,626 - INFO -  Hypervolume: 0.3424
2025-06-04 12:30:00,626 - INFO - 
--- Iter 176 (train size (186, 2)) ---
2025-06-04 12:30:00,626 - INFO -  Inferred reference point at iter 176: [0.04661654135338345, -0.09999999999998607]
2025-06-04 12:30:00,632 - INFO -  Scoring full pool: 9814 candidates
2025-06-04 12:30:17,168 - INFO -  GP predict time: 16.536s
2025-06-04 12:30:17,168 - INFO -   EHVI: 9814 candidates with 500 MC samples
2025-06-04 12:32:04,881 - INFO -  EHVI time: 107.713s
f1 shape: (1,)
f2 shape: (1,)
2025-06-04 12:32:04,883 - INFO -  Selected idx=8644 (Clc1cccc(-c2nc3ccccc3o2)c1) → [0.1588785 1.       ]
2025-06-04 12:32:05,120 - INFO -  Hypervolume: 0.3424
2025-06-04 12:32:05,120 - INFO - 
--- Iter 177 (train size (187, 2)) ---
2025-06-04 12:32:05,120 - INFO -  Inferred reference point at iter 177: [0.04661654135338345, -0.09999999999998607]
2025-06-04 12:32:05,126 - INFO -  Scoring full pool: 9813 candidates
2025-06-04 12:32:21,908 - INFO -  GP predict time: 16.782s
2025-06-04 12:32:21,908 - INFO -   EHVI: 9813 candidates with 500 MC samples
2025-06-04 12:34:09,509 - INFO -  EHVI time: 107.601s
f1 shape: (1,)
f2 shape: (1,)
2025-06-04 12:34:09,511 - INFO -  Selected idx=7445 (CCC(C)NC(=O)C(NS(=O)(=O)c1ccc2c(c1)c(=O)n(C)c(=O)n2C)c1ccccc1) → [0.17985612 1.        ]
2025-06-04 12:34:09,750 - INFO -  Hypervolume: 0.3424
2025-06-04 12:34:09,750 - INFO - 
--- Iter 178 (train size (188, 2)) ---
2025-06-04 12:34:09,750 - INFO -  Inferred reference point at iter 178: [0.04661654135338345, -0.09999999999998607]
2025-06-04 12:34:09,756 - INFO -  Scoring full pool: 9812 candidates
2025-06-04 12:34:26,077 - INFO -  GP predict time: 16.321s
2025-06-04 12:34:26,077 - INFO -   EHVI: 9812 candidates with 500 MC samples
2025-06-04 12:36:13,358 - INFO -  EHVI time: 107.280s
f1 shape: (1,)
f2 shape: (1,)
2025-06-04 12:36:13,359 - INFO -  Selected idx=2930 (CCc1cccc(C)c1N=C(S)NCc1ccc2[nH]c(C)cc2c1) → [0.17886179 1.        ]
2025-06-04 12:36:13,599 - INFO -  Hypervolume: 0.3424
2025-06-04 12:36:13,599 - INFO - 
--- Iter 179 (train size (189, 2)) ---
2025-06-04 12:36:13,599 - INFO -  Inferred reference point at iter 179: [0.04661654135338345, -0.09999999999998607]
2025-06-04 12:36:13,605 - INFO -  Scoring full pool: 9811 candidates
2025-06-04 12:36:30,035 - INFO -  GP predict time: 16.429s
2025-06-04 12:36:30,035 - INFO -   EHVI: 9811 candidates with 500 MC samples
2025-06-04 12:38:17,444 - INFO -  EHVI time: 107.409s
f1 shape: (1,)
f2 shape: (1,)
2025-06-04 12:38:17,446 - INFO -  Selected idx=123 (CCC(C(=O)OCC(=O)c1ccc2c(c1)NC(=O)CO2)c1ccccc1) → [0.23770492 1.        ]
2025-06-04 12:38:17,689 - INFO -  Hypervolume: 0.3424
2025-06-04 12:38:17,689 - INFO - 
--- Iter 180 (train size (190, 2)) ---
2025-06-04 12:38:17,689 - INFO -  Inferred reference point at iter 180: [0.04661654135338345, -0.09999999999998607]
2025-06-04 12:38:17,695 - INFO -  Scoring full pool: 9810 candidates
2025-06-04 12:38:34,149 - INFO -  GP predict time: 16.454s
2025-06-04 12:38:34,149 - INFO -   EHVI: 9810 candidates with 500 MC samples
2025-06-04 12:40:22,010 - INFO -  EHVI time: 107.862s
f1 shape: (1,)
f2 shape: (1,)
2025-06-04 12:40:22,012 - INFO -  Selected idx=683 (CCOC(=O)Cc1ccccc1OC(=O)c1cc(OC)cc(OC)c1) → [0.3125     0.13533528]
2025-06-04 12:40:22,258 - INFO -  Hypervolume: 0.3424
2025-06-04 12:40:22,258 - INFO - 
--- Iter 181 (train size (191, 2)) ---
2025-06-04 12:40:22,258 - INFO -  Inferred reference point at iter 181: [0.04661654135338345, -0.09999999999998607]
2025-06-04 12:40:22,264 - INFO -  Scoring full pool: 9809 candidates
2025-06-04 12:40:38,846 - INFO -  GP predict time: 16.582s
2025-06-04 12:40:38,847 - INFO -   EHVI: 9809 candidates with 500 MC samples
2025-06-04 12:42:26,162 - INFO -  EHVI time: 107.315s
f1 shape: (1,)
f2 shape: (1,)
2025-06-04 12:42:26,164 - INFO -  Selected idx=9101 (COC(=O)c1cn(C(=O)c2ccc(Cl)cc2)c2ccccc12) → [0.26363636 1.        ]
2025-06-04 12:42:26,411 - INFO -  Hypervolume: 0.3424
2025-06-04 12:42:26,411 - INFO - 
--- Iter 182 (train size (192, 2)) ---
2025-06-04 12:42:26,411 - INFO -  Inferred reference point at iter 182: [0.04661654135338345, -0.09999999999998607]
2025-06-04 12:42:26,417 - INFO -  Scoring full pool: 9808 candidates
2025-06-04 12:42:43,496 - INFO -  GP predict time: 17.079s
2025-06-04 12:42:43,496 - INFO -   EHVI: 9808 candidates with 500 MC samples
2025-06-04 12:44:31,099 - INFO -  EHVI time: 107.603s
f1 shape: (1,)
f2 shape: (1,)
2025-06-04 12:44:31,101 - INFO -  Selected idx=7964 (CCCN(CCC)CCNC(=O)c1cc(Sc2ccc(Cl)cc2)nc2ccccc12) → [0.20740741 1.        ]
2025-06-04 12:44:31,870 - INFO -  Hypervolume: 0.3424
2025-06-04 12:44:31,870 - INFO - 
--- Iter 183 (train size (193, 2)) ---
2025-06-04 12:44:31,870 - INFO -  Inferred reference point at iter 183: [0.04661654135338345, -0.09999999999998607]
2025-06-04 12:44:31,876 - INFO -  Scoring full pool: 9807 candidates
2025-06-04 12:44:48,503 - INFO -  GP predict time: 16.627s
2025-06-04 12:44:48,503 - INFO -   EHVI: 9807 candidates with 500 MC samples
2025-06-04 12:46:36,388 - INFO -  EHVI time: 107.885s
f1 shape: (1,)
f2 shape: (1,)
2025-06-04 12:46:36,390 - INFO -  Selected idx=2365 (COc1c(C)cccc1C(=O)Nc1cccc2ccc(C)nc12) → [0.19327731 1.        ]
2025-06-04 12:46:36,644 - INFO -  Hypervolume: 0.3424
2025-06-04 12:46:36,644 - INFO - 
--- Iter 184 (train size (194, 2)) ---
2025-06-04 12:46:36,645 - INFO -  Inferred reference point at iter 184: [0.04661654135338345, -0.09999999999998607]
2025-06-04 12:46:36,651 - INFO -  Scoring full pool: 9806 candidates
2025-06-04 12:46:53,875 - INFO -  GP predict time: 17.224s
2025-06-04 12:46:53,875 - INFO -   EHVI: 9806 candidates with 500 MC samples
2025-06-04 12:48:41,502 - INFO -  EHVI time: 107.627s
f1 shape: (1,)
f2 shape: (1,)
2025-06-04 12:48:41,503 - INFO -  Selected idx=5129 (O=C(NC(=O)c1ccccc1)Nn1c(=O)c(=O)[nH]c2cc([N+](=O)[O-])ccc21) → [0.17829457 1.        ]
2025-06-04 12:48:41,759 - INFO -  Hypervolume: 0.3424
2025-06-04 12:48:41,759 - INFO - 
--- Iter 185 (train size (195, 2)) ---
2025-06-04 12:48:41,759 - INFO -  Inferred reference point at iter 185: [0.04661654135338345, -0.09999999999998607]
2025-06-04 12:48:41,765 - INFO -  Scoring full pool: 9805 candidates
2025-06-04 12:48:58,196 - INFO -  GP predict time: 16.431s
2025-06-04 12:48:58,196 - INFO -   EHVI: 9805 candidates with 500 MC samples
2025-06-04 12:50:45,964 - INFO -  EHVI time: 107.768s
f1 shape: (1,)
f2 shape: (1,)
2025-06-04 12:50:45,966 - INFO -  Selected idx=2905 (COC(=O)c1ccccc1NS(=O)(=O)Cc1noc2ccccc12) → [0.21848739 1.        ]
2025-06-04 12:50:46,226 - INFO -  Hypervolume: 0.3424
2025-06-04 12:50:46,226 - INFO - 
--- Iter 186 (train size (196, 2)) ---
2025-06-04 12:50:46,226 - INFO -  Inferred reference point at iter 186: [0.04661654135338345, -0.09999999999998607]
2025-06-04 12:50:46,232 - INFO -  Scoring full pool: 9804 candidates
2025-06-04 12:51:03,678 - INFO -  GP predict time: 17.446s
2025-06-04 12:51:03,678 - INFO -   EHVI: 9804 candidates with 500 MC samples
2025-06-04 12:52:51,092 - INFO -  EHVI time: 107.414s
f1 shape: (1,)
f2 shape: (1,)
2025-06-04 12:52:51,094 - INFO -  Selected idx=3076 (COc1ccccc1-c1nc2ccccc2c(=O)n1O) → [0.1754386 1.       ]
2025-06-04 12:52:51,879 - INFO -  Hypervolume: 0.3424
2025-06-04 12:52:51,880 - INFO - 
--- Iter 187 (train size (197, 2)) ---
2025-06-04 12:52:51,880 - INFO -  Inferred reference point at iter 187: [0.04661654135338345, -0.09999999999998607]
2025-06-04 12:52:51,886 - INFO -  Scoring full pool: 9803 candidates
2025-06-04 12:53:08,850 - INFO -  GP predict time: 16.965s
2025-06-04 12:53:08,850 - INFO -   EHVI: 9803 candidates with 500 MC samples
2025-06-04 12:54:56,688 - INFO -  EHVI time: 107.838s
f1 shape: (1,)
f2 shape: (1,)
2025-06-04 12:54:56,690 - INFO -  Selected idx=4491 (CNc1c(NC(=O)c2ccc3c(c2)OCO3)c(=O)oc2ccccc12) → [0.1640625  0.13533528]
2025-06-04 12:54:56,954 - INFO -  Hypervolume: 0.3424
2025-06-04 12:54:56,954 - INFO - 
--- Iter 188 (train size (198, 2)) ---
2025-06-04 12:54:56,954 - INFO -  Inferred reference point at iter 188: [0.04661654135338345, -0.09999999999998607]
2025-06-04 12:54:56,960 - INFO -  Scoring full pool: 9802 candidates
2025-06-04 12:55:14,543 - INFO -  GP predict time: 17.583s
2025-06-04 12:55:14,543 - INFO -   EHVI: 9802 candidates with 500 MC samples
2025-06-04 12:57:01,771 - INFO -  EHVI time: 107.228s
f1 shape: (1,)
f2 shape: (1,)
2025-06-04 12:57:01,773 - INFO -  Selected idx=498 (CCOC(=O)Cc1nc(-c2cccc(Cl)c2)oc1-c1ccsc1) → [0.22222222 1.        ]
2025-06-04 12:57:02,039 - INFO -  Hypervolume: 0.3424
2025-06-04 12:57:02,039 - INFO - 
--- Iter 189 (train size (199, 2)) ---
2025-06-04 12:57:02,039 - INFO -  Inferred reference point at iter 189: [0.04661654135338345, -0.09999999999998607]
2025-06-04 12:57:02,045 - INFO -  Scoring full pool: 9801 candidates
2025-06-04 12:57:18,782 - INFO -  GP predict time: 16.736s
2025-06-04 12:57:18,782 - INFO -   EHVI: 9801 candidates with 500 MC samples
2025-06-04 12:59:07,295 - INFO -  EHVI time: 108.513s
f1 shape: (1,)
f2 shape: (1,)
2025-06-04 12:59:07,297 - INFO -  Selected idx=1505 (O=C(Nc1ccc(F)c(F)c1)C(=O)c1c[nH]c2ccccc12) → [0.19827586 1.        ]
2025-06-04 12:59:08,088 - INFO -  Hypervolume: 0.3424
2025-06-04 12:59:08,088 - INFO - 
--- Iter 190 (train size (200, 2)) ---
2025-06-04 12:59:08,088 - INFO -  Inferred reference point at iter 190: [0.04661654135338345, -0.09999999999998607]
2025-06-04 12:59:08,094 - INFO -  Scoring full pool: 9800 candidates
2025-06-04 12:59:25,177 - INFO -  GP predict time: 17.082s
2025-06-04 12:59:25,177 - INFO -   EHVI: 9800 candidates with 500 MC samples
2025-06-04 13:01:13,137 - INFO -  EHVI time: 107.961s
f1 shape: (1,)
f2 shape: (1,)
2025-06-04 13:01:13,139 - INFO -  Selected idx=4797 (NCCCNc1cccc2c1C(=O)c1ccccc1C2=O) → [0.21238938 1.        ]
2025-06-04 13:01:13,408 - INFO -  Hypervolume: 0.3424
2025-06-04 13:01:13,408 - INFO - 
--- Iter 191 (train size (201, 2)) ---
2025-06-04 13:01:13,408 - INFO -  Inferred reference point at iter 191: [0.04661654135338345, -0.09999999999998607]
2025-06-04 13:01:13,415 - INFO -  Scoring full pool: 9799 candidates
2025-06-04 13:01:31,280 - INFO -  GP predict time: 17.865s
2025-06-04 13:01:31,280 - INFO -   EHVI: 9799 candidates with 500 MC samples
2025-06-04 13:03:18,347 - INFO -  EHVI time: 107.067s
f1 shape: (1,)
f2 shape: (1,)
2025-06-04 13:03:18,349 - INFO -  Selected idx=5917 (CCOC(=O)c1ccc(-c2cn3nc(-c4ccco4)nc3c(N)n2)cc1) → [0.20634921 0.13533528]
2025-06-04 13:03:18,621 - INFO -  Hypervolume: 0.3424
2025-06-04 13:03:18,621 - INFO - 
--- Iter 192 (train size (202, 2)) ---
2025-06-04 13:03:18,622 - INFO -  Inferred reference point at iter 192: [0.04661654135338345, -0.09999999999998607]
2025-06-04 13:03:18,628 - INFO -  Scoring full pool: 9798 candidates
2025-06-04 13:03:36,013 - INFO -  GP predict time: 17.385s
2025-06-04 13:03:36,013 - INFO -   EHVI: 9798 candidates with 500 MC samples
2025-06-04 13:05:24,456 - INFO -  EHVI time: 108.442s
f1 shape: (1,)
f2 shape: (1,)
2025-06-04 13:05:24,457 - INFO -  Selected idx=960 (O=C(NCC(c1cccs1)N1CCOCC1)c1ccccc1NS(=O)(=O)c1ccc(Cl)c([N+](=O)[O-])c1) → [0.15483871 0.13533528]
2025-06-04 13:05:24,733 - INFO -  Hypervolume: 0.3424
2025-06-04 13:05:24,733 - INFO - 
--- Iter 193 (train size (203, 2)) ---
2025-06-04 13:05:24,733 - INFO -  Inferred reference point at iter 193: [0.04661654135338345, -0.09999999999998607]
2025-06-04 13:05:24,739 - INFO -  Scoring full pool: 9797 candidates
2025-06-04 13:05:42,205 - INFO -  GP predict time: 17.466s
2025-06-04 13:05:42,205 - INFO -   EHVI: 9797 candidates with 500 MC samples
2025-06-04 13:07:29,845 - INFO -  EHVI time: 107.640s
f1 shape: (1,)
f2 shape: (1,)
2025-06-04 13:07:29,847 - INFO -  Selected idx=1834 (COc1ccc(OC)c(C=C2C(=O)NC(=NC(C)=O)N2C)c1) → [0.20175439 0.13533528]
2025-06-04 13:07:30,123 - INFO -  Hypervolume: 0.3424
2025-06-04 13:07:30,123 - INFO - 
--- Iter 194 (train size (204, 2)) ---
2025-06-04 13:07:30,123 - INFO -  Inferred reference point at iter 194: [0.04661654135338345, -0.09999999999998607]
2025-06-04 13:07:30,129 - INFO -  Scoring full pool: 9796 candidates
2025-06-04 13:07:48,227 - INFO -  GP predict time: 18.098s
2025-06-04 13:07:48,227 - INFO -   EHVI: 9796 candidates with 500 MC samples
2025-06-04 13:09:35,435 - INFO -  EHVI time: 107.208s
f1 shape: (1,)
f2 shape: (1,)
2025-06-04 13:09:35,437 - INFO -  Selected idx=1001 (CCCN(CCC)c1nc(-c2ccccc2F)nc2ccccc12) → [0.18699187 1.        ]
2025-06-04 13:09:35,717 - INFO -  Hypervolume: 0.3424
2025-06-04 13:09:35,717 - INFO - 
--- Iter 195 (train size (205, 2)) ---
2025-06-04 13:09:35,718 - INFO -  Inferred reference point at iter 195: [0.04661654135338345, -0.09999999999998607]
2025-06-04 13:09:35,724 - INFO -  Scoring full pool: 9795 candidates
2025-06-04 13:09:53,368 - INFO -  GP predict time: 17.644s
2025-06-04 13:09:53,368 - INFO -   EHVI: 9795 candidates with 500 MC samples
2025-06-04 13:11:40,788 - INFO -  EHVI time: 107.420s
f1 shape: (1,)
f2 shape: (1,)
2025-06-04 13:11:40,789 - INFO -  Selected idx=9860 (CCc1ccc(C(C)=NNC(=O)c2ccccn2)cc1) → [0.1754386  0.13533528]
2025-06-04 13:11:41,072 - INFO -  Hypervolume: 0.3424
2025-06-04 13:11:41,072 - INFO - 
--- Iter 196 (train size (206, 2)) ---
2025-06-04 13:11:41,072 - INFO -  Inferred reference point at iter 196: [0.04661654135338345, -0.09999999999998607]
2025-06-04 13:11:41,079 - INFO -  Scoring full pool: 9794 candidates
2025-06-04 13:11:59,367 - INFO -  GP predict time: 18.289s
2025-06-04 13:11:59,367 - INFO -   EHVI: 9794 candidates with 500 MC samples
2025-06-04 13:13:47,212 - INFO -  EHVI time: 107.844s
f1 shape: (1,)
f2 shape: (1,)
2025-06-04 13:13:47,213 - INFO -  Selected idx=9276 (COc1ccccc1-c1cc(N)n(S(=O)(=O)c2ccc(F)c(C)c2)n1) → [0.19672131 1.        ]
2025-06-04 13:13:47,499 - INFO -  Hypervolume: 0.3424
2025-06-04 13:13:47,499 - INFO - 
--- Iter 197 (train size (207, 2)) ---
2025-06-04 13:13:47,499 - INFO -  Inferred reference point at iter 197: [0.04661654135338345, -0.09999999999998607]
2025-06-04 13:13:47,505 - INFO -  Scoring full pool: 9793 candidates
2025-06-04 13:14:05,778 - INFO -  GP predict time: 18.273s
2025-06-04 13:14:05,779 - INFO -   EHVI: 9793 candidates with 500 MC samples
2025-06-04 13:15:53,253 - INFO -  EHVI time: 107.474s
f1 shape: (1,)
f2 shape: (1,)
2025-06-04 13:15:53,254 - INFO -  Selected idx=9692 (Cc1ccc2[nH]c(CNC(=O)c3ccccc3F)cc2c1) → [0.20175439 1.        ]
2025-06-04 13:15:53,541 - INFO -  Hypervolume: 0.3424
2025-06-04 13:15:53,541 - INFO - 
--- Iter 198 (train size (208, 2)) ---
2025-06-04 13:15:53,541 - INFO -  Inferred reference point at iter 198: [0.04661654135338345, -0.09999999999998607]
2025-06-04 13:15:53,547 - INFO -  Scoring full pool: 9792 candidates
2025-06-04 13:16:11,439 - INFO -  GP predict time: 17.892s
2025-06-04 13:16:11,439 - INFO -   EHVI: 9792 candidates with 500 MC samples
2025-06-04 13:17:59,266 - INFO -  EHVI time: 107.827s
f1 shape: (1,)
f2 shape: (1,)
2025-06-04 13:17:59,268 - INFO -  Selected idx=1965 (COc1ccccc1Cn1c(SCC(N)=O)nc2c(oc3ccccc32)c1=O) → [0.19847328 0.13533528]
2025-06-04 13:17:59,558 - INFO -  Hypervolume: 0.3424
2025-06-04 13:17:59,558 - INFO - 
--- Iter 199 (train size (209, 2)) ---
2025-06-04 13:17:59,558 - INFO -  Inferred reference point at iter 199: [0.04661654135338345, -0.09999999999998607]
2025-06-04 13:17:59,564 - INFO -  Scoring full pool: 9791 candidates
2025-06-04 13:18:18,051 - INFO -  GP predict time: 18.487s
2025-06-04 13:18:18,052 - INFO -   EHVI: 9791 candidates with 500 MC samples
2025-06-04 13:20:05,993 - INFO -  EHVI time: 107.941s
f1 shape: (1,)
f2 shape: (1,)
2025-06-04 13:20:05,994 - INFO -  Selected idx=7250 (CCOC(=O)C(=Cc1c[nH]c2ccccc12)C(=O)c1ccc([N+](=O)[O-])cc1) → [0.23387097 1.        ]
2025-06-04 13:20:06,283 - INFO -  Hypervolume: 0.3424
2025-06-04 13:20:06,338 - INFO - 
Final Pareto front points: [[0.312, 1.0], [0.5263157894736842, 0.13533528323661267]]
2025-06-04 13:20:06,338 - INFO - Final Pareto front SMILES: [None, None]
