['Cc1cccc(NC(=O)c2cc([N+](=O)[O-])ccc2N2CCN(C)CC2)c1',
 'N=C(SCCNCCCN)c1cccnc1',
 'CCN(CC)CCOc1cccc(-c2cc(N=c3cccc(N4CCCC4C)[nH]3)c3nccn3n2)c1',
 'COc1cc2cc(CO)c(CO)c(-c3ccnc(-n4ccc(=O)c5ccccc54)c3)c2cc1OC',
 'Cc1cccc(NC(=O)Nc2ccc(-c3csc4c(C#CCCCCCCCCN)cnc(N)c34)cc2)c1',
 'COc1ccc(C(=O)NC(CC(=O)O)c2ccccc2Cl)nc1-c1ccccc1Cl',
 'Cc1ccc2nnn(CCCCn3ccnc3)c(=O)c2c1',
 'CCCCCCCCCCOC(=O)C=Cc1cccc(O)c1',
 'CCOC(=O)c1cc(-c2ccc(NC(=O)c3ccc(Cl)cc3)cc2)[nH]n1',
 'COc1ccc(C2CC(c3ccc(OC)cc3OC(C)=O)=NN2C(=O)c2ccccc2)cc1']
f1 shape: (10,)
f2 shape: (10,)
2025-06-13 02:02:38,732 - INFO - Initial objectives:
[[9.09090909e-02 1.00000000e+00]
 [4.46428571e-02 1.35335283e-01]
 [1.00000000e-01 3.35462628e-04]
 [4.90797546e-02 1.52299797e-08]
 [4.62427746e-02 3.35462628e-04]
 [9.15492958e-02 1.35335283e-01]
 [4.76190476e-02 1.35335283e-01]
 [9.83606557e-02 1.35335283e-01]
 [1.06870229e-01 1.35335283e-01]
 [8.55263158e-02 1.35335283e-01]]
2025-06-13 02:02:40,479 - INFO - Precomputed 10000 Morgan-fps in 1.747s
2025-06-13 02:02:41,478 - INFO - 
--- Iter 0 (train size (10, 2)) ---
2025-06-13 02:02:41,479 - INFO -  Inferred reference point at iter 0: [0.0384201199563795, -0.09999998324702228]
2025-06-13 02:02:41,480 - INFO -  Scoring full pool: 9990 candidates
2025-06-13 02:02:42,882 - INFO -  GP predict time: 1.402s
2025-06-13 02:02:42,882 - INFO -   EHVI: 9990 candidates with 1000 MC samples
2025-06-13 02:06:19,647 - INFO -  EHVI time: 216.765s
f1 shape: (1,)
f2 shape: (1,)
2025-06-13 02:06:19,649 - INFO -  Selected idx=3528 (N#Cc1cc(C(=O)NN=Cc2cn(C(=O)CC3CCCC3)c3ccccc23)ccc1O) → [0.15107914 0.13533528]
2025-06-13 02:06:19,659 - INFO -  Hypervolume: 0.0719
2025-06-13 02:06:19,659 - INFO - 
--- Iter 1 (train size (11, 2)) ---
2025-06-13 02:06:19,659 - INFO -  Inferred reference point at iter 1: [0.03399922918807811, -0.09999998324702228]
2025-06-13 02:06:19,660 - INFO -  Scoring full pool: 9989 candidates
2025-06-13 02:06:20,980 - INFO -  GP predict time: 1.320s
2025-06-13 02:06:20,980 - INFO -   EHVI: 9989 candidates with 1000 MC samples
2025-06-13 02:09:57,740 - INFO -  EHVI time: 216.759s
f1 shape: (1,)
f2 shape: (1,)
2025-06-13 02:09:57,742 - INFO -  Selected idx=5738 (CN1CCN(c2ccnc3cc4c(cc23)OCO4)C(=O)c2cc([N+](=O)[O-])ccc21) → [0.04761905 0.13533528]
2025-06-13 02:09:57,755 - INFO -  Hypervolume: 0.0768
2025-06-13 02:09:57,755 - INFO - 
--- Iter 2 (train size (12, 2)) ---
2025-06-13 02:09:57,755 - INFO -  Inferred reference point at iter 2: [0.03399922918807811, -0.09999998324702228]
2025-06-13 02:09:57,756 - INFO -  Scoring full pool: 9988 candidates
2025-06-13 02:09:59,076 - INFO -  GP predict time: 1.320s
2025-06-13 02:09:59,076 - INFO -   EHVI: 9988 candidates with 1000 MC samples
2025-06-13 02:13:36,711 - INFO -  EHVI time: 217.635s
f1 shape: (1,)
f2 shape: (1,)
2025-06-13 02:13:36,713 - INFO -  Selected idx=5220 (O=C(Nc1ccc(C(F)(F)F)cc1)N1CCC2(CCc3cccc(Br)c3O2)CC1) → [0.06993007 1.        ]
2025-06-13 02:13:36,723 - INFO -  Hypervolume: 0.0768
2025-06-13 02:13:36,723 - INFO - 
--- Iter 3 (train size (13, 2)) ---
2025-06-13 02:13:36,723 - INFO -  Inferred reference point at iter 3: [0.03399922918807811, -0.09999998324702228]
2025-06-13 02:13:36,724 - INFO -  Scoring full pool: 9987 candidates
2025-06-13 02:13:38,135 - INFO -  GP predict time: 1.412s
2025-06-13 02:13:38,136 - INFO -   EHVI: 9987 candidates with 1000 MC samples
2025-06-13 02:17:15,406 - INFO -  EHVI time: 217.270s
f1 shape: (1,)
f2 shape: (1,)
2025-06-13 02:17:15,407 - INFO -  Selected idx=9059 (Cc1ccc(CNCC2(F)CCN(C(=O)c3sccc3Cl)CC2)nc1) → [0.09230769 1.        ]
2025-06-13 02:17:15,417 - INFO -  Hypervolume: 0.0780
2025-06-13 02:17:15,417 - INFO - 
--- Iter 4 (train size (14, 2)) ---
2025-06-13 02:17:15,417 - INFO -  Inferred reference point at iter 4: [0.03399922918807811, -0.09999998324702228]
2025-06-13 02:17:15,418 - INFO -  Scoring full pool: 9986 candidates
2025-06-13 02:17:16,973 - INFO -  GP predict time: 1.555s
2025-06-13 02:17:16,973 - INFO -   EHVI: 9986 candidates with 1000 MC samples
2025-06-13 02:20:55,501 - INFO -  EHVI time: 218.529s
f1 shape: (1,)
f2 shape: (1,)
2025-06-13 02:20:55,503 - INFO -  Selected idx=8853 (Cc1cccc(C(=O)Nc2ccc(N3CCC(N4CCCCC4)CC3)c(C(=O)O)c2)c1) → [0.15107914 1.        ]
2025-06-13 02:20:55,513 - INFO -  Hypervolume: 0.1288
2025-06-13 02:20:55,513 - INFO - 
--- Iter 5 (train size (15, 2)) ---
2025-06-13 02:20:55,513 - INFO -  Inferred reference point at iter 5: [0.03399922918807811, -0.09999998324702228]
2025-06-13 02:20:55,514 - INFO -  Scoring full pool: 9985 candidates
2025-06-13 02:20:57,057 - INFO -  GP predict time: 1.543s
2025-06-13 02:20:57,057 - INFO -   EHVI: 9985 candidates with 1000 MC samples
2025-06-13 02:23:59,993 - INFO -  EHVI time: 182.937s
f1 shape: (1,)
f2 shape: (1,)
2025-06-13 02:23:59,995 - INFO -  Selected idx=5445 (O=C(c1ccc(F)cc1)C1CCN(C(=O)c2ccc(Br)cc2)CC1) → [0.112 1.   ]
2025-06-13 02:24:00,005 - INFO -  Hypervolume: 0.1288
2025-06-13 02:24:00,005 - INFO - 
--- Iter 6 (train size (16, 2)) ---
2025-06-13 02:24:00,006 - INFO -  Inferred reference point at iter 6: [0.03399922918807811, -0.09999998324702228]
2025-06-13 02:24:00,006 - INFO -  Scoring full pool: 9984 candidates
2025-06-13 02:24:01,761 - INFO -  GP predict time: 1.755s
2025-06-13 02:24:01,762 - INFO -   EHVI: 9984 candidates with 1000 MC samples
2025-06-13 02:27:04,656 - INFO -  EHVI time: 182.894s
f1 shape: (1,)
f2 shape: (1,)
2025-06-13 02:27:04,657 - INFO -  Selected idx=6835 (O=C(c1ccc(Br)cc1NS(=O)(=O)c1cc2ccccc2[nH]1)N1CCCCC1) → [0.10218978 0.13533528]
2025-06-13 02:27:04,668 - INFO -  Hypervolume: 0.1288
2025-06-13 02:27:04,668 - INFO - 
--- Iter 7 (train size (17, 2)) ---
2025-06-13 02:27:04,668 - INFO -  Inferred reference point at iter 7: [0.03399922918807811, -0.09999998324702228]
2025-06-13 02:27:04,669 - INFO -  Scoring full pool: 9983 candidates
2025-06-13 02:27:06,405 - INFO -  GP predict time: 1.735s
2025-06-13 02:27:06,405 - INFO -   EHVI: 9983 candidates with 1000 MC samples
2025-06-13 02:30:09,912 - INFO -  EHVI time: 183.507s
f1 shape: (1,)
f2 shape: (1,)
2025-06-13 02:30:09,913 - INFO -  Selected idx=5694 (CC(=O)Nc1ccc(S(=O)(=O)N2CCC(C(=O)NC3CCCC3)CC2)cc1) → [0.18548387 0.13533528]
2025-06-13 02:30:09,925 - INFO -  Hypervolume: 0.1369
2025-06-13 02:30:09,925 - INFO - 
--- Iter 8 (train size (18, 2)) ---
2025-06-13 02:30:09,925 - INFO -  Inferred reference point at iter 8: [0.030558755760368664, -0.09999998324702228]
2025-06-13 02:30:09,926 - INFO -  Scoring full pool: 9982 candidates
2025-06-13 02:30:11,787 - INFO -  GP predict time: 1.861s
2025-06-13 02:30:11,787 - INFO -   EHVI: 9982 candidates with 1000 MC samples
2025-06-13 02:33:50,817 - INFO -  EHVI time: 219.030s
f1 shape: (1,)
f2 shape: (1,)
2025-06-13 02:33:50,818 - INFO -  Selected idx=5756 (Cc1ccc(CN(C)C2CCN(C)CC2)cc1) → [0.11214953 0.13533528]
2025-06-13 02:33:50,832 - INFO -  Hypervolume: 0.1407
2025-06-13 02:33:50,832 - INFO - 
--- Iter 9 (train size (19, 2)) ---
2025-06-13 02:33:50,832 - INFO -  Inferred reference point at iter 9: [0.030558755760368664, -0.09999998324702228]
2025-06-13 02:33:50,833 - INFO -  Scoring full pool: 9981 candidates
2025-06-13 02:33:52,764 - INFO -  GP predict time: 1.931s
2025-06-13 02:33:52,764 - INFO -   EHVI: 9981 candidates with 1000 MC samples
2025-06-13 02:37:31,650 - INFO -  EHVI time: 218.885s
f1 shape: (1,)
f2 shape: (1,)
2025-06-13 02:37:31,651 - INFO -  Selected idx=6771 (CC(C)(O)c1ccc2c(c1)CCC1C2CCCN1C(=O)c1ccc2nc[nH]c2c1) → [0.13235294 0.13533528]
2025-06-13 02:37:31,663 - INFO -  Hypervolume: 0.1407
2025-06-13 02:37:31,663 - INFO - 
--- Iter 10 (train size (20, 2)) ---
2025-06-13 02:37:31,663 - INFO -  Inferred reference point at iter 10: [0.030558755760368664, -0.09999998324702228]
2025-06-13 02:37:31,664 - INFO -  Scoring full pool: 9980 candidates
2025-06-13 02:37:33,689 - INFO -  GP predict time: 2.024s
2025-06-13 02:37:33,689 - INFO -   EHVI: 9980 candidates with 1000 MC samples
2025-06-13 02:41:12,149 - INFO -  EHVI time: 218.460s
f1 shape: (1,)
f2 shape: (1,)
2025-06-13 02:41:12,151 - INFO -  Selected idx=7980 (N#CC1(NC(=O)C2CCCCC2C(=O)N2CCN(c3nc(C(F)(F)F)cs3)CC2)CC1) → [0.15441176 0.13533528]
2025-06-13 02:41:12,162 - INFO -  Hypervolume: 0.1407
2025-06-13 02:41:12,162 - INFO - 
--- Iter 11 (train size (21, 2)) ---
2025-06-13 02:41:12,162 - INFO -  Inferred reference point at iter 11: [0.030558755760368664, -0.09999998324702228]
2025-06-13 02:41:12,163 - INFO -  Scoring full pool: 9979 candidates
2025-06-13 02:41:14,194 - INFO -  GP predict time: 2.032s
2025-06-13 02:41:14,195 - INFO -   EHVI: 9979 candidates with 1000 MC samples
2025-06-13 02:44:52,630 - INFO -  EHVI time: 218.435s
f1 shape: (1,)
f2 shape: (1,)
2025-06-13 02:44:52,631 - INFO -  Selected idx=4563 (Cc1ccc(N2CCN(CC(=O)Nc3ccc(Br)cc3)CC2)cc1Cl) → [0.08396947 1.        ]
2025-06-13 02:44:52,644 - INFO -  Hypervolume: 0.1407
2025-06-13 02:44:52,644 - INFO - 
--- Iter 12 (train size (22, 2)) ---
2025-06-13 02:44:52,645 - INFO -  Inferred reference point at iter 12: [0.030558755760368664, -0.09999998324702228]
2025-06-13 02:44:52,646 - INFO -  Scoring full pool: 9978 candidates
2025-06-13 02:44:54,749 - INFO -  GP predict time: 2.104s
2025-06-13 02:44:54,750 - INFO -   EHVI: 9978 candidates with 1000 MC samples
2025-06-13 02:48:34,095 - INFO -  EHVI time: 219.346s
f1 shape: (1,)
f2 shape: (1,)
2025-06-13 02:48:34,097 - INFO -  Selected idx=7047 (COCc1ccc(C(=O)N2CCCN(Cc3ccc(F)cc3)CC2)s1) → [0.10852713 1.        ]
2025-06-13 02:48:34,109 - INFO -  Hypervolume: 0.1407
2025-06-13 02:48:34,109 - INFO - 
--- Iter 13 (train size (23, 2)) ---
2025-06-13 02:48:34,110 - INFO -  Inferred reference point at iter 13: [0.030558755760368664, -0.09999998324702228]
2025-06-13 02:48:34,111 - INFO -  Scoring full pool: 9977 candidates
2025-06-13 02:48:36,327 - INFO -  GP predict time: 2.216s
2025-06-13 02:48:36,327 - INFO -   EHVI: 9977 candidates with 1000 MC samples
2025-06-13 02:52:14,761 - INFO -  EHVI time: 218.434s
f1 shape: (1,)
f2 shape: (1,)
2025-06-13 02:52:14,762 - INFO -  Selected idx=9189 (Cn1ccc2cc(NC(=O)N3CCN(Cc4ccc(F)cc4)CC3)ccc21) → [0.07971014 0.13533528]
2025-06-13 02:52:14,775 - INFO -  Hypervolume: 0.1407
2025-06-13 02:52:14,775 - INFO - 
--- Iter 14 (train size (24, 2)) ---
2025-06-13 02:52:14,775 - INFO -  Inferred reference point at iter 14: [0.030558755760368664, -0.09999998324702228]
2025-06-13 02:52:14,776 - INFO -  Scoring full pool: 9976 candidates
2025-06-13 02:52:17,027 - INFO -  GP predict time: 2.251s
2025-06-13 02:52:17,027 - INFO -   EHVI: 9976 candidates with 1000 MC samples
2025-06-13 02:55:56,430 - INFO -  EHVI time: 219.403s
f1 shape: (1,)
f2 shape: (1,)
2025-06-13 02:55:56,432 - INFO -  Selected idx=1983 (CCCN(CCN1CCN(c2ccccc2)CC1)C1CCc2c(O)cccc2C1) → [0.10638298 1.        ]
2025-06-13 02:55:56,445 - INFO -  Hypervolume: 0.1407
2025-06-13 02:55:56,445 - INFO - 
--- Iter 15 (train size (25, 2)) ---
2025-06-13 02:55:56,445 - INFO -  Inferred reference point at iter 15: [0.030558755760368664, -0.09999998324702228]
2025-06-13 02:55:56,446 - INFO -  Scoring full pool: 9975 candidates
2025-06-13 02:55:58,814 - INFO -  GP predict time: 2.367s
2025-06-13 02:55:58,814 - INFO -   EHVI: 9975 candidates with 1000 MC samples
2025-06-13 02:59:38,008 - INFO -  EHVI time: 219.194s
f1 shape: (1,)
f2 shape: (1,)
2025-06-13 02:59:38,010 - INFO -  Selected idx=6309 (CCOC(=O)Nc1ccc(N2CCN(C(=O)c3ccccc3)CC2)cc1) → [0.1496063 1.       ]
2025-06-13 02:59:38,026 - INFO -  Hypervolume: 0.1407
2025-06-13 02:59:38,026 - INFO - 
--- Iter 16 (train size (26, 2)) ---
2025-06-13 02:59:38,026 - INFO -  Inferred reference point at iter 16: [0.030558755760368664, -0.09999998324702228]
2025-06-13 02:59:38,028 - INFO -  Scoring full pool: 9974 candidates
2025-06-13 02:59:40,591 - INFO -  GP predict time: 2.563s
2025-06-13 02:59:40,591 - INFO -   EHVI: 9974 candidates with 1000 MC samples
2025-06-13 03:03:19,750 - INFO -  EHVI time: 219.159s
f1 shape: (1,)
f2 shape: (1,)
2025-06-13 03:03:19,751 - INFO -  Selected idx=5464 (O=C(Cc1cccs1)Nc1ccc(N2CCOCC2)cc1) → [0.08130081 1.        ]
2025-06-13 03:03:19,766 - INFO -  Hypervolume: 0.1407
2025-06-13 03:03:19,766 - INFO - 
--- Iter 17 (train size (27, 2)) ---
2025-06-13 03:03:19,766 - INFO -  Inferred reference point at iter 17: [0.030558755760368664, -0.09999998324702228]
2025-06-13 03:03:19,767 - INFO -  Scoring full pool: 9973 candidates
2025-06-13 03:03:22,285 - INFO -  GP predict time: 2.518s
2025-06-13 03:03:22,285 - INFO -   EHVI: 9973 candidates with 1000 MC samples
2025-06-13 03:07:02,687 - INFO -  EHVI time: 220.402s
f1 shape: (1,)
f2 shape: (1,)
2025-06-13 03:07:02,688 - INFO -  Selected idx=5054 (O=C(c1ccc(F)cc1)N1CCN(c2ccc(OC3CCN(C4CCCC4)CC3)cc2)C(=O)C1) → [0.12582781 1.        ]
2025-06-13 03:07:02,705 - INFO -  Hypervolume: 0.1407
2025-06-13 03:07:02,705 - INFO - 
--- Iter 18 (train size (28, 2)) ---
2025-06-13 03:07:02,705 - INFO -  Inferred reference point at iter 18: [0.030558755760368664, -0.09999998324702228]
2025-06-13 03:07:02,707 - INFO -  Scoring full pool: 9972 candidates
2025-06-13 03:07:05,249 - INFO -  GP predict time: 2.543s
2025-06-13 03:07:05,249 - INFO -   EHVI: 9972 candidates with 1000 MC samples
2025-06-13 03:10:43,775 - INFO -  EHVI time: 218.525s
f1 shape: (1,)
f2 shape: (1,)
2025-06-13 03:10:43,776 - INFO -  Selected idx=7844 (CC1CCN(C(=O)c2ccc(S(=O)(=O)N3CCOCC3)cc2)CC1) → [0.12096774 0.13533528]
2025-06-13 03:10:43,792 - INFO -  Hypervolume: 0.1407
2025-06-13 03:10:43,792 - INFO - 
--- Iter 19 (train size (29, 2)) ---
2025-06-13 03:10:43,792 - INFO -  Inferred reference point at iter 19: [0.030558755760368664, -0.09999998324702228]
2025-06-13 03:10:43,793 - INFO -  Scoring full pool: 9971 candidates
2025-06-13 03:10:46,521 - INFO -  GP predict time: 2.727s
2025-06-13 03:10:46,521 - INFO -   EHVI: 9971 candidates with 1000 MC samples
2025-06-13 03:14:24,971 - INFO -  EHVI time: 218.450s
f1 shape: (1,)
f2 shape: (1,)
2025-06-13 03:14:24,972 - INFO -  Selected idx=7469 (CCN1CCN(c2ccc(NC(=O)C=Cc3ccc([N+](=O)[O-])cc3)cc2)CC1) → [0.0942029 1.       ]
2025-06-13 03:14:24,989 - INFO -  Hypervolume: 0.1407
2025-06-13 03:14:24,989 - INFO - 
--- Iter 20 (train size (30, 2)) ---
2025-06-13 03:14:24,989 - INFO -  Inferred reference point at iter 20: [0.030558755760368664, -0.09999998324702228]
2025-06-13 03:14:24,990 - INFO -  Scoring full pool: 9970 candidates
2025-06-13 03:14:27,790 - INFO -  GP predict time: 2.799s
2025-06-13 03:14:27,790 - INFO -   EHVI: 9970 candidates with 1000 MC samples
2025-06-13 03:18:05,952 - INFO -  EHVI time: 218.162s
f1 shape: (1,)
f2 shape: (1,)
2025-06-13 03:18:05,953 - INFO -  Selected idx=2599 (CC(=O)c1ccc(N2CCN(Cc3cccs3)CC2)cc1) → [0.08196721 1.        ]
2025-06-13 03:18:05,971 - INFO -  Hypervolume: 0.1407
2025-06-13 03:18:05,971 - INFO - 
--- Iter 21 (train size (31, 2)) ---
2025-06-13 03:18:05,972 - INFO -  Inferred reference point at iter 21: [0.030558755760368664, -0.09999998324702228]
2025-06-13 03:18:05,973 - INFO -  Scoring full pool: 9969 candidates
2025-06-13 03:18:08,859 - INFO -  GP predict time: 2.886s
2025-06-13 03:18:08,859 - INFO -   EHVI: 9969 candidates with 1000 MC samples
2025-06-13 03:21:47,782 - INFO -  EHVI time: 218.923s
f1 shape: (1,)
f2 shape: (1,)
2025-06-13 03:21:47,784 - INFO -  Selected idx=335 (O=C(CN1CCN(C(=O)c2ccccc2)CC1)Nc1ccc(Br)cn1) → [0.1 1. ]
2025-06-13 03:21:47,802 - INFO -  Hypervolume: 0.1407
2025-06-13 03:21:47,802 - INFO - 
--- Iter 22 (train size (32, 2)) ---
2025-06-13 03:21:47,802 - INFO -  Inferred reference point at iter 22: [0.030558755760368664, -0.09999998324702228]
2025-06-13 03:21:47,803 - INFO -  Scoring full pool: 9968 candidates
2025-06-13 03:21:50,885 - INFO -  GP predict time: 3.082s
2025-06-13 03:21:50,885 - INFO -   EHVI: 9968 candidates with 1000 MC samples
2025-06-13 03:25:30,046 - INFO -  EHVI time: 219.161s
f1 shape: (1,)
f2 shape: (1,)
2025-06-13 03:25:30,048 - INFO -  Selected idx=7977 (Fc1ccc(C(CN2CCN(CCCCc3cccc4ccccc34)CC2)N2CCN(C3CC3)CC2)cc1) → [0.07647059 0.13533528]
2025-06-13 03:25:30,067 - INFO -  Hypervolume: 0.1407
2025-06-13 03:25:30,067 - INFO - 
--- Iter 23 (train size (33, 2)) ---
2025-06-13 03:25:30,067 - INFO -  Inferred reference point at iter 23: [0.030558755760368664, -0.09999998324702228]
2025-06-13 03:25:30,069 - INFO -  Scoring full pool: 9967 candidates
2025-06-13 03:25:33,234 - INFO -  GP predict time: 3.165s
2025-06-13 03:25:33,234 - INFO -   EHVI: 9967 candidates with 1000 MC samples
2025-06-13 03:29:12,243 - INFO -  EHVI time: 219.008s
f1 shape: (1,)
f2 shape: (1,)
2025-06-13 03:29:12,244 - INFO -  Selected idx=3044 (CCN1C(=O)C(=O)N(CC(=O)N2CCN(c3ccccc3)CC2)C1=O) → [0.11023622 0.13533528]
2025-06-13 03:29:12,264 - INFO -  Hypervolume: 0.1407
2025-06-13 03:29:12,264 - INFO - 
--- Iter 24 (train size (34, 2)) ---
2025-06-13 03:29:12,264 - INFO -  Inferred reference point at iter 24: [0.030558755760368664, -0.09999998324702228]
2025-06-13 03:29:12,266 - INFO -  Scoring full pool: 9966 candidates
2025-06-13 03:29:15,597 - INFO -  GP predict time: 3.331s
2025-06-13 03:29:15,597 - INFO -   EHVI: 9966 candidates with 1000 MC samples
2025-06-13 03:32:53,802 - INFO -  EHVI time: 218.205s
f1 shape: (1,)
f2 shape: (1,)
2025-06-13 03:32:53,804 - INFO -  Selected idx=5592 (Cc1occc1C(=O)N1CCN(c2ccc(Cl)cc2)CC1) → [0.07377049 1.        ]
2025-06-13 03:32:53,824 - INFO -  Hypervolume: 0.1407
2025-06-13 03:32:53,824 - INFO - 
--- Iter 25 (train size (35, 2)) ---
2025-06-13 03:32:53,824 - INFO -  Inferred reference point at iter 25: [0.030558755760368664, -0.09999998324702228]
2025-06-13 03:32:53,826 - INFO -  Scoring full pool: 9965 candidates
2025-06-13 03:32:57,013 - INFO -  GP predict time: 3.187s
2025-06-13 03:32:57,013 - INFO -   EHVI: 9965 candidates with 1000 MC samples
2025-06-13 03:36:35,948 - INFO -  EHVI time: 218.934s
f1 shape: (1,)
f2 shape: (1,)
2025-06-13 03:36:35,949 - INFO -  Selected idx=5750 ([H]c1ccc(N2CCN(CC(=O)Nc3c([H])cc([H])c(C)c3[H])CC2)c(C#N)c1) → [0.08333333 1.        ]
2025-06-13 03:36:35,971 - INFO -  Hypervolume: 0.1407
2025-06-13 03:36:35,971 - INFO - 
--- Iter 26 (train size (36, 2)) ---
2025-06-13 03:36:35,971 - INFO -  Inferred reference point at iter 26: [0.030558755760368664, -0.09999998324702228]
2025-06-13 03:36:35,972 - INFO -  Scoring full pool: 9964 candidates
2025-06-13 03:36:39,526 - INFO -  GP predict time: 3.554s
2025-06-13 03:36:39,526 - INFO -   EHVI: 9964 candidates with 1000 MC samples
2025-06-13 03:40:18,985 - INFO -  EHVI time: 219.458s
f1 shape: (1,)
f2 shape: (1,)
2025-06-13 03:40:18,986 - INFO -  Selected idx=8403 (COc1ccc(N2CCN(c3ccc(NC(=O)NN)cc3)CC2)cc1) → [0.08333333 1.        ]
2025-06-13 03:40:19,006 - INFO -  Hypervolume: 0.1407
2025-06-13 03:40:19,006 - INFO - 
--- Iter 27 (train size (37, 2)) ---
2025-06-13 03:40:19,006 - INFO -  Inferred reference point at iter 27: [0.030558755760368664, -0.09999998324702228]
2025-06-13 03:40:19,007 - INFO -  Scoring full pool: 9963 candidates
2025-06-13 03:40:22,378 - INFO -  GP predict time: 3.371s
2025-06-13 03:40:22,378 - INFO -   EHVI: 9963 candidates with 1000 MC samples
2025-06-13 03:44:02,015 - INFO -  EHVI time: 219.637s
f1 shape: (1,)
f2 shape: (1,)
2025-06-13 03:44:02,017 - INFO -  Selected idx=5785 (COc1ccc(NC(=O)CCN2CCN(CC=Cc3ccccc3)CC2)cc1) → [0.10071942 1.        ]
2025-06-13 03:44:02,038 - INFO -  Hypervolume: 0.1407
2025-06-13 03:44:02,038 - INFO - 
--- Iter 28 (train size (38, 2)) ---
2025-06-13 03:44:02,038 - INFO -  Inferred reference point at iter 28: [0.030558755760368664, -0.09999998324702228]
2025-06-13 03:44:02,039 - INFO -  Scoring full pool: 9962 candidates
2025-06-13 03:44:05,646 - INFO -  GP predict time: 3.607s
2025-06-13 03:44:05,647 - INFO -   EHVI: 9962 candidates with 1000 MC samples
2025-06-13 03:47:44,319 - INFO -  EHVI time: 218.673s
f1 shape: (1,)
f2 shape: (1,)
2025-06-13 03:47:44,321 - INFO -  Selected idx=1596 (COc1ccc(N2CCN(C(S)=Nc3ccc(C)cc3)CC2)cc1) → [0.06870229 1.        ]
2025-06-13 03:47:44,341 - INFO -  Hypervolume: 0.1407
2025-06-13 03:47:44,341 - INFO - 
--- Iter 29 (train size (39, 2)) ---
2025-06-13 03:47:44,341 - INFO -  Inferred reference point at iter 29: [0.030558755760368664, -0.09999998324702228]
2025-06-13 03:47:44,342 - INFO -  Scoring full pool: 9961 candidates
2025-06-13 03:47:47,742 - INFO -  GP predict time: 3.400s
2025-06-13 03:47:47,742 - INFO -   EHVI: 9961 candidates with 1000 MC samples
2025-06-13 03:51:27,013 - INFO -  EHVI time: 219.271s
f1 shape: (1,)
f2 shape: (1,)
2025-06-13 03:51:27,014 - INFO -  Selected idx=4256 (O=C(CSCc1ccccc1Cl)N1CCN(c2ccc(Cl)cc2)CC1) → [0.07518797 1.        ]
2025-06-13 03:51:27,034 - INFO -  Hypervolume: 0.1407
2025-06-13 03:51:27,034 - INFO - 
--- Iter 30 (train size (40, 2)) ---
2025-06-13 03:51:27,034 - INFO -  Inferred reference point at iter 30: [0.030558755760368664, -0.09999998324702228]
2025-06-13 03:51:27,035 - INFO -  Scoring full pool: 9960 candidates
2025-06-13 03:51:30,546 - INFO -  GP predict time: 3.511s
2025-06-13 03:51:30,546 - INFO -   EHVI: 9960 candidates with 1000 MC samples
2025-06-13 03:55:09,408 - INFO -  EHVI time: 218.862s
f1 shape: (1,)
f2 shape: (1,)
2025-06-13 03:55:09,409 - INFO -  Selected idx=6163 (O=C(Nc1ccc(-c2nnc(NCCCN3CCCCC3)o2)c(Cl)c1)c1ccccc1F) → [0.10067114 0.13533528]
2025-06-13 03:55:09,430 - INFO -  Hypervolume: 0.1407
2025-06-13 03:55:09,430 - INFO - 
--- Iter 31 (train size (41, 2)) ---
2025-06-13 03:55:09,430 - INFO -  Inferred reference point at iter 31: [0.030558755760368664, -0.09999998324702228]
2025-06-13 03:55:09,431 - INFO -  Scoring full pool: 9959 candidates
2025-06-13 03:55:13,080 - INFO -  GP predict time: 3.649s
2025-06-13 03:55:13,080 - INFO -   EHVI: 9959 candidates with 1000 MC samples
2025-06-13 03:58:51,532 - INFO -  EHVI time: 218.452s
f1 shape: (1,)
f2 shape: (1,)
2025-06-13 03:58:51,533 - INFO -  Selected idx=2191 (CC(=O)Nc1ccc(C=NNC(=O)CCN2CCN(c3ccccc3)CC2)cc1) → [0.10714286 1.        ]
2025-06-13 03:58:51,555 - INFO -  Hypervolume: 0.1407
2025-06-13 03:58:51,555 - INFO - 
--- Iter 32 (train size (42, 2)) ---
2025-06-13 03:58:51,555 - INFO -  Inferred reference point at iter 32: [0.030558755760368664, -0.09999998324702228]
2025-06-13 03:58:51,557 - INFO -  Scoring full pool: 9958 candidates
2025-06-13 03:58:55,416 - INFO -  GP predict time: 3.859s
2025-06-13 03:58:55,416 - INFO -   EHVI: 9958 candidates with 1000 MC samples
2025-06-13 04:02:34,206 - INFO -  EHVI time: 218.790s
f1 shape: (1,)
f2 shape: (1,)
2025-06-13 04:02:34,208 - INFO -  Selected idx=8443 (O=C(NCC(Cc1ccccc1)N1CCC(O)(C(F)(F)F)CC1)C1(c2ccc(Cl)cc2)CC1) → [0.09395973 1.        ]
2025-06-13 04:02:34,232 - INFO -  Hypervolume: 0.1407
2025-06-13 04:02:34,232 - INFO - 
--- Iter 33 (train size (43, 2)) ---
2025-06-13 04:02:34,232 - INFO -  Inferred reference point at iter 33: [0.030558755760368664, -0.09999998324702228]
2025-06-13 04:02:34,234 - INFO -  Scoring full pool: 9957 candidates
2025-06-13 04:02:38,240 - INFO -  GP predict time: 4.007s
2025-06-13 04:02:38,241 - INFO -   EHVI: 9957 candidates with 1000 MC samples
2025-06-13 04:06:16,794 - INFO -  EHVI time: 218.553s
f1 shape: (1,)
f2 shape: (1,)
2025-06-13 04:06:16,796 - INFO -  Selected idx=7547 (O=C(c1cccs1)N1CCN(Cc2ccncc2)CC1) → [0.07438017 1.        ]
2025-06-13 04:06:16,819 - INFO -  Hypervolume: 0.1407
2025-06-13 04:06:16,819 - INFO - 
--- Iter 34 (train size (44, 2)) ---
2025-06-13 04:06:16,819 - INFO -  Inferred reference point at iter 34: [0.030558755760368664, -0.09999998324702228]
2025-06-13 04:06:16,821 - INFO -  Scoring full pool: 9956 candidates
2025-06-13 04:06:20,682 - INFO -  GP predict time: 3.861s
2025-06-13 04:06:20,682 - INFO -   EHVI: 9956 candidates with 1000 MC samples
2025-06-13 04:09:59,499 - INFO -  EHVI time: 218.817s
f1 shape: (1,)
f2 shape: (1,)
2025-06-13 04:09:59,500 - INFO -  Selected idx=9936 (CCS(=O)(=O)NC(C)C(c1cccs1)N1CCN(c2ccc(F)cc2)CC1) → [0.11363636 1.        ]
2025-06-13 04:09:59,524 - INFO -  Hypervolume: 0.1407
2025-06-13 04:09:59,524 - INFO - 
--- Iter 35 (train size (45, 2)) ---
2025-06-13 04:09:59,524 - INFO -  Inferred reference point at iter 35: [0.030558755760368664, -0.09999998324702228]
2025-06-13 04:09:59,526 - INFO -  Scoring full pool: 9955 candidates
2025-06-13 04:10:03,564 - INFO -  GP predict time: 4.038s
2025-06-13 04:10:03,564 - INFO -   EHVI: 9955 candidates with 1000 MC samples
2025-06-13 04:13:42,311 - INFO -  EHVI time: 218.746s
f1 shape: (1,)
f2 shape: (1,)
2025-06-13 04:13:42,312 - INFO -  Selected idx=7345 (O=C1CC(c2ccccc2Br)C(=O)N1CN1CCN(c2ccc(Cl)cc2)CC1) → [0.07092199 1.        ]
2025-06-13 04:13:42,338 - INFO -  Hypervolume: 0.1407
2025-06-13 04:13:42,338 - INFO - 
--- Iter 36 (train size (46, 2)) ---
2025-06-13 04:13:42,339 - INFO -  Inferred reference point at iter 36: [0.030558755760368664, -0.09999998324702228]
2025-06-13 04:13:42,340 - INFO -  Scoring full pool: 9954 candidates
2025-06-13 04:13:46,399 - INFO -  GP predict time: 4.058s
2025-06-13 04:13:46,399 - INFO -   EHVI: 9954 candidates with 1000 MC samples
2025-06-13 04:17:24,688 - INFO -  EHVI time: 218.289s
f1 shape: (1,)
f2 shape: (1,)
2025-06-13 04:17:24,690 - INFO -  Selected idx=4640 (COC(=O)NCC(c1ccco1)N1CCN(c2ccc(F)cc2)CC1) → [0.1 1. ]
2025-06-13 04:17:24,720 - INFO -  Hypervolume: 0.1407
2025-06-13 04:17:24,720 - INFO - 
--- Iter 37 (train size (47, 2)) ---
2025-06-13 04:17:24,720 - INFO -  Inferred reference point at iter 37: [0.030558755760368664, -0.09999998324702228]
2025-06-13 04:17:24,722 - INFO -  Scoring full pool: 9953 candidates
2025-06-13 04:17:29,026 - INFO -  GP predict time: 4.304s
2025-06-13 04:17:29,026 - INFO -   EHVI: 9953 candidates with 1000 MC samples
2025-06-13 04:21:07,508 - INFO -  EHVI time: 218.481s
f1 shape: (1,)
f2 shape: (1,)
2025-06-13 04:21:07,510 - INFO -  Selected idx=7879 (CCOc1nc2ccccc2nc1C(=O)N1CCN(c2ccc(Cl)cc2)CC1) → [0.09352518 0.13533528]
2025-06-13 04:21:07,538 - INFO -  Hypervolume: 0.1407
2025-06-13 04:21:07,538 - INFO - 
--- Iter 38 (train size (48, 2)) ---
2025-06-13 04:21:07,538 - INFO -  Inferred reference point at iter 38: [0.030558755760368664, -0.09999998324702228]
2025-06-13 04:21:07,540 - INFO -  Scoring full pool: 9952 candidates
2025-06-13 04:21:11,905 - INFO -  GP predict time: 4.365s
2025-06-13 04:21:11,905 - INFO -   EHVI: 9952 candidates with 1000 MC samples
2025-06-13 04:24:51,168 - INFO -  EHVI time: 219.263s
f1 shape: (1,)
f2 shape: (1,)
2025-06-13 04:24:51,170 - INFO -  Selected idx=8045 (CC(=O)N1CCN(c2ccc(NC(=O)c3ccco3)cc2)CC1) → [0.10483871 1.        ]
2025-06-13 04:24:51,198 - INFO -  Hypervolume: 0.1407
2025-06-13 04:24:51,198 - INFO - 
--- Iter 39 (train size (49, 2)) ---
2025-06-13 04:24:51,198 - INFO -  Inferred reference point at iter 39: [0.030558755760368664, -0.09999998324702228]
2025-06-13 04:24:51,200 - INFO -  Scoring full pool: 9951 candidates
2025-06-13 04:24:55,521 - INFO -  GP predict time: 4.321s
2025-06-13 04:24:55,521 - INFO -   EHVI: 9951 candidates with 1000 MC samples
2025-06-13 04:28:35,926 - INFO -  EHVI time: 220.405s
f1 shape: (1,)
f2 shape: (1,)
2025-06-13 04:28:35,928 - INFO -  Selected idx=3297 (Cc1nc2ccn(Cc3cccs3)c(=O)c2cc1C(=O)N1CCN(c2ccccc2)CC1) → [0.07189542 0.00033546]
2025-06-13 04:28:35,958 - INFO -  Hypervolume: 0.1407
2025-06-13 04:28:35,958 - INFO - 
--- Iter 40 (train size (50, 2)) ---
2025-06-13 04:28:35,958 - INFO -  Inferred reference point at iter 40: [0.030558755760368664, -0.09999998324702228]
2025-06-13 04:28:35,960 - INFO -  Scoring full pool: 9950 candidates
2025-06-13 04:28:40,484 - INFO -  GP predict time: 4.525s
2025-06-13 04:28:40,485 - INFO -   EHVI: 9950 candidates with 1000 MC samples
2025-06-13 04:32:19,159 - INFO -  EHVI time: 218.675s
f1 shape: (1,)
f2 shape: (1,)
2025-06-13 04:32:19,161 - INFO -  Selected idx=3432 (COc1ccc(N2CCN(C3CCCN(Cc4cccc(C)c4)C3)CC2)cc1) → [0.09285714 1.        ]
2025-06-13 04:32:19,188 - INFO -  Hypervolume: 0.1407
2025-06-13 04:32:19,188 - INFO - 
--- Iter 41 (train size (51, 2)) ---
2025-06-13 04:32:19,188 - INFO -  Inferred reference point at iter 41: [0.030558755760368664, -0.09999998324702228]
2025-06-13 04:32:19,190 - INFO -  Scoring full pool: 9949 candidates
2025-06-13 04:32:23,703 - INFO -  GP predict time: 4.513s
2025-06-13 04:32:23,703 - INFO -   EHVI: 9949 candidates with 1000 MC samples
2025-06-13 04:36:02,734 - INFO -  EHVI time: 219.031s
f1 shape: (1,)
f2 shape: (1,)
2025-06-13 04:36:02,736 - INFO -  Selected idx=7865 (Cc1cccc(CS(=O)(=O)NCc2ccc(N3CCCC3)cc2)c1) → [0.1023622 1.       ]
2025-06-13 04:36:02,765 - INFO -  Hypervolume: 0.1407
2025-06-13 04:36:02,765 - INFO - 
--- Iter 42 (train size (52, 2)) ---
2025-06-13 04:36:02,765 - INFO -  Inferred reference point at iter 42: [0.030558755760368664, -0.09999998324702228]
2025-06-13 04:36:02,767 - INFO -  Scoring full pool: 9948 candidates
2025-06-13 04:36:07,231 - INFO -  GP predict time: 4.464s
2025-06-13 04:36:07,232 - INFO -   EHVI: 9948 candidates with 1000 MC samples
2025-06-13 04:39:45,328 - INFO -  EHVI time: 218.097s
f1 shape: (1,)
f2 shape: (1,)
2025-06-13 04:39:45,330 - INFO -  Selected idx=9408 (CC(C)(O)C(NC(=O)N1CCN(c2ccc(C#Cc3ccccc3)cc2)CC1)C(=O)NO) → [0.11034483 1.        ]
2025-06-13 04:39:45,362 - INFO -  Hypervolume: 0.1407
2025-06-13 04:39:45,362 - INFO - 
--- Iter 43 (train size (53, 2)) ---
2025-06-13 04:39:45,362 - INFO -  Inferred reference point at iter 43: [0.030558755760368664, -0.09999998324702228]
2025-06-13 04:39:45,364 - INFO -  Scoring full pool: 9947 candidates
2025-06-13 04:39:50,131 - INFO -  GP predict time: 4.766s
2025-06-13 04:39:50,131 - INFO -   EHVI: 9947 candidates with 1000 MC samples
2025-06-13 04:43:28,592 - INFO -  EHVI time: 218.461s
f1 shape: (1,)
f2 shape: (1,)
2025-06-13 04:43:28,593 - INFO -  Selected idx=7884 (Cc1cccc(C(=O)N2CCCC(N3CCN(c4ccccc4)CC3)C2)n1) → [0.09489051 1.        ]
2025-06-13 04:43:28,626 - INFO -  Hypervolume: 0.1407
2025-06-13 04:43:28,626 - INFO - 
--- Iter 44 (train size (54, 2)) ---
2025-06-13 04:43:28,626 - INFO -  Inferred reference point at iter 44: [0.030558755760368664, -0.09999998324702228]
2025-06-13 04:43:28,628 - INFO -  Scoring full pool: 9946 candidates
2025-06-13 04:43:33,514 - INFO -  GP predict time: 4.886s
2025-06-13 04:43:33,514 - INFO -   EHVI: 9946 candidates with 1000 MC samples
2025-06-13 04:47:12,188 - INFO -  EHVI time: 218.674s
f1 shape: (1,)
f2 shape: (1,)
2025-06-13 04:47:12,190 - INFO -  Selected idx=1078 (Cc1cccc(Cl)c1NC(=O)N1CCCN(c2ncccc2[N+](=O)[O-])CC1) → [0.09701493 1.        ]
2025-06-13 04:47:12,433 - INFO -  Hypervolume: 0.1407
2025-06-13 04:47:12,433 - INFO - 
--- Iter 45 (train size (55, 2)) ---
2025-06-13 04:47:12,433 - INFO -  Inferred reference point at iter 45: [0.030558755760368664, -0.09999998324702228]
2025-06-13 04:47:12,435 - INFO -  Scoring full pool: 9945 candidates
2025-06-13 04:47:17,279 - INFO -  GP predict time: 4.844s
2025-06-13 04:47:17,279 - INFO -   EHVI: 9945 candidates with 1000 MC samples
2025-06-13 04:50:57,333 - INFO -  EHVI time: 220.053s
f1 shape: (1,)
f2 shape: (1,)
2025-06-13 04:50:57,335 - INFO -  Selected idx=6073 (O=C(c1cc([N+](=O)[O-])ccc1N1CCOCC1)N1CCN(c2ccc(C(F)(F)F)cc2)CC1) → [0.06493506 1.        ]
2025-06-13 04:50:57,370 - INFO -  Hypervolume: 0.1407
2025-06-13 04:50:57,370 - INFO - 
--- Iter 46 (train size (56, 2)) ---
2025-06-13 04:50:57,370 - INFO -  Inferred reference point at iter 46: [0.030558755760368664, -0.09999998324702228]
2025-06-13 04:50:57,372 - INFO -  Scoring full pool: 9944 candidates
2025-06-13 04:51:02,294 - INFO -  GP predict time: 4.922s
2025-06-13 04:51:02,294 - INFO -   EHVI: 9944 candidates with 1000 MC samples
2025-06-13 04:54:40,957 - INFO -  EHVI time: 218.663s
f1 shape: (1,)
f2 shape: (1,)
2025-06-13 04:54:40,959 - INFO -  Selected idx=6082 (COc1ncccc1C(=O)N1CCCC(N2CCN(c3ccc(F)cc3)CC2)C1) → [0.09929078 1.        ]
2025-06-13 04:54:40,993 - INFO -  Hypervolume: 0.1407
2025-06-13 04:54:40,994 - INFO - 
--- Iter 47 (train size (57, 2)) ---
2025-06-13 04:54:40,994 - INFO -  Inferred reference point at iter 47: [0.030558755760368664, -0.09999998324702228]
2025-06-13 04:54:40,996 - INFO -  Scoring full pool: 9943 candidates
2025-06-13 04:54:46,207 - INFO -  GP predict time: 5.211s
2025-06-13 04:54:46,207 - INFO -   EHVI: 9943 candidates with 1000 MC samples
2025-06-13 04:58:24,655 - INFO -  EHVI time: 218.449s
f1 shape: (1,)
f2 shape: (1,)
2025-06-13 04:58:24,657 - INFO -  Selected idx=3065 (CC(C)(C)C(=O)Nc1ccc(N2CCN(Cc3ccccc3)CC2)c(Cl)c1) → [0.09701493 1.        ]
2025-06-13 04:58:24,693 - INFO -  Hypervolume: 0.1407
2025-06-13 04:58:24,693 - INFO - 
--- Iter 48 (train size (58, 2)) ---
2025-06-13 04:58:24,693 - INFO -  Inferred reference point at iter 48: [0.030558755760368664, -0.09999998324702228]
2025-06-13 04:58:24,695 - INFO -  Scoring full pool: 9942 candidates
2025-06-13 04:58:29,850 - INFO -  GP predict time: 5.154s
2025-06-13 04:58:29,850 - INFO -   EHVI: 9942 candidates with 1000 MC samples
2025-06-13 05:02:08,596 - INFO -  EHVI time: 218.746s
f1 shape: (1,)
f2 shape: (1,)
2025-06-13 05:02:08,598 - INFO -  Selected idx=1717 (O=C(Nc1ccccc1)C1CCCN(C(=O)c2ccc(F)cc2)C1) → [0.12 1.  ]
2025-06-13 05:02:08,634 - INFO -  Hypervolume: 0.1407
2025-06-13 05:02:08,634 - INFO - 
--- Iter 49 (train size (59, 2)) ---
2025-06-13 05:02:08,634 - INFO -  Inferred reference point at iter 49: [0.030558755760368664, -0.09999998324702228]
2025-06-13 05:02:08,636 - INFO -  Scoring full pool: 9941 candidates
2025-06-13 05:02:13,794 - INFO -  GP predict time: 5.158s
2025-06-13 05:02:13,794 - INFO -   EHVI: 9941 candidates with 1000 MC samples
2025-06-13 05:05:51,777 - INFO -  EHVI time: 217.983s
f1 shape: (1,)
f2 shape: (1,)
2025-06-13 05:05:51,779 - INFO -  Selected idx=4105 (CCNC(=O)C1(C)CCN(C(=O)c2ccc(OC(F)F)cc2)C1) → [0.14529915 0.13533528]
2025-06-13 05:05:51,815 - INFO -  Hypervolume: 0.1407
2025-06-13 05:05:51,815 - INFO - 
--- Iter 50 (train size (60, 2)) ---
2025-06-13 05:05:51,815 - INFO -  Inferred reference point at iter 50: [0.030558755760368664, -0.09999998324702228]
2025-06-13 05:05:51,817 - INFO -  Scoring full pool: 9940 candidates
2025-06-13 05:05:56,819 - INFO -  GP predict time: 5.002s
2025-06-13 05:05:56,820 - INFO -   EHVI: 9940 candidates with 1000 MC samples
2025-06-13 05:09:35,398 - INFO -  EHVI time: 218.578s
f1 shape: (1,)
f2 shape: (1,)
2025-06-13 05:09:35,399 - INFO -  Selected idx=2226 (CN1CCN(c2cc(CNC(=O)c3ccc(=O)[nH]n3)ccn2)CC1) → [0.09375 1.     ]
2025-06-13 05:09:35,437 - INFO -  Hypervolume: 0.1407
2025-06-13 05:09:35,437 - INFO - 
--- Iter 51 (train size (61, 2)) ---
2025-06-13 05:09:35,437 - INFO -  Inferred reference point at iter 51: [0.030558755760368664, -0.09999998324702228]
2025-06-13 05:09:35,439 - INFO -  Scoring full pool: 9939 candidates
2025-06-13 05:09:40,772 - INFO -  GP predict time: 5.333s
2025-06-13 05:09:40,772 - INFO -   EHVI: 9939 candidates with 1000 MC samples
2025-06-13 05:13:19,383 - INFO -  EHVI time: 218.611s
f1 shape: (1,)
f2 shape: (1,)
2025-06-13 05:13:19,385 - INFO -  Selected idx=7773 (CN(C)C(=O)c1ccc(-c2ccc(C3C(CO)N4CCCCN(CC5CC5)CC34)cc2)cc1) → [0.15384615 1.        ]
2025-06-13 05:13:19,423 - INFO -  Hypervolume: 0.1431
2025-06-13 05:13:19,423 - INFO - 
--- Iter 52 (train size (62, 2)) ---
2025-06-13 05:13:19,423 - INFO -  Inferred reference point at iter 52: [0.030558755760368664, -0.09999998324702228]
2025-06-13 05:13:19,426 - INFO -  Scoring full pool: 9938 candidates
2025-06-13 05:13:24,754 - INFO -  GP predict time: 5.328s
2025-06-13 05:13:24,754 - INFO -   EHVI: 9938 candidates with 1000 MC samples
2025-06-13 05:17:02,657 - INFO -  EHVI time: 217.902s
f1 shape: (1,)
f2 shape: (1,)
2025-06-13 05:17:02,658 - INFO -  Selected idx=8343 (COc1cnc(N2CCCN(c3ccc(F)cc3)CC2)nc1) → [0.07142857 1.        ]
2025-06-13 05:17:02,697 - INFO -  Hypervolume: 0.1431
2025-06-13 05:17:02,697 - INFO - 
--- Iter 53 (train size (63, 2)) ---
2025-06-13 05:17:02,698 - INFO -  Inferred reference point at iter 53: [0.030558755760368664, -0.09999998324702228]
2025-06-13 05:17:02,700 - INFO -  Scoring full pool: 9937 candidates
2025-06-13 05:17:08,113 - INFO -  GP predict time: 5.413s
2025-06-13 05:17:08,113 - INFO -   EHVI: 9937 candidates with 1000 MC samples
2025-06-13 05:20:47,437 - INFO -  EHVI time: 219.324s
f1 shape: (1,)
f2 shape: (1,)
2025-06-13 05:20:47,439 - INFO -  Selected idx=9476 (O=C(Cc1cscn1)N1CCOc2ccc(CN3CCN(c4ccccn4)CC3)cc2C1) → [0.07096774 0.13533528]
2025-06-13 05:20:47,475 - INFO -  Hypervolume: 0.1431
2025-06-13 05:20:47,475 - INFO - 
--- Iter 54 (train size (64, 2)) ---
2025-06-13 05:20:47,475 - INFO -  Inferred reference point at iter 54: [0.030558755760368664, -0.09999998324702228]
2025-06-13 05:20:47,478 - INFO -  Scoring full pool: 9936 candidates
2025-06-13 05:20:52,895 - INFO -  GP predict time: 5.417s
2025-06-13 05:20:52,895 - INFO -   EHVI: 9936 candidates with 1000 MC samples
2025-06-13 05:24:32,000 - INFO -  EHVI time: 219.105s
f1 shape: (1,)
f2 shape: (1,)
2025-06-13 05:24:32,001 - INFO -  Selected idx=2811 (COc1ccc(C2SCCN2C(=O)c2ccc([N+](=O)[O-])cc2)cc1) → [0.07751938 1.        ]
2025-06-13 05:24:32,039 - INFO -  Hypervolume: 0.1431
2025-06-13 05:24:32,039 - INFO - 
--- Iter 55 (train size (65, 2)) ---
2025-06-13 05:24:32,039 - INFO -  Inferred reference point at iter 55: [0.030558755760368664, -0.09999998324702228]
2025-06-13 05:24:32,041 - INFO -  Scoring full pool: 9935 candidates
2025-06-13 05:24:37,567 - INFO -  GP predict time: 5.525s
2025-06-13 05:24:37,567 - INFO -   EHVI: 9935 candidates with 1000 MC samples
2025-06-13 05:28:17,108 - INFO -  EHVI time: 219.541s
f1 shape: (1,)
f2 shape: (1,)
2025-06-13 05:28:17,110 - INFO -  Selected idx=8211 (O=C(C=Cc1ccc(O)c(O)c1)N1CCN(Cc2ccccc2)CC1) → [0.07518797 1.        ]
2025-06-13 05:28:17,151 - INFO -  Hypervolume: 0.1431
2025-06-13 05:28:17,151 - INFO - 
--- Iter 56 (train size (66, 2)) ---
2025-06-13 05:28:17,152 - INFO -  Inferred reference point at iter 56: [0.030558755760368664, -0.09999998324702228]
2025-06-13 05:28:17,154 - INFO -  Scoring full pool: 9934 candidates
2025-06-13 05:28:22,827 - INFO -  GP predict time: 5.673s
2025-06-13 05:28:22,827 - INFO -   EHVI: 9934 candidates with 1000 MC samples
2025-06-13 05:32:01,535 - INFO -  EHVI time: 218.707s
f1 shape: (1,)
f2 shape: (1,)
2025-06-13 05:32:01,537 - INFO -  Selected idx=3513 (O=C(Nc1ccccc1)N1CCCC2(CCN(C(=O)c3cccc(F)c3)CC2)C1) → [0.09929078 1.        ]
2025-06-13 05:32:01,580 - INFO -  Hypervolume: 0.1431
2025-06-13 05:32:01,580 - INFO - 
--- Iter 57 (train size (67, 2)) ---
2025-06-13 05:32:01,580 - INFO -  Inferred reference point at iter 57: [0.030558755760368664, -0.09999998324702228]
2025-06-13 05:32:01,582 - INFO -  Scoring full pool: 9933 candidates
2025-06-13 05:32:07,278 - INFO -  GP predict time: 5.695s
2025-06-13 05:32:07,278 - INFO -   EHVI: 9933 candidates with 1000 MC samples
2025-06-13 05:35:46,143 - INFO -  EHVI time: 218.865s
f1 shape: (1,)
f2 shape: (1,)
2025-06-13 05:35:46,144 - INFO -  Selected idx=9281 (CC(C)C(=O)N1CCN(c2ccc([N+](=O)[O-])c(NC(C)c3ccccc3)c2)CC1) → [0.12592593 1.        ]
2025-06-13 05:35:46,185 - INFO -  Hypervolume: 0.1431
2025-06-13 05:35:46,185 - INFO - 
--- Iter 58 (train size (68, 2)) ---
2025-06-13 05:35:46,185 - INFO -  Inferred reference point at iter 58: [0.030558755760368664, -0.09999998324702228]
2025-06-13 05:35:46,187 - INFO -  Scoring full pool: 9932 candidates
2025-06-13 05:35:51,729 - INFO -  GP predict time: 5.542s
2025-06-13 05:35:51,729 - INFO -   EHVI: 9932 candidates with 1000 MC samples
2025-06-13 05:39:31,263 - INFO -  EHVI time: 219.534s
f1 shape: (1,)
f2 shape: (1,)
2025-06-13 05:39:31,265 - INFO -  Selected idx=7282 (CCN1CCC(NCc2ccc(-c3ccc(Cl)cc3)cc2)CC1) → [0.104 1.   ]
2025-06-13 05:39:31,308 - INFO -  Hypervolume: 0.1431
2025-06-13 05:39:31,308 - INFO - 
--- Iter 59 (train size (69, 2)) ---
2025-06-13 05:39:31,308 - INFO -  Inferred reference point at iter 59: [0.030558755760368664, -0.09999998324702228]
2025-06-13 05:39:31,310 - INFO -  Scoring full pool: 9931 candidates
2025-06-13 05:39:37,165 - INFO -  GP predict time: 5.855s
2025-06-13 05:39:37,165 - INFO -   EHVI: 9931 candidates with 1000 MC samples
2025-06-13 05:43:15,892 - INFO -  EHVI time: 218.727s
f1 shape: (1,)
f2 shape: (1,)
2025-06-13 05:43:15,893 - INFO -  Selected idx=1818 (N#Cc1cccc(C(=O)C(=O)N2CCCN(Cc3ccc(F)cc3)CC2)c1) → [0.10447761 1.        ]
2025-06-13 05:43:15,936 - INFO -  Hypervolume: 0.1431
2025-06-13 05:43:15,936 - INFO - 
--- Iter 60 (train size (70, 2)) ---
2025-06-13 05:43:15,936 - INFO -  Inferred reference point at iter 60: [0.030558755760368664, -0.09999998324702228]
2025-06-13 05:43:15,938 - INFO -  Scoring full pool: 9930 candidates
2025-06-13 05:43:21,708 - INFO -  GP predict time: 5.770s
2025-06-13 05:43:21,708 - INFO -   EHVI: 9930 candidates with 1000 MC samples
2025-06-13 05:46:59,668 - INFO -  EHVI time: 217.960s
f1 shape: (1,)
f2 shape: (1,)
2025-06-13 05:46:59,670 - INFO -  Selected idx=3051 (O=C(C1CCS(=O)(=O)CC1)N1CCN(c2cnc(C(F)(F)F)cn2)CC1c1ccc(F)cc1) → [0.10135135 1.        ]
2025-06-13 05:46:59,716 - INFO -  Hypervolume: 0.1431
2025-06-13 05:46:59,716 - INFO - 
--- Iter 61 (train size (71, 2)) ---
2025-06-13 05:46:59,716 - INFO -  Inferred reference point at iter 61: [0.030558755760368664, -0.09999998324702228]
2025-06-13 05:46:59,719 - INFO -  Scoring full pool: 9929 candidates
2025-06-13 05:47:05,949 - INFO -  GP predict time: 6.230s
2025-06-13 05:47:05,949 - INFO -   EHVI: 9929 candidates with 1000 MC samples
2025-06-13 05:50:44,550 - INFO -  EHVI time: 218.601s
f1 shape: (1,)
f2 shape: (1,)
2025-06-13 05:50:44,552 - INFO -  Selected idx=5614 (COc1ccc(C2CCCN2C(=O)c2cccs2)cc1) → [0.1025641 1.       ]
2025-06-13 05:50:44,599 - INFO -  Hypervolume: 0.1431
2025-06-13 05:50:44,599 - INFO - 
--- Iter 62 (train size (72, 2)) ---
2025-06-13 05:50:44,599 - INFO -  Inferred reference point at iter 62: [0.030558755760368664, -0.09999998324702228]
2025-06-13 05:50:44,602 - INFO -  Scoring full pool: 9928 candidates
2025-06-13 05:50:50,726 - INFO -  GP predict time: 6.124s
2025-06-13 05:50:50,726 - INFO -   EHVI: 9928 candidates with 1000 MC samples
2025-06-13 05:54:30,037 - INFO -  EHVI time: 219.311s
f1 shape: (1,)
f2 shape: (1,)
2025-06-13 05:54:30,038 - INFO -  Selected idx=2016 (CCCN=C(S)N1CCC(NC(=O)c2cccc(C)c2)CC1) → [0.16666667 0.13533528]
2025-06-13 05:54:30,087 - INFO -  Hypervolume: 0.1431
2025-06-13 05:54:30,087 - INFO - 
--- Iter 63 (train size (73, 2)) ---
2025-06-13 05:54:30,087 - INFO -  Inferred reference point at iter 63: [0.030558755760368664, -0.09999998324702228]
2025-06-13 05:54:30,090 - INFO -  Scoring full pool: 9927 candidates
2025-06-13 05:54:36,286 - INFO -  GP predict time: 6.196s
2025-06-13 05:54:36,286 - INFO -   EHVI: 9927 candidates with 1000 MC samples
2025-06-13 05:58:16,936 - INFO -  EHVI time: 220.649s
f1 shape: (1,)
f2 shape: (1,)
2025-06-13 05:58:16,937 - INFO -  Selected idx=5079 (O=C(NCCCc1ccco1)c1ccc(N2CCOCC2)cc1) → [0.09448819 1.        ]
2025-06-13 05:58:16,987 - INFO -  Hypervolume: 0.1431
2025-06-13 05:58:16,987 - INFO - 
--- Iter 64 (train size (74, 2)) ---
2025-06-13 05:58:16,987 - INFO -  Inferred reference point at iter 64: [0.030558755760368664, -0.09999998324702228]
2025-06-13 05:58:16,990 - INFO -  Scoring full pool: 9926 candidates
2025-06-13 05:58:23,446 - INFO -  GP predict time: 6.457s
2025-06-13 05:58:23,446 - INFO -   EHVI: 9926 candidates with 1000 MC samples
2025-06-13 06:02:01,779 - INFO -  EHVI time: 218.332s
f1 shape: (1,)
f2 shape: (1,)
2025-06-13 06:02:01,781 - INFO -  Selected idx=6202 (O=C(Nc1ccccc1N1CCNCC1)c1csc(N2CCCc3ccccc32)n1) → [0.0738255  0.13533528]
2025-06-13 06:02:01,831 - INFO -  Hypervolume: 0.1431
2025-06-13 06:02:01,831 - INFO - 
--- Iter 65 (train size (75, 2)) ---
2025-06-13 06:02:01,831 - INFO -  Inferred reference point at iter 65: [0.030558755760368664, -0.09999998324702228]
2025-06-13 06:02:01,834 - INFO -  Scoring full pool: 9925 candidates
2025-06-13 06:02:08,400 - INFO -  GP predict time: 6.566s
2025-06-13 06:02:08,401 - INFO -   EHVI: 9925 candidates with 1000 MC samples
2025-06-13 06:05:46,824 - INFO -  EHVI time: 218.423s
f1 shape: (1,)
f2 shape: (1,)
2025-06-13 06:05:46,825 - INFO -  Selected idx=7631 (COc1ccc(N2CCN(S(=O)(=O)c3ccc4c(c3)CCCN4C(C)=O)CC2)cc1) → [0.10638298 1.        ]
2025-06-13 06:05:46,873 - INFO -  Hypervolume: 0.1431
2025-06-13 06:05:46,873 - INFO - 
--- Iter 66 (train size (76, 2)) ---
2025-06-13 06:05:46,873 - INFO -  Inferred reference point at iter 66: [0.030558755760368664, -0.09999998324702228]
2025-06-13 06:05:46,876 - INFO -  Scoring full pool: 9924 candidates
2025-06-13 06:05:53,294 - INFO -  GP predict time: 6.417s
2025-06-13 06:05:53,294 - INFO -   EHVI: 9924 candidates with 1000 MC samples
2025-06-13 06:09:31,637 - INFO -  EHVI time: 218.343s
f1 shape: (1,)
f2 shape: (1,)
2025-06-13 06:09:31,639 - INFO -  Selected idx=8996 (COc1cc(OC)cc(C(=O)Nc2ccc(N3CCN(C(=O)c4cccs4)CC3)cc2)c1) → [0.10135135 0.13533528]
2025-06-13 06:09:31,691 - INFO -  Hypervolume: 0.1431
2025-06-13 06:09:31,691 - INFO - 
--- Iter 67 (train size (77, 2)) ---
2025-06-13 06:09:31,691 - INFO -  Inferred reference point at iter 67: [0.030558755760368664, -0.09999998324702228]
2025-06-13 06:09:31,694 - INFO -  Scoring full pool: 9923 candidates
2025-06-13 06:09:38,457 - INFO -  GP predict time: 6.763s
2025-06-13 06:09:38,458 - INFO -   EHVI: 9923 candidates with 1000 MC samples
2025-06-13 06:13:16,561 - INFO -  EHVI time: 218.103s
f1 shape: (1,)
f2 shape: (1,)
2025-06-13 06:13:16,563 - INFO -  Selected idx=2553 (COc1ccc(C(=O)C=CC(=O)N2CCN(c3ccc(N4CC(CNC(C)=O)OC4=O)cc3F)CC2)cc1) → [0.13375796 1.        ]
2025-06-13 06:13:16,616 - INFO -  Hypervolume: 0.1431
2025-06-13 06:13:16,616 - INFO - 
--- Iter 68 (train size (78, 2)) ---
2025-06-13 06:13:16,616 - INFO -  Inferred reference point at iter 68: [0.030558755760368664, -0.09999998324702228]
2025-06-13 06:13:16,619 - INFO -  Scoring full pool: 9922 candidates
2025-06-13 06:13:23,452 - INFO -  GP predict time: 6.833s
2025-06-13 06:13:23,453 - INFO -   EHVI: 9922 candidates with 1000 MC samples
2025-06-13 06:17:02,114 - INFO -  EHVI time: 218.661s
f1 shape: (1,)
f2 shape: (1,)
2025-06-13 06:17:02,115 - INFO -  Selected idx=3109 (O=C1CC(N2CCN(c3cccc(C(F)(F)F)c3)CC2)C(=O)N1c1ccc(F)cc1) → [0.06164384 1.        ]
2025-06-13 06:17:02,165 - INFO -  Hypervolume: 0.1431
2025-06-13 06:17:02,165 - INFO - 
--- Iter 69 (train size (79, 2)) ---
2025-06-13 06:17:02,165 - INFO -  Inferred reference point at iter 69: [0.030558755760368664, -0.09999998324702228]
2025-06-13 06:17:02,168 - INFO -  Scoring full pool: 9921 candidates
2025-06-13 06:17:08,732 - INFO -  GP predict time: 6.564s
2025-06-13 06:17:08,733 - INFO -   EHVI: 9921 candidates with 1000 MC samples
2025-06-13 06:20:48,041 - INFO -  EHVI time: 219.308s
f1 shape: (1,)
f2 shape: (1,)
2025-06-13 06:20:48,043 - INFO -  Selected idx=8143 (COc1ccc(C=NNC(=O)c2ccncc2)cc1CN1CCN(c2ccc(F)cc2)CC1) → [0.07741935 0.13533528]
2025-06-13 06:20:48,098 - INFO -  Hypervolume: 0.1431
2025-06-13 06:20:48,098 - INFO - 
--- Iter 70 (train size (80, 2)) ---
2025-06-13 06:20:48,098 - INFO -  Inferred reference point at iter 70: [0.030558755760368664, -0.09999998324702228]
2025-06-13 06:20:48,101 - INFO -  Scoring full pool: 9920 candidates
2025-06-13 06:20:54,893 - INFO -  GP predict time: 6.791s
2025-06-13 06:20:54,893 - INFO -   EHVI: 9920 candidates with 1000 MC samples
2025-06-13 06:24:34,074 - INFO -  EHVI time: 219.181s
f1 shape: (1,)
f2 shape: (1,)
2025-06-13 06:24:34,075 - INFO -  Selected idx=8068 (COc1ccc(C(CNC(=O)Nc2ccc(Cl)cc2)N2CCN(C)CC2)cc1) → [0.10218978 1.        ]
2025-06-13 06:24:34,132 - INFO -  Hypervolume: 0.1431
2025-06-13 06:24:34,132 - INFO - 
--- Iter 71 (train size (81, 2)) ---
2025-06-13 06:24:34,132 - INFO -  Inferred reference point at iter 71: [0.030558755760368664, -0.09999998324702228]
2025-06-13 06:24:34,135 - INFO -  Scoring full pool: 9919 candidates
2025-06-13 06:24:41,198 - INFO -  GP predict time: 7.063s
2025-06-13 06:24:41,198 - INFO -   EHVI: 9919 candidates with 1000 MC samples
2025-06-13 06:28:20,150 - INFO -  EHVI time: 218.952s
f1 shape: (1,)
f2 shape: (1,)
2025-06-13 06:28:20,151 - INFO -  Selected idx=25 (O=C(CSc1ccc(Br)cc1)N1CCN(C(=O)c2ccco2)CC1) → [0.09375 1.     ]
2025-06-13 06:28:20,207 - INFO -  Hypervolume: 0.1431
2025-06-13 06:28:20,207 - INFO - 
--- Iter 72 (train size (82, 2)) ---
2025-06-13 06:28:20,207 - INFO -  Inferred reference point at iter 72: [0.030558755760368664, -0.09999998324702228]
2025-06-13 06:28:20,210 - INFO -  Scoring full pool: 9918 candidates
2025-06-13 06:28:27,110 - INFO -  GP predict time: 6.900s
2025-06-13 06:28:27,110 - INFO -   EHVI: 9918 candidates with 1000 MC samples
2025-06-13 06:32:06,719 - INFO -  EHVI time: 219.609s
f1 shape: (1,)
f2 shape: (1,)
2025-06-13 06:32:06,721 - INFO -  Selected idx=6535 (O=C(CNc1ccc(C(F)(F)F)cc1)Nc1cccc(S(=O)(=O)N2CCCC2)c1) → [0.10144928 1.        ]
2025-06-13 06:32:06,780 - INFO -  Hypervolume: 0.1431
2025-06-13 06:32:06,780 - INFO - 
--- Iter 73 (train size (83, 2)) ---
2025-06-13 06:32:06,780 - INFO -  Inferred reference point at iter 73: [0.030558755760368664, -0.09999998324702228]
2025-06-13 06:32:06,783 - INFO -  Scoring full pool: 9917 candidates
2025-06-13 06:32:13,811 - INFO -  GP predict time: 7.028s
2025-06-13 06:32:13,811 - INFO -   EHVI: 9917 candidates with 1000 MC samples
2025-06-13 06:35:53,266 - INFO -  EHVI time: 219.454s
f1 shape: (1,)
f2 shape: (1,)
2025-06-13 06:35:53,268 - INFO -  Selected idx=6881 (O=S(=O)(c1ccc(Br)cc1Cl)N1CCN(C(=S)NCc2ccccc2)CC1) → [0.0729927 1.       ]
2025-06-13 06:35:53,327 - INFO -  Hypervolume: 0.1431
2025-06-13 06:35:53,327 - INFO - 
--- Iter 74 (train size (84, 2)) ---
2025-06-13 06:35:53,327 - INFO -  Inferred reference point at iter 74: [0.030558755760368664, -0.09999998324702228]
2025-06-13 06:35:53,330 - INFO -  Scoring full pool: 9916 candidates
2025-06-13 06:36:00,420 - INFO -  GP predict time: 7.090s
2025-06-13 06:36:00,420 - INFO -   EHVI: 9916 candidates with 1000 MC samples
2025-06-13 06:39:38,684 - INFO -  EHVI time: 218.265s
f1 shape: (1,)
f2 shape: (1,)
2025-06-13 06:39:38,686 - INFO -  Selected idx=6625 (Cc1ccc(C)c(S(=O)(=O)N2CCN(CC(=O)NC(=O)NCc3ccco3)CC2)c1) → [0.12318841 1.        ]
2025-06-13 06:39:38,746 - INFO -  Hypervolume: 0.1431
2025-06-13 06:39:38,746 - INFO - 
--- Iter 75 (train size (85, 2)) ---
2025-06-13 06:39:38,746 - INFO -  Inferred reference point at iter 75: [0.030558755760368664, -0.09999998324702228]
2025-06-13 06:39:38,750 - INFO -  Scoring full pool: 9915 candidates
2025-06-13 06:39:45,864 - INFO -  GP predict time: 7.114s
2025-06-13 06:39:45,864 - INFO -   EHVI: 9915 candidates with 1000 MC samples
2025-06-13 06:43:25,630 - INFO -  EHVI time: 219.766s
f1 shape: (1,)
f2 shape: (1,)
2025-06-13 06:43:25,632 - INFO -  Selected idx=292 (O=S(=O)(c1ccccc1Cl)N1CCC(N2CCC(O)(c3ccc(Br)cc3)CC2)CC1) → [0.08333333 1.        ]
2025-06-13 06:43:25,694 - INFO -  Hypervolume: 0.1431
2025-06-13 06:43:25,694 - INFO - 
--- Iter 76 (train size (86, 2)) ---
2025-06-13 06:43:25,694 - INFO -  Inferred reference point at iter 76: [0.030558755760368664, -0.09999998324702228]
2025-06-13 06:43:25,697 - INFO -  Scoring full pool: 9914 candidates
2025-06-13 06:43:32,934 - INFO -  GP predict time: 7.237s
2025-06-13 06:43:32,935 - INFO -   EHVI: 9914 candidates with 1000 MC samples
2025-06-13 06:47:11,655 - INFO -  EHVI time: 218.721s
f1 shape: (1,)
f2 shape: (1,)
2025-06-13 06:47:11,657 - INFO -  Selected idx=8038 (OCC1C(c2ccc(-c3cccc(F)c3)cc2)C2CN(CCC(F)(F)F)CCCCN12) → [0.11188811 1.        ]
2025-06-13 06:47:11,718 - INFO -  Hypervolume: 0.1431
2025-06-13 06:47:11,718 - INFO - 
--- Iter 77 (train size (87, 2)) ---
2025-06-13 06:47:11,718 - INFO -  Inferred reference point at iter 77: [0.030558755760368664, -0.09999998324702228]
2025-06-13 06:47:11,721 - INFO -  Scoring full pool: 9913 candidates
2025-06-13 06:47:18,985 - INFO -  GP predict time: 7.263s
2025-06-13 06:47:18,985 - INFO -   EHVI: 9913 candidates with 1000 MC samples
2025-06-13 06:50:57,821 - INFO -  EHVI time: 218.836s
f1 shape: (1,)
f2 shape: (1,)
2025-06-13 06:50:57,822 - INFO -  Selected idx=4081 (CCC(C)C(NC(=O)OCc1ccccc1)C(=O)OCC(=O)N1CCN(c2ccc(OC)cc2)CC1) → [0.19310345 1.        ]
2025-06-13 06:50:57,883 - INFO -  Hypervolume: 0.1788
2025-06-13 06:50:57,883 - INFO - 
--- Iter 78 (train size (88, 2)) ---
2025-06-13 06:50:57,883 - INFO -  Inferred reference point at iter 78: [0.02979679802955665, -0.09999998324702228]
2025-06-13 06:50:57,887 - INFO -  Scoring full pool: 9912 candidates
2025-06-13 06:51:05,237 - INFO -  GP predict time: 7.350s
2025-06-13 06:51:05,237 - INFO -   EHVI: 9912 candidates with 1000 MC samples
2025-06-13 06:54:08,312 - INFO -  EHVI time: 183.075s
f1 shape: (1,)
f2 shape: (1,)
2025-06-13 06:54:08,314 - INFO -  Selected idx=7707 (Cc1ccc(S(=O)(=O)N2CCCC2CNC(=O)C(=O)NCc2ccccn2)cc1) → [0.13333333 1.        ]
2025-06-13 06:54:08,379 - INFO -  Hypervolume: 0.1796
2025-06-13 06:54:08,379 - INFO - 
--- Iter 79 (train size (89, 2)) ---
2025-06-13 06:54:08,379 - INFO -  Inferred reference point at iter 79: [0.02979679802955665, -0.09999998324702228]
2025-06-13 06:54:08,383 - INFO -  Scoring full pool: 9911 candidates
2025-06-13 06:54:15,887 - INFO -  GP predict time: 7.504s
2025-06-13 06:54:15,887 - INFO -   EHVI: 9911 candidates with 1000 MC samples
2025-06-13 06:57:18,399 - INFO -  EHVI time: 182.512s
f1 shape: (1,)
f2 shape: (1,)
2025-06-13 06:57:18,400 - INFO -  Selected idx=9977 (CCN1CCN(C(=O)c2c(C)nn(-c3ccc(F)cc3)c2-n2cccc2)CC1) → [0.08633094 0.13533528]
2025-06-13 06:57:18,467 - INFO -  Hypervolume: 0.1796
2025-06-13 06:57:18,467 - INFO - 
--- Iter 80 (train size (90, 2)) ---
2025-06-13 06:57:18,467 - INFO -  Inferred reference point at iter 80: [0.02979679802955665, -0.09999998324702228]
2025-06-13 06:57:18,471 - INFO -  Scoring full pool: 9910 candidates
2025-06-13 06:57:26,250 - INFO -  GP predict time: 7.779s
2025-06-13 06:57:26,250 - INFO -   EHVI: 9910 candidates with 1000 MC samples
2025-06-13 07:00:28,463 - INFO -  EHVI time: 182.213s
f1 shape: (1,)
f2 shape: (1,)
2025-06-13 07:00:28,465 - INFO -  Selected idx=6100 (COc1ccc(C(=O)N2CCCC3(CCN(C(=O)Nc4ccccc4)C3)C2)cc1) → [0.11510791 1.        ]
2025-06-13 07:00:28,533 - INFO -  Hypervolume: 0.1796
2025-06-13 07:00:28,533 - INFO - 
--- Iter 81 (train size (91, 2)) ---
2025-06-13 07:00:28,533 - INFO -  Inferred reference point at iter 81: [0.02979679802955665, -0.09999998324702228]
2025-06-13 07:00:28,537 - INFO -  Scoring full pool: 9909 candidates
2025-06-13 07:00:36,427 - INFO -  GP predict time: 7.890s
2025-06-13 07:00:36,427 - INFO -   EHVI: 9909 candidates with 1000 MC samples
2025-06-13 07:03:39,541 - INFO -  EHVI time: 183.114s
f1 shape: (1,)
f2 shape: (1,)
2025-06-13 07:03:39,543 - INFO -  Selected idx=1640 (Cc1ccc(=O)n(-c2ccc(OCCCCN3CCCC3)cc2)c1) → [0.1015625 1.       ]
2025-06-13 07:03:39,612 - INFO -  Hypervolume: 0.1796
2025-06-13 07:03:39,612 - INFO - 
--- Iter 82 (train size (92, 2)) ---
2025-06-13 07:03:39,612 - INFO -  Inferred reference point at iter 82: [0.02979679802955665, -0.09999998324702228]
2025-06-13 07:03:39,616 - INFO -  Scoring full pool: 9908 candidates
2025-06-13 07:03:47,349 - INFO -  GP predict time: 7.733s
2025-06-13 07:03:47,349 - INFO -   EHVI: 9908 candidates with 1000 MC samples
2025-06-13 07:06:49,554 - INFO -  EHVI time: 182.205s
f1 shape: (1,)
f2 shape: (1,)
2025-06-13 07:06:49,556 - INFO -  Selected idx=8578 (CC(=O)N1CCN(c2ccc(CN(C3CCC3)S(=O)(=O)c3ccc(C(F)(F)F)cc3)c(F)c2)CC1) → [0.11333333 1.        ]
2025-06-13 07:06:49,624 - INFO -  Hypervolume: 0.1796
2025-06-13 07:06:49,625 - INFO - 
--- Iter 83 (train size (93, 2)) ---
2025-06-13 07:06:49,625 - INFO -  Inferred reference point at iter 83: [0.02979679802955665, -0.09999998324702228]
2025-06-13 07:06:49,628 - INFO -  Scoring full pool: 9907 candidates
2025-06-13 07:06:57,347 - INFO -  GP predict time: 7.719s
2025-06-13 07:06:57,347 - INFO -   EHVI: 9907 candidates with 1000 MC samples
2025-06-13 07:10:00,077 - INFO -  EHVI time: 182.730s
f1 shape: (1,)
f2 shape: (1,)
2025-06-13 07:10:00,079 - INFO -  Selected idx=1092 (O=C(NCc1ccncc1)C1CCCN1S(=O)(=O)c1ccc(Cl)cc1) → [0.11811024 1.        ]
2025-06-13 07:10:00,151 - INFO -  Hypervolume: 0.1796
2025-06-13 07:10:00,151 - INFO - 
--- Iter 84 (train size (94, 2)) ---
2025-06-13 07:10:00,151 - INFO -  Inferred reference point at iter 84: [0.02979679802955665, -0.09999998324702228]
2025-06-13 07:10:00,155 - INFO -  Scoring full pool: 9906 candidates
2025-06-13 07:10:08,229 - INFO -  GP predict time: 8.074s
2025-06-13 07:10:08,229 - INFO -   EHVI: 9906 candidates with 1000 MC samples
2025-06-13 07:13:10,422 - INFO -  EHVI time: 182.193s
f1 shape: (1,)
f2 shape: (1,)
2025-06-13 07:13:10,424 - INFO -  Selected idx=9332 (O=S(=O)(c1ccc(OC(F)(F)F)cc1)N1CCCC(c2ccccc2)C1) → [0.08270677 1.        ]
2025-06-13 07:13:10,781 - INFO -  Hypervolume: 0.1796
2025-06-13 07:13:10,781 - INFO - 
--- Iter 85 (train size (95, 2)) ---
2025-06-13 07:13:10,781 - INFO -  Inferred reference point at iter 85: [0.02979679802955665, -0.09999998324702228]
2025-06-13 07:13:10,784 - INFO -  Scoring full pool: 9905 candidates
2025-06-13 07:13:18,609 - INFO -  GP predict time: 7.824s
2025-06-13 07:13:18,609 - INFO -   EHVI: 9905 candidates with 1000 MC samples
2025-06-13 07:16:21,400 - INFO -  EHVI time: 182.791s
f1 shape: (1,)
f2 shape: (1,)
2025-06-13 07:16:21,401 - INFO -  Selected idx=4540 (Fc1ccccc1CCC1CN(Cc2ccc(Cl)cc2)CCC1(F)F) → [0.05970149 1.        ]
2025-06-13 07:16:21,476 - INFO -  Hypervolume: 0.1796
2025-06-13 07:16:21,476 - INFO - 
--- Iter 86 (train size (96, 2)) ---
2025-06-13 07:16:21,476 - INFO -  Inferred reference point at iter 86: [0.02979679802955665, -0.09999998324702228]
2025-06-13 07:16:21,480 - INFO -  Scoring full pool: 9904 candidates
2025-06-13 07:16:29,415 - INFO -  GP predict time: 7.935s
2025-06-13 07:16:29,415 - INFO -   EHVI: 9904 candidates with 1000 MC samples
2025-06-13 07:19:32,691 - INFO -  EHVI time: 183.276s
f1 shape: (1,)
f2 shape: (1,)
2025-06-13 07:19:32,693 - INFO -  Selected idx=6644 (O=c1ccc(-c2ccccc2)nn1CCC(=S)N1CCCC1) → [0.08870968 1.        ]
2025-06-13 07:19:33,057 - INFO -  Hypervolume: 0.1796
2025-06-13 07:19:33,057 - INFO - 
--- Iter 87 (train size (97, 2)) ---
2025-06-13 07:19:33,057 - INFO -  Inferred reference point at iter 87: [0.02979679802955665, -0.09999998324702228]
2025-06-13 07:19:33,060 - INFO -  Scoring full pool: 9903 candidates
2025-06-13 07:19:40,830 - INFO -  GP predict time: 7.769s
2025-06-13 07:19:40,830 - INFO -   EHVI: 9903 candidates with 1000 MC samples
2025-06-13 07:22:43,887 - INFO -  EHVI time: 183.058s
f1 shape: (1,)
f2 shape: (1,)
2025-06-13 07:22:43,889 - INFO -  Selected idx=6862 (COc1ccc(N2CCN(CCCCN3C(=O)CC4(CCCC4)CC3=O)CC2)cc1) → [0.1048951  0.13533528]
2025-06-13 07:22:43,964 - INFO -  Hypervolume: 0.1796
2025-06-13 07:22:43,964 - INFO - 
--- Iter 88 (train size (98, 2)) ---
2025-06-13 07:22:43,964 - INFO -  Inferred reference point at iter 88: [0.02979679802955665, -0.09999998324702228]
2025-06-13 07:22:43,967 - INFO -  Scoring full pool: 9902 candidates
2025-06-13 07:22:52,098 - INFO -  GP predict time: 8.131s
2025-06-13 07:22:52,098 - INFO -   EHVI: 9902 candidates with 1000 MC samples
2025-06-13 07:25:55,922 - INFO -  EHVI time: 183.824s
f1 shape: (1,)
f2 shape: (1,)
2025-06-13 07:25:55,923 - INFO -  Selected idx=4348 (O=C(CNC(=O)c1ccc(N2CCCCC2)cc1)NC1CCCc2ccccc21) → [0.13043478 1.        ]
2025-06-13 07:25:55,997 - INFO -  Hypervolume: 0.1796
2025-06-13 07:25:55,997 - INFO - 
--- Iter 89 (train size (99, 2)) ---
2025-06-13 07:25:55,997 - INFO -  Inferred reference point at iter 89: [0.02979679802955665, -0.09999998324702228]
2025-06-13 07:25:56,001 - INFO -  Scoring full pool: 9901 candidates
2025-06-13 07:26:04,201 - INFO -  GP predict time: 8.200s
2025-06-13 07:26:04,201 - INFO -   EHVI: 9901 candidates with 1000 MC samples
2025-06-13 07:29:07,069 - INFO -  EHVI time: 182.868s
f1 shape: (1,)
f2 shape: (1,)
2025-06-13 07:29:07,071 - INFO -  Selected idx=946 (O=S(=O)(c1cccc(C(F)(F)F)c1)N1CCN(CC(O)COCc2ccccc2)CC1) → [0.08965517 1.        ]
2025-06-13 07:29:07,150 - INFO -  Hypervolume: 0.1796
2025-06-13 07:29:07,150 - INFO - 
--- Iter 90 (train size (100, 2)) ---
2025-06-13 07:29:07,150 - INFO -  Inferred reference point at iter 90: [0.02979679802955665, -0.09999998324702228]
2025-06-13 07:29:07,154 - INFO -  Scoring full pool: 9900 candidates
2025-06-13 07:29:15,523 - INFO -  GP predict time: 8.369s
2025-06-13 07:29:15,523 - INFO -   EHVI: 9900 candidates with 1000 MC samples
2025-06-13 07:32:18,295 - INFO -  EHVI time: 182.771s
f1 shape: (1,)
f2 shape: (1,)
2025-06-13 07:32:18,296 - INFO -  Selected idx=7649 (O=C(COc1ccc(Br)cc1CNC1CCCCC1)NCCc1ccccc1) → [0.15037594 1.        ]
2025-06-13 07:32:18,375 - INFO -  Hypervolume: 0.1796
2025-06-13 07:32:18,375 - INFO - 
--- Iter 91 (train size (101, 2)) ---
2025-06-13 07:32:18,375 - INFO -  Inferred reference point at iter 91: [0.02979679802955665, -0.09999998324702228]
2025-06-13 07:32:18,379 - INFO -  Scoring full pool: 9899 candidates
2025-06-13 07:32:26,748 - INFO -  GP predict time: 8.370s
2025-06-13 07:32:26,748 - INFO -   EHVI: 9899 candidates with 1000 MC samples
2025-06-13 07:35:29,732 - INFO -  EHVI time: 182.984s
f1 shape: (1,)
f2 shape: (1,)
2025-06-13 07:35:29,734 - INFO -  Selected idx=7988 (O=C(NC(=S)NCCC1CCN(Cc2ccccc2)CC1)c1ccc(C(F)(F)F)cc1) → [0.11188811 1.        ]
2025-06-13 07:35:29,815 - INFO -  Hypervolume: 0.1796
2025-06-13 07:35:29,815 - INFO - 
--- Iter 92 (train size (102, 2)) ---
2025-06-13 07:35:29,816 - INFO -  Inferred reference point at iter 92: [0.02979679802955665, -0.09999998324702228]
2025-06-13 07:35:29,819 - INFO -  Scoring full pool: 9898 candidates
2025-06-13 07:35:38,326 - INFO -  GP predict time: 8.507s
2025-06-13 07:35:38,326 - INFO -   EHVI: 9898 candidates with 1000 MC samples
2025-06-13 07:38:41,600 - INFO -  EHVI time: 183.273s
f1 shape: (1,)
f2 shape: (1,)
2025-06-13 07:38:41,601 - INFO -  Selected idx=4549 (O=C(NCC(=O)N1CCN(Cc2ccccc2)CC1)c1ccc(Cl)cc1) → [0.10606061 1.        ]
2025-06-13 07:38:41,686 - INFO -  Hypervolume: 0.1796
2025-06-13 07:38:41,686 - INFO - 
--- Iter 93 (train size (103, 2)) ---
2025-06-13 07:38:41,686 - INFO -  Inferred reference point at iter 93: [0.02979679802955665, -0.09999998324702228]
2025-06-13 07:38:41,690 - INFO -  Scoring full pool: 9897 candidates
2025-06-13 07:38:50,341 - INFO -  GP predict time: 8.651s
2025-06-13 07:38:50,341 - INFO -   EHVI: 9897 candidates with 1000 MC samples
2025-06-13 07:41:53,410 - INFO -  EHVI time: 183.069s
f1 shape: (1,)
f2 shape: (1,)
2025-06-13 07:41:53,411 - INFO -  Selected idx=7054 (O=C(C1CC(=O)N(c2ccc(F)cc2)C1)N1CCCCC1) → [0.11016949 0.13533528]
2025-06-13 07:41:53,492 - INFO -  Hypervolume: 0.1796
2025-06-13 07:41:53,493 - INFO - 
--- Iter 94 (train size (104, 2)) ---
2025-06-13 07:41:53,493 - INFO -  Inferred reference point at iter 94: [0.02979679802955665, -0.09999998324702228]
2025-06-13 07:41:53,496 - INFO -  Scoring full pool: 9896 candidates
2025-06-13 07:42:02,214 - INFO -  GP predict time: 8.717s
2025-06-13 07:42:02,214 - INFO -   EHVI: 9896 candidates with 1000 MC samples
2025-06-13 07:45:05,032 - INFO -  EHVI time: 182.818s
f1 shape: (1,)
f2 shape: (1,)
2025-06-13 07:45:05,034 - INFO -  Selected idx=6859 (O=C(C(Cc1ccccc1)NS(=O)(=O)c1ccc(Cl)cc1)N1CCC2(O)CCCCC2C1) → [0.15714286 1.        ]
2025-06-13 07:45:05,120 - INFO -  Hypervolume: 0.1796
2025-06-13 07:45:05,120 - INFO - 
--- Iter 95 (train size (105, 2)) ---
2025-06-13 07:45:05,121 - INFO -  Inferred reference point at iter 95: [0.02979679802955665, -0.09999998324702228]
2025-06-13 07:45:05,125 - INFO -  Scoring full pool: 9895 candidates
2025-06-13 07:45:14,345 - INFO -  GP predict time: 9.220s
2025-06-13 07:45:14,345 - INFO -   EHVI: 9895 candidates with 1000 MC samples
2025-06-13 07:48:17,435 - INFO -  EHVI time: 183.089s
f1 shape: (1,)
f2 shape: (1,)
2025-06-13 07:48:17,437 - INFO -  Selected idx=1598 (COc1ccccc1N1CCN(S(=O)(=O)c2ccc(Cl)cc2)C1=N) → [0.05343511 1.        ]
2025-06-13 07:48:17,524 - INFO -  Hypervolume: 0.1796
2025-06-13 07:48:17,524 - INFO - 
--- Iter 96 (train size (106, 2)) ---
2025-06-13 07:48:17,525 - INFO -  Inferred reference point at iter 96: [0.02979679802955665, -0.09999998324702228]
2025-06-13 07:48:17,529 - INFO -  Scoring full pool: 9894 candidates
2025-06-13 07:48:26,775 - INFO -  GP predict time: 9.246s
2025-06-13 07:48:26,775 - INFO -   EHVI: 9894 candidates with 1000 MC samples
2025-06-13 07:51:31,152 - INFO -  EHVI time: 184.377s
f1 shape: (1,)
f2 shape: (1,)
2025-06-13 07:51:31,154 - INFO -  Selected idx=4977 (COc1ccc(CC(=O)NC2CCN(Cc3ccccc3)CC2)cc1) → [0.125 1.   ]
2025-06-13 07:51:31,240 - INFO -  Hypervolume: 0.1796
2025-06-13 07:51:31,240 - INFO - 
--- Iter 97 (train size (107, 2)) ---
2025-06-13 07:51:31,240 - INFO -  Inferred reference point at iter 97: [0.02979679802955665, -0.09999998324702228]
2025-06-13 07:51:31,244 - INFO -  Scoring full pool: 9893 candidates
2025-06-13 07:51:40,294 - INFO -  GP predict time: 9.049s
2025-06-13 07:51:40,294 - INFO -   EHVI: 9893 candidates with 1000 MC samples
2025-06-13 07:54:43,333 - INFO -  EHVI time: 183.039s
f1 shape: (1,)
f2 shape: (1,)
2025-06-13 07:54:43,334 - INFO -  Selected idx=4433 (O=C(COc1ccc(S(=O)(=O)NC2CCCCC2)cc1Cl)N1CCN(c2ccccc2)CC1) → [0.14482759 1.        ]
2025-06-13 07:54:43,423 - INFO -  Hypervolume: 0.1796
2025-06-13 07:54:43,423 - INFO - 
--- Iter 98 (train size (108, 2)) ---
2025-06-13 07:54:43,423 - INFO -  Inferred reference point at iter 98: [0.02979679802955665, -0.09999998324702228]
2025-06-13 07:54:43,427 - INFO -  Scoring full pool: 9892 candidates
2025-06-13 07:54:52,565 - INFO -  GP predict time: 9.138s
2025-06-13 07:54:52,565 - INFO -   EHVI: 9892 candidates with 1000 MC samples
2025-06-13 07:57:55,202 - INFO -  EHVI time: 182.637s
f1 shape: (1,)
f2 shape: (1,)
2025-06-13 07:57:55,204 - INFO -  Selected idx=1871 (CN1CCC(Oc2ccccc2Cc2ccc(Cl)cc2)CC1) → [0.08870968 1.        ]
2025-06-13 07:57:55,293 - INFO -  Hypervolume: 0.1796
2025-06-13 07:57:55,293 - INFO - 
--- Iter 99 (train size (109, 2)) ---
2025-06-13 07:57:55,293 - INFO -  Inferred reference point at iter 99: [0.02979679802955665, -0.09999998324702228]
2025-06-13 07:57:55,298 - INFO -  Scoring full pool: 9891 candidates
2025-06-13 07:58:04,497 - INFO -  GP predict time: 9.199s
2025-06-13 07:58:04,497 - INFO -   EHVI: 9891 candidates with 1000 MC samples
2025-06-13 08:01:06,725 - INFO -  EHVI time: 182.228s
f1 shape: (1,)
f2 shape: (1,)
2025-06-13 08:01:06,727 - INFO -  Selected idx=8089 (CS(=O)(=O)c1ccc(N2CCc3c(OC4CCN(C(=S)Sc5ccccc5)CC4)ncnc32)c(F)c1) → [0.0875     0.13533528]
2025-06-13 08:01:06,815 - INFO -  Hypervolume: 0.1796
2025-06-13 08:01:06,815 - INFO - 
--- Iter 100 (train size (110, 2)) ---
2025-06-13 08:01:06,815 - INFO -  Inferred reference point at iter 100: [0.02979679802955665, -0.09999998324702228]
2025-06-13 08:01:06,819 - INFO -  Scoring full pool: 9890 candidates
2025-06-13 08:01:16,120 - INFO -  GP predict time: 9.301s
2025-06-13 08:01:16,120 - INFO -   EHVI: 9890 candidates with 1000 MC samples
2025-06-13 08:04:17,905 - INFO -  EHVI time: 181.784s
f1 shape: (1,)
f2 shape: (1,)
2025-06-13 08:04:17,906 - INFO -  Selected idx=3710 (O=C(CCCN1CCC(O)(c2ccc(Cl)cc2)CC1)c1ccccc1) → [0.09160305 1.        ]
2025-06-13 08:04:18,001 - INFO -  Hypervolume: 0.1796
2025-06-13 08:04:18,001 - INFO - 
--- Iter 101 (train size (111, 2)) ---
2025-06-13 08:04:18,001 - INFO -  Inferred reference point at iter 101: [0.02979679802955665, -0.09999998324702228]
2025-06-13 08:04:18,005 - INFO -  Scoring full pool: 9889 candidates
2025-06-13 08:04:27,798 - INFO -  GP predict time: 9.793s
2025-06-13 08:04:27,798 - INFO -   EHVI: 9889 candidates with 1000 MC samples
2025-06-13 08:07:30,004 - INFO -  EHVI time: 182.206s
f1 shape: (1,)
f2 shape: (1,)
2025-06-13 08:07:30,006 - INFO -  Selected idx=2171 (CN(C)c1ccc(C(CNC(=O)COc2ccccc2)N2CCOCC2)cc1) → [0.10948905 1.        ]
2025-06-13 08:07:30,100 - INFO -  Hypervolume: 0.1796
2025-06-13 08:07:30,100 - INFO - 
--- Iter 102 (train size (112, 2)) ---
2025-06-13 08:07:30,100 - INFO -  Inferred reference point at iter 102: [0.02979679802955665, -0.09999998324702228]
2025-06-13 08:07:30,104 - INFO -  Scoring full pool: 9888 candidates
2025-06-13 08:07:39,589 - INFO -  GP predict time: 9.485s
2025-06-13 08:07:39,589 - INFO -   EHVI: 9888 candidates with 1000 MC samples
2025-06-13 08:10:41,042 - INFO -  EHVI time: 181.453s
f1 shape: (1,)
f2 shape: (1,)
2025-06-13 08:10:41,043 - INFO -  Selected idx=1599 (CC(C)CC(NC(=O)C1CCCN1C(=O)C(N)Cc1ccc(O)cc1)C(=O)NC(Cc1ccccc1)C(N)=O) → [0.19333333 1.        ]
2025-06-13 08:10:41,141 - INFO -  Hypervolume: 0.1799
2025-06-13 08:10:41,141 - INFO - 
--- Iter 103 (train size (113, 2)) ---
2025-06-13 08:10:41,141 - INFO -  Inferred reference point at iter 103: [0.029773809523809525, -0.09999998324702228]
2025-06-13 08:10:41,145 - INFO -  Scoring full pool: 9887 candidates
2025-06-13 08:10:51,069 - INFO -  GP predict time: 9.923s
2025-06-13 08:10:51,069 - INFO -   EHVI: 9887 candidates with 1000 MC samples
2025-06-13 08:13:53,332 - INFO -  EHVI time: 182.263s
f1 shape: (1,)
f2 shape: (1,)
2025-06-13 08:13:53,334 - INFO -  Selected idx=6641 (NC(Cc1ccccc1)C(=O)N1CCCC1CC(=O)NCc1cc(Cl)ccc1-n1cnnn1) → [0.1292517  0.13533528]
2025-06-13 08:13:53,432 - INFO -  Hypervolume: 0.1799
2025-06-13 08:13:53,432 - INFO - 
--- Iter 104 (train size (114, 2)) ---
2025-06-13 08:13:53,432 - INFO -  Inferred reference point at iter 104: [0.029773809523809525, -0.09999998324702228]
2025-06-13 08:13:53,437 - INFO -  Scoring full pool: 9886 candidates
2025-06-13 08:14:03,226 - INFO -  GP predict time: 9.789s
2025-06-13 08:14:03,226 - INFO -   EHVI: 9886 candidates with 1000 MC samples
2025-06-13 08:17:06,027 - INFO -  EHVI time: 182.800s
f1 shape: (1,)
f2 shape: (1,)
2025-06-13 08:17:06,029 - INFO -  Selected idx=7075 (CCN1CCN(C(=O)CCc2ccc(S(=O)(=O)NCCc3ccccc3)cc2)CC1) → [0.11347518 1.        ]
2025-06-13 08:17:06,129 - INFO -  Hypervolume: 0.1799
2025-06-13 08:17:06,129 - INFO - 
--- Iter 105 (train size (115, 2)) ---
2025-06-13 08:17:06,129 - INFO -  Inferred reference point at iter 105: [0.029773809523809525, -0.09999998324702228]
2025-06-13 08:17:06,134 - INFO -  Scoring full pool: 9885 candidates
2025-06-13 08:17:16,314 - INFO -  GP predict time: 10.179s
2025-06-13 08:17:16,314 - INFO -   EHVI: 9885 candidates with 1000 MC samples
2025-06-13 08:20:18,206 - INFO -  EHVI time: 181.892s
f1 shape: (1,)
f2 shape: (1,)
2025-06-13 08:20:18,208 - INFO -  Selected idx=1520 (CC1(C(=O)C=C(O)c2ccc(Cl)cc2)CCN(Cc2ccccc2)CC1) → [0.09848485 1.        ]
2025-06-13 08:20:18,310 - INFO -  Hypervolume: 0.1799
2025-06-13 08:20:18,310 - INFO - 
--- Iter 106 (train size (116, 2)) ---
2025-06-13 08:20:18,310 - INFO -  Inferred reference point at iter 106: [0.029773809523809525, -0.09999998324702228]
2025-06-13 08:20:18,314 - INFO -  Scoring full pool: 9884 candidates
2025-06-13 08:20:28,487 - INFO -  GP predict time: 10.173s
2025-06-13 08:20:28,487 - INFO -   EHVI: 9884 candidates with 1000 MC samples
2025-06-13 08:23:30,709 - INFO -  EHVI time: 182.221s
f1 shape: (1,)
f2 shape: (1,)
2025-06-13 08:23:30,710 - INFO -  Selected idx=5568 (CC(NC(=O)CO)c1ccc(OC2CCN(c3cccc(C(F)(F)F)n3)C2)cc1) → [0.11764706 1.        ]
2025-06-13 08:23:30,814 - INFO -  Hypervolume: 0.1799
2025-06-13 08:23:30,814 - INFO - 
--- Iter 107 (train size (117, 2)) ---
2025-06-13 08:23:30,814 - INFO -  Inferred reference point at iter 107: [0.029773809523809525, -0.09999998324702228]
2025-06-13 08:23:30,819 - INFO -  Scoring full pool: 9883 candidates
2025-06-13 08:23:41,062 - INFO -  GP predict time: 10.243s
2025-06-13 08:23:41,062 - INFO -   EHVI: 9883 candidates with 1000 MC samples
2025-06-13 08:26:43,534 - INFO -  EHVI time: 182.473s
f1 shape: (1,)
f2 shape: (1,)
2025-06-13 08:26:43,536 - INFO -  Selected idx=8129 (Cc1ccc(S(=O)(=O)NC(Cc2ccccc2)C(=O)N2CCCC2C(=O)O)cc1) → [0.19685039 1.        ]
2025-06-13 08:26:43,986 - INFO -  Hypervolume: 0.1838
2025-06-13 08:26:43,986 - INFO - 
--- Iter 108 (train size (118, 2)) ---
2025-06-13 08:26:43,987 - INFO -  Inferred reference point at iter 108: [0.029422103487064116, -0.09999998324702228]
2025-06-13 08:26:43,991 - INFO -  Scoring full pool: 9882 candidates
2025-06-13 08:26:53,921 - INFO -  GP predict time: 9.930s
2025-06-13 08:26:53,921 - INFO -   EHVI: 9882 candidates with 1000 MC samples
2025-06-13 08:29:57,034 - INFO -  EHVI time: 183.113s
f1 shape: (1,)
f2 shape: (1,)
2025-06-13 08:29:57,036 - INFO -  Selected idx=1619 (O=C(NCc1ccccc1)C(=O)NCC1OCCN1S(=O)(=O)c1ccc2c(c1)OCCO2) → [0.10884354 1.        ]
2025-06-13 08:29:57,505 - INFO -  Hypervolume: 0.1842
2025-06-13 08:29:57,505 - INFO - 
--- Iter 109 (train size (119, 2)) ---
2025-06-13 08:29:57,505 - INFO -  Inferred reference point at iter 109: [0.029422103487064116, -0.09999998324702228]
2025-06-13 08:29:57,510 - INFO -  Scoring full pool: 9881 candidates
2025-06-13 08:30:07,537 - INFO -  GP predict time: 10.027s
2025-06-13 08:30:07,537 - INFO -   EHVI: 9881 candidates with 1000 MC samples
2025-06-13 08:33:10,633 - INFO -  EHVI time: 183.096s
f1 shape: (1,)
f2 shape: (1,)
2025-06-13 08:33:10,635 - INFO -  Selected idx=4613 (O=C(NCc1ccccc1)c1cnc(N2CCN(CC3CCCOC3)CC2)nc1NC1CC1) → [0.11258278 1.        ]
2025-06-13 08:33:11,110 - INFO -  Hypervolume: 0.1842
2025-06-13 08:33:11,110 - INFO - 
--- Iter 110 (train size (120, 2)) ---
2025-06-13 08:33:11,110 - INFO -  Inferred reference point at iter 110: [0.029422103487064116, -0.09999998324702228]
2025-06-13 08:33:11,115 - INFO -  Scoring full pool: 9880 candidates
2025-06-13 08:33:21,242 - INFO -  GP predict time: 10.128s
2025-06-13 08:33:21,242 - INFO -   EHVI: 9880 candidates with 1000 MC samples
2025-06-13 08:36:23,829 - INFO -  EHVI time: 182.586s
f1 shape: (1,)
f2 shape: (1,)
2025-06-13 08:36:23,830 - INFO -  Selected idx=4511 (Cc1cccnc1NC(=O)c1cccc(S(=O)(=O)N2CCCC2)c1) → [0.112 1.   ]
2025-06-13 08:36:23,937 - INFO -  Hypervolume: 0.1842
2025-06-13 08:36:23,937 - INFO - 
--- Iter 111 (train size (121, 2)) ---
2025-06-13 08:36:23,937 - INFO -  Inferred reference point at iter 111: [0.029422103487064116, -0.09999998324702228]
2025-06-13 08:36:23,942 - INFO -  Scoring full pool: 9879 candidates
2025-06-13 08:36:34,208 - INFO -  GP predict time: 10.265s
2025-06-13 08:36:34,208 - INFO -   EHVI: 9879 candidates with 1000 MC samples
2025-06-13 08:39:36,864 - INFO -  EHVI time: 182.656s
f1 shape: (1,)
f2 shape: (1,)
2025-06-13 08:39:36,865 - INFO -  Selected idx=6475 (NC(=O)C1(Cc2ccc(OCc3ccccc3)cc2)CC1C(=O)NO) → [0.10077519 1.        ]
2025-06-13 08:39:36,972 - INFO -  Hypervolume: 0.1842
2025-06-13 08:39:36,972 - INFO - 
--- Iter 112 (train size (122, 2)) ---
2025-06-13 08:39:36,972 - INFO -  Inferred reference point at iter 112: [0.029422103487064116, -0.09999998324702228]
2025-06-13 08:39:36,977 - INFO -  Scoring full pool: 9878 candidates
2025-06-13 08:39:47,664 - INFO -  GP predict time: 10.687s
2025-06-13 08:39:47,664 - INFO -   EHVI: 9878 candidates with 1000 MC samples
2025-06-13 08:42:49,682 - INFO -  EHVI time: 182.018s
f1 shape: (1,)
f2 shape: (1,)
2025-06-13 08:42:49,683 - INFO -  Selected idx=4602 (CC(=O)c1ccc(S(=O)(=O)N2CCCC(N(C)CCc3ccccc3)C2)cc1) → [0.12781955 1.        ]
2025-06-13 08:42:49,795 - INFO -  Hypervolume: 0.1842
2025-06-13 08:42:49,795 - INFO - 
--- Iter 113 (train size (123, 2)) ---
2025-06-13 08:42:49,795 - INFO -  Inferred reference point at iter 113: [0.029422103487064116, -0.09999998324702228]
2025-06-13 08:42:49,800 - INFO -  Scoring full pool: 9877 candidates
2025-06-13 08:43:00,319 - INFO -  GP predict time: 10.518s
2025-06-13 08:43:00,319 - INFO -   EHVI: 9877 candidates with 1000 MC samples
2025-06-13 08:46:02,208 - INFO -  EHVI time: 181.890s
f1 shape: (1,)
f2 shape: (1,)
2025-06-13 08:46:02,210 - INFO -  Selected idx=6694 (CC(=O)N1CCCC1(Cc1ccc(F)cc1)C(=O)OCc1ccccc1) → [0.12403101 1.        ]
2025-06-13 08:46:02,323 - INFO -  Hypervolume: 0.1842
2025-06-13 08:46:02,323 - INFO - 
--- Iter 114 (train size (124, 2)) ---
2025-06-13 08:46:02,324 - INFO -  Inferred reference point at iter 114: [0.029422103487064116, -0.09999998324702228]
2025-06-13 08:46:02,329 - INFO -  Scoring full pool: 9876 candidates
2025-06-13 08:46:12,934 - INFO -  GP predict time: 10.605s
2025-06-13 08:46:12,934 - INFO -   EHVI: 9876 candidates with 1000 MC samples
2025-06-13 08:49:15,745 - INFO -  EHVI time: 182.811s
f1 shape: (1,)
f2 shape: (1,)
2025-06-13 08:49:15,747 - INFO -  Selected idx=743 (O=C(NCCC1=CCCCC1)C(=O)NCC(c1ccco1)N1CCN(c2ccccc2F)CC1) → [0.12582781 1.        ]
2025-06-13 08:49:15,862 - INFO -  Hypervolume: 0.1842
2025-06-13 08:49:15,862 - INFO - 
--- Iter 115 (train size (125, 2)) ---
2025-06-13 08:49:15,862 - INFO -  Inferred reference point at iter 115: [0.029422103487064116, -0.09999998324702228]
2025-06-13 08:49:15,867 - INFO -  Scoring full pool: 9875 candidates
2025-06-13 08:49:26,860 - INFO -  GP predict time: 10.993s
2025-06-13 08:49:26,860 - INFO -   EHVI: 9875 candidates with 1000 MC samples
2025-06-13 08:52:29,870 - INFO -  EHVI time: 183.010s
f1 shape: (1,)
f2 shape: (1,)
2025-06-13 08:52:29,871 - INFO -  Selected idx=9232 (O=C(CCCOc1ccccc1)N1CCN(S(=O)(=O)c2ccc(Cl)cc2)CC1) → [0.10218978 1.        ]
2025-06-13 08:52:29,987 - INFO -  Hypervolume: 0.1842
2025-06-13 08:52:29,987 - INFO - 
--- Iter 116 (train size (126, 2)) ---
2025-06-13 08:52:29,987 - INFO -  Inferred reference point at iter 116: [0.029422103487064116, -0.09999998324702228]
2025-06-13 08:52:29,992 - INFO -  Scoring full pool: 9874 candidates
2025-06-13 08:52:41,019 - INFO -  GP predict time: 11.026s
2025-06-13 08:52:41,019 - INFO -   EHVI: 9874 candidates with 1000 MC samples
2025-06-13 08:55:44,508 - INFO -  EHVI time: 183.489s
f1 shape: (1,)
f2 shape: (1,)
2025-06-13 08:55:44,510 - INFO -  Selected idx=2432 (COc1ccccc1N1CCN(S(=O)(=O)c2cccc(F)c2)CC1) → [0.06923077 1.        ]
2025-06-13 08:55:44,628 - INFO -  Hypervolume: 0.1842
2025-06-13 08:55:44,628 - INFO - 
--- Iter 117 (train size (127, 2)) ---
2025-06-13 08:55:44,628 - INFO -  Inferred reference point at iter 117: [0.029422103487064116, -0.09999998324702228]
2025-06-13 08:55:44,633 - INFO -  Scoring full pool: 9873 candidates
2025-06-13 08:55:55,473 - INFO -  GP predict time: 10.840s
2025-06-13 08:55:55,474 - INFO -   EHVI: 9873 candidates with 1000 MC samples
2025-06-13 08:58:58,173 - INFO -  EHVI time: 182.699s
f1 shape: (1,)
f2 shape: (1,)
2025-06-13 08:58:58,174 - INFO -  Selected idx=2826 (c1coc(CN2CCC3(CCCc4ccccc43)CC2)c1) → [0.06349206 1.        ]
2025-06-13 08:58:58,290 - INFO -  Hypervolume: 0.1842
2025-06-13 08:58:58,290 - INFO - 
--- Iter 118 (train size (128, 2)) ---
2025-06-13 08:58:58,290 - INFO -  Inferred reference point at iter 118: [0.029422103487064116, -0.09999998324702228]
2025-06-13 08:58:58,295 - INFO -  Scoring full pool: 9872 candidates
2025-06-13 08:59:09,024 - INFO -  GP predict time: 10.728s
2025-06-13 08:59:09,024 - INFO -   EHVI: 9872 candidates with 1000 MC samples
2025-06-13 09:02:12,460 - INFO -  EHVI time: 183.436s
f1 shape: (1,)
f2 shape: (1,)
2025-06-13 09:02:12,461 - INFO -  Selected idx=5074 (CN(C)Cc1ccc(C2CCCCN2C(=O)c2ncccc2O)cc1) → [0.136 1.   ]
2025-06-13 09:02:12,577 - INFO -  Hypervolume: 0.1842
2025-06-13 09:02:12,577 - INFO - 
--- Iter 119 (train size (129, 2)) ---
2025-06-13 09:02:12,577 - INFO -  Inferred reference point at iter 119: [0.029422103487064116, -0.09999998324702228]
2025-06-13 09:02:12,583 - INFO -  Scoring full pool: 9871 candidates
2025-06-13 09:02:23,442 - INFO -  GP predict time: 10.859s
2025-06-13 09:02:23,442 - INFO -   EHVI: 9871 candidates with 1000 MC samples
2025-06-13 09:05:25,278 - INFO -  EHVI time: 181.836s
f1 shape: (1,)
f2 shape: (1,)
2025-06-13 09:05:25,280 - INFO -  Selected idx=603 (CCOc1ccc(C(=O)CN2CCN(S(=O)(=O)c3ccc(Cl)cc3)CC2)cc1) → [0.11940299 1.        ]
2025-06-13 09:05:25,403 - INFO -  Hypervolume: 0.1842
2025-06-13 09:05:25,403 - INFO - 
--- Iter 120 (train size (130, 2)) ---
2025-06-13 09:05:25,403 - INFO -  Inferred reference point at iter 120: [0.029422103487064116, -0.09999998324702228]
2025-06-13 09:05:25,409 - INFO -  Scoring full pool: 9870 candidates
2025-06-13 09:05:36,856 - INFO -  GP predict time: 11.447s
2025-06-13 09:05:36,856 - INFO -   EHVI: 9870 candidates with 1000 MC samples
2025-06-13 09:08:38,673 - INFO -  EHVI time: 181.817s
f1 shape: (1,)
f2 shape: (1,)
2025-06-13 09:08:38,675 - INFO -  Selected idx=7544 (CC1CN(c2ccc(C(O)(C(F)(F)F)C(F)(F)F)cc2)CCN1S(=O)(=O)c1cccs1) → [0.06206897 1.        ]
2025-06-13 09:08:38,799 - INFO -  Hypervolume: 0.1842
2025-06-13 09:08:38,799 - INFO - 
--- Iter 121 (train size (131, 2)) ---
2025-06-13 09:08:38,800 - INFO -  Inferred reference point at iter 121: [0.029422103487064116, -0.09999998324702228]
2025-06-13 09:08:38,805 - INFO -  Scoring full pool: 9869 candidates
2025-06-13 09:08:49,980 - INFO -  GP predict time: 11.175s
2025-06-13 09:08:49,980 - INFO -   EHVI: 9869 candidates with 1000 MC samples
2025-06-13 09:11:51,909 - INFO -  EHVI time: 181.928s
f1 shape: (1,)
f2 shape: (1,)
2025-06-13 09:11:51,911 - INFO -  Selected idx=9529 (CC(C)CC(NC(=O)C=Cc1ccc(OP(=O)(O)O)cc1)C(=O)N1CCCC1C(=O)NC(COCc1ccccc1)COC(N)=O) → [0.18452381 1.        ]
2025-06-13 09:11:52,038 - INFO -  Hypervolume: 0.1842
2025-06-13 09:11:52,038 - INFO - 
--- Iter 122 (train size (132, 2)) ---
2025-06-13 09:11:52,039 - INFO -  Inferred reference point at iter 122: [0.029422103487064116, -0.09999998324702228]
2025-06-13 09:11:52,044 - INFO -  Scoring full pool: 9868 candidates
2025-06-13 09:12:03,592 - INFO -  GP predict time: 11.548s
2025-06-13 09:12:03,593 - INFO -   EHVI: 9868 candidates with 1000 MC samples
2025-06-13 09:15:08,963 - INFO -  EHVI time: 185.370s
f1 shape: (1,)
f2 shape: (1,)
2025-06-13 09:15:08,965 - INFO -  Selected idx=1988 (C1=C(c2ccc(-c3ccccc3)cc2)CCN(C2CC2)C1) → [0.07258065 1.        ]
2025-06-13 09:15:09,092 - INFO -  Hypervolume: 0.1842
2025-06-13 09:15:09,092 - INFO - 
--- Iter 123 (train size (133, 2)) ---
2025-06-13 09:15:09,093 - INFO -  Inferred reference point at iter 123: [0.029422103487064116, -0.09999998324702228]
2025-06-13 09:15:09,098 - INFO -  Scoring full pool: 9867 candidates
2025-06-13 09:15:20,805 - INFO -  GP predict time: 11.707s
2025-06-13 09:15:20,805 - INFO -   EHVI: 9867 candidates with 1000 MC samples
2025-06-13 09:18:22,728 - INFO -  EHVI time: 181.923s
f1 shape: (1,)
f2 shape: (1,)
2025-06-13 09:18:22,730 - INFO -  Selected idx=9053 (O=C(c1ccco1)N1CCCC2(CCN(c3cccc(-c4ccccc4)c3)C2)C1) → [0.06802721 0.13533528]
2025-06-13 09:18:22,860 - INFO -  Hypervolume: 0.1842
2025-06-13 09:18:22,861 - INFO - 
--- Iter 124 (train size (134, 2)) ---
2025-06-13 09:18:22,861 - INFO -  Inferred reference point at iter 124: [0.029422103487064116, -0.09999998324702228]
2025-06-13 09:18:22,866 - INFO -  Scoring full pool: 9866 candidates
2025-06-13 09:18:34,634 - INFO -  GP predict time: 11.767s
2025-06-13 09:18:34,634 - INFO -   EHVI: 9866 candidates with 1000 MC samples
2025-06-13 09:21:37,016 - INFO -  EHVI time: 182.383s
f1 shape: (1,)
f2 shape: (1,)
2025-06-13 09:21:37,018 - INFO -  Selected idx=7367 (CCN(c1ccccc1)S(=O)(=O)c1ccc(C(=O)N2CCCC(C(F)(F)F)C2)cc1) → [0.11594203 1.        ]
2025-06-13 09:21:37,150 - INFO -  Hypervolume: 0.1842
2025-06-13 09:21:37,150 - INFO - 
--- Iter 125 (train size (135, 2)) ---
2025-06-13 09:21:37,150 - INFO -  Inferred reference point at iter 125: [0.029422103487064116, -0.09999998324702228]
2025-06-13 09:21:37,156 - INFO -  Scoring full pool: 9865 candidates
2025-06-13 09:21:49,080 - INFO -  GP predict time: 11.924s
2025-06-13 09:21:49,080 - INFO -   EHVI: 9865 candidates with 1000 MC samples
2025-06-13 09:24:50,919 - INFO -  EHVI time: 181.838s
f1 shape: (1,)
f2 shape: (1,)
2025-06-13 09:24:50,921 - INFO -  Selected idx=4029 (CN1CCN(C(=S)SCC(O)CN(C)CCC(Oc2ccc(C(F)(F)F)cc2)c2ccccc2)CC1) → [0.1025641 1.       ]
2025-06-13 09:24:51,054 - INFO -  Hypervolume: 0.1842
2025-06-13 09:24:51,054 - INFO - 
--- Iter 126 (train size (136, 2)) ---
2025-06-13 09:24:51,054 - INFO -  Inferred reference point at iter 126: [0.029422103487064116, -0.09999998324702228]
2025-06-13 09:24:51,059 - INFO -  Scoring full pool: 9864 candidates
2025-06-13 09:25:02,696 - INFO -  GP predict time: 11.637s
2025-06-13 09:25:02,696 - INFO -   EHVI: 9864 candidates with 1000 MC samples
2025-06-13 09:28:05,410 - INFO -  EHVI time: 182.714s
f1 shape: (1,)
f2 shape: (1,)
2025-06-13 09:28:05,412 - INFO -  Selected idx=3690 (O=C(CS(=O)(=O)c1ccc(F)cc1)NCc1ccccc1) → [0.06557377 1.        ]
2025-06-13 09:28:05,542 - INFO -  Hypervolume: 0.1842
2025-06-13 09:28:05,542 - INFO - 
--- Iter 127 (train size (137, 2)) ---
2025-06-13 09:28:05,543 - INFO -  Inferred reference point at iter 127: [0.029422103487064116, -0.09999998324702228]
2025-06-13 09:28:05,548 - INFO -  Scoring full pool: 9863 candidates
2025-06-13 09:28:17,452 - INFO -  GP predict time: 11.904s
2025-06-13 09:28:17,452 - INFO -   EHVI: 9863 candidates with 1000 MC samples
2025-06-13 09:31:19,678 - INFO -  EHVI time: 182.226s
f1 shape: (1,)
f2 shape: (1,)
2025-06-13 09:31:19,679 - INFO -  Selected idx=3499 (O=[N+]([O-])c1ccc(N2CCCC2)c2ccccc12) → [0.06956522 1.        ]
2025-06-13 09:31:19,817 - INFO -  Hypervolume: 0.1842
2025-06-13 09:31:19,817 - INFO - 
--- Iter 128 (train size (138, 2)) ---
2025-06-13 09:31:19,817 - INFO -  Inferred reference point at iter 128: [0.029422103487064116, -0.09999998324702228]
2025-06-13 09:31:19,823 - INFO -  Scoring full pool: 9862 candidates
2025-06-13 09:31:31,690 - INFO -  GP predict time: 11.867s
2025-06-13 09:31:31,690 - INFO -   EHVI: 9862 candidates with 1000 MC samples
2025-06-13 09:34:33,769 - INFO -  EHVI time: 182.078s
f1 shape: (1,)
f2 shape: (1,)
2025-06-13 09:34:33,770 - INFO -  Selected idx=2177 (O=C(c1ccc(C(F)(F)F)cc1)C1CCCN(Cc2ccc(CO)o2)C1) → [0.10769231 1.        ]
2025-06-13 09:34:33,906 - INFO -  Hypervolume: 0.1842
2025-06-13 09:34:33,906 - INFO - 
--- Iter 129 (train size (139, 2)) ---
2025-06-13 09:34:33,906 - INFO -  Inferred reference point at iter 129: [0.029422103487064116, -0.09999998324702228]
2025-06-13 09:34:33,912 - INFO -  Scoring full pool: 9861 candidates
2025-06-13 09:34:46,071 - INFO -  GP predict time: 12.159s
2025-06-13 09:34:46,071 - INFO -   EHVI: 9861 candidates with 1000 MC samples
2025-06-13 09:37:47,504 - INFO -  EHVI time: 181.433s
f1 shape: (1,)
f2 shape: (1,)
2025-06-13 09:37:47,506 - INFO -  Selected idx=9504 (COc1ccc(S(=O)(=O)N(C)CC(=O)N2CCN(c3ccccc3)CC2)cc1) → [0.10294118 1.        ]
2025-06-13 09:37:47,645 - INFO -  Hypervolume: 0.1842
2025-06-13 09:37:47,645 - INFO - 
--- Iter 130 (train size (140, 2)) ---
2025-06-13 09:37:47,646 - INFO -  Inferred reference point at iter 130: [0.029422103487064116, -0.09999998324702228]
2025-06-13 09:37:47,651 - INFO -  Scoring full pool: 9860 candidates
2025-06-13 09:37:59,932 - INFO -  GP predict time: 12.280s
2025-06-13 09:37:59,932 - INFO -   EHVI: 9860 candidates with 1000 MC samples
2025-06-13 09:41:01,164 - INFO -  EHVI time: 181.232s
f1 shape: (1,)
f2 shape: (1,)
2025-06-13 09:41:01,165 - INFO -  Selected idx=194 (CCCN1CCc2cccc3c2C1Cc1ccccc1-3) → [0.08333333 1.        ]
2025-06-13 09:41:01,307 - INFO -  Hypervolume: 0.1842
2025-06-13 09:41:01,307 - INFO - 
--- Iter 131 (train size (141, 2)) ---
2025-06-13 09:41:01,307 - INFO -  Inferred reference point at iter 131: [0.029422103487064116, -0.09999998324702228]
2025-06-13 09:41:01,313 - INFO -  Scoring full pool: 9859 candidates
2025-06-13 09:41:13,671 - INFO -  GP predict time: 12.358s
2025-06-13 09:41:13,671 - INFO -   EHVI: 9859 candidates with 1000 MC samples
2025-06-13 09:44:14,611 - INFO -  EHVI time: 180.940s
f1 shape: (1,)
f2 shape: (1,)
2025-06-13 09:44:14,613 - INFO -  Selected idx=3174 (CC(C)(C)NC(=O)C1CCCN1C(=O)C(=O)C(Cc1ccccc1)NC(=O)OCc1ccccc1) → [0.19014085 1.        ]
2025-06-13 09:44:14,757 - INFO -  Hypervolume: 0.1842
2025-06-13 09:44:14,757 - INFO - 
--- Iter 132 (train size (142, 2)) ---
2025-06-13 09:44:14,757 - INFO -  Inferred reference point at iter 132: [0.029422103487064116, -0.09999998324702228]
2025-06-13 09:44:14,763 - INFO -  Scoring full pool: 9858 candidates
2025-06-13 09:44:27,237 - INFO -  GP predict time: 12.474s
2025-06-13 09:44:27,238 - INFO -   EHVI: 9858 candidates with 1000 MC samples
2025-06-13 09:47:29,916 - INFO -  EHVI time: 182.678s
f1 shape: (1,)
f2 shape: (1,)
2025-06-13 09:47:29,917 - INFO -  Selected idx=456 (O=S(=O)(c1ccccc1)C1CCN(CCc2ccccc2)CC1) → [0.0952381 1.       ]
2025-06-13 09:47:30,063 - INFO -  Hypervolume: 0.1842
2025-06-13 09:47:30,063 - INFO - 
--- Iter 133 (train size (143, 2)) ---
2025-06-13 09:47:30,063 - INFO -  Inferred reference point at iter 133: [0.029422103487064116, -0.09999998324702228]
2025-06-13 09:47:30,069 - INFO -  Scoring full pool: 9857 candidates
2025-06-13 09:47:42,676 - INFO -  GP predict time: 12.607s
2025-06-13 09:47:42,676 - INFO -   EHVI: 9857 candidates with 1000 MC samples
2025-06-13 09:50:44,102 - INFO -  EHVI time: 181.425s
f1 shape: (1,)
f2 shape: (1,)
2025-06-13 09:50:44,103 - INFO -  Selected idx=5712 (CC(NCC1CCN(CCO)CC1)c1ccc(C(F)(F)F)cc1) → [0.13445378 0.13533528]
2025-06-13 09:50:44,246 - INFO -  Hypervolume: 0.1842
2025-06-13 09:50:44,246 - INFO - 
--- Iter 134 (train size (144, 2)) ---
2025-06-13 09:50:44,246 - INFO -  Inferred reference point at iter 134: [0.029422103487064116, -0.09999998324702228]
2025-06-13 09:50:44,252 - INFO -  Scoring full pool: 9856 candidates
2025-06-13 09:50:56,775 - INFO -  GP predict time: 12.523s
2025-06-13 09:50:56,775 - INFO -   EHVI: 9856 candidates with 1000 MC samples
2025-06-13 09:53:59,908 - INFO -  EHVI time: 183.132s
f1 shape: (1,)
f2 shape: (1,)
2025-06-13 09:53:59,909 - INFO -  Selected idx=8218 (CN(CC(=O)NCc1ccccc1F)S(=O)(=O)c1ccc(Cl)cc1) → [0.0703125 1.       ]
2025-06-13 09:54:00,058 - INFO -  Hypervolume: 0.1842
2025-06-13 09:54:00,058 - INFO - 
--- Iter 135 (train size (145, 2)) ---
2025-06-13 09:54:00,058 - INFO -  Inferred reference point at iter 135: [0.029422103487064116, -0.09999998324702228]
2025-06-13 09:54:00,064 - INFO -  Scoring full pool: 9855 candidates
2025-06-13 09:54:12,789 - INFO -  GP predict time: 12.725s
2025-06-13 09:54:12,789 - INFO -   EHVI: 9855 candidates with 1000 MC samples
2025-06-13 09:57:14,813 - INFO -  EHVI time: 182.024s
f1 shape: (1,)
f2 shape: (1,)
2025-06-13 09:57:14,815 - INFO -  Selected idx=592 (CC(NS(=O)(=O)c1ccc(Cl)cc1)C(c1cccs1)N1CCN(C)CC1) → [0.09923664 1.        ]
2025-06-13 09:57:14,966 - INFO -  Hypervolume: 0.1842
2025-06-13 09:57:14,966 - INFO - 
--- Iter 136 (train size (146, 2)) ---
2025-06-13 09:57:14,966 - INFO -  Inferred reference point at iter 136: [0.029422103487064116, -0.09999998324702228]
2025-06-13 09:57:14,972 - INFO -  Scoring full pool: 9854 candidates
2025-06-13 09:57:27,858 - INFO -  GP predict time: 12.886s
2025-06-13 09:57:27,859 - INFO -   EHVI: 9854 candidates with 1000 MC samples
2025-06-13 10:00:29,943 - INFO -  EHVI time: 182.084s
f1 shape: (1,)
f2 shape: (1,)
2025-06-13 10:00:29,945 - INFO -  Selected idx=6964 (c1ccc(CCCN2CCCN(c3cccnc3)CC2)cc1) → [0.07874016 1.        ]
2025-06-13 10:00:30,097 - INFO -  Hypervolume: 0.1842
2025-06-13 10:00:30,097 - INFO - 
--- Iter 137 (train size (147, 2)) ---
2025-06-13 10:00:30,097 - INFO -  Inferred reference point at iter 137: [0.029422103487064116, -0.09999998324702228]
2025-06-13 10:00:30,104 - INFO -  Scoring full pool: 9853 candidates
2025-06-13 10:00:42,655 - INFO -  GP predict time: 12.551s
2025-06-13 10:00:42,655 - INFO -   EHVI: 9853 candidates with 1000 MC samples
2025-06-13 10:03:44,166 - INFO -  EHVI time: 181.511s
f1 shape: (1,)
f2 shape: (1,)
2025-06-13 10:03:44,168 - INFO -  Selected idx=9606 (O=C(NCCc1ccncc1)c1ccc(S(=O)(=O)NC2CCC2)cc1) → [0.11811024 1.        ]
2025-06-13 10:03:44,323 - INFO -  Hypervolume: 0.1842
2025-06-13 10:03:44,323 - INFO - 
--- Iter 138 (train size (148, 2)) ---
2025-06-13 10:03:44,323 - INFO -  Inferred reference point at iter 138: [0.029422103487064116, -0.09999998324702228]
2025-06-13 10:03:44,329 - INFO -  Scoring full pool: 9852 candidates
2025-06-13 10:03:57,616 - INFO -  GP predict time: 13.287s
2025-06-13 10:03:57,616 - INFO -   EHVI: 9852 candidates with 1000 MC samples
2025-06-13 10:06:59,254 - INFO -  EHVI time: 181.638s
f1 shape: (1,)
f2 shape: (1,)
2025-06-13 10:06:59,256 - INFO -  Selected idx=7002 (COc1cccc(CNC(=O)C2CCCN2C(=O)C2CCCN2C(=O)c2ccc(Cl)cc2)c1) → [0.18705036 1.        ]
2025-06-13 10:06:59,412 - INFO -  Hypervolume: 0.1842
2025-06-13 10:06:59,412 - INFO - 
--- Iter 139 (train size (149, 2)) ---
2025-06-13 10:06:59,413 - INFO -  Inferred reference point at iter 139: [0.029422103487064116, -0.09999998324702228]
2025-06-13 10:06:59,419 - INFO -  Scoring full pool: 9851 candidates
2025-06-13 10:07:12,500 - INFO -  GP predict time: 13.081s
2025-06-13 10:07:12,500 - INFO -   EHVI: 9851 candidates with 1000 MC samples
2025-06-13 10:10:14,768 - INFO -  EHVI time: 182.268s
f1 shape: (1,)
f2 shape: (1,)
2025-06-13 10:10:14,769 - INFO -  Selected idx=8064 (CC1CCCN1CCc1ccc2ccccc2c1) → [0.0877193 1.       ]
2025-06-13 10:10:14,928 - INFO -  Hypervolume: 0.1842
2025-06-13 10:10:14,928 - INFO - 
--- Iter 140 (train size (150, 2)) ---
2025-06-13 10:10:14,928 - INFO -  Inferred reference point at iter 140: [0.029422103487064116, -0.09999998324702228]
2025-06-13 10:10:14,935 - INFO -  Scoring full pool: 9850 candidates
2025-06-13 10:10:28,439 - INFO -  GP predict time: 13.504s
2025-06-13 10:10:28,439 - INFO -   EHVI: 9850 candidates with 1000 MC samples
2025-06-13 10:13:29,862 - INFO -  EHVI time: 181.423s
f1 shape: (1,)
f2 shape: (1,)
2025-06-13 10:13:29,863 - INFO -  Selected idx=971 (CS(=O)(=O)N1CCC(NC(c2cccnc2)c2ccc(Cl)cc2F)CC1) → [0.09923664 1.        ]
2025-06-13 10:13:30,023 - INFO -  Hypervolume: 0.1842
2025-06-13 10:13:30,023 - INFO - 
--- Iter 141 (train size (151, 2)) ---
2025-06-13 10:13:30,024 - INFO -  Inferred reference point at iter 141: [0.029422103487064116, -0.09999998324702228]
2025-06-13 10:13:30,030 - INFO -  Scoring full pool: 9849 candidates
2025-06-13 10:13:43,295 - INFO -  GP predict time: 13.265s
2025-06-13 10:13:43,295 - INFO -   EHVI: 9849 candidates with 1000 MC samples
2025-06-13 10:16:45,510 - INFO -  EHVI time: 182.216s
f1 shape: (1,)
f2 shape: (1,)
2025-06-13 10:16:45,512 - INFO -  Selected idx=626 (CCOc1ccc(NC(=O)N2CCC(NC(=O)C(Cc3ccccc3OC)NC(C)=O)CC2)cc1) → [0.1971831 1.       ]
2025-06-13 10:16:45,671 - INFO -  Hypervolume: 0.1845
2025-06-13 10:16:45,672 - INFO - 
--- Iter 142 (train size (152, 2)) ---
2025-06-13 10:16:45,672 - INFO -  Inferred reference point at iter 142: [0.029388832997987932, -0.09999998324702228]
2025-06-13 10:16:45,678 - INFO -  Scoring full pool: 9848 candidates
2025-06-13 10:16:58,909 - INFO -  GP predict time: 13.231s
2025-06-13 10:16:58,909 - INFO -   EHVI: 9848 candidates with 1000 MC samples
2025-06-13 10:20:00,145 - INFO -  EHVI time: 181.236s
f1 shape: (1,)
f2 shape: (1,)
2025-06-13 10:20:00,147 - INFO -  Selected idx=1624 (O=C(CN1CCCCC1c1cccnc1)c1ccccc1) → [0.11764706 1.        ]
2025-06-13 10:20:00,310 - INFO -  Hypervolume: 0.1846
2025-06-13 10:20:00,310 - INFO - 
--- Iter 143 (train size (153, 2)) ---
2025-06-13 10:20:00,311 - INFO -  Inferred reference point at iter 143: [0.029388832997987932, -0.09999998324702228]
2025-06-13 10:20:00,317 - INFO -  Scoring full pool: 9847 candidates
2025-06-13 10:20:13,788 - INFO -  GP predict time: 13.471s
2025-06-13 10:20:13,788 - INFO -   EHVI: 9847 candidates with 1000 MC samples
2025-06-13 10:23:15,320 - INFO -  EHVI time: 181.532s
f1 shape: (1,)
f2 shape: (1,)
2025-06-13 10:23:15,322 - INFO -  Selected idx=1652 (CS(=O)(=O)NC(C(=O)N1CCCC1C(=O)NCc1ccc(CN)cc1)C(c1ccccc1)c1ccccc1) → [0.14012739 0.13533528]
2025-06-13 10:23:15,487 - INFO -  Hypervolume: 0.1846
2025-06-13 10:23:15,488 - INFO - 
--- Iter 144 (train size (154, 2)) ---
2025-06-13 10:23:15,488 - INFO -  Inferred reference point at iter 144: [0.029388832997987932, -0.09999998324702228]
2025-06-13 10:23:15,494 - INFO -  Scoring full pool: 9846 candidates
2025-06-13 10:23:28,936 - INFO -  GP predict time: 13.442s
2025-06-13 10:23:28,936 - INFO -   EHVI: 9846 candidates with 1000 MC samples
2025-06-13 10:26:30,336 - INFO -  EHVI time: 181.399s
f1 shape: (1,)
f2 shape: (1,)
2025-06-13 10:26:30,337 - INFO -  Selected idx=9276 (CC(=O)Nc1ccc(NC(=O)COC(=O)c2ccccc2SCC(=O)N2CCCC2)cc1) → [0.15714286 1.        ]
2025-06-13 10:26:30,505 - INFO -  Hypervolume: 0.1846
2025-06-13 10:26:30,505 - INFO - 
--- Iter 145 (train size (155, 2)) ---
2025-06-13 10:26:30,505 - INFO -  Inferred reference point at iter 145: [0.029388832997987932, -0.09999998324702228]
2025-06-13 10:26:30,512 - INFO -  Scoring full pool: 9845 candidates
2025-06-13 10:26:44,118 - INFO -  GP predict time: 13.606s
2025-06-13 10:26:44,118 - INFO -   EHVI: 9845 candidates with 1000 MC samples
2025-06-13 10:29:45,819 - INFO -  EHVI time: 181.701s
f1 shape: (1,)
f2 shape: (1,)
2025-06-13 10:29:45,821 - INFO -  Selected idx=8299 (COc1ccccc1C(=O)Nc1ccc(OCC(=O)N2CC(C)CC(C)C2)cc1) → [0.14179104 1.        ]
2025-06-13 10:29:45,992 - INFO -  Hypervolume: 0.1846
2025-06-13 10:29:45,992 - INFO - 
--- Iter 146 (train size (156, 2)) ---
2025-06-13 10:29:45,992 - INFO -  Inferred reference point at iter 146: [0.029388832997987932, -0.09999998324702228]
2025-06-13 10:29:45,999 - INFO -  Scoring full pool: 9844 candidates
2025-06-13 10:30:00,035 - INFO -  GP predict time: 14.036s
2025-06-13 10:30:00,035 - INFO -   EHVI: 9844 candidates with 1000 MC samples
2025-06-13 10:33:01,426 - INFO -  EHVI time: 181.391s
f1 shape: (1,)
f2 shape: (1,)
2025-06-13 10:33:01,428 - INFO -  Selected idx=6691 (CN(C)S(=O)(=O)N1CCC(c2ccc(CN(CC(F)(F)F)S(=O)(=O)Cc3ccccc3)c(F)c2)CC1) → [0.10457516 1.        ]
2025-06-13 10:33:01,599 - INFO -  Hypervolume: 0.1846
2025-06-13 10:33:01,600 - INFO - 
--- Iter 147 (train size (157, 2)) ---
2025-06-13 10:33:01,600 - INFO -  Inferred reference point at iter 147: [0.029388832997987932, -0.09999998324702228]
2025-06-13 10:33:01,607 - INFO -  Scoring full pool: 9843 candidates
2025-06-13 10:33:15,519 - INFO -  GP predict time: 13.912s
2025-06-13 10:33:15,519 - INFO -   EHVI: 9843 candidates with 1000 MC samples
2025-06-13 10:36:17,000 - INFO -  EHVI time: 181.481s
f1 shape: (1,)
f2 shape: (1,)
2025-06-13 10:36:17,002 - INFO -  Selected idx=1360 (Cc1ccc(NC(=O)C(=O)NCCN2CCN(C(S)=Nc3ccccc3)CC2)cc1) → [0.11347518 1.        ]
2025-06-13 10:36:17,176 - INFO -  Hypervolume: 0.1846
2025-06-13 10:36:17,176 - INFO - 
--- Iter 148 (train size (158, 2)) ---
2025-06-13 10:36:17,177 - INFO -  Inferred reference point at iter 148: [0.029388832997987932, -0.09999998324702228]
2025-06-13 10:36:17,184 - INFO -  Scoring full pool: 9842 candidates
2025-06-13 10:36:31,196 - INFO -  GP predict time: 14.012s
2025-06-13 10:36:31,196 - INFO -   EHVI: 9842 candidates with 1000 MC samples
2025-06-13 10:39:33,225 - INFO -  EHVI time: 182.029s
f1 shape: (1,)
f2 shape: (1,)
2025-06-13 10:39:33,227 - INFO -  Selected idx=4412 (O=C(Cn1c(=O)sc2ccc(Cl)cc21)N1CCCC(c2ccccc2)C1CN1CCCC1) → [0.11564626 0.13533528]
2025-06-13 10:39:33,403 - INFO -  Hypervolume: 0.1846
2025-06-13 10:39:33,403 - INFO - 
--- Iter 149 (train size (159, 2)) ---
2025-06-13 10:39:33,403 - INFO -  Inferred reference point at iter 149: [0.029388832997987932, -0.09999998324702228]
2025-06-13 10:39:33,411 - INFO -  Scoring full pool: 9841 candidates
2025-06-13 10:39:47,430 - INFO -  GP predict time: 14.019s
2025-06-13 10:39:47,430 - INFO -   EHVI: 9841 candidates with 1000 MC samples
2025-06-13 10:42:50,047 - INFO -  EHVI time: 182.617s
f1 shape: (1,)
f2 shape: (1,)
2025-06-13 10:42:50,049 - INFO -  Selected idx=6131 (O=c1ccc(Cl)cn1Cc1ccccc1F) → [0.02654867 1.        ]
2025-06-13 10:42:50,226 - INFO -  Hypervolume: 0.1846
2025-06-13 10:42:50,227 - INFO - 
--- Iter 150 (train size (160, 2)) ---
2025-06-13 10:42:50,227 - INFO -  Inferred reference point at iter 150: [0.009485229963853922, -0.09999998324702228]
2025-06-13 10:42:50,234 - INFO -  Scoring full pool: 9840 candidates
2025-06-13 10:43:03,890 - INFO -  GP predict time: 13.656s
2025-06-13 10:43:03,890 - INFO -   EHVI: 9840 candidates with 1000 MC samples
2025-06-13 10:46:05,069 - INFO -  EHVI time: 181.179s
f1 shape: (1,)
f2 shape: (1,)
2025-06-13 10:46:05,071 - INFO -  Selected idx=4616 (CNCc1cc(C(=O)N2CCCN(C3CC3)CC2)ccc1Oc1ccc(SC(F)(F)F)cc1) → [0.11564626 1.        ]
2025-06-13 10:46:05,251 - INFO -  Hypervolume: 0.2065
2025-06-13 10:46:05,251 - INFO - 
--- Iter 151 (train size (161, 2)) ---
2025-06-13 10:46:05,251 - INFO -  Inferred reference point at iter 151: [0.009485229963853922, -0.09999998324702228]
2025-06-13 10:46:05,258 - INFO -  Scoring full pool: 9839 candidates
2025-06-13 10:46:19,739 - INFO -  GP predict time: 14.481s
2025-06-13 10:46:19,739 - INFO -   EHVI: 9839 candidates with 1000 MC samples
2025-06-13 10:49:22,797 - INFO -  EHVI time: 183.058s
f1 shape: (1,)
f2 shape: (1,)
2025-06-13 10:49:22,798 - INFO -  Selected idx=9258 (C=C1CCN(c2ccc(C(=O)NCc3ccccc3)cc2[N+](=O)[O-])CC1) → [0.08208955 1.        ]
2025-06-13 10:49:22,980 - INFO -  Hypervolume: 0.2065
2025-06-13 10:49:22,980 - INFO - 
--- Iter 152 (train size (162, 2)) ---
2025-06-13 10:49:22,980 - INFO -  Inferred reference point at iter 152: [0.009485229963853922, -0.09999998324702228]
2025-06-13 10:49:22,987 - INFO -  Scoring full pool: 9838 candidates
2025-06-13 10:49:37,663 - INFO -  GP predict time: 14.676s
2025-06-13 10:49:37,663 - INFO -   EHVI: 9838 candidates with 1000 MC samples
2025-06-13 10:52:38,869 - INFO -  EHVI time: 181.206s
f1 shape: (1,)
f2 shape: (1,)
2025-06-13 10:52:38,871 - INFO -  Selected idx=9528 (O=C(CSc1nccn1Cc1ccccc1)NC1CCCC1) → [0.15254237 1.        ]
2025-06-13 10:52:39,055 - INFO -  Hypervolume: 0.2065
2025-06-13 10:52:39,055 - INFO - 
--- Iter 153 (train size (163, 2)) ---
2025-06-13 10:52:39,055 - INFO -  Inferred reference point at iter 153: [0.009485229963853922, -0.09999998324702228]
2025-06-13 10:52:39,062 - INFO -  Scoring full pool: 9837 candidates
2025-06-13 10:52:53,683 - INFO -  GP predict time: 14.620s
2025-06-13 10:52:53,683 - INFO -   EHVI: 9837 candidates with 1000 MC samples
2025-06-13 10:55:55,931 - INFO -  EHVI time: 182.248s
f1 shape: (1,)
f2 shape: (1,)
2025-06-13 10:55:55,933 - INFO -  Selected idx=2598 (COC(C(=O)Nc1ccc(S(=O)(=O)N2CCCCC2)cc1)c1ccccc1) → [0.12977099 1.        ]
2025-06-13 10:55:56,118 - INFO -  Hypervolume: 0.2065
2025-06-13 10:55:56,118 - INFO - 
--- Iter 154 (train size (164, 2)) ---
2025-06-13 10:55:56,118 - INFO -  Inferred reference point at iter 154: [0.009485229963853922, -0.09999998324702228]
2025-06-13 10:55:56,126 - INFO -  Scoring full pool: 9836 candidates
2025-06-13 10:56:10,595 - INFO -  GP predict time: 14.469s
2025-06-13 10:56:10,595 - INFO -   EHVI: 9836 candidates with 1000 MC samples
2025-06-13 10:59:11,905 - INFO -  EHVI time: 181.310s
f1 shape: (1,)
f2 shape: (1,)
2025-06-13 10:59:11,907 - INFO -  Selected idx=1300 (O=C(O)CC1c2cc(F)ccc2S(=O)(=O)N1C1CCN(Cc2ccccc2)CC1) → [0.13333333 1.        ]
2025-06-13 10:59:12,095 - INFO -  Hypervolume: 0.2065
2025-06-13 10:59:12,096 - INFO - 
--- Iter 155 (train size (165, 2)) ---
2025-06-13 10:59:12,096 - INFO -  Inferred reference point at iter 155: [0.009485229963853922, -0.09999998324702228]
2025-06-13 10:59:12,103 - INFO -  Scoring full pool: 9835 candidates
2025-06-13 10:59:27,007 - INFO -  GP predict time: 14.904s
2025-06-13 10:59:27,007 - INFO -   EHVI: 9835 candidates with 1000 MC samples
2025-06-13 11:02:28,575 - INFO -  EHVI time: 181.568s
f1 shape: (1,)
f2 shape: (1,)
2025-06-13 11:02:28,577 - INFO -  Selected idx=6711 (O=C(CSCc1ccccc1)N1CCc2ccccc21) → [0.06557377 1.        ]
2025-06-13 11:02:28,766 - INFO -  Hypervolume: 0.2065
2025-06-13 11:02:28,766 - INFO - 
--- Iter 156 (train size (166, 2)) ---
2025-06-13 11:02:28,766 - INFO -  Inferred reference point at iter 156: [0.009485229963853922, -0.09999998324702228]
2025-06-13 11:02:28,774 - INFO -  Scoring full pool: 9834 candidates
2025-06-13 11:02:43,763 - INFO -  GP predict time: 14.990s
2025-06-13 11:02:43,763 - INFO -   EHVI: 9834 candidates with 1000 MC samples
2025-06-13 11:05:44,577 - INFO -  EHVI time: 180.814s
f1 shape: (1,)
f2 shape: (1,)
2025-06-13 11:05:44,579 - INFO -  Selected idx=8057 (O=C(COc1cccc(F)c1C(=O)N1CCCCC1)NC(CO)Cc1ccccc1) → [0.15441176 1.        ]
2025-06-13 11:05:44,772 - INFO -  Hypervolume: 0.2065
2025-06-13 11:05:44,772 - INFO - 
--- Iter 157 (train size (167, 2)) ---
2025-06-13 11:05:44,772 - INFO -  Inferred reference point at iter 157: [0.009485229963853922, -0.09999998324702228]
2025-06-13 11:05:44,779 - INFO -  Scoring full pool: 9833 candidates
2025-06-13 11:05:59,578 - INFO -  GP predict time: 14.799s
2025-06-13 11:05:59,578 - INFO -   EHVI: 9833 candidates with 1000 MC samples
2025-06-13 11:09:00,817 - INFO -  EHVI time: 181.239s
f1 shape: (1,)
f2 shape: (1,)
2025-06-13 11:09:00,819 - INFO -  Selected idx=8733 (COc1ccc(CCNC(=O)C2CCN(C(=O)c3ccc([N+](=O)[O-])cc3)CC2)cc1) → [0.14705882 1.        ]
2025-06-13 11:09:01,013 - INFO -  Hypervolume: 0.2065
2025-06-13 11:09:01,013 - INFO - 
--- Iter 158 (train size (168, 2)) ---
2025-06-13 11:09:01,013 - INFO -  Inferred reference point at iter 158: [0.009485229963853922, -0.09999998324702228]
2025-06-13 11:09:01,021 - INFO -  Scoring full pool: 9832 candidates
2025-06-13 11:09:15,810 - INFO -  GP predict time: 14.788s
2025-06-13 11:09:15,810 - INFO -   EHVI: 9832 candidates with 1000 MC samples
2025-06-13 11:12:18,261 - INFO -  EHVI time: 182.451s
f1 shape: (1,)
f2 shape: (1,)
2025-06-13 11:12:18,263 - INFO -  Selected idx=5278 (O=C(NCc1cccs1)C1CCCN1S(=O)(=O)c1ccccc1F) → [0.12096774 1.        ]
2025-06-13 11:12:18,460 - INFO -  Hypervolume: 0.2065
2025-06-13 11:12:18,461 - INFO - 
--- Iter 159 (train size (169, 2)) ---
2025-06-13 11:12:18,461 - INFO -  Inferred reference point at iter 159: [0.009485229963853922, -0.09999998324702228]
2025-06-13 11:12:18,468 - INFO -  Scoring full pool: 9831 candidates
2025-06-13 11:12:33,318 - INFO -  GP predict time: 14.850s
2025-06-13 11:12:33,318 - INFO -   EHVI: 9831 candidates with 1000 MC samples
2025-06-13 11:15:34,421 - INFO -  EHVI time: 181.103s
f1 shape: (1,)
f2 shape: (1,)
2025-06-13 11:15:34,423 - INFO -  Selected idx=6875 (CC(C)NC(=O)CSc1ccccc1C(=O)N1CCN(S(=O)(=O)C=Cc2ccccc2)CC1) → [0.12328767 1.        ]
2025-06-13 11:15:34,623 - INFO -  Hypervolume: 0.2065
2025-06-13 11:15:34,623 - INFO - 
--- Iter 160 (train size (170, 2)) ---
2025-06-13 11:15:34,623 - INFO -  Inferred reference point at iter 160: [0.009485229963853922, -0.09999998324702228]
2025-06-13 11:15:34,631 - INFO -  Scoring full pool: 9830 candidates
2025-06-13 11:15:49,768 - INFO -  GP predict time: 15.137s
2025-06-13 11:15:49,768 - INFO -   EHVI: 9830 candidates with 1000 MC samples
2025-06-13 11:18:51,062 - INFO -  EHVI time: 181.294s
f1 shape: (1,)
f2 shape: (1,)
2025-06-13 11:18:51,064 - INFO -  Selected idx=8396 (COc1ccc(CC(NC(=O)C2(NC(=O)C(SC(C)=O)C(C)C)CCCC2)C(=O)OCc2ccccc2)cc1) → [0.19205298 1.        ]
2025-06-13 11:18:51,265 - INFO -  Hypervolume: 0.2065
2025-06-13 11:18:51,265 - INFO - 
--- Iter 161 (train size (171, 2)) ---
2025-06-13 11:18:51,265 - INFO -  Inferred reference point at iter 161: [0.009485229963853922, -0.09999998324702228]
2025-06-13 11:18:51,273 - INFO -  Scoring full pool: 9829 candidates
2025-06-13 11:19:06,244 - INFO -  GP predict time: 14.971s
2025-06-13 11:19:06,244 - INFO -   EHVI: 9829 candidates with 1000 MC samples
2025-06-13 11:22:07,301 - INFO -  EHVI time: 181.057s
f1 shape: (1,)
f2 shape: (1,)
2025-06-13 11:22:07,303 - INFO -  Selected idx=2396 (COc1ccc(SCC(=O)Nc2ccccc2Cl)cc1) → [0.05785124 1.        ]
2025-06-13 11:22:07,506 - INFO -  Hypervolume: 0.2065
2025-06-13 11:22:07,506 - INFO - 
--- Iter 162 (train size (172, 2)) ---
2025-06-13 11:22:07,506 - INFO -  Inferred reference point at iter 162: [0.009485229963853922, -0.09999998324702228]
2025-06-13 11:22:07,514 - INFO -  Scoring full pool: 9828 candidates
2025-06-13 11:22:22,615 - INFO -  GP predict time: 15.100s
2025-06-13 11:22:22,615 - INFO -   EHVI: 9828 candidates with 1000 MC samples
2025-06-13 11:25:24,054 - INFO -  EHVI time: 181.439s
f1 shape: (1,)
f2 shape: (1,)
2025-06-13 11:25:24,056 - INFO -  Selected idx=3428 (O=C(OCC1CCCN(C(=O)CCc2ccccc2)C1)c1ccccc1C(F)(F)F) → [0.13868613 1.        ]
2025-06-13 11:25:24,261 - INFO -  Hypervolume: 0.2065
2025-06-13 11:25:24,261 - INFO - 
--- Iter 163 (train size (173, 2)) ---
2025-06-13 11:25:24,261 - INFO -  Inferred reference point at iter 163: [0.009485229963853922, -0.09999998324702228]
2025-06-13 11:25:24,269 - INFO -  Scoring full pool: 9827 candidates
2025-06-13 11:25:39,534 - INFO -  GP predict time: 15.264s
2025-06-13 11:25:39,534 - INFO -   EHVI: 9827 candidates with 1000 MC samples
2025-06-13 11:28:40,452 - INFO -  EHVI time: 180.918s
f1 shape: (1,)
f2 shape: (1,)
2025-06-13 11:28:40,454 - INFO -  Selected idx=4960 (O=C(NCCN1CCc2ccccc2C1)Nc1ccc(F)cc1) → [0.078125 1.      ]
2025-06-13 11:28:40,662 - INFO -  Hypervolume: 0.2065
2025-06-13 11:28:40,662 - INFO - 
--- Iter 164 (train size (174, 2)) ---
2025-06-13 11:28:40,662 - INFO -  Inferred reference point at iter 164: [0.009485229963853922, -0.09999998324702228]
2025-06-13 11:28:40,670 - INFO -  Scoring full pool: 9826 candidates
2025-06-13 11:28:56,346 - INFO -  GP predict time: 15.676s
2025-06-13 11:28:56,346 - INFO -   EHVI: 9826 candidates with 1000 MC samples
2025-06-13 11:31:57,037 - INFO -  EHVI time: 180.690s
f1 shape: (1,)
f2 shape: (1,)
2025-06-13 11:31:57,039 - INFO -  Selected idx=4621 (O=C(COc1ccc(S(=O)(=O)N2CCCC2)cc1)NCc1ccccn1) → [0.12307692 1.        ]
2025-06-13 11:31:57,248 - INFO -  Hypervolume: 0.2065
2025-06-13 11:31:57,248 - INFO - 
--- Iter 165 (train size (175, 2)) ---
2025-06-13 11:31:57,248 - INFO -  Inferred reference point at iter 165: [0.009485229963853922, -0.09999998324702228]
2025-06-13 11:31:57,256 - INFO -  Scoring full pool: 9825 candidates
2025-06-13 11:32:12,250 - INFO -  GP predict time: 14.994s
2025-06-13 11:32:12,250 - INFO -   EHVI: 9825 candidates with 1000 MC samples
2025-06-13 11:35:12,656 - INFO -  EHVI time: 180.406s
f1 shape: (1,)
f2 shape: (1,)
2025-06-13 11:35:12,658 - INFO -  Selected idx=6041 (c1ccc(COc2ccc(C3CNCCS3)cc2)cc1) → [0.048 1.   ]
2025-06-13 11:35:12,869 - INFO -  Hypervolume: 0.2065
2025-06-13 11:35:12,870 - INFO - 
--- Iter 166 (train size (176, 2)) ---
2025-06-13 11:35:12,870 - INFO -  Inferred reference point at iter 166: [0.009485229963853922, -0.09999998324702228]
2025-06-13 11:35:12,878 - INFO -  Scoring full pool: 9824 candidates
2025-06-13 11:35:28,819 - INFO -  GP predict time: 15.942s
2025-06-13 11:35:28,820 - INFO -   EHVI: 9824 candidates with 1000 MC samples
2025-06-13 11:38:30,218 - INFO -  EHVI time: 181.399s
f1 shape: (1,)
f2 shape: (1,)
2025-06-13 11:38:30,220 - INFO -  Selected idx=7439 (COc1ccc(-c2ccc(SCC(=O)NC3CCCC3)nn2)cc1) → [0.14634146 1.        ]
2025-06-13 11:38:30,434 - INFO -  Hypervolume: 0.2065
2025-06-13 11:38:30,434 - INFO - 
--- Iter 167 (train size (177, 2)) ---
2025-06-13 11:38:30,434 - INFO -  Inferred reference point at iter 167: [0.009485229963853922, -0.09999998324702228]
2025-06-13 11:38:30,443 - INFO -  Scoring full pool: 9823 candidates
2025-06-13 11:38:45,974 - INFO -  GP predict time: 15.531s
2025-06-13 11:38:45,974 - INFO -   EHVI: 9823 candidates with 1000 MC samples
2025-06-13 11:41:46,858 - INFO -  EHVI time: 180.884s
f1 shape: (1,)
f2 shape: (1,)
2025-06-13 11:41:46,860 - INFO -  Selected idx=2804 (CCC(=O)N1CCc2cc(S(=O)(=O)CCC(=O)N(C)c3ccc(OC)cc3)ccc21) → [0.13235294 1.        ]
2025-06-13 11:41:47,077 - INFO -  Hypervolume: 0.2065
2025-06-13 11:41:47,077 - INFO - 
--- Iter 168 (train size (178, 2)) ---
2025-06-13 11:41:47,077 - INFO -  Inferred reference point at iter 168: [0.009485229963853922, -0.09999998324702228]
2025-06-13 11:41:47,085 - INFO -  Scoring full pool: 9822 candidates
2025-06-13 11:42:02,706 - INFO -  GP predict time: 15.621s
2025-06-13 11:42:02,706 - INFO -   EHVI: 9822 candidates with 1000 MC samples
2025-06-13 11:45:04,454 - INFO -  EHVI time: 181.747s
f1 shape: (1,)
f2 shape: (1,)
2025-06-13 11:45:04,456 - INFO -  Selected idx=2909 (C=C1CCN(C(CC(C)C)C(=O)NCc2ccc(Cl)cc2)S(=O)(=O)c2ccccc21) → [0.11594203 1.        ]
2025-06-13 11:45:04,677 - INFO -  Hypervolume: 0.2065
2025-06-13 11:45:04,677 - INFO - 
--- Iter 169 (train size (179, 2)) ---
2025-06-13 11:45:04,677 - INFO -  Inferred reference point at iter 169: [0.009485229963853922, -0.09999998324702228]
2025-06-13 11:45:04,685 - INFO -  Scoring full pool: 9821 candidates
2025-06-13 11:45:20,818 - INFO -  GP predict time: 16.133s
2025-06-13 11:45:20,818 - INFO -   EHVI: 9821 candidates with 1000 MC samples
2025-06-13 11:48:22,868 - INFO -  EHVI time: 182.050s
f1 shape: (1,)
f2 shape: (1,)
2025-06-13 11:48:22,869 - INFO -  Selected idx=379 (CCNC(=O)OC1CCC2C(C(=O)Nc3ccc(N(C)C)cc3)CC1N2Cc1ccccc1) → [0.17857143 1.        ]
2025-06-13 11:48:23,090 - INFO -  Hypervolume: 0.2065
2025-06-13 11:48:23,090 - INFO - 
--- Iter 170 (train size (180, 2)) ---
2025-06-13 11:48:23,090 - INFO -  Inferred reference point at iter 170: [0.009485229963853922, -0.09999998324702228]
2025-06-13 11:48:23,099 - INFO -  Scoring full pool: 9820 candidates
2025-06-13 11:48:38,478 - INFO -  GP predict time: 15.379s
2025-06-13 11:48:38,478 - INFO -   EHVI: 9820 candidates with 1000 MC samples
2025-06-13 11:51:40,564 - INFO -  EHVI time: 182.086s
f1 shape: (1,)
f2 shape: (1,)
2025-06-13 11:51:40,566 - INFO -  Selected idx=7430 (CCNC(=O)C(c1ccccc1)N1CCN(c2ccc(NC(=O)C(CC)CC)cc2C#N)CC1) → [0.15172414 1.        ]
2025-06-13 11:51:40,786 - INFO -  Hypervolume: 0.2065
2025-06-13 11:51:40,786 - INFO - 
--- Iter 171 (train size (181, 2)) ---
2025-06-13 11:51:40,786 - INFO -  Inferred reference point at iter 171: [0.009485229963853922, -0.09999998324702228]
2025-06-13 11:51:40,794 - INFO -  Scoring full pool: 9819 candidates
2025-06-13 11:51:57,074 - INFO -  GP predict time: 16.279s
2025-06-13 11:51:57,074 - INFO -   EHVI: 9819 candidates with 1000 MC samples
2025-06-13 11:54:58,324 - INFO -  EHVI time: 181.249s
f1 shape: (1,)
f2 shape: (1,)
2025-06-13 11:54:58,325 - INFO -  Selected idx=9235 (CC(C)NS(=O)(=O)c1ccc(NC2CCN(CC(O)=Nc3ccccc3)CC2)c([N+](=O)O)c1) → [0.13986014 1.        ]
2025-06-13 11:54:58,552 - INFO -  Hypervolume: 0.2065
2025-06-13 11:54:58,552 - INFO - 
--- Iter 172 (train size (182, 2)) ---
2025-06-13 11:54:58,552 - INFO -  Inferred reference point at iter 172: [0.009485229963853922, -0.09999998324702228]
2025-06-13 11:54:58,561 - INFO -  Scoring full pool: 9818 candidates
2025-06-13 11:55:14,593 - INFO -  GP predict time: 16.032s
2025-06-13 11:55:14,593 - INFO -   EHVI: 9818 candidates with 1000 MC samples
2025-06-13 11:58:15,247 - INFO -  EHVI time: 180.654s
f1 shape: (1,)
f2 shape: (1,)
2025-06-13 11:58:15,249 - INFO -  Selected idx=8926 (COc1ccc(CNC(=O)c2ccccc2NS(C)(=O)=O)cc1) → [0.08 1.  ]
2025-06-13 11:58:15,478 - INFO -  Hypervolume: 0.2065
2025-06-13 11:58:15,478 - INFO - 
--- Iter 173 (train size (183, 2)) ---
2025-06-13 11:58:15,478 - INFO -  Inferred reference point at iter 173: [0.009485229963853922, -0.09999998324702228]
2025-06-13 11:58:15,486 - INFO -  Scoring full pool: 9817 candidates
2025-06-13 11:58:31,930 - INFO -  GP predict time: 16.444s
2025-06-13 11:58:31,930 - INFO -   EHVI: 9817 candidates with 1000 MC samples
2025-06-13 12:01:34,494 - INFO -  EHVI time: 182.564s
f1 shape: (1,)
f2 shape: (1,)
2025-06-13 12:01:34,496 - INFO -  Selected idx=9161 (CC(=O)OCC1(N(C(C)=O)c2ccccc2)CCN(CCc2ccccc2)CC1) → [0.13235294 1.        ]
2025-06-13 12:01:34,728 - INFO -  Hypervolume: 0.2065
2025-06-13 12:01:34,728 - INFO - 
--- Iter 174 (train size (184, 2)) ---
2025-06-13 12:01:34,728 - INFO -  Inferred reference point at iter 174: [0.009485229963853922, -0.09999998324702228]
2025-06-13 12:01:34,736 - INFO -  Scoring full pool: 9816 candidates
2025-06-13 12:01:50,871 - INFO -  GP predict time: 16.135s
2025-06-13 12:01:50,871 - INFO -   EHVI: 9816 candidates with 1000 MC samples
2025-06-13 12:04:52,246 - INFO -  EHVI time: 181.375s
f1 shape: (1,)
f2 shape: (1,)
2025-06-13 12:04:52,248 - INFO -  Selected idx=165 (O=S1(=O)NC(Cc2ccccc2)COc2cc(N3CCCCC3)ccc21) → [0.08888889 1.        ]
2025-06-13 12:04:52,481 - INFO -  Hypervolume: 0.2065
2025-06-13 12:04:52,481 - INFO - 
--- Iter 175 (train size (185, 2)) ---
2025-06-13 12:04:52,482 - INFO -  Inferred reference point at iter 175: [0.009485229963853922, -0.09999998324702228]
2025-06-13 12:04:52,490 - INFO -  Scoring full pool: 9815 candidates
2025-06-13 12:05:08,762 - INFO -  GP predict time: 16.272s
2025-06-13 12:05:08,762 - INFO -   EHVI: 9815 candidates with 1000 MC samples
2025-06-13 12:08:09,879 - INFO -  EHVI time: 181.117s
f1 shape: (1,)
f2 shape: (1,)
2025-06-13 12:08:09,881 - INFO -  Selected idx=1189 (CCCS(=O)(=O)NCC(=O)Nc1ccc2c(c1)C(C1(c3ccc(Cl)cc3)CCC1)NCC2) → [0.13380282 1.        ]
2025-06-13 12:08:10,117 - INFO -  Hypervolume: 0.2065
2025-06-13 12:08:10,117 - INFO - 
--- Iter 176 (train size (186, 2)) ---
2025-06-13 12:08:10,117 - INFO -  Inferred reference point at iter 176: [0.009485229963853922, -0.09999998324702228]
2025-06-13 12:08:10,126 - INFO -  Scoring full pool: 9814 candidates
2025-06-13 12:08:26,922 - INFO -  GP predict time: 16.796s
2025-06-13 12:08:26,922 - INFO -   EHVI: 9814 candidates with 1000 MC samples
2025-06-13 12:11:28,094 - INFO -  EHVI time: 181.172s
f1 shape: (1,)
f2 shape: (1,)
2025-06-13 12:11:28,096 - INFO -  Selected idx=7720 (Cc1ccc(CCNS(=O)(=O)c2ccc3c(c2)CC(C)N3C(=O)C2CCC2)cc1) → [0.15151515 1.        ]
2025-06-13 12:11:28,335 - INFO -  Hypervolume: 0.2065
2025-06-13 12:11:28,335 - INFO - 
--- Iter 177 (train size (187, 2)) ---
2025-06-13 12:11:28,335 - INFO -  Inferred reference point at iter 177: [0.009485229963853922, -0.09999998324702228]
2025-06-13 12:11:28,344 - INFO -  Scoring full pool: 9813 candidates
2025-06-13 12:11:44,217 - INFO -  GP predict time: 15.873s
2025-06-13 12:11:44,217 - INFO -   EHVI: 9813 candidates with 1000 MC samples
2025-06-13 12:14:45,011 - INFO -  EHVI time: 180.794s
f1 shape: (1,)
f2 shape: (1,)
2025-06-13 12:14:45,013 - INFO -  Selected idx=6629 (CN(CC(=O)Nc1ccccc1Cl)C(=O)C1CCN(C(=O)c2ccc(F)cc2)CC1) → [0.14814815 1.        ]
2025-06-13 12:14:45,254 - INFO -  Hypervolume: 0.2065
2025-06-13 12:14:45,254 - INFO - 
--- Iter 178 (train size (188, 2)) ---
2025-06-13 12:14:45,254 - INFO -  Inferred reference point at iter 178: [0.009485229963853922, -0.09999998324702228]
2025-06-13 12:14:45,263 - INFO -  Scoring full pool: 9812 candidates
2025-06-13 12:15:02,172 - INFO -  GP predict time: 16.909s
2025-06-13 12:15:02,172 - INFO -   EHVI: 9812 candidates with 1000 MC samples
2025-06-13 12:18:03,358 - INFO -  EHVI time: 181.185s
f1 shape: (1,)
f2 shape: (1,)
2025-06-13 12:18:03,359 - INFO -  Selected idx=2300 (Cc1ccc(S(=O)(=O)N2CCC(C(=O)N3CCc4ccccc43)CC2)cc1) → [0.11278195 1.        ]
2025-06-13 12:18:03,603 - INFO -  Hypervolume: 0.2065
2025-06-13 12:18:03,603 - INFO - 
--- Iter 179 (train size (189, 2)) ---
2025-06-13 12:18:03,603 - INFO -  Inferred reference point at iter 179: [0.009485229963853922, -0.09999998324702228]
2025-06-13 12:18:03,612 - INFO -  Scoring full pool: 9811 candidates
2025-06-13 12:18:20,165 - INFO -  GP predict time: 16.553s
2025-06-13 12:18:20,165 - INFO -   EHVI: 9811 candidates with 1000 MC samples
2025-06-13 12:21:20,993 - INFO -  EHVI time: 180.827s
f1 shape: (1,)
f2 shape: (1,)
2025-06-13 12:21:20,995 - INFO -  Selected idx=5971 (O=C(CN(c1cccc([N+](=O)[O-])c1)S(=O)(=O)c1ccccc1)N1CCCCC1) → [0.10294118 1.        ]
2025-06-13 12:21:21,242 - INFO -  Hypervolume: 0.2065
2025-06-13 12:21:21,242 - INFO - 
--- Iter 180 (train size (190, 2)) ---
2025-06-13 12:21:21,242 - INFO -  Inferred reference point at iter 180: [0.009485229963853922, -0.09999998324702228]
2025-06-13 12:21:21,251 - INFO -  Scoring full pool: 9810 candidates
2025-06-13 12:21:37,857 - INFO -  GP predict time: 16.606s
2025-06-13 12:21:37,857 - INFO -   EHVI: 9810 candidates with 1000 MC samples
2025-06-13 12:24:40,526 - INFO -  EHVI time: 182.669s
f1 shape: (1,)
f2 shape: (1,)
2025-06-13 12:24:40,528 - INFO -  Selected idx=573 (O=C(O)COc1ccc(C(F)(F)F)cc1CN1CCN(S(=O)(=O)c2ccccc2)CC1) → [0.1056338 1.       ]
2025-06-13 12:24:40,778 - INFO -  Hypervolume: 0.2065
2025-06-13 12:24:40,778 - INFO - 
--- Iter 181 (train size (191, 2)) ---
2025-06-13 12:24:40,778 - INFO -  Inferred reference point at iter 181: [0.009485229963853922, -0.09999998324702228]
2025-06-13 12:24:40,787 - INFO -  Scoring full pool: 9809 candidates
2025-06-13 12:24:57,942 - INFO -  GP predict time: 17.155s
2025-06-13 12:24:57,942 - INFO -   EHVI: 9809 candidates with 1000 MC samples
2025-06-13 12:28:00,663 - INFO -  EHVI time: 182.720s
f1 shape: (1,)
f2 shape: (1,)
2025-06-13 12:28:00,664 - INFO -  Selected idx=9275 (Cc1ccccc1NC(=O)C1CC(=O)N(Cc2ccccc2)C1) → [0.08730159 1.        ]
2025-06-13 12:28:00,917 - INFO -  Hypervolume: 0.2065
2025-06-13 12:28:00,917 - INFO - 
--- Iter 182 (train size (192, 2)) ---
2025-06-13 12:28:00,918 - INFO -  Inferred reference point at iter 182: [0.009485229963853922, -0.09999998324702228]
2025-06-13 12:28:00,927 - INFO -  Scoring full pool: 9808 candidates
2025-06-13 12:28:17,715 - INFO -  GP predict time: 16.788s
2025-06-13 12:28:17,715 - INFO -   EHVI: 9808 candidates with 1000 MC samples
2025-06-13 12:31:19,377 - INFO -  EHVI time: 181.662s
f1 shape: (1,)
f2 shape: (1,)
2025-06-13 12:31:19,379 - INFO -  Selected idx=6666 (Cc1ccc(S(=O)(=O)CCC(=O)Nc2ccccc2N2CCCC2)cc1) → [0.12403101 1.        ]
2025-06-13 12:31:19,634 - INFO -  Hypervolume: 0.2065
2025-06-13 12:31:19,634 - INFO - 
--- Iter 183 (train size (193, 2)) ---
2025-06-13 12:31:19,634 - INFO -  Inferred reference point at iter 183: [0.009485229963853922, -0.09999998324702228]
2025-06-13 12:31:19,643 - INFO -  Scoring full pool: 9807 candidates
2025-06-13 12:31:36,471 - INFO -  GP predict time: 16.828s
2025-06-13 12:31:36,471 - INFO -   EHVI: 9807 candidates with 1000 MC samples
2025-06-13 12:34:38,177 - INFO -  EHVI time: 181.706s
f1 shape: (1,)
f2 shape: (1,)
2025-06-13 12:34:38,179 - INFO -  Selected idx=8062 (N=C(N)N1CCCC(CNC(=O)CNS(=O)(=O)c2ccc3ccccc3c2)C1) → [0.12781955 1.        ]
2025-06-13 12:34:38,436 - INFO -  Hypervolume: 0.2065
2025-06-13 12:34:38,436 - INFO - 
--- Iter 184 (train size (194, 2)) ---
2025-06-13 12:34:38,437 - INFO -  Inferred reference point at iter 184: [0.009485229963853922, -0.09999998324702228]
2025-06-13 12:34:38,446 - INFO -  Scoring full pool: 9806 candidates
2025-06-13 12:34:55,862 - INFO -  GP predict time: 17.416s
2025-06-13 12:34:55,862 - INFO -   EHVI: 9806 candidates with 1000 MC samples
2025-06-13 12:37:56,690 - INFO -  EHVI time: 180.827s
f1 shape: (1,)
f2 shape: (1,)
2025-06-13 12:37:56,691 - INFO -  Selected idx=9953 (CCOC1(c2ccc(-c3ccccc3)cc2)CN(C)CCO1) → [0.08 1.  ]
2025-06-13 12:37:56,950 - INFO -  Hypervolume: 0.2065
2025-06-13 12:37:56,950 - INFO - 
--- Iter 185 (train size (195, 2)) ---
2025-06-13 12:37:56,950 - INFO -  Inferred reference point at iter 185: [0.009485229963853922, -0.09999998324702228]
2025-06-13 12:37:56,959 - INFO -  Scoring full pool: 9805 candidates
2025-06-13 12:38:14,062 - INFO -  GP predict time: 17.103s
2025-06-13 12:38:14,062 - INFO -   EHVI: 9805 candidates with 1000 MC samples
2025-06-13 12:41:15,385 - INFO -  EHVI time: 181.323s
f1 shape: (1,)
f2 shape: (1,)
2025-06-13 12:41:15,387 - INFO -  Selected idx=4209 (CCC(C(=O)NCc1ccco1)N(C(=O)CNS(=O)(=O)c1ccccc1)C1CCCCC1) → [0.19117647 1.        ]
2025-06-13 12:41:15,650 - INFO -  Hypervolume: 0.2065
2025-06-13 12:41:15,650 - INFO - 
--- Iter 186 (train size (196, 2)) ---
2025-06-13 12:41:15,650 - INFO -  Inferred reference point at iter 186: [0.009485229963853922, -0.09999998324702228]
2025-06-13 12:41:15,659 - INFO -  Scoring full pool: 9804 candidates
2025-06-13 12:41:32,401 - INFO -  GP predict time: 16.742s
2025-06-13 12:41:32,401 - INFO -   EHVI: 9804 candidates with 1000 MC samples
2025-06-13 12:44:34,615 - INFO -  EHVI time: 182.213s
f1 shape: (1,)
f2 shape: (1,)
2025-06-13 12:44:34,616 - INFO -  Selected idx=7239 (CN(C)CCCOc1ccc(C(=O)C=Cc2ccccc2)cc1) → [0.0703125 1.       ]
2025-06-13 12:44:34,881 - INFO -  Hypervolume: 0.2065
2025-06-13 12:44:34,881 - INFO - 
--- Iter 187 (train size (197, 2)) ---
2025-06-13 12:44:34,881 - INFO -  Inferred reference point at iter 187: [0.009485229963853922, -0.09999998324702228]
2025-06-13 12:44:34,891 - INFO -  Scoring full pool: 9803 candidates
2025-06-13 12:44:52,112 - INFO -  GP predict time: 17.222s
2025-06-13 12:44:52,112 - INFO -   EHVI: 9803 candidates with 1000 MC samples
2025-06-13 12:47:52,867 - INFO -  EHVI time: 180.755s
f1 shape: (1,)
f2 shape: (1,)
2025-06-13 12:47:52,868 - INFO -  Selected idx=8470 (CCc1ccc(NC(S)=NC2CC3CCCC(C2)N3Cc2ccccc2)cc1) → [0.14179104 1.        ]
2025-06-13 12:47:53,129 - INFO -  Hypervolume: 0.2065
2025-06-13 12:47:53,130 - INFO - 
--- Iter 188 (train size (198, 2)) ---
2025-06-13 12:47:53,130 - INFO -  Inferred reference point at iter 188: [0.009485229963853922, -0.09999998324702228]
2025-06-13 12:47:53,139 - INFO -  Scoring full pool: 9802 candidates
2025-06-13 12:48:10,359 - INFO -  GP predict time: 17.220s
2025-06-13 12:48:10,359 - INFO -   EHVI: 9802 candidates with 1000 MC samples
2025-06-13 12:51:11,155 - INFO -  EHVI time: 180.795s
f1 shape: (1,)
f2 shape: (1,)
2025-06-13 12:51:11,157 - INFO -  Selected idx=2248 (Cc1ccc(C(=O)N2CCCC(CCC(=O)NCc3ccccc3F)C2)cn1) → [0.14393939 1.        ]
2025-06-13 12:51:11,424 - INFO -  Hypervolume: 0.2065
2025-06-13 12:51:11,424 - INFO - 
--- Iter 189 (train size (199, 2)) ---
2025-06-13 12:51:11,424 - INFO -  Inferred reference point at iter 189: [0.009485229963853922, -0.09999998324702228]
2025-06-13 12:51:11,434 - INFO -  Scoring full pool: 9801 candidates
2025-06-13 12:51:29,242 - INFO -  GP predict time: 17.809s
2025-06-13 12:51:29,243 - INFO -   EHVI: 9801 candidates with 1000 MC samples
2025-06-13 12:54:29,507 - INFO -  EHVI time: 180.265s
f1 shape: (1,)
f2 shape: (1,)
2025-06-13 12:54:29,509 - INFO -  Selected idx=6055 (CC(C)(C)c1ccccc1S(=O)(=O)C1CN(C(=O)c2ccccc2)C1) → [0.09448819 1.        ]
2025-06-13 12:54:29,779 - INFO -  Hypervolume: 0.2065
2025-06-13 12:54:29,779 - INFO - 
--- Iter 190 (train size (200, 2)) ---
2025-06-13 12:54:29,780 - INFO -  Inferred reference point at iter 190: [0.009485229963853922, -0.09999998324702228]
2025-06-13 12:54:29,789 - INFO -  Scoring full pool: 9800 candidates
2025-06-13 12:54:46,697 - INFO -  GP predict time: 16.908s
2025-06-13 12:54:46,697 - INFO -   EHVI: 9800 candidates with 1000 MC samples
2025-06-13 12:57:47,138 - INFO -  EHVI time: 180.441s
f1 shape: (1,)
f2 shape: (1,)
2025-06-13 12:57:47,140 - INFO -  Selected idx=3893 (CC(=O)N1CC2(CCCCN2Cc2ccc(Cl)cc2)Cc2ccccc21) → [0.09774436 1.        ]
2025-06-13 12:57:47,957 - INFO -  Hypervolume: 0.2065
2025-06-13 12:57:47,957 - INFO - 
--- Iter 191 (train size (201, 2)) ---
2025-06-13 12:57:47,957 - INFO -  Inferred reference point at iter 191: [0.009485229963853922, -0.09999998324702228]
2025-06-13 12:57:47,966 - INFO -  Scoring full pool: 9799 candidates
2025-06-13 12:58:05,916 - INFO -  GP predict time: 17.950s
2025-06-13 12:58:05,916 - INFO -   EHVI: 9799 candidates with 1000 MC samples
2025-06-13 13:01:06,263 - INFO -  EHVI time: 180.347s
f1 shape: (1,)
f2 shape: (1,)
2025-06-13 13:01:06,265 - INFO -  Selected idx=8164 (CC1CN(C(=O)N2CCC(C(=O)NCCCc3ccccc3)CC2)c2cc(Cl)ccc2O1) → [0.14788732 1.        ]
2025-06-13 13:01:06,541 - INFO -  Hypervolume: 0.2065
2025-06-13 13:01:06,541 - INFO - 
--- Iter 192 (train size (202, 2)) ---
2025-06-13 13:01:06,541 - INFO -  Inferred reference point at iter 192: [0.009485229963853922, -0.09999998324702228]
2025-06-13 13:01:06,551 - INFO -  Scoring full pool: 9798 candidates
2025-06-13 13:01:24,266 - INFO -  GP predict time: 17.715s
2025-06-13 13:01:24,266 - INFO -   EHVI: 9798 candidates with 1000 MC samples
2025-06-13 13:04:24,594 - INFO -  EHVI time: 180.327s
f1 shape: (1,)
f2 shape: (1,)
2025-06-13 13:04:24,595 - INFO -  Selected idx=4045 (CC(C)C(NS(=O)(=O)c1cnccc1NC(CO)Cc1ccccc1)C(=O)N1CCC(CCF)CC1) → [0.16216216 1.        ]
2025-06-13 13:04:24,875 - INFO -  Hypervolume: 0.2065
2025-06-13 13:04:24,875 - INFO - 
--- Iter 193 (train size (203, 2)) ---
2025-06-13 13:04:24,875 - INFO -  Inferred reference point at iter 193: [0.009485229963853922, -0.09999998324702228]
2025-06-13 13:04:24,885 - INFO -  Scoring full pool: 9797 candidates
2025-06-13 13:04:42,670 - INFO -  GP predict time: 17.785s
2025-06-13 13:04:42,670 - INFO -   EHVI: 9797 candidates with 1000 MC samples
2025-06-13 13:07:44,169 - INFO -  EHVI time: 181.499s
f1 shape: (1,)
f2 shape: (1,)
2025-06-13 13:07:44,171 - INFO -  Selected idx=5923 (CCOC(=O)C1(c2ccccc2)CCN(S(=O)(=O)c2ccc(C)cc2)CC1) → [0.13953488 1.        ]
2025-06-13 13:07:44,453 - INFO -  Hypervolume: 0.2065
2025-06-13 13:07:44,453 - INFO - 
--- Iter 194 (train size (204, 2)) ---
2025-06-13 13:07:44,453 - INFO -  Inferred reference point at iter 194: [0.009485229963853922, -0.09999998324702228]
2025-06-13 13:07:44,463 - INFO -  Scoring full pool: 9796 candidates
2025-06-13 13:08:02,751 - INFO -  GP predict time: 18.288s
2025-06-13 13:08:02,752 - INFO -   EHVI: 9796 candidates with 1000 MC samples
2025-06-13 13:11:04,734 - INFO -  EHVI time: 181.982s
f1 shape: (1,)
f2 shape: (1,)
2025-06-13 13:11:04,736 - INFO -  Selected idx=1880 (Cc1ccc(NC(=O)CCCOc2ccccc2)cc1S(=O)(=O)N1CCOCC1) → [0.11594203 1.        ]
2025-06-13 13:11:05,017 - INFO -  Hypervolume: 0.2065
2025-06-13 13:11:05,017 - INFO - 
--- Iter 195 (train size (205, 2)) ---
2025-06-13 13:11:05,017 - INFO -  Inferred reference point at iter 195: [0.009485229963853922, -0.09999998324702228]
2025-06-13 13:11:05,027 - INFO -  Scoring full pool: 9795 candidates
2025-06-13 13:11:22,796 - INFO -  GP predict time: 17.769s
2025-06-13 13:11:22,796 - INFO -   EHVI: 9795 candidates with 1000 MC samples
2025-06-13 13:14:25,322 - INFO -  EHVI time: 182.525s
f1 shape: (1,)
f2 shape: (1,)
2025-06-13 13:14:25,324 - INFO -  Selected idx=265 (O=C(c1ccc(OCc2cccnc2)cc1)C1CC1) → [0.0862069 1.       ]
2025-06-13 13:14:25,610 - INFO -  Hypervolume: 0.2065
2025-06-13 13:14:25,610 - INFO - 
--- Iter 196 (train size (206, 2)) ---
2025-06-13 13:14:25,610 - INFO -  Inferred reference point at iter 196: [0.009485229963853922, -0.09999998324702228]
2025-06-13 13:14:25,620 - INFO -  Scoring full pool: 9794 candidates
2025-06-13 13:14:44,089 - INFO -  GP predict time: 18.469s
2025-06-13 13:14:44,090 - INFO -   EHVI: 9794 candidates with 1000 MC samples
2025-06-13 13:17:45,625 - INFO -  EHVI time: 181.536s
f1 shape: (1,)
f2 shape: (1,)
2025-06-13 13:17:45,627 - INFO -  Selected idx=9244 (COc1ccc(C2SCCN2C(=O)COc2ccccc2)cc1Cl) → [0.07692308 1.        ]
2025-06-13 13:17:45,917 - INFO -  Hypervolume: 0.2065
2025-06-13 13:17:45,917 - INFO - 
--- Iter 197 (train size (207, 2)) ---
2025-06-13 13:17:45,917 - INFO -  Inferred reference point at iter 197: [0.009485229963853922, -0.09999998324702228]
2025-06-13 13:17:45,927 - INFO -  Scoring full pool: 9793 candidates
2025-06-13 13:18:04,606 - INFO -  GP predict time: 18.679s
2025-06-13 13:18:04,606 - INFO -   EHVI: 9793 candidates with 1000 MC samples
2025-06-13 13:21:06,456 - INFO -  EHVI time: 181.849s
f1 shape: (1,)
f2 shape: (1,)
2025-06-13 13:21:06,458 - INFO -  Selected idx=1549 (O=C(COC(=O)C1CCCN1C(=O)c1cccs1)NCCc1ccccc1) → [0.18253968 1.        ]
2025-06-13 13:21:06,751 - INFO -  Hypervolume: 0.2065
2025-06-13 13:21:06,751 - INFO - 
--- Iter 198 (train size (208, 2)) ---
2025-06-13 13:21:06,751 - INFO -  Inferred reference point at iter 198: [0.009485229963853922, -0.09999998324702228]
2025-06-13 13:21:06,761 - INFO -  Scoring full pool: 9792 candidates
2025-06-13 13:21:24,967 - INFO -  GP predict time: 18.206s
2025-06-13 13:21:24,967 - INFO -   EHVI: 9792 candidates with 1000 MC samples
2025-06-13 13:24:26,839 - INFO -  EHVI time: 181.871s
f1 shape: (1,)
f2 shape: (1,)
2025-06-13 13:24:26,841 - INFO -  Selected idx=2548 (Cn1cnc(S(=O)(=O)NC2CCN(Cc3ccccc3)CC2)c1) → [0.10483871 1.        ]
2025-06-13 13:24:27,136 - INFO -  Hypervolume: 0.2065
2025-06-13 13:24:27,137 - INFO - 
--- Iter 199 (train size (209, 2)) ---
2025-06-13 13:24:27,137 - INFO -  Inferred reference point at iter 199: [0.009485229963853922, -0.09999998324702228]
2025-06-13 13:24:27,147 - INFO -  Scoring full pool: 9791 candidates
2025-06-13 13:24:45,990 - INFO -  GP predict time: 18.843s
2025-06-13 13:24:45,990 - INFO -   EHVI: 9791 candidates with 1000 MC samples
2025-06-13 13:27:48,507 - INFO -  EHVI time: 182.517s
f1 shape: (1,)
f2 shape: (1,)
2025-06-13 13:27:48,509 - INFO -  Selected idx=6409 (O=[N+]([O-])c1ccc(N(CC2CO2)S(=O)(=O)c2ccccc2)cc1) → [0.04651163 1.        ]
2025-06-13 13:27:49,359 - INFO -  Hypervolume: 0.2065
2025-06-13 13:27:49,418 - INFO - 
Final Pareto front points: [[0.19718309859154928, 1.0]]
2025-06-13 13:27:49,418 - INFO - Final Pareto front SMILES: [None]
