['NNC(=O)c1nc(Cl)c(Cl)c(N)c1Cl',
 'CC(=O)Oc1cc(O)c2c(c1)CC(C)OC2=O',
 'CSc1nnc(-c2ccccc2N=Cc2c(C)nn(-c3ccccc3)c2O)c(O)n1',
 'O=C(COc1cc(=O)oc2ccccc12)N1CCC(O)(c2ccc(Br)cc2)CC1',
 'CNC(=O)c1cccc(-n2c(C)cc(OCc3ccc(F)cc3F)c(Br)c2=O)c1',
 'CCCn1cc(CN2CCCC2c2cccc(-n3ccnc3)n2)cn1',
 'C=CC1(C)CC(OC(=O)N2CCc3cc(OC)ccc3C2=O)C2(C)C(C)CCC3(CCC(=O)C32)C(C)C1O',
 'NC1N=C(c2ccccc2)c2ccccc2NC1=O',
 'Cc1ccc(S(=O)(=O)c2nc3ccccc3nc2N2CCCC(O)C2)cc1',
 'COc1cc(C=CC(=O)OCCCN(C)CCCOC(=O)C=Cc2ccc(-c3ccccc3)cc2)cc(OC)c1OC']
f1 shape: (10,)
f2 shape: (10,)
f3 shape: (10,)
2025-06-11 14:44:21,042 - INFO - Initial objectives:
[[1.00000000e+00 1.15526802e-02 1.00000000e+00]
 [2.28997430e-01 1.07996324e-01 1.00000000e+00]
 [1.00000000e+00 1.34283820e-01 1.00000000e+00]
 [6.05317600e-01 3.44758065e-01 1.00000000e+00]
 [1.22583922e-02 1.45228216e-01 9.92190629e-01]
 [6.70380900e-04 2.52049180e-01 1.00000000e+00]
 [1.00000000e+00 2.25788901e-01 4.90611955e-01]
 [7.92021369e-02 1.83150183e-01 1.00000000e+00]
 [8.03755227e-01 2.59398496e-01 1.00000000e+00]
 [8.11148203e-01 3.32758621e-01 1.63103603e-01]]
2025-06-11 14:44:22,774 - INFO - Precomputed 10000 Morgan-fps in 1.732s
2025-06-11 14:44:23,759 - INFO - 
--- Iter 0 (train size (10, 3)) ---
2025-06-11 14:44:23,760 - INFO -  Inferred reference point at iter 0: [-0.09926258101025388, -0.021767858207620304, 0.07941396309497942]
2025-06-11 14:44:23,761 - INFO -  Scoring full pool: 9990 candidates
2025-06-11 14:44:25,395 - INFO -  GP predict time: 1.634s
2025-06-11 14:44:25,395 - INFO -   EHVI: 9990 candidates with 1000 MC samples
2025-06-11 14:53:40,984 - INFO -  EHVI time: 555.589s
f1 shape: (1,)
f2 shape: (1,)
f3 shape: (1,)
2025-06-11 14:53:40,986 - INFO -  Selected idx=8026 (O=C(Nc1ccccc1O)N1c2ccccc2Sc2ccccc21) → [0.00090731 0.17107309 0.4710625 ]
2025-06-11 14:53:40,997 - INFO -  Hypervolume: 0.3260
2025-06-11 14:53:40,997 - INFO - 
--- Iter 1 (train size (11, 3)) ---
2025-06-11 14:53:40,997 - INFO -  Inferred reference point at iter 1: [-0.09926258101025388, -0.021767858207620304, 0.07941396309497942]
2025-06-11 14:53:40,998 - INFO -  Scoring full pool: 9989 candidates
2025-06-11 14:53:42,731 - INFO -  GP predict time: 1.733s
2025-06-11 14:53:42,731 - INFO -   EHVI: 9989 candidates with 1000 MC samples
2025-06-11 15:02:58,913 - INFO -  EHVI time: 556.182s
f1 shape: (1,)
f2 shape: (1,)
f3 shape: (1,)
2025-06-11 15:02:58,916 - INFO -  Selected idx=5862 (CC(=O)OCC[n+]1c(C)n(-c2ccccc2)c2ccc(Cl)cc21) → [2.86777122e-07 1.89641109e-01 1.00000000e+00]
2025-06-11 15:02:58,927 - INFO -  Hypervolume: 0.3260
2025-06-11 15:02:58,927 - INFO - 
--- Iter 2 (train size (12, 3)) ---
2025-06-11 15:02:58,927 - INFO -  Inferred reference point at iter 2: [-0.0999996845451654, -0.021767858207620304, 0.07941396309497942]
2025-06-11 15:02:58,928 - INFO -  Scoring full pool: 9988 candidates
2025-06-11 15:03:00,808 - INFO -  GP predict time: 1.880s
2025-06-11 15:03:00,808 - INFO -   EHVI: 9988 candidates with 1000 MC samples
2025-06-11 15:12:17,975 - INFO -  EHVI time: 557.167s
f1 shape: (1,)
f2 shape: (1,)
f3 shape: (1,)
2025-06-11 15:12:17,977 - INFO -  Selected idx=3159 (CCOC(=O)C1=C(Nc2ccccc2)CC(C)(O)C(C(=O)OCC)C1c1ccc(Br)cc1) → [0.87625512 0.21246898 0.72847061]
2025-06-11 15:12:17,986 - INFO -  Hypervolume: 0.3276
2025-06-11 15:12:17,986 - INFO - 
--- Iter 3 (train size (13, 3)) ---
2025-06-11 15:12:17,986 - INFO -  Inferred reference point at iter 3: [-0.0999996845451654, -0.021767858207620304, 0.07941396309497942]
2025-06-11 15:12:17,987 - INFO -  Scoring full pool: 9987 candidates
2025-06-11 15:12:19,894 - INFO -  GP predict time: 1.906s
2025-06-11 15:12:19,894 - INFO -   EHVI: 9987 candidates with 1000 MC samples
2025-06-11 15:23:09,709 - INFO -  EHVI time: 649.816s
f1 shape: (1,)
f2 shape: (1,)
f3 shape: (1,)
2025-06-11 15:23:09,712 - INFO -  Selected idx=2024 (CCN(CC)C(=O)Cn1c2nc3ccccc3c(C)c2c(=O)n1-c1ccc(F)cc1) → [0.01154983 0.20970938 1.        ]
2025-06-11 15:23:09,722 - INFO -  Hypervolume: 0.3276
2025-06-11 15:23:09,722 - INFO - 
--- Iter 4 (train size (14, 3)) ---
2025-06-11 15:23:09,722 - INFO -  Inferred reference point at iter 4: [-0.0999996845451654, -0.021767858207620304, 0.07941396309497942]
2025-06-11 15:23:09,723 - INFO -  Scoring full pool: 9986 candidates
2025-06-11 15:23:11,790 - INFO -  GP predict time: 2.067s
2025-06-11 15:23:11,790 - INFO -   EHVI: 9986 candidates with 1000 MC samples
2025-06-11 15:34:00,906 - INFO -  EHVI time: 649.115s
f1 shape: (1,)
f2 shape: (1,)
f3 shape: (1,)
2025-06-11 15:34:00,909 - INFO -  Selected idx=3508 (CCN(C(=O)C1Cc2ccccc2CN1C(=O)OCc1ccccc1)c1ccc(N2CCCCC2=O)cc1) → [0.13971816 0.31557882 0.41839388]
2025-06-11 15:34:00,921 - INFO -  Hypervolume: 0.3276
2025-06-11 15:34:00,921 - INFO - 
--- Iter 5 (train size (15, 3)) ---
2025-06-11 15:34:00,921 - INFO -  Inferred reference point at iter 5: [-0.0999996845451654, -0.021767858207620304, 0.07941396309497942]
2025-06-11 15:34:00,922 - INFO -  Scoring full pool: 9985 candidates
2025-06-11 15:34:03,128 - INFO -  GP predict time: 2.206s
2025-06-11 15:34:03,128 - INFO -   EHVI: 9985 candidates with 1000 MC samples
2025-06-11 15:44:53,371 - INFO -  EHVI time: 650.243s
f1 shape: (1,)
f2 shape: (1,)
f3 shape: (1,)
2025-06-11 15:44:53,373 - INFO -  Selected idx=8085 (Cc1c(C(=O)OCC(=O)N2CCCC2=O)oc2ccccc12) → [0.41955443 0.18338954 1.        ]
2025-06-11 15:44:53,384 - INFO -  Hypervolume: 0.3276
2025-06-11 15:44:53,384 - INFO - 
--- Iter 6 (train size (16, 3)) ---
2025-06-11 15:44:53,384 - INFO -  Inferred reference point at iter 6: [-0.0999996845451654, -0.021767858207620304, 0.07941396309497942]
2025-06-11 15:44:53,385 - INFO -  Scoring full pool: 9984 candidates
2025-06-11 15:44:55,713 - INFO -  GP predict time: 2.327s
2025-06-11 15:44:55,713 - INFO -   EHVI: 9984 candidates with 1000 MC samples
2025-06-11 15:55:46,511 - INFO -  EHVI time: 650.798s
f1 shape: (1,)
f2 shape: (1,)
f3 shape: (1,)
2025-06-11 15:55:46,513 - INFO -  Selected idx=5735 (CN(C)CC(=O)N1CCC(c2nc(-c3cnc(N)c(-n4nnc5ccccc54)n3)n(C)n2)CC1) → [1.         0.16113892 1.        ]
2025-06-11 15:55:46,527 - INFO -  Hypervolume: 0.3298
2025-06-11 15:55:46,527 - INFO - 
--- Iter 7 (train size (17, 3)) ---
2025-06-11 15:55:46,527 - INFO -  Inferred reference point at iter 7: [-0.0999996845451654, -0.021767858207620304, 0.07941396309497942]
2025-06-11 15:55:46,528 - INFO -  Scoring full pool: 9983 candidates
2025-06-11 15:55:49,046 - INFO -  GP predict time: 2.518s
2025-06-11 15:55:49,046 - INFO -   EHVI: 9983 candidates with 1000 MC samples
2025-06-11 16:06:40,805 - INFO -  EHVI time: 651.759s
f1 shape: (1,)
f2 shape: (1,)
f3 shape: (1,)
2025-06-11 16:06:40,807 - INFO -  Selected idx=7621 (Cc1nc(N2CCCC2)c2[nH]c(-c3ccccc3)cc2n1) → [3.67754336e-05 2.21238938e-01 1.00000000e+00]
2025-06-11 16:06:40,819 - INFO -  Hypervolume: 0.3298
2025-06-11 16:06:40,819 - INFO - 
--- Iter 8 (train size (18, 3)) ---
2025-06-11 16:06:40,819 - INFO -  Inferred reference point at iter 8: [-0.0999996845451654, -0.021767858207620304, 0.07941396309497942]
2025-06-11 16:06:40,820 - INFO -  Scoring full pool: 9982 candidates
2025-06-11 16:06:43,354 - INFO -  GP predict time: 2.534s
2025-06-11 16:06:43,354 - INFO -   EHVI: 9982 candidates with 1000 MC samples
2025-06-11 16:17:34,236 - INFO -  EHVI time: 650.882s
f1 shape: (1,)
f2 shape: (1,)
f3 shape: (1,)
2025-06-11 16:17:34,239 - INFO -  Selected idx=7163 (O=C(NCC(c1ccco1)N1CCCC1)c1cccc(S(=O)(=O)N2CCc3ccccc32)c1) → [0.77499554 0.30987395 1.        ]
2025-06-11 16:17:34,252 - INFO -  Hypervolume: 0.3369
2025-06-11 16:17:34,252 - INFO - 
--- Iter 9 (train size (19, 3)) ---
2025-06-11 16:17:34,252 - INFO -  Inferred reference point at iter 9: [-0.0999996845451654, -0.021767858207620304, 0.07941396309497942]
2025-06-11 16:17:34,253 - INFO -  Scoring full pool: 9981 candidates
2025-06-11 16:17:36,990 - INFO -  GP predict time: 2.737s
2025-06-11 16:17:36,991 - INFO -   EHVI: 9981 candidates with 1000 MC samples
2025-06-11 16:30:08,779 - INFO -  EHVI time: 751.788s
f1 shape: (1,)
f2 shape: (1,)
f3 shape: (1,)
2025-06-11 16:30:08,781 - INFO -  Selected idx=3779 (Cc1cc(COc2ccc(NC(=O)C3CN(C)CCC3C(=O)NO)cc2)c2ccccc2n1) → [1.         0.26034237 1.        ]
2025-06-11 16:30:08,794 - INFO -  Hypervolume: 0.3488
2025-06-11 16:30:08,794 - INFO - 
--- Iter 10 (train size (20, 3)) ---
2025-06-11 16:30:08,794 - INFO -  Inferred reference point at iter 10: [-0.0999996845451654, -0.021767858207620304, 0.07941396309497942]
2025-06-11 16:30:08,796 - INFO -  Scoring full pool: 9980 candidates
2025-06-11 16:30:11,640 - INFO -  GP predict time: 2.844s
2025-06-11 16:30:11,640 - INFO -   EHVI: 9980 candidates with 1000 MC samples
2025-06-11 16:38:02,517 - INFO -  EHVI time: 470.877s
f1 shape: (1,)
f2 shape: (1,)
f3 shape: (1,)
2025-06-11 16:38:02,520 - INFO -  Selected idx=1437 (CCOCC(=O)Nc1ccc(S(=O)(=O)N2CCC(c3nc4ccccc4[nH]3)CC2)cc1) → [1.         0.25439239 1.        ]
2025-06-11 16:38:02,534 - INFO -  Hypervolume: 0.3488
2025-06-11 16:38:02,534 - INFO - 
--- Iter 11 (train size (21, 3)) ---
2025-06-11 16:38:02,534 - INFO -  Inferred reference point at iter 11: [-0.0999996845451654, -0.021767858207620304, 0.07941396309497942]
2025-06-11 16:38:02,536 - INFO -  Scoring full pool: 9979 candidates
2025-06-11 16:38:05,456 - INFO -  GP predict time: 2.920s
2025-06-11 16:38:05,456 - INFO -   EHVI: 9979 candidates with 1000 MC samples
2025-06-11 16:45:56,593 - INFO -  EHVI time: 471.137s
f1 shape: (1,)
f2 shape: (1,)
f3 shape: (1,)
2025-06-11 16:45:56,596 - INFO -  Selected idx=4550 (CCC(C)N1CCN(C(=O)c2ccc(NCc3ccc(-c4cccc(F)c4C(=O)OC)cc3F)nc2)CC1) → [0.31356002 0.24805447 0.61756829]
2025-06-11 16:45:56,610 - INFO -  Hypervolume: 0.3488
2025-06-11 16:45:56,610 - INFO - 
--- Iter 12 (train size (22, 3)) ---
2025-06-11 16:45:56,610 - INFO -  Inferred reference point at iter 12: [-0.0999996845451654, -0.021767858207620304, 0.07941396309497942]
2025-06-11 16:45:56,612 - INFO -  Scoring full pool: 9978 candidates
2025-06-11 16:45:59,705 - INFO -  GP predict time: 3.093s
2025-06-11 16:45:59,705 - INFO -   EHVI: 9978 candidates with 1000 MC samples
2025-06-11 16:53:50,340 - INFO -  EHVI time: 470.634s
f1 shape: (1,)
f2 shape: (1,)
f3 shape: (1,)
2025-06-11 16:53:50,342 - INFO -  Selected idx=3026 (CCOc1ccccc1NC(=O)CCN1CCN(S(=O)(=O)c2ccc(OC)cc2)CC1) → [0.9835744  0.32176287 1.        ]
2025-06-11 16:53:50,359 - INFO -  Hypervolume: 0.3621
2025-06-11 16:53:50,359 - INFO - 
--- Iter 13 (train size (23, 3)) ---
2025-06-11 16:53:50,359 - INFO -  Inferred reference point at iter 13: [-0.0999996845451654, -0.021767858207620304, 0.07941396309497942]
2025-06-11 16:53:50,360 - INFO -  Scoring full pool: 9977 candidates
2025-06-11 16:53:53,639 - INFO -  GP predict time: 3.278s
2025-06-11 16:53:53,639 - INFO -   EHVI: 9977 candidates with 1000 MC samples
2025-06-11 17:01:43,687 - INFO -  EHVI time: 470.048s
f1 shape: (1,)
f2 shape: (1,)
f3 shape: (1,)
2025-06-11 17:01:43,689 - INFO -  Selected idx=2362 (COc1ccc(OCC2c3cc(OC)c(OC)cc3CCN2C(=O)c2ccccn2)cc1) → [0.13861264 0.21935484 1.        ]
2025-06-11 17:01:43,705 - INFO -  Hypervolume: 0.3621
2025-06-11 17:01:43,705 - INFO - 
--- Iter 14 (train size (24, 3)) ---
2025-06-11 17:01:43,705 - INFO -  Inferred reference point at iter 14: [-0.0999996845451654, -0.021767858207620304, 0.07941396309497942]
2025-06-11 17:01:43,706 - INFO -  Scoring full pool: 9976 candidates
2025-06-11 17:01:46,992 - INFO -  GP predict time: 3.286s
2025-06-11 17:01:46,992 - INFO -   EHVI: 9976 candidates with 1000 MC samples
2025-06-11 17:09:37,796 - INFO -  EHVI time: 470.804s
f1 shape: (1,)
f2 shape: (1,)
f3 shape: (1,)
2025-06-11 17:09:37,799 - INFO -  Selected idx=9672 (COc1cccc(OC)c1-c1ccc(CC(NC(=O)C2(S(=O)(=O)c3ccccc3)CCCNC2)C(=O)O)cc1) → [1.         0.29101327 1.        ]
2025-06-11 17:09:37,817 - INFO -  Hypervolume: 0.3625
2025-06-11 17:09:37,817 - INFO - 
--- Iter 15 (train size (25, 3)) ---
2025-06-11 17:09:37,817 - INFO -  Inferred reference point at iter 15: [-0.0999996845451654, -0.021767858207620304, 0.07941396309497942]
2025-06-11 17:09:37,819 - INFO -  Scoring full pool: 9975 candidates
2025-06-11 17:09:41,323 - INFO -  GP predict time: 3.504s
2025-06-11 17:09:41,323 - INFO -   EHVI: 9975 candidates with 1000 MC samples
2025-06-11 17:17:31,280 - INFO -  EHVI time: 469.957s
f1 shape: (1,)
f2 shape: (1,)
f3 shape: (1,)
2025-06-11 17:17:31,282 - INFO -  Selected idx=6037 (COc1cc2ccccc2nc1-c1noc(C2CCN(C(=O)Nc3ccccc3Cl)CC2)n1) → [1.         0.25735294 0.39752818]
2025-06-11 17:17:31,298 - INFO -  Hypervolume: 0.3625
2025-06-11 17:17:31,298 - INFO - 
--- Iter 16 (train size (26, 3)) ---
2025-06-11 17:17:31,298 - INFO -  Inferred reference point at iter 16: [-0.0999996845451654, -0.021767858207620304, 0.07941396309497942]
2025-06-11 17:17:31,300 - INFO -  Scoring full pool: 9974 candidates
2025-06-11 17:17:34,852 - INFO -  GP predict time: 3.552s
2025-06-11 17:17:34,852 - INFO -   EHVI: 9974 candidates with 1000 MC samples
2025-06-11 17:25:25,940 - INFO -  EHVI time: 471.088s
f1 shape: (1,)
f2 shape: (1,)
f3 shape: (1,)
2025-06-11 17:25:25,942 - INFO -  Selected idx=5840 (CC(=O)Oc1cccc(-c2cc(C(=O)Nc3nc4c(s3)CCC4)c(C)o2)c1) → [0.69265413 0.15625    0.93111361]
2025-06-11 17:25:25,959 - INFO -  Hypervolume: 0.3625
2025-06-11 17:25:25,959 - INFO - 
--- Iter 17 (train size (27, 3)) ---
2025-06-11 17:25:25,959 - INFO -  Inferred reference point at iter 17: [-0.0999996845451654, -0.021767858207620304, 0.07941396309497942]
2025-06-11 17:25:25,961 - INFO -  Scoring full pool: 9973 candidates
2025-06-11 17:25:29,709 - INFO -  GP predict time: 3.748s
2025-06-11 17:25:29,709 - INFO -   EHVI: 9973 candidates with 1000 MC samples
2025-06-11 17:33:20,441 - INFO -  EHVI time: 470.732s
f1 shape: (1,)
f2 shape: (1,)
f3 shape: (1,)
2025-06-11 17:33:20,444 - INFO -  Selected idx=3444 (CCCCC(N)C(=O)Nc1cc(C(=O)NC(Cc2c[nH]c3ccccc23)C(=O)O)ccc1N) → [1.         0.20833333 1.        ]
2025-06-11 17:33:20,464 - INFO -  Hypervolume: 0.3625
2025-06-11 17:33:20,464 - INFO - 
--- Iter 18 (train size (28, 3)) ---
2025-06-11 17:33:20,464 - INFO -  Inferred reference point at iter 18: [-0.0999996845451654, -0.021767858207620304, 0.07941396309497942]
2025-06-11 17:33:20,466 - INFO -  Scoring full pool: 9972 candidates
2025-06-11 17:33:24,374 - INFO -  GP predict time: 3.909s
2025-06-11 17:33:24,374 - INFO -   EHVI: 9972 candidates with 1000 MC samples
2025-06-11 17:41:15,080 - INFO -  EHVI time: 470.706s
f1 shape: (1,)
f2 shape: (1,)
f3 shape: (1,)
2025-06-11 17:41:15,082 - INFO -  Selected idx=9513 (CCOc1ccccc1NC(=O)C1CCCCN1S(=O)(=O)c1ccccc1) → [0.36022714 0.25       1.        ]
2025-06-11 17:41:15,100 - INFO -  Hypervolume: 0.3625
2025-06-11 17:41:15,100 - INFO - 
--- Iter 19 (train size (29, 3)) ---
2025-06-11 17:41:15,100 - INFO -  Inferred reference point at iter 19: [-0.0999996845451654, -0.021767858207620304, 0.07941396309497942]
2025-06-11 17:41:15,102 - INFO -  Scoring full pool: 9971 candidates
2025-06-11 17:41:19,095 - INFO -  GP predict time: 3.993s
2025-06-11 17:41:19,095 - INFO -   EHVI: 9971 candidates with 1000 MC samples
2025-06-11 17:49:09,654 - INFO -  EHVI time: 470.559s
f1 shape: (1,)
f2 shape: (1,)
f3 shape: (1,)
2025-06-11 17:49:09,656 - INFO -  Selected idx=5999 (CCOP(=O)(c1ccc(OC)cc1)N1Cc2[nH]c3ccccc3c2CC1C(=O)NO) → [1.         0.19815059 1.        ]
2025-06-11 17:49:09,678 - INFO -  Hypervolume: 0.3625
2025-06-11 17:49:09,678 - INFO - 
--- Iter 20 (train size (30, 3)) ---
2025-06-11 17:49:09,678 - INFO -  Inferred reference point at iter 20: [-0.0999996845451654, -0.021767858207620304, 0.07941396309497942]
2025-06-11 17:49:09,680 - INFO -  Scoring full pool: 9970 candidates
2025-06-11 17:49:13,924 - INFO -  GP predict time: 4.244s
2025-06-11 17:49:13,924 - INFO -   EHVI: 9970 candidates with 1000 MC samples
2025-06-11 17:57:05,105 - INFO -  EHVI time: 471.181s
f1 shape: (1,)
f2 shape: (1,)
f3 shape: (1,)
2025-06-11 17:57:05,108 - INFO -  Selected idx=2664 (O=C(COC(=O)c1ccc2ccccc2n1)Nc1ccccc1Br) → [0.09473986 0.15850722 1.        ]
2025-06-11 17:57:05,129 - INFO -  Hypervolume: 0.3625
2025-06-11 17:57:05,129 - INFO - 
--- Iter 21 (train size (31, 3)) ---
2025-06-11 17:57:05,130 - INFO -  Inferred reference point at iter 21: [-0.0999996845451654, -0.021767858207620304, 0.07941396309497942]
2025-06-11 17:57:05,131 - INFO -  Scoring full pool: 9969 candidates
2025-06-11 17:57:09,462 - INFO -  GP predict time: 4.331s
2025-06-11 17:57:09,462 - INFO -   EHVI: 9969 candidates with 1000 MC samples
2025-06-11 18:05:00,243 - INFO -  EHVI time: 470.780s
f1 shape: (1,)
f2 shape: (1,)
f3 shape: (1,)
2025-06-11 18:05:00,245 - INFO -  Selected idx=996 (CSCCC(NC(=O)c1cccc(S(=O)(=O)N2CCN(C(C)=O)CC2)c1)c1nc2ccccc2[nH]1) → [1.         0.22040302 1.        ]
2025-06-11 18:05:00,268 - INFO -  Hypervolume: 0.3625
2025-06-11 18:05:00,268 - INFO - 
--- Iter 22 (train size (32, 3)) ---
2025-06-11 18:05:00,268 - INFO -  Inferred reference point at iter 22: [-0.0999996845451654, -0.021767858207620304, 0.07941396309497942]
2025-06-11 18:05:00,270 - INFO -  Scoring full pool: 9968 candidates
2025-06-11 18:05:04,753 - INFO -  GP predict time: 4.483s
2025-06-11 18:05:04,754 - INFO -   EHVI: 9968 candidates with 1000 MC samples
2025-06-11 18:12:55,845 - INFO -  EHVI time: 471.092s
f1 shape: (1,)
f2 shape: (1,)
f3 shape: (1,)
2025-06-11 18:12:55,848 - INFO -  Selected idx=639 (O=C(NCc1ccc(F)cc1)c1c2c(nc3ccccc13)C(=O)N(C1CCCCC1)C2) → [0.02157004 0.28337969 0.83906351]
2025-06-11 18:12:55,872 - INFO -  Hypervolume: 0.3625
2025-06-11 18:12:55,872 - INFO - 
--- Iter 23 (train size (33, 3)) ---
2025-06-11 18:12:55,872 - INFO -  Inferred reference point at iter 23: [-0.0999996845451654, -0.021767858207620304, 0.07941396309497942]
2025-06-11 18:12:55,873 - INFO -  Scoring full pool: 9967 candidates
2025-06-11 18:13:00,479 - INFO -  GP predict time: 4.605s
2025-06-11 18:13:00,479 - INFO -   EHVI: 9967 candidates with 1000 MC samples
2025-06-11 18:20:51,526 - INFO -  EHVI time: 471.047s
f1 shape: (1,)
f2 shape: (1,)
f3 shape: (1,)
2025-06-11 18:20:51,528 - INFO -  Selected idx=1975 (Cc1ccccc1C(=O)Nc1ccc2c(c1)-c1c(c(C(N)=O)nn1-c1ccc(S(N)(=O)=O)cc1)CC2) → [1.         0.17631881 1.        ]
2025-06-11 18:20:51,551 - INFO -  Hypervolume: 0.3625
2025-06-11 18:20:51,551 - INFO - 
--- Iter 24 (train size (34, 3)) ---
2025-06-11 18:20:51,551 - INFO -  Inferred reference point at iter 24: [-0.0999996845451654, -0.021767858207620304, 0.07941396309497942]
2025-06-11 18:20:51,553 - INFO -  Scoring full pool: 9966 candidates
2025-06-11 18:20:56,219 - INFO -  GP predict time: 4.666s
2025-06-11 18:20:56,219 - INFO -   EHVI: 9966 candidates with 1000 MC samples
2025-06-11 18:28:46,341 - INFO -  EHVI time: 470.122s
f1 shape: (1,)
f2 shape: (1,)
f3 shape: (1,)
2025-06-11 18:28:46,344 - INFO -  Selected idx=768 (O=C(O)c1c(O)c(Cc2c[nH]c3ccccc23)nc2c3c(ccc12)CCCC3) → [0.93069794 0.24602026 0.84050269]
2025-06-11 18:28:46,368 - INFO -  Hypervolume: 0.3625
2025-06-11 18:28:46,368 - INFO - 
--- Iter 25 (train size (35, 3)) ---
2025-06-11 18:28:46,368 - INFO -  Inferred reference point at iter 25: [-0.0999996845451654, -0.021767858207620304, 0.07941396309497942]
2025-06-11 18:28:46,370 - INFO -  Scoring full pool: 9965 candidates
2025-06-11 18:28:51,213 - INFO -  GP predict time: 4.843s
2025-06-11 18:28:51,213 - INFO -   EHVI: 9965 candidates with 1000 MC samples
2025-06-11 18:36:42,579 - INFO -  EHVI time: 471.366s
f1 shape: (1,)
f2 shape: (1,)
f3 shape: (1,)
2025-06-11 18:36:42,582 - INFO -  Selected idx=7145 (Cc1ccc(S(=O)(=O)CCC(=O)Nc2ccccc2N2CCCC2)cc1) → [0.06291617 0.22244094 1.        ]
2025-06-11 18:36:42,606 - INFO -  Hypervolume: 0.3625
2025-06-11 18:36:42,606 - INFO - 
--- Iter 26 (train size (36, 3)) ---
2025-06-11 18:36:42,606 - INFO -  Inferred reference point at iter 26: [-0.0999996845451654, -0.021767858207620304, 0.07941396309497942]
2025-06-11 18:36:42,608 - INFO -  Scoring full pool: 9964 candidates
2025-06-11 18:36:47,633 - INFO -  GP predict time: 5.025s
2025-06-11 18:36:47,633 - INFO -   EHVI: 9964 candidates with 1000 MC samples
2025-06-11 18:44:38,185 - INFO -  EHVI time: 470.552s
f1 shape: (1,)
f2 shape: (1,)
f3 shape: (1,)
2025-06-11 18:44:38,187 - INFO -  Selected idx=1770 (COc1cccc(OC)c1-c1ccc(CC(Nc2ccc(S(=O)(=O)N3CCCC3)cc2)C(=O)O)cc1) → [1.         0.28204272 0.9659813 ]
2025-06-11 18:44:38,211 - INFO -  Hypervolume: 0.3625
2025-06-11 18:44:38,211 - INFO - 
--- Iter 27 (train size (37, 3)) ---
2025-06-11 18:44:38,211 - INFO -  Inferred reference point at iter 27: [-0.0999996845451654, -0.021767858207620304, 0.07941396309497942]
2025-06-11 18:44:38,213 - INFO -  Scoring full pool: 9963 candidates
2025-06-11 18:44:43,212 - INFO -  GP predict time: 4.999s
2025-06-11 18:44:43,212 - INFO -   EHVI: 9963 candidates with 1000 MC samples
2025-06-11 18:52:34,036 - INFO -  EHVI time: 470.824s
f1 shape: (1,)
f2 shape: (1,)
f3 shape: (1,)
2025-06-11 18:52:34,038 - INFO -  Selected idx=7140 (CC(=O)NC(CC(=O)Nc1cccc(S(=O)(=O)N2CCCCC2)c1)c1ccccc1) → [1.         0.24205202 1.        ]
2025-06-11 18:52:34,062 - INFO -  Hypervolume: 0.3625
2025-06-11 18:52:34,062 - INFO - 
--- Iter 28 (train size (38, 3)) ---
2025-06-11 18:52:34,062 - INFO -  Inferred reference point at iter 28: [-0.0999996845451654, -0.021767858207620304, 0.07941396309497942]
2025-06-11 18:52:34,064 - INFO -  Scoring full pool: 9962 candidates
2025-06-11 18:52:39,024 - INFO -  GP predict time: 4.960s
2025-06-11 18:52:39,024 - INFO -   EHVI: 9962 candidates with 1000 MC samples
2025-06-11 19:00:31,216 - INFO -  EHVI time: 472.192s
f1 shape: (1,)
f2 shape: (1,)
f3 shape: (1,)
2025-06-11 19:00:31,218 - INFO -  Selected idx=8260 (COc1ccc(S(=O)(=O)N(C)CC(=O)N2CCN(c3ccccc3)CC2)cc1) → [0.13971816 0.26687598 1.        ]
2025-06-11 19:00:31,244 - INFO -  Hypervolume: 0.3625
2025-06-11 19:00:31,244 - INFO - 
--- Iter 29 (train size (39, 3)) ---
2025-06-11 19:00:31,244 - INFO -  Inferred reference point at iter 29: [-0.0999996845451654, -0.021767858207620304, 0.07941396309497942]
2025-06-11 19:00:31,246 - INFO -  Scoring full pool: 9961 candidates
2025-06-11 19:00:36,499 - INFO -  GP predict time: 5.253s
2025-06-11 19:00:36,499 - INFO -   EHVI: 9961 candidates with 1000 MC samples
2025-06-11 19:08:27,420 - INFO -  EHVI time: 470.921s
f1 shape: (1,)
f2 shape: (1,)
f3 shape: (1,)
2025-06-11 19:08:27,422 - INFO -  Selected idx=8604 (COc1ccc(CC(=O)Oc2ccc(C(C)C)cc2)cc1S(=O)(=O)N1CCOCC1) → [0.73425566 0.25919118 1.        ]
2025-06-11 19:08:27,449 - INFO -  Hypervolume: 0.3625
2025-06-11 19:08:27,449 - INFO - 
--- Iter 30 (train size (40, 3)) ---
2025-06-11 19:08:27,449 - INFO -  Inferred reference point at iter 30: [-0.0999996845451654, -0.021767858207620304, 0.07941396309497942]
2025-06-11 19:08:27,451 - INFO -  Scoring full pool: 9960 candidates
2025-06-11 19:08:32,796 - INFO -  GP predict time: 5.345s
2025-06-11 19:08:32,796 - INFO -   EHVI: 9960 candidates with 1000 MC samples
2025-06-11 19:16:23,463 - INFO -  EHVI time: 470.667s
f1 shape: (1,)
f2 shape: (1,)
f3 shape: (1,)
2025-06-11 19:16:23,465 - INFO -  Selected idx=5764 (CCOc1ccc(NS(=O)(=O)c2cc(C(=O)N3CCCC3)ccc2Cl)cc1) → [0.36022714 0.22519084 1.        ]
2025-06-11 19:16:23,492 - INFO -  Hypervolume: 0.3625
2025-06-11 19:16:23,492 - INFO - 
--- Iter 31 (train size (41, 3)) ---
2025-06-11 19:16:23,493 - INFO -  Inferred reference point at iter 31: [-0.0999996845451654, -0.021767858207620304, 0.07941396309497942]
2025-06-11 19:16:23,495 - INFO -  Scoring full pool: 9959 candidates
2025-06-11 19:16:28,966 - INFO -  GP predict time: 5.472s
2025-06-11 19:16:28,967 - INFO -   EHVI: 9959 candidates with 1000 MC samples
2025-06-11 19:24:19,481 - INFO -  EHVI time: 470.514s
f1 shape: (1,)
f2 shape: (1,)
f3 shape: (1,)
2025-06-11 19:24:19,484 - INFO -  Selected idx=5752 (O=C(c1ccc(CNc2c(N3CCOCC3)c(=O)c2=O)cc1)N1CCC(c2ccccc2)CC1) → [0.54307247 0.29899135 1.        ]
2025-06-11 19:24:19,514 - INFO -  Hypervolume: 0.3625
2025-06-11 19:24:19,514 - INFO - 
--- Iter 32 (train size (42, 3)) ---
2025-06-11 19:24:19,514 - INFO -  Inferred reference point at iter 32: [-0.0999996845451654, -0.021767858207620304, 0.07941396309497942]
2025-06-11 19:24:19,516 - INFO -  Scoring full pool: 9958 candidates
2025-06-11 19:24:25,108 - INFO -  GP predict time: 5.593s
2025-06-11 19:24:25,108 - INFO -   EHVI: 9958 candidates with 1000 MC samples
2025-06-11 19:32:16,229 - INFO -  EHVI time: 471.120s
f1 shape: (1,)
f2 shape: (1,)
f3 shape: (1,)
2025-06-11 19:32:16,231 - INFO -  Selected idx=7695 (O=C(CC(C(=O)O)c1ccccc1)c1ccc(Cl)c(Cl)c1) → [0.00175115 0.19097222 0.90988362]
2025-06-11 19:32:16,262 - INFO -  Hypervolume: 0.3625
2025-06-11 19:32:16,262 - INFO - 
--- Iter 33 (train size (43, 3)) ---
2025-06-11 19:32:16,262 - INFO -  Inferred reference point at iter 33: [-0.0999996845451654, -0.021767858207620304, 0.07941396309497942]
2025-06-11 19:32:16,265 - INFO -  Scoring full pool: 9957 candidates
2025-06-11 19:32:22,115 - INFO -  GP predict time: 5.850s
2025-06-11 19:32:22,115 - INFO -   EHVI: 9957 candidates with 1000 MC samples
2025-06-11 19:40:13,508 - INFO -  EHVI time: 471.394s
f1 shape: (1,)
f2 shape: (1,)
f3 shape: (1,)
2025-06-11 19:40:13,510 - INFO -  Selected idx=4952 (CC(C(=O)Nc1ccc(C#N)cc1)N1CCc2ccccc21) → [0.00322803 0.18707483 1.        ]
2025-06-11 19:40:13,540 - INFO -  Hypervolume: 0.3625
2025-06-11 19:40:13,540 - INFO - 
--- Iter 34 (train size (44, 3)) ---
2025-06-11 19:40:13,540 - INFO -  Inferred reference point at iter 34: [-0.0999996845451654, -0.021767858207620304, 0.07941396309497942]
2025-06-11 19:40:13,542 - INFO -  Scoring full pool: 9956 candidates
2025-06-11 19:40:19,448 - INFO -  GP predict time: 5.906s
2025-06-11 19:40:19,448 - INFO -   EHVI: 9956 candidates with 1000 MC samples
2025-06-11 19:48:10,295 - INFO -  EHVI time: 470.846s
f1 shape: (1,)
f2 shape: (1,)
f3 shape: (1,)
2025-06-11 19:48:10,297 - INFO -  Selected idx=8607 (Cc1ccc(S(=O)(=O)NC(Cc2ccccc2)C(=O)N2CCCC2C(=O)O)cc1) → [1.        0.2613798 1.       ]
2025-06-11 19:48:10,331 - INFO -  Hypervolume: 0.3625
2025-06-11 19:48:10,331 - INFO - 
--- Iter 35 (train size (45, 3)) ---
2025-06-11 19:48:10,331 - INFO -  Inferred reference point at iter 35: [-0.0999996845451654, -0.021767858207620304, 0.07941396309497942]
2025-06-11 19:48:10,333 - INFO -  Scoring full pool: 9955 candidates
2025-06-11 19:48:16,319 - INFO -  GP predict time: 5.986s
2025-06-11 19:48:16,319 - INFO -   EHVI: 9955 candidates with 1000 MC samples
2025-06-11 19:56:07,221 - INFO -  EHVI time: 470.902s
f1 shape: (1,)
f2 shape: (1,)
f3 shape: (1,)
2025-06-11 19:56:07,223 - INFO -  Selected idx=3527 (CS(=O)(=O)c1cccc(NC(=O)c2cccc(S(=O)(=O)N3CCCCCC3)c2)c1) → [1.         0.27714932 1.        ]
2025-06-11 19:56:07,255 - INFO -  Hypervolume: 0.3625
2025-06-11 19:56:07,255 - INFO - 
--- Iter 36 (train size (46, 3)) ---
2025-06-11 19:56:07,255 - INFO -  Inferred reference point at iter 36: [-0.0999996845451654, -0.021767858207620304, 0.07941396309497942]
2025-06-11 19:56:07,258 - INFO -  Scoring full pool: 9954 candidates
2025-06-11 19:56:13,299 - INFO -  GP predict time: 6.041s
2025-06-11 19:56:13,299 - INFO -   EHVI: 9954 candidates with 1000 MC samples
2025-06-11 20:04:04,605 - INFO -  EHVI time: 471.305s
f1 shape: (1,)
f2 shape: (1,)
f3 shape: (1,)
2025-06-11 20:04:04,607 - INFO -  Selected idx=205 (Cc1ccc(C(=O)N2CCCC(c3nc(O)c4nnn(Cc5ccccc5)c4n3)C2)cc1) → [1.         0.25377229 1.        ]
2025-06-11 20:04:04,643 - INFO -  Hypervolume: 0.3625
2025-06-11 20:04:04,643 - INFO - 
--- Iter 37 (train size (47, 3)) ---
2025-06-11 20:04:04,643 - INFO -  Inferred reference point at iter 37: [-0.0999996845451654, -0.021767858207620304, 0.07941396309497942]
2025-06-11 20:04:04,645 - INFO -  Scoring full pool: 9953 candidates
2025-06-11 20:04:10,774 - INFO -  GP predict time: 6.128s
2025-06-11 20:04:10,774 - INFO -   EHVI: 9953 candidates with 1000 MC samples
2025-06-11 20:12:00,969 - INFO -  EHVI time: 470.195s
f1 shape: (1,)
f2 shape: (1,)
f3 shape: (1,)
2025-06-11 20:12:00,971 - INFO -  Selected idx=6598 (Cc1ccccc1Cc1c(C)nc2nc(SCC(=O)NCCCN3CCCCC3)nn2c1C) → [0.34545876 0.16960651 1.        ]
2025-06-11 20:12:01,005 - INFO -  Hypervolume: 0.3625
2025-06-11 20:12:01,005 - INFO - 
--- Iter 38 (train size (48, 3)) ---
2025-06-11 20:12:01,005 - INFO -  Inferred reference point at iter 38: [-0.0999996845451654, -0.021767858207620304, 0.07941396309497942]
2025-06-11 20:12:01,007 - INFO -  Scoring full pool: 9952 candidates
2025-06-11 20:12:07,298 - INFO -  GP predict time: 6.291s
2025-06-11 20:12:07,298 - INFO -   EHVI: 9952 candidates with 1000 MC samples
2025-06-11 20:19:57,833 - INFO -  EHVI time: 470.534s
f1 shape: (1,)
f2 shape: (1,)
f3 shape: (1,)
2025-06-11 20:19:57,835 - INFO -  Selected idx=2879 (Cc1ccc(NC(=O)CS(=O)(=O)c2c[nH]c3ccccc23)c(C)c1) → [0.54787698 0.13910355 1.        ]
2025-06-11 20:19:57,873 - INFO -  Hypervolume: 0.3625
2025-06-11 20:19:57,873 - INFO - 
--- Iter 39 (train size (49, 3)) ---
2025-06-11 20:19:57,873 - INFO -  Inferred reference point at iter 39: [-0.0999996845451654, -0.021767858207620304, 0.07941396309497942]
2025-06-11 20:19:57,876 - INFO -  Scoring full pool: 9951 candidates
2025-06-11 20:20:04,221 - INFO -  GP predict time: 6.346s
2025-06-11 20:20:04,222 - INFO -   EHVI: 9951 candidates with 1000 MC samples
2025-06-11 20:27:55,249 - INFO -  EHVI time: 471.028s
f1 shape: (1,)
f2 shape: (1,)
f3 shape: (1,)
2025-06-11 20:27:55,252 - INFO -  Selected idx=1014 (Cc1[nH]c2ccccc2c1CCNC(=O)c1ccc(N2CCCCC2)cc1) → [1.56026530e-04 2.47186495e-01 9.08088728e-01]
2025-06-11 20:27:55,290 - INFO -  Hypervolume: 0.3625
2025-06-11 20:27:55,290 - INFO - 
--- Iter 40 (train size (50, 3)) ---
2025-06-11 20:27:55,290 - INFO -  Inferred reference point at iter 40: [-0.0999996845451654, -0.021767858207620304, 0.07941396309497942]
2025-06-11 20:27:55,293 - INFO -  Scoring full pool: 9950 candidates
2025-06-11 20:28:01,955 - INFO -  GP predict time: 6.662s
2025-06-11 20:28:01,955 - INFO -   EHVI: 9950 candidates with 1000 MC samples
2025-06-11 20:35:52,100 - INFO -  EHVI time: 470.145s
f1 shape: (1,)
f2 shape: (1,)
f3 shape: (1,)
2025-06-11 20:35:52,102 - INFO -  Selected idx=3573 (COc1cccc(NS(=O)(=O)c2ccc3c(c2)CCCN3C(C)=O)c1) → [0.36022714 0.20537125 1.        ]
2025-06-11 20:35:52,140 - INFO -  Hypervolume: 0.3625
2025-06-11 20:35:52,140 - INFO - 
--- Iter 41 (train size (51, 3)) ---
2025-06-11 20:35:52,140 - INFO -  Inferred reference point at iter 41: [-0.0999996845451654, -0.021767858207620304, 0.07941396309497942]
2025-06-11 20:35:52,143 - INFO -  Scoring full pool: 9949 candidates
2025-06-11 20:35:58,752 - INFO -  GP predict time: 6.609s
2025-06-11 20:35:58,752 - INFO -   EHVI: 9949 candidates with 1000 MC samples
2025-06-11 20:43:49,918 - INFO -  EHVI time: 471.166s
f1 shape: (1,)
f2 shape: (1,)
f3 shape: (1,)
2025-06-11 20:43:49,921 - INFO -  Selected idx=9814 (O=C(Nc1ccc2c(c1)N(Cc1c[nH]cn1)CCN(C(=O)c1cccc3ccccc13)C2)C1CCCCC1) → [0.68670911 0.3247549  0.21842966]
2025-06-11 20:43:49,961 - INFO -  Hypervolume: 0.3625
2025-06-11 20:43:49,962 - INFO - 
--- Iter 42 (train size (52, 3)) ---
2025-06-11 20:43:49,962 - INFO -  Inferred reference point at iter 42: [-0.0999996845451654, -0.021767858207620304, 0.07941396309497942]
2025-06-11 20:43:49,964 - INFO -  Scoring full pool: 9948 candidates
2025-06-11 20:43:56,850 - INFO -  GP predict time: 6.885s
2025-06-11 20:43:56,850 - INFO -   EHVI: 9948 candidates with 1000 MC samples
2025-06-11 20:53:17,296 - INFO -  EHVI time: 560.446s
f1 shape: (1,)
f2 shape: (1,)
f3 shape: (1,)
2025-06-11 20:53:17,298 - INFO -  Selected idx=5398 (Cc1ccc(NC(=O)CCCOc2ccccc2)cc1S(=O)(=O)N1CCOCC1) → [0.87983754 0.23176292 1.        ]
2025-06-11 20:53:17,340 - INFO -  Hypervolume: 0.3625
2025-06-11 20:53:17,340 - INFO - 
--- Iter 43 (train size (53, 3)) ---
2025-06-11 20:53:17,340 - INFO -  Inferred reference point at iter 43: [-0.0999996845451654, -0.021767858207620304, 0.07941396309497942]
2025-06-11 20:53:17,343 - INFO -  Scoring full pool: 9947 candidates
2025-06-11 20:53:24,370 - INFO -  GP predict time: 7.028s
2025-06-11 20:53:24,370 - INFO -   EHVI: 9947 candidates with 1000 MC samples
2025-06-11 21:02:44,866 - INFO -  EHVI time: 560.495s
f1 shape: (1,)
f2 shape: (1,)
f3 shape: (1,)
2025-06-11 21:02:44,868 - INFO -  Selected idx=4657 (COc1cccc(OC)c1-c1ccc(CC(NC(=O)C2(S(=O)(=O)c3ccccc3)CCCCC2)C(=O)O)cc1) → [1.         0.32716049 0.80455164]
2025-06-11 21:02:44,909 - INFO -  Hypervolume: 0.3643
2025-06-11 21:02:44,910 - INFO - 
--- Iter 44 (train size (54, 3)) ---
2025-06-11 21:02:44,910 - INFO -  Inferred reference point at iter 44: [-0.0999996845451654, -0.021767858207620304, 0.07941396309497942]
2025-06-11 21:02:44,912 - INFO -  Scoring full pool: 9946 candidates
2025-06-11 21:02:52,024 - INFO -  GP predict time: 7.112s
2025-06-11 21:02:52,024 - INFO -   EHVI: 9946 candidates with 1000 MC samples
2025-06-11 21:12:12,138 - INFO -  EHVI time: 560.113s
f1 shape: (1,)
f2 shape: (1,)
f3 shape: (1,)
2025-06-11 21:12:12,140 - INFO -  Selected idx=2377 (CC(=O)Oc1ccc(-c2csc(Nc3ccc(S(N)(=O)=O)cc3)n2)cc1) → [1.         0.13147866 1.        ]
2025-06-11 21:12:12,183 - INFO -  Hypervolume: 0.3643
2025-06-11 21:12:12,183 - INFO - 
--- Iter 45 (train size (55, 3)) ---
2025-06-11 21:12:12,183 - INFO -  Inferred reference point at iter 45: [-0.0999996845451654, -0.021767858207620304, 0.07941396309497942]
2025-06-11 21:12:12,186 - INFO -  Scoring full pool: 9945 candidates
2025-06-11 21:12:19,367 - INFO -  GP predict time: 7.181s
2025-06-11 21:12:19,367 - INFO -   EHVI: 9945 candidates with 1000 MC samples
2025-06-11 21:21:37,919 - INFO -  EHVI time: 558.552s
f1 shape: (1,)
f2 shape: (1,)
f3 shape: (1,)
2025-06-11 21:21:37,922 - INFO -  Selected idx=7892 (COc1ccc(C)cc1NC(=O)Cn1c(=O)oc2cc(S(=O)(=O)N3CCCCC3)ccc21) → [1.         0.20302013 1.        ]
2025-06-11 21:21:37,964 - INFO -  Hypervolume: 0.3643
2025-06-11 21:21:37,964 - INFO - 
--- Iter 46 (train size (56, 3)) ---
2025-06-11 21:21:37,964 - INFO -  Inferred reference point at iter 46: [-0.0999996845451654, -0.021767858207620304, 0.07941396309497942]
2025-06-11 21:21:37,967 - INFO -  Scoring full pool: 9944 candidates
2025-06-11 21:21:45,259 - INFO -  GP predict time: 7.292s
2025-06-11 21:21:45,259 - INFO -   EHVI: 9944 candidates with 1000 MC samples
2025-06-11 21:31:05,418 - INFO -  EHVI time: 560.159s
f1 shape: (1,)
f2 shape: (1,)
f3 shape: (1,)
2025-06-11 21:31:05,421 - INFO -  Selected idx=3611 (O=C(Cn1nnc(-c2ccccc2Cl)n1)Nc1cccc(S(=O)(=O)N2CCCC2)c1) → [1.         0.17277856 1.        ]
2025-06-11 21:31:05,465 - INFO -  Hypervolume: 0.3643
2025-06-11 21:31:05,465 - INFO - 
--- Iter 47 (train size (57, 3)) ---
2025-06-11 21:31:05,465 - INFO -  Inferred reference point at iter 47: [-0.0999996845451654, -0.021767858207620304, 0.07941396309497942]
2025-06-11 21:31:05,468 - INFO -  Scoring full pool: 9943 candidates
2025-06-11 21:31:13,283 - INFO -  GP predict time: 7.815s
2025-06-11 21:31:13,283 - INFO -   EHVI: 9943 candidates with 1000 MC samples
2025-06-11 21:40:33,363 - INFO -  EHVI time: 560.079s
f1 shape: (1,)
f2 shape: (1,)
f3 shape: (1,)
2025-06-11 21:40:33,365 - INFO -  Selected idx=4402 (Cc1oc(S(=O)(=O)N2CCCC2)cc1C(=O)Nc1ccc(F)cc1) → [0.58349348 0.18429487 1.        ]
2025-06-11 21:40:33,409 - INFO -  Hypervolume: 0.3643
2025-06-11 21:40:33,409 - INFO - 
--- Iter 48 (train size (58, 3)) ---
2025-06-11 21:40:33,409 - INFO -  Inferred reference point at iter 48: [-0.0999996845451654, -0.021767858207620304, 0.07941396309497942]
2025-06-11 21:40:33,412 - INFO -  Scoring full pool: 9942 candidates
2025-06-11 21:40:41,001 - INFO -  GP predict time: 7.589s
2025-06-11 21:40:41,001 - INFO -   EHVI: 9942 candidates with 1000 MC samples
2025-06-11 21:49:59,786 - INFO -  EHVI time: 558.785s
f1 shape: (1,)
f2 shape: (1,)
f3 shape: (1,)
2025-06-11 21:49:59,789 - INFO -  Selected idx=8363 (Cc1cccc(S(=O)(=O)N2CC3NC(C2)C3c2ccc(-c3ccccc3F)cc2)c1) → [2.64481170e-04 2.60724852e-01 1.00000000e+00]
2025-06-11 21:49:59,837 - INFO -  Hypervolume: 0.3643
2025-06-11 21:49:59,837 - INFO - 
--- Iter 49 (train size (59, 3)) ---
2025-06-11 21:49:59,837 - INFO -  Inferred reference point at iter 49: [-0.0999996845451654, -0.021767858207620304, 0.07941396309497942]
2025-06-11 21:49:59,840 - INFO -  Scoring full pool: 9941 candidates
2025-06-11 21:50:07,548 - INFO -  GP predict time: 7.708s
2025-06-11 21:50:07,548 - INFO -   EHVI: 9941 candidates with 1000 MC samples
2025-06-11 21:59:26,243 - INFO -  EHVI time: 558.695s
f1 shape: (1,)
f2 shape: (1,)
f3 shape: (1,)
2025-06-11 21:59:26,246 - INFO -  Selected idx=5574 (CS(=O)(=O)Nc1ccc(C(Cc2ccccc2)C(=O)NCc2ccc(C(F)(F)F)nc2SC2CCCCC2)cc1F) → [0.98321447 0.26643991 0.02767624]
2025-06-11 21:59:26,295 - INFO -  Hypervolume: 0.3643
2025-06-11 21:59:26,295 - INFO - 
--- Iter 50 (train size (60, 3)) ---
2025-06-11 21:59:26,295 - INFO -  Inferred reference point at iter 50: [-0.0999996845451654, -0.021767858207620304, -0.06955613993913805]
2025-06-11 21:59:26,298 - INFO -  Scoring full pool: 9940 candidates
2025-06-11 21:59:34,327 - INFO -  GP predict time: 8.029s
2025-06-11 21:59:34,327 - INFO -   EHVI: 9940 candidates with 1000 MC samples
2025-06-11 22:08:54,706 - INFO -  EHVI time: 560.379s
f1 shape: (1,)
f2 shape: (1,)
f3 shape: (1,)
2025-06-11 22:08:54,708 - INFO -  Selected idx=8147 (O=C(NCc1ccc(S(=O)(=O)N2CCCCC2)cc1)c1cc2ccncc2s1) → [0.56836896 0.21538462 1.        ]
2025-06-11 22:08:54,756 - INFO -  Hypervolume: 0.4235
2025-06-11 22:08:54,756 - INFO - 
--- Iter 51 (train size (61, 3)) ---
2025-06-11 22:08:54,756 - INFO -  Inferred reference point at iter 51: [-0.0999996845451654, -0.021767858207620304, -0.06955613993913805]
2025-06-11 22:08:54,759 - INFO -  Scoring full pool: 9939 candidates
2025-06-11 22:09:02,814 - INFO -  GP predict time: 8.055s
2025-06-11 22:09:02,814 - INFO -   EHVI: 9939 candidates with 1000 MC samples
2025-06-11 22:18:23,190 - INFO -  EHVI time: 560.375s
f1 shape: (1,)
f2 shape: (1,)
f3 shape: (1,)
2025-06-11 22:18:23,192 - INFO -  Selected idx=9245 (Cc1ccc(S(=O)(=O)N2CCCC2CNC(=O)C(=O)NCc2ccccn2)cc1) → [1.         0.22201493 1.        ]
2025-06-11 22:18:23,243 - INFO -  Hypervolume: 0.4235
2025-06-11 22:18:23,243 - INFO - 
--- Iter 52 (train size (62, 3)) ---
2025-06-11 22:18:23,244 - INFO -  Inferred reference point at iter 52: [-0.0999996845451654, -0.021767858207620304, -0.06955613993913805]
2025-06-11 22:18:23,247 - INFO -  Scoring full pool: 9938 candidates
2025-06-11 22:18:31,411 - INFO -  GP predict time: 8.164s
2025-06-11 22:18:31,411 - INFO -   EHVI: 9938 candidates with 1000 MC samples
2025-06-11 22:27:51,616 - INFO -  EHVI time: 560.205s
f1 shape: (1,)
f2 shape: (1,)
f3 shape: (1,)
2025-06-11 22:27:51,618 - INFO -  Selected idx=5422 (Cc1cccc(S(=O)(=O)NC(=O)C2(C)CCN2C(=O)C2(c3ccc(Cl)cc3)CC2)c1) → [0.81219688 0.21701389 1.        ]
2025-06-11 22:27:51,673 - INFO -  Hypervolume: 0.4235
2025-06-11 22:27:51,674 - INFO - 
--- Iter 53 (train size (63, 3)) ---
2025-06-11 22:27:51,674 - INFO -  Inferred reference point at iter 53: [-0.0999996845451654, -0.021767858207620304, -0.06955613993913805]
2025-06-11 22:27:51,677 - INFO -  Scoring full pool: 9937 candidates
2025-06-11 22:28:00,172 - INFO -  GP predict time: 8.495s
2025-06-11 22:28:00,172 - INFO -   EHVI: 9937 candidates with 1000 MC samples
2025-06-11 22:37:20,752 - INFO -  EHVI time: 560.580s
f1 shape: (1,)
f2 shape: (1,)
f3 shape: (1,)
2025-06-11 22:37:20,755 - INFO -  Selected idx=4683 (CCN(C1CCCCC1)S(=O)(=O)c1ccc(C(=O)Nc2nnc(-c3ccccc3)o2)cc1) → [1.         0.22823034 0.94631629]
2025-06-11 22:37:20,810 - INFO -  Hypervolume: 0.4235
2025-06-11 22:37:20,810 - INFO - 
--- Iter 54 (train size (64, 3)) ---
2025-06-11 22:37:20,810 - INFO -  Inferred reference point at iter 54: [-0.0999996845451654, -0.021767858207620304, -0.06955613993913805]
2025-06-11 22:37:20,814 - INFO -  Scoring full pool: 9936 candidates
2025-06-11 22:37:29,252 - INFO -  GP predict time: 8.438s
2025-06-11 22:37:29,252 - INFO -   EHVI: 9936 candidates with 1000 MC samples
2025-06-11 22:46:49,894 - INFO -  EHVI time: 560.642s
f1 shape: (1,)
f2 shape: (1,)
f3 shape: (1,)
2025-06-11 22:46:49,896 - INFO -  Selected idx=243 (COc1ccccc1CCC(=O)Nc1ccc(S(=O)(=O)Nc2cc(C)nc(C)n2)cc1) → [1.         0.16061453 1.        ]
2025-06-11 22:46:49,950 - INFO -  Hypervolume: 0.4235
2025-06-11 22:46:49,950 - INFO - 
--- Iter 55 (train size (65, 3)) ---
2025-06-11 22:46:49,950 - INFO -  Inferred reference point at iter 55: [-0.0999996845451654, -0.021767858207620304, -0.06955613993913805]
2025-06-11 22:46:49,954 - INFO -  Scoring full pool: 9935 candidates
2025-06-11 22:46:58,725 - INFO -  GP predict time: 8.772s
2025-06-11 22:46:58,726 - INFO -   EHVI: 9935 candidates with 1000 MC samples
2025-06-11 22:56:18,495 - INFO -  EHVI time: 559.770s
f1 shape: (1,)
f2 shape: (1,)
f3 shape: (1,)
2025-06-11 22:56:18,498 - INFO -  Selected idx=1235 (CCc1ccc(NC(=O)C2CCN(S(=O)(=O)c3c(C)nc(O)nc3O)CC2)cc1) → [1.         0.21418021 1.        ]
2025-06-11 22:56:18,554 - INFO -  Hypervolume: 0.4235
2025-06-11 22:56:18,554 - INFO - 
--- Iter 56 (train size (66, 3)) ---
2025-06-11 22:56:18,554 - INFO -  Inferred reference point at iter 56: [-0.0999996845451654, -0.021767858207620304, -0.06955613993913805]
2025-06-11 22:56:18,557 - INFO -  Scoring full pool: 9934 candidates
2025-06-11 22:56:27,091 - INFO -  GP predict time: 8.533s
2025-06-11 22:56:27,091 - INFO -   EHVI: 9934 candidates with 1000 MC samples
2025-06-11 23:05:47,950 - INFO -  EHVI time: 560.859s
f1 shape: (1,)
f2 shape: (1,)
f3 shape: (1,)
2025-06-11 23:05:47,952 - INFO -  Selected idx=4957 (CCOC(=O)C1(c2ccccc2)CCN(S(=O)(=O)c2ccc(C)cc2)CC1) → [0.03131331 0.26538462 1.        ]
2025-06-11 23:05:48,010 - INFO -  Hypervolume: 0.4235
2025-06-11 23:05:48,010 - INFO - 
--- Iter 57 (train size (67, 3)) ---
2025-06-11 23:05:48,010 - INFO -  Inferred reference point at iter 57: [-0.0999996845451654, -0.021767858207620304, -0.06955613993913805]
2025-06-11 23:05:48,013 - INFO -  Scoring full pool: 9933 candidates
2025-06-11 23:05:56,948 - INFO -  GP predict time: 8.935s
2025-06-11 23:05:56,948 - INFO -   EHVI: 9933 candidates with 1000 MC samples
2025-06-11 23:15:17,603 - INFO -  EHVI time: 560.655s
f1 shape: (1,)
f2 shape: (1,)
f3 shape: (1,)
2025-06-11 23:15:17,605 - INFO -  Selected idx=464 (O=C(O)C(Cc1ccc(-c2ccccc2)cc1)NC(=O)C1CCCN1S(=O)(=O)c1cc(Cl)cc(Cl)c1) → [1.         0.28210117 0.82226901]
2025-06-11 23:15:17,662 - INFO -  Hypervolume: 0.4235
2025-06-11 23:15:17,662 - INFO - 
--- Iter 58 (train size (68, 3)) ---
2025-06-11 23:15:17,662 - INFO -  Inferred reference point at iter 58: [-0.0999996845451654, -0.021767858207620304, -0.06955613993913805]
2025-06-11 23:15:17,666 - INFO -  Scoring full pool: 9932 candidates
2025-06-11 23:15:26,506 - INFO -  GP predict time: 8.840s
2025-06-11 23:15:26,506 - INFO -   EHVI: 9932 candidates with 1000 MC samples
2025-06-11 23:24:47,260 - INFO -  EHVI time: 560.754s
f1 shape: (1,)
f2 shape: (1,)
f3 shape: (1,)
2025-06-11 23:24:47,263 - INFO -  Selected idx=8189 (Cc1oc(-c2ccccc2)nc1C(=O)Nc1ccc2[nH]c(-c3ccc(C4CCC(CC(=O)O)CC4)cc3)nc2c1) → [1.         0.25465839 0.00608943]
2025-06-11 23:24:47,325 - INFO -  Hypervolume: 0.4235
2025-06-11 23:24:47,325 - INFO - 
--- Iter 59 (train size (69, 3)) ---
2025-06-11 23:24:47,325 - INFO -  Inferred reference point at iter 59: [-0.0999996845451654, -0.021767858207620304, -0.09330163027885403]
2025-06-11 23:24:47,329 - INFO -  Scoring full pool: 9931 candidates
2025-06-11 23:24:56,440 - INFO -  GP predict time: 9.111s
2025-06-11 23:24:56,440 - INFO -   EHVI: 9931 candidates with 1000 MC samples
2025-06-11 23:34:18,093 - INFO -  EHVI time: 561.653s
f1 shape: (1,)
f2 shape: (1,)
f3 shape: (1,)
2025-06-11 23:34:18,096 - INFO -  Selected idx=9229 (COc1ccc(S(=O)(=O)Cc2ccc(C(=O)N3CCN(c4cccc(C)c4)C(C)C3)o2)cc1) → [0.6101698  0.25837989 1.        ]
2025-06-11 23:34:18,157 - INFO -  Hypervolume: 0.4330
2025-06-11 23:34:18,157 - INFO - 
--- Iter 60 (train size (70, 3)) ---
2025-06-11 23:34:18,157 - INFO -  Inferred reference point at iter 60: [-0.0999996845451654, -0.021767858207620304, -0.09330163027885403]
2025-06-11 23:34:18,161 - INFO -  Scoring full pool: 9930 candidates
2025-06-11 23:34:27,254 - INFO -  GP predict time: 9.094s
2025-06-11 23:34:27,255 - INFO -   EHVI: 9930 candidates with 1000 MC samples
2025-06-11 23:43:48,806 - INFO -  EHVI time: 561.551s
f1 shape: (1,)
f2 shape: (1,)
f3 shape: (1,)
2025-06-11 23:43:48,809 - INFO -  Selected idx=3567 (CCOc1ccc(NC(=O)CSc2nnc3c(n2)[nH]c2ccc(S(=O)(=O)N4CCOCC4)cc23)cc1) → [1.         0.18401015 1.        ]
2025-06-11 23:43:48,874 - INFO -  Hypervolume: 0.4330
2025-06-11 23:43:48,874 - INFO - 
--- Iter 61 (train size (71, 3)) ---
2025-06-11 23:43:48,874 - INFO -  Inferred reference point at iter 61: [-0.0999996845451654, -0.021767858207620304, -0.09330163027885403]
2025-06-11 23:43:48,878 - INFO -  Scoring full pool: 9929 candidates
2025-06-11 23:43:58,422 - INFO -  GP predict time: 9.544s
2025-06-11 23:43:58,422 - INFO -   EHVI: 9929 candidates with 1000 MC samples
2025-06-11 23:53:18,705 - INFO -  EHVI time: 560.283s
f1 shape: (1,)
f2 shape: (1,)
f3 shape: (1,)
2025-06-11 23:53:18,708 - INFO -  Selected idx=6327 (O=S(=O)(c1ccc(Cl)cc1)N1CC(c2nc(-c3cccc(Cl)c3)no2)C1) → [0.39123378 0.16271057 1.        ]
2025-06-11 23:53:19,048 - INFO -  Hypervolume: 0.4330
2025-06-11 23:53:19,048 - INFO - 
--- Iter 62 (train size (72, 3)) ---
2025-06-11 23:53:19,048 - INFO -  Inferred reference point at iter 62: [-0.0999996845451654, -0.021767858207620304, -0.09330163027885403]
2025-06-11 23:53:19,052 - INFO -  Scoring full pool: 9928 candidates
2025-06-11 23:53:28,424 - INFO -  GP predict time: 9.372s
2025-06-11 23:53:28,424 - INFO -   EHVI: 9928 candidates with 1000 MC samples
2025-06-12 00:02:48,667 - INFO -  EHVI time: 560.243s
f1 shape: (1,)
f2 shape: (1,)
f3 shape: (1,)
2025-06-12 00:02:48,670 - INFO -  Selected idx=1303 (COc1ccc(C(=O)Nc2c(OS(=O)(=O)c3ccc(C)cc3)c3ccccc3n(C)c2=O)cc1) → [1.         0.11918275 1.        ]
2025-06-12 00:02:48,734 - INFO -  Hypervolume: 0.4330
2025-06-12 00:02:48,734 - INFO - 
--- Iter 63 (train size (73, 3)) ---
2025-06-12 00:02:48,734 - INFO -  Inferred reference point at iter 63: [-0.0999996845451654, -0.021767858207620304, -0.09330163027885403]
2025-06-12 00:02:48,738 - INFO -  Scoring full pool: 9927 candidates
2025-06-12 00:02:58,438 - INFO -  GP predict time: 9.700s
2025-06-12 00:02:58,438 - INFO -   EHVI: 9927 candidates with 1000 MC samples
2025-06-12 00:12:18,737 - INFO -  EHVI time: 560.299s
f1 shape: (1,)
f2 shape: (1,)
f3 shape: (1,)
2025-06-12 00:12:18,740 - INFO -  Selected idx=7521 (COc1ccc(CN2CCC(C(=O)NO)(S(=O)(=O)c3ccc(Oc4ccc(Cl)cc4)cc3)CC2)cc1) → [1.         0.32550336 0.90174679]
2025-06-12 00:12:18,805 - INFO -  Hypervolume: 0.4332
2025-06-12 00:12:18,806 - INFO - 
--- Iter 64 (train size (74, 3)) ---
2025-06-12 00:12:18,806 - INFO -  Inferred reference point at iter 64: [-0.0999996845451654, -0.021767858207620304, -0.09330163027885403]
2025-06-12 00:12:18,809 - INFO -  Scoring full pool: 9926 candidates
2025-06-12 00:12:28,657 - INFO -  GP predict time: 9.847s
2025-06-12 00:12:28,657 - INFO -   EHVI: 9926 candidates with 1000 MC samples
2025-06-12 00:23:20,015 - INFO -  EHVI time: 651.358s
f1 shape: (1,)
f2 shape: (1,)
f3 shape: (1,)
2025-06-12 00:23:20,017 - INFO -  Selected idx=2148 (COc1ccc(CN2CCCC2)cc1Oc1ccc(NC(C)=O)cc1) → [4.60498942e-04 3.16265060e-01 9.99130933e-01]
2025-06-12 00:23:20,088 - INFO -  Hypervolume: 0.4332
2025-06-12 00:23:20,088 - INFO - 
--- Iter 65 (train size (75, 3)) ---
2025-06-12 00:23:20,088 - INFO -  Inferred reference point at iter 65: [-0.0999996845451654, -0.021767858207620304, -0.09330163027885403]
2025-06-12 00:23:20,092 - INFO -  Scoring full pool: 9925 candidates
2025-06-12 00:23:30,211 - INFO -  GP predict time: 10.120s
2025-06-12 00:23:30,212 - INFO -   EHVI: 9925 candidates with 1000 MC samples
2025-06-12 00:34:21,914 - INFO -  EHVI time: 651.702s
f1 shape: (1,)
f2 shape: (1,)
f3 shape: (1,)
2025-06-12 00:34:21,916 - INFO -  Selected idx=4815 (COc1ccccc1-c1nc(-c2ccc3c(c2)CCN3S(C)(=O)=O)cs1) → [0.00954966 0.18788344 1.        ]
2025-06-12 00:34:21,985 - INFO -  Hypervolume: 0.4332
2025-06-12 00:34:21,985 - INFO - 
--- Iter 66 (train size (76, 3)) ---
2025-06-12 00:34:21,985 - INFO -  Inferred reference point at iter 66: [-0.0999996845451654, -0.021767858207620304, -0.09330163027885403]
2025-06-12 00:34:21,989 - INFO -  Scoring full pool: 9924 candidates
2025-06-12 00:34:32,012 - INFO -  GP predict time: 10.023s
2025-06-12 00:34:32,013 - INFO -   EHVI: 9924 candidates with 1000 MC samples
2025-06-12 00:45:23,595 - INFO -  EHVI time: 651.582s
f1 shape: (1,)
f2 shape: (1,)
f3 shape: (1,)
2025-06-12 00:45:23,597 - INFO -  Selected idx=6651 (CS(=O)(=O)c1ccc2nc(NC(=O)C3=NN(c4ccccc4)C(=O)CC3)sc2c1) → [1.         0.15976124 1.        ]
2025-06-12 00:45:23,669 - INFO -  Hypervolume: 0.4332
2025-06-12 00:45:23,669 - INFO - 
--- Iter 67 (train size (77, 3)) ---
2025-06-12 00:45:23,669 - INFO -  Inferred reference point at iter 67: [-0.0999996845451654, -0.021767858207620304, -0.09330163027885403]
2025-06-12 00:45:23,673 - INFO -  Scoring full pool: 9923 candidates
2025-06-12 00:45:33,761 - INFO -  GP predict time: 10.089s
2025-06-12 00:45:33,762 - INFO -   EHVI: 9923 candidates with 1000 MC samples
2025-06-12 00:56:25,387 - INFO -  EHVI time: 651.625s
f1 shape: (1,)
f2 shape: (1,)
f3 shape: (1,)
2025-06-12 00:56:25,390 - INFO -  Selected idx=7296 (COc1ccc(NS(=O)(=O)c2cccc(C(=O)N3CCN(CC=Cc4ccccc4)CC3)c2)cc1) → [0.54307247 0.36184211 1.        ]
2025-06-12 00:56:25,465 - INFO -  Hypervolume: 0.4452
2025-06-12 00:56:25,466 - INFO - 
--- Iter 68 (train size (78, 3)) ---
2025-06-12 00:56:25,466 - INFO -  Inferred reference point at iter 68: [-0.0999996845451654, -0.02347626228232319, -0.09330163027885403]
2025-06-12 00:56:25,470 - INFO -  Scoring full pool: 9922 candidates
2025-06-12 00:56:35,826 - INFO -  GP predict time: 10.356s
2025-06-12 00:56:35,826 - INFO -   EHVI: 9922 candidates with 1000 MC samples
2025-06-12 01:09:07,501 - INFO -  EHVI time: 751.674s
f1 shape: (1,)
f2 shape: (1,)
f3 shape: (1,)
2025-06-12 01:09:07,503 - INFO -  Selected idx=1240 (Cc1ccc(CNC(=O)c2oc3ccc(S(=O)(=O)N4CCCC(C)C4)cc3c2C)cc1) → [0.58349348 0.22202797 0.9230277 ]
2025-06-12 01:09:07,577 - INFO -  Hypervolume: 0.4472
2025-06-12 01:09:07,577 - INFO - 
--- Iter 69 (train size (79, 3)) ---
2025-06-12 01:09:07,577 - INFO -  Inferred reference point at iter 69: [-0.0999996845451654, -0.02347626228232319, -0.09330163027885403]
2025-06-12 01:09:07,581 - INFO -  Scoring full pool: 9921 candidates
2025-06-12 01:09:17,655 - INFO -  GP predict time: 10.075s
2025-06-12 01:09:17,656 - INFO -   EHVI: 9921 candidates with 1000 MC samples
2025-06-12 01:21:48,753 - INFO -  EHVI time: 751.097s
f1 shape: (1,)
f2 shape: (1,)
f3 shape: (1,)
2025-06-12 01:21:48,756 - INFO -  Selected idx=8557 (O=C(Cc1ccc(Cl)cc1)Nc1cccc(-c2nc(C3CC3)[nH]c2-c2ccnc(NCCN3CCNC3=O)n2)c1) → [1.         0.23153576 0.79206809]
2025-06-12 01:21:48,837 - INFO -  Hypervolume: 0.4472
2025-06-12 01:21:48,837 - INFO - 
--- Iter 70 (train size (80, 3)) ---
2025-06-12 01:21:48,837 - INFO -  Inferred reference point at iter 70: [-0.0999996845451654, -0.02347626228232319, -0.09330163027885403]
2025-06-12 01:21:48,841 - INFO -  Scoring full pool: 9920 candidates
2025-06-12 01:21:59,770 - INFO -  GP predict time: 10.929s
2025-06-12 01:21:59,770 - INFO -   EHVI: 9920 candidates with 1000 MC samples
2025-06-12 01:34:31,507 - INFO -  EHVI time: 751.736s
f1 shape: (1,)
f2 shape: (1,)
f3 shape: (1,)
2025-06-12 01:34:31,509 - INFO -  Selected idx=4546 (COc1ccc(C(=O)C2CCN(C3CCN(Cc4nc(O)c5cc(C)sc5n4)C3=O)CC2)cc1) → [1.         0.31116643 1.        ]
2025-06-12 01:34:31,588 - INFO -  Hypervolume: 0.4473
2025-06-12 01:34:31,588 - INFO - 
--- Iter 71 (train size (81, 3)) ---
2025-06-12 01:34:31,588 - INFO -  Inferred reference point at iter 71: [-0.0999996845451654, -0.02347626228232319, -0.09330163027885403]
2025-06-12 01:34:31,592 - INFO -  Scoring full pool: 9919 candidates
2025-06-12 01:34:41,916 - INFO -  GP predict time: 10.324s
2025-06-12 01:34:41,916 - INFO -   EHVI: 9919 candidates with 1000 MC samples
2025-06-12 01:47:13,157 - INFO -  EHVI time: 751.241s
f1 shape: (1,)
f2 shape: (1,)
f3 shape: (1,)
2025-06-12 01:47:13,160 - INFO -  Selected idx=5037 (O=C(Cn1c(=O)ccc2cc(S(=O)(=O)N3CCCC3)ccc21)Nc1ccc(Cl)cc1) → [0.98851447 0.22970085 1.        ]
2025-06-12 01:47:13,240 - INFO -  Hypervolume: 0.4473
2025-06-12 01:47:13,240 - INFO - 
--- Iter 72 (train size (82, 3)) ---
2025-06-12 01:47:13,240 - INFO -  Inferred reference point at iter 72: [-0.0999996845451654, -0.02347626228232319, -0.09330163027885403]
2025-06-12 01:47:13,245 - INFO -  Scoring full pool: 9918 candidates
2025-06-12 01:47:24,205 - INFO -  GP predict time: 10.960s
2025-06-12 01:47:24,205 - INFO -   EHVI: 9918 candidates with 1000 MC samples
2025-06-12 01:59:54,301 - INFO -  EHVI time: 750.096s
f1 shape: (1,)
f2 shape: (1,)
f3 shape: (1,)
2025-06-12 01:59:54,304 - INFO -  Selected idx=1600 (Cc1cc(COc2ccc(S(=O)(=O)CC(C3CCC(=O)CC3)N(O)C=O)cc2)c2ccccc2n1) → [1.         0.26448787 1.        ]
2025-06-12 01:59:54,388 - INFO -  Hypervolume: 0.4473
2025-06-12 01:59:54,389 - INFO - 
--- Iter 73 (train size (83, 3)) ---
2025-06-12 01:59:54,389 - INFO -  Inferred reference point at iter 73: [-0.0999996845451654, -0.02347626228232319, -0.09330163027885403]
2025-06-12 01:59:54,393 - INFO -  Scoring full pool: 9917 candidates
2025-06-12 02:00:05,278 - INFO -  GP predict time: 10.885s
2025-06-12 02:00:05,278 - INFO -   EHVI: 9917 candidates with 1000 MC samples
2025-06-12 02:12:37,819 - INFO -  EHVI time: 752.541s
f1 shape: (1,)
f2 shape: (1,)
f3 shape: (1,)
2025-06-12 02:12:37,822 - INFO -  Selected idx=115 (Cc1onc(-c2c(F)cccc2Cl)c1C(=O)Nc1cccc(S(=O)(=O)N2CCCCC2)c1) → [1.         0.17741935 0.6852678 ]
2025-06-12 02:12:37,907 - INFO -  Hypervolume: 0.4473
2025-06-12 02:12:37,907 - INFO - 
--- Iter 74 (train size (84, 3)) ---
2025-06-12 02:12:37,907 - INFO -  Inferred reference point at iter 74: [-0.0999996845451654, -0.02347626228232319, -0.09330163027885403]
2025-06-12 02:12:37,912 - INFO -  Scoring full pool: 9916 candidates
2025-06-12 02:12:48,816 - INFO -  GP predict time: 10.904s
2025-06-12 02:12:48,816 - INFO -   EHVI: 9916 candidates with 1000 MC samples
2025-06-12 02:25:19,675 - INFO -  EHVI time: 750.859s
f1 shape: (1,)
f2 shape: (1,)
f3 shape: (1,)
2025-06-12 02:25:19,677 - INFO -  Selected idx=7751 (O=C(COc1ccc(S(=O)(=O)N2CCCC2)cc1)NCc1ccccn1) → [0.99024786 0.19       1.        ]
2025-06-12 02:25:19,762 - INFO -  Hypervolume: 0.4473
2025-06-12 02:25:19,762 - INFO - 
--- Iter 75 (train size (85, 3)) ---
2025-06-12 02:25:19,762 - INFO -  Inferred reference point at iter 75: [-0.0999996845451654, -0.02347626228232319, -0.09330163027885403]
2025-06-12 02:25:19,766 - INFO -  Scoring full pool: 9915 candidates
2025-06-12 02:25:30,866 - INFO -  GP predict time: 11.099s
2025-06-12 02:25:30,866 - INFO -   EHVI: 9915 candidates with 1000 MC samples
2025-06-12 02:38:02,081 - INFO -  EHVI time: 751.215s
f1 shape: (1,)
f2 shape: (1,)
f3 shape: (1,)
2025-06-12 02:38:02,084 - INFO -  Selected idx=9350 (Cc1ccc(C=Cc2onc(C)c2S(=O)(=O)N2CCC(C(=O)Nc3ccc(OC(F)(F)F)cc3)CC2)cc1) → [1.         0.25474684 0.37539517]
2025-06-12 02:38:02,173 - INFO -  Hypervolume: 0.4473
2025-06-12 02:38:02,173 - INFO - 
--- Iter 76 (train size (86, 3)) ---
2025-06-12 02:38:02,173 - INFO -  Inferred reference point at iter 76: [-0.0999996845451654, -0.02347626228232319, -0.09330163027885403]
2025-06-12 02:38:02,178 - INFO -  Scoring full pool: 9914 candidates
2025-06-12 02:38:13,646 - INFO -  GP predict time: 11.468s
2025-06-12 02:38:13,646 - INFO -   EHVI: 9914 candidates with 1000 MC samples
2025-06-12 02:50:43,794 - INFO -  EHVI time: 750.148s
f1 shape: (1,)
f2 shape: (1,)
f3 shape: (1,)
2025-06-12 02:50:43,797 - INFO -  Selected idx=2735 (CCOc1ccc(NC(=O)Nc2nc3ccc(S(C)(=O)=O)cc3s2)cc1) → [1.         0.11806597 1.        ]
2025-06-12 02:50:43,887 - INFO -  Hypervolume: 0.4473
2025-06-12 02:50:43,887 - INFO - 
--- Iter 77 (train size (87, 3)) ---
2025-06-12 02:50:43,887 - INFO -  Inferred reference point at iter 77: [-0.0999996845451654, -0.02347626228232319, -0.09330163027885403]
2025-06-12 02:50:43,892 - INFO -  Scoring full pool: 9913 candidates
2025-06-12 02:50:55,567 - INFO -  GP predict time: 11.675s
2025-06-12 02:50:55,567 - INFO -   EHVI: 9913 candidates with 1000 MC samples
2025-06-12 03:03:26,841 - INFO -  EHVI time: 751.273s
f1 shape: (1,)
f2 shape: (1,)
f3 shape: (1,)
2025-06-12 03:03:26,843 - INFO -  Selected idx=6594 (COc1ccccc1N(C)S(=O)(=O)c1ccc(C(=O)Nc2ccncc2)cc1) → [0.99024786 0.16099855 1.        ]
2025-06-12 03:03:26,935 - INFO -  Hypervolume: 0.4473
2025-06-12 03:03:26,935 - INFO - 
--- Iter 78 (train size (88, 3)) ---
2025-06-12 03:03:26,935 - INFO -  Inferred reference point at iter 78: [-0.0999996845451654, -0.02347626228232319, -0.09330163027885403]
2025-06-12 03:03:26,940 - INFO -  Scoring full pool: 9912 candidates
2025-06-12 03:03:38,749 - INFO -  GP predict time: 11.809s
2025-06-12 03:03:38,750 - INFO -   EHVI: 9912 candidates with 1000 MC samples
2025-06-12 03:16:09,802 - INFO -  EHVI time: 751.053s
f1 shape: (1,)
f2 shape: (1,)
f3 shape: (1,)
2025-06-12 03:16:09,805 - INFO -  Selected idx=7399 (CC(C)(C)n1c(-c2ccccc2C(=O)N2CCOCC2)nc2cc(-c3cnc(N)nc3)ccc21) → [1.         0.24314214 1.        ]
2025-06-12 03:16:09,904 - INFO -  Hypervolume: 0.4473
2025-06-12 03:16:09,904 - INFO - 
--- Iter 79 (train size (89, 3)) ---
2025-06-12 03:16:09,904 - INFO -  Inferred reference point at iter 79: [-0.0999996845451654, -0.02347626228232319, -0.09330163027885403]
2025-06-12 03:16:09,909 - INFO -  Scoring full pool: 9911 candidates
2025-06-12 03:16:21,823 - INFO -  GP predict time: 11.914s
2025-06-12 03:16:21,823 - INFO -   EHVI: 9911 candidates with 1000 MC samples
2025-06-12 03:28:50,822 - INFO -  EHVI time: 748.999s
f1 shape: (1,)
f2 shape: (1,)
f3 shape: (1,)
2025-06-12 03:28:50,825 - INFO -  Selected idx=773 (COc1cccc(OC)c1C(=O)Nc1cccc(-c2ccc(N3CCOCC3)nn2)c1) → [0.91596191 0.23792614 1.        ]
2025-06-12 03:28:50,922 - INFO -  Hypervolume: 0.4473
2025-06-12 03:28:50,922 - INFO - 
--- Iter 80 (train size (90, 3)) ---
2025-06-12 03:28:50,922 - INFO -  Inferred reference point at iter 80: [-0.0999996845451654, -0.02347626228232319, -0.09330163027885403]
2025-06-12 03:28:50,927 - INFO -  Scoring full pool: 9910 candidates
2025-06-12 03:29:03,141 - INFO -  GP predict time: 12.214s
2025-06-12 03:29:03,141 - INFO -   EHVI: 9910 candidates with 1000 MC samples
2025-06-12 03:41:32,592 - INFO -  EHVI time: 749.451s
f1 shape: (1,)
f2 shape: (1,)
f3 shape: (1,)
2025-06-12 03:41:32,594 - INFO -  Selected idx=3121 (Cc1ccc(C2(O)CCN(C(=O)c3cccc(S(C)(=O)=O)c3)CC2)nc1) → [0.97090709 0.23412698 1.        ]
2025-06-12 03:41:32,694 - INFO -  Hypervolume: 0.4473
2025-06-12 03:41:32,694 - INFO - 
--- Iter 81 (train size (91, 3)) ---
2025-06-12 03:41:32,694 - INFO -  Inferred reference point at iter 81: [-0.0999996845451654, -0.02347626228232319, -0.09330163027885403]
2025-06-12 03:41:32,699 - INFO -  Scoring full pool: 9909 candidates
2025-06-12 03:41:44,927 - INFO -  GP predict time: 12.228s
2025-06-12 03:41:44,927 - INFO -   EHVI: 9909 candidates with 1000 MC samples
2025-06-12 03:54:17,302 - INFO -  EHVI time: 752.375s
f1 shape: (1,)
f2 shape: (1,)
f3 shape: (1,)
2025-06-12 03:54:17,304 - INFO -  Selected idx=894 (O=C(COC(=O)c1cnc(O)nc1O)Nc1cccc(S(=O)(=O)N2CCCCC2)c1) → [1.         0.19604317 1.        ]
2025-06-12 03:54:17,403 - INFO -  Hypervolume: 0.4473
2025-06-12 03:54:17,403 - INFO - 
--- Iter 82 (train size (92, 3)) ---
2025-06-12 03:54:17,403 - INFO -  Inferred reference point at iter 82: [-0.0999996845451654, -0.02347626228232319, -0.09330163027885403]
2025-06-12 03:54:17,408 - INFO -  Scoring full pool: 9908 candidates
2025-06-12 03:54:29,485 - INFO -  GP predict time: 12.076s
2025-06-12 03:54:29,485 - INFO -   EHVI: 9908 candidates with 1000 MC samples
2025-06-12 04:07:01,671 - INFO -  EHVI time: 752.186s
f1 shape: (1,)
f2 shape: (1,)
f3 shape: (1,)
2025-06-12 04:07:01,674 - INFO -  Selected idx=2882 (O=C(Nc1ccc(CC(NC(=O)C2CCC(=O)N2Cc2ccccc2)C(=O)O)cc1)c1cc(F)c(F)cc1F) → [1.         0.26629073 1.        ]
2025-06-12 04:07:01,775 - INFO -  Hypervolume: 0.4473
2025-06-12 04:07:01,775 - INFO - 
--- Iter 83 (train size (93, 3)) ---
2025-06-12 04:07:01,775 - INFO -  Inferred reference point at iter 83: [-0.0999996845451654, -0.02347626228232319, -0.09330163027885403]
2025-06-12 04:07:01,780 - INFO -  Scoring full pool: 9907 candidates
2025-06-12 04:07:14,286 - INFO -  GP predict time: 12.506s
2025-06-12 04:07:14,286 - INFO -   EHVI: 9907 candidates with 1000 MC samples
2025-06-12 04:19:46,162 - INFO -  EHVI time: 751.876s
f1 shape: (1,)
f2 shape: (1,)
f3 shape: (1,)
2025-06-12 04:19:46,165 - INFO -  Selected idx=6071 (O=C(c1ccc(NS(=O)(=O)c2cccc3c2OCCO3)cc1)N1CCC(O)(Cc2ccccc2)CC1) → [1.         0.33916084 1.        ]
2025-06-12 04:19:46,266 - INFO -  Hypervolume: 0.4524
2025-06-12 04:19:46,266 - INFO - 
--- Iter 84 (train size (94, 3)) ---
2025-06-12 04:19:46,266 - INFO -  Inferred reference point at iter 84: [-0.0999996845451654, -0.02347626228232319, -0.09330163027885403]
2025-06-12 04:19:46,272 - INFO -  Scoring full pool: 9906 candidates
2025-06-12 04:19:58,570 - INFO -  GP predict time: 12.298s
2025-06-12 04:19:58,570 - INFO -   EHVI: 9906 candidates with 1000 MC samples
2025-06-12 04:26:23,961 - INFO -  EHVI time: 385.391s
f1 shape: (1,)
f2 shape: (1,)
f3 shape: (1,)
2025-06-12 04:26:23,964 - INFO -  Selected idx=2704 (COc1cccc(C(=O)NCCN2CCN(c3noc4ccccc34)CC2)c1) → [0.15952925 0.33038721 1.        ]
2025-06-12 04:26:24,071 - INFO -  Hypervolume: 0.4524
2025-06-12 04:26:24,072 - INFO - 
--- Iter 85 (train size (95, 3)) ---
2025-06-12 04:26:24,072 - INFO -  Inferred reference point at iter 85: [-0.0999996845451654, -0.02347626228232319, -0.09330163027885403]
2025-06-12 04:26:24,077 - INFO -  Scoring full pool: 9905 candidates
2025-06-12 04:26:36,866 - INFO -  GP predict time: 12.789s
2025-06-12 04:26:36,866 - INFO -   EHVI: 9905 candidates with 1000 MC samples
2025-06-12 04:33:02,681 - INFO -  EHVI time: 385.815s
f1 shape: (1,)
f2 shape: (1,)
f3 shape: (1,)
2025-06-12 04:33:02,684 - INFO -  Selected idx=8519 (COc1cccc(CNC(=O)c2cc(S(=O)(=O)N3CCCC3)cn2C)c1) → [0.64529481 0.18461538 1.        ]
2025-06-12 04:33:02,792 - INFO -  Hypervolume: 0.4524
2025-06-12 04:33:02,792 - INFO - 
--- Iter 86 (train size (96, 3)) ---
2025-06-12 04:33:02,792 - INFO -  Inferred reference point at iter 86: [-0.0999996845451654, -0.02347626228232319, -0.09330163027885403]
2025-06-12 04:33:02,798 - INFO -  Scoring full pool: 9904 candidates
2025-06-12 04:33:15,243 - INFO -  GP predict time: 12.445s
2025-06-12 04:33:15,243 - INFO -   EHVI: 9904 candidates with 1000 MC samples
2025-06-12 04:39:42,768 - INFO -  EHVI time: 387.525s
f1 shape: (1,)
f2 shape: (1,)
f3 shape: (1,)
2025-06-12 04:39:42,770 - INFO -  Selected idx=7657 (COc1ccc2nc(NC(=O)C3CCN(S(=O)(=O)c4c[nH]cn4)CC3)sc2c1) → [1.         0.17566568 1.        ]
2025-06-12 04:39:42,882 - INFO -  Hypervolume: 0.4524
2025-06-12 04:39:42,882 - INFO - 
--- Iter 87 (train size (97, 3)) ---
2025-06-12 04:39:42,882 - INFO -  Inferred reference point at iter 87: [-0.0999996845451654, -0.02347626228232319, -0.09330163027885403]
2025-06-12 04:39:42,888 - INFO -  Scoring full pool: 9903 candidates
2025-06-12 04:39:55,816 - INFO -  GP predict time: 12.929s
2025-06-12 04:39:55,817 - INFO -   EHVI: 9903 candidates with 1000 MC samples
2025-06-12 04:46:21,833 - INFO -  EHVI time: 386.016s
f1 shape: (1,)
f2 shape: (1,)
f3 shape: (1,)
2025-06-12 04:46:21,836 - INFO -  Selected idx=5687 (COc1cc(Nc2nc3ccccc3nc2NS(C)(=O)=O)cc(C(=O)N2CCOCC2)c1) → [1.        0.1745283 1.       ]
2025-06-12 04:46:21,949 - INFO -  Hypervolume: 0.4524
2025-06-12 04:46:21,950 - INFO - 
--- Iter 88 (train size (98, 3)) ---
2025-06-12 04:46:21,950 - INFO -  Inferred reference point at iter 88: [-0.0999996845451654, -0.02347626228232319, -0.09330163027885403]
2025-06-12 04:46:21,955 - INFO -  Scoring full pool: 9902 candidates
2025-06-12 04:46:34,917 - INFO -  GP predict time: 12.961s
2025-06-12 04:46:34,917 - INFO -   EHVI: 9902 candidates with 1000 MC samples
2025-06-12 04:53:02,068 - INFO -  EHVI time: 387.151s
f1 shape: (1,)
f2 shape: (1,)
f3 shape: (1,)
2025-06-12 04:53:02,071 - INFO -  Selected idx=502 (O=C(O)COc1c(C(=O)O)sc(-c2cccc(NC3CCN(S(=O)(=O)Cc4ccccc4)CC3)c2)c1Cl) → [1.         0.29557464 0.81668446]
2025-06-12 04:53:02,187 - INFO -  Hypervolume: 0.4524
2025-06-12 04:53:02,187 - INFO - 
--- Iter 89 (train size (99, 3)) ---
2025-06-12 04:53:02,187 - INFO -  Inferred reference point at iter 89: [-0.0999996845451654, -0.02347626228232319, -0.09330163027885403]
2025-06-12 04:53:02,193 - INFO -  Scoring full pool: 9901 candidates
2025-06-12 04:53:15,702 - INFO -  GP predict time: 13.509s
2025-06-12 04:53:15,702 - INFO -   EHVI: 9901 candidates with 1000 MC samples
2025-06-12 04:59:41,910 - INFO -  EHVI time: 386.208s
f1 shape: (1,)
f2 shape: (1,)
f3 shape: (1,)
2025-06-12 04:59:41,913 - INFO -  Selected idx=3975 (Cc1cc(COc2ccc(S(=O)(=O)NCC(C(=O)NO)N3CCN(C(=O)C(C)C)CC3)cc2)c2ccccc2n1) → [1.        0.2445322 1.       ]
2025-06-12 04:59:42,031 - INFO -  Hypervolume: 0.4524
2025-06-12 04:59:42,032 - INFO - 
--- Iter 90 (train size (100, 3)) ---
2025-06-12 04:59:42,032 - INFO -  Inferred reference point at iter 90: [-0.0999996845451654, -0.02347626228232319, -0.09330163027885403]
2025-06-12 04:59:42,037 - INFO -  Scoring full pool: 9900 candidates
2025-06-12 04:59:55,419 - INFO -  GP predict time: 13.381s
2025-06-12 04:59:55,419 - INFO -   EHVI: 9900 candidates with 1000 MC samples
2025-06-12 05:06:21,604 - INFO -  EHVI time: 386.185s
f1 shape: (1,)
f2 shape: (1,)
f3 shape: (1,)
2025-06-12 05:06:21,606 - INFO -  Selected idx=8000 (COc1ccc(NC(=O)CCNS(=O)(=O)c2ccc(C(=N)N)cc2)cc1OC) → [1.         0.15416048 1.        ]
2025-06-12 05:06:21,730 - INFO -  Hypervolume: 0.4524
2025-06-12 05:06:21,730 - INFO - 
--- Iter 91 (train size (101, 3)) ---
2025-06-12 05:06:21,730 - INFO -  Inferred reference point at iter 91: [-0.0999996845451654, -0.02347626228232319, -0.09330163027885403]
2025-06-12 05:06:21,736 - INFO -  Scoring full pool: 9899 candidates
2025-06-12 05:06:35,268 - INFO -  GP predict time: 13.532s
2025-06-12 05:06:35,268 - INFO -   EHVI: 9899 candidates with 1000 MC samples
2025-06-12 05:13:01,825 - INFO -  EHVI time: 386.558s
f1 shape: (1,)
f2 shape: (1,)
f3 shape: (1,)
2025-06-12 05:13:01,828 - INFO -  Selected idx=4511 (O=C(Nc1ccccc1)c1cc(S(=O)(=O)Nc2nncn2-c2ccc(Cl)cc2)c(S)cc1Cl) → [1.         0.11117788 0.65741723]
2025-06-12 05:13:01,952 - INFO -  Hypervolume: 0.4524
2025-06-12 05:13:01,952 - INFO - 
--- Iter 92 (train size (102, 3)) ---
2025-06-12 05:13:01,952 - INFO -  Inferred reference point at iter 92: [-0.0999996845451654, -0.02347626228232319, -0.09330163027885403]
2025-06-12 05:13:01,958 - INFO -  Scoring full pool: 9898 candidates
2025-06-12 05:13:15,814 - INFO -  GP predict time: 13.856s
2025-06-12 05:13:15,814 - INFO -   EHVI: 9898 candidates with 1000 MC samples
2025-06-12 05:19:43,915 - INFO -  EHVI time: 388.101s
f1 shape: (1,)
f2 shape: (1,)
f3 shape: (1,)
2025-06-12 05:19:43,917 - INFO -  Selected idx=7762 (COc1ccc2c(c1)c1c(n2C(=O)c2ccccc2)CCC(C(=O)O)C1) → [0.09977831 0.26285047 1.        ]
2025-06-12 05:19:44,039 - INFO -  Hypervolume: 0.4524
2025-06-12 05:19:44,039 - INFO - 
--- Iter 93 (train size (103, 3)) ---
2025-06-12 05:19:44,040 - INFO -  Inferred reference point at iter 93: [-0.0999996845451654, -0.02347626228232319, -0.09330163027885403]
2025-06-12 05:19:44,045 - INFO -  Scoring full pool: 9897 candidates
2025-06-12 05:19:57,393 - INFO -  GP predict time: 13.348s
2025-06-12 05:19:57,393 - INFO -   EHVI: 9897 candidates with 1000 MC samples
2025-06-12 05:26:24,138 - INFO -  EHVI time: 386.745s
f1 shape: (1,)
f2 shape: (1,)
f3 shape: (1,)
2025-06-12 05:26:24,141 - INFO -  Selected idx=5670 (Cc1ccc(C)c(NC(=O)COC(=O)c2ccc(S(=O)(=O)N3CCCC3)cc2)c1) → [1.         0.19473294 1.        ]
2025-06-12 05:26:24,268 - INFO -  Hypervolume: 0.4524
2025-06-12 05:26:24,268 - INFO - 
--- Iter 94 (train size (104, 3)) ---
2025-06-12 05:26:24,268 - INFO -  Inferred reference point at iter 94: [-0.0999996845451654, -0.02347626228232319, -0.09330163027885403]
2025-06-12 05:26:24,274 - INFO -  Scoring full pool: 9896 candidates
2025-06-12 05:26:38,189 - INFO -  GP predict time: 13.915s
2025-06-12 05:26:38,189 - INFO -   EHVI: 9896 candidates with 1000 MC samples
2025-06-12 05:33:05,312 - INFO -  EHVI time: 387.123s
f1 shape: (1,)
f2 shape: (1,)
f3 shape: (1,)
2025-06-12 05:33:05,315 - INFO -  Selected idx=1260 (CCn1c(=O)c(C(=O)CN2CCN(S(=O)(=O)c3ccccc3)CC2)c(N)n(Cc2ccccc2)c1=O) → [1.         0.24621212 1.        ]
2025-06-12 05:33:05,444 - INFO -  Hypervolume: 0.4524
2025-06-12 05:33:05,444 - INFO - 
--- Iter 95 (train size (105, 3)) ---
2025-06-12 05:33:05,444 - INFO -  Inferred reference point at iter 95: [-0.0999996845451654, -0.02347626228232319, -0.09330163027885403]
2025-06-12 05:33:05,450 - INFO -  Scoring full pool: 9895 candidates
2025-06-12 05:33:19,681 - INFO -  GP predict time: 14.231s
2025-06-12 05:33:19,681 - INFO -   EHVI: 9895 candidates with 1000 MC samples
2025-06-12 05:39:46,267 - INFO -  EHVI time: 386.586s
f1 shape: (1,)
f2 shape: (1,)
f3 shape: (1,)
2025-06-12 05:39:46,270 - INFO -  Selected idx=4055 (Nc1nc(N)c2c(OCC3CCN(C(=O)c4ccc(Cl)cc4)CC3)cccc2n1) → [1.         0.25888717 1.        ]
2025-06-12 05:39:46,404 - INFO -  Hypervolume: 0.4524
2025-06-12 05:39:46,404 - INFO - 
--- Iter 96 (train size (106, 3)) ---
2025-06-12 05:39:46,404 - INFO -  Inferred reference point at iter 96: [-0.0999996845451654, -0.02347626228232319, -0.09330163027885403]
2025-06-12 05:39:46,410 - INFO -  Scoring full pool: 9894 candidates
2025-06-12 05:40:00,799 - INFO -  GP predict time: 14.389s
2025-06-12 05:40:00,799 - INFO -   EHVI: 9894 candidates with 1000 MC samples
2025-06-12 05:46:27,863 - INFO -  EHVI time: 387.065s
f1 shape: (1,)
f2 shape: (1,)
f3 shape: (1,)
2025-06-12 05:46:27,866 - INFO -  Selected idx=6776 (CCCCc1ccc(C(=O)Nc2ccc3[nH]c(N)nc3c2)cc1) → [0.82514182 0.2044293  1.        ]
2025-06-12 05:46:28,001 - INFO -  Hypervolume: 0.4524
2025-06-12 05:46:28,001 - INFO - 
--- Iter 97 (train size (107, 3)) ---
2025-06-12 05:46:28,001 - INFO -  Inferred reference point at iter 97: [-0.0999996845451654, -0.02347626228232319, -0.09330163027885403]
2025-06-12 05:46:28,007 - INFO -  Scoring full pool: 9893 candidates
2025-06-12 05:46:42,597 - INFO -  GP predict time: 14.590s
2025-06-12 05:46:42,597 - INFO -   EHVI: 9893 candidates with 1000 MC samples
2025-06-12 05:53:08,001 - INFO -  EHVI time: 385.404s
f1 shape: (1,)
f2 shape: (1,)
f3 shape: (1,)
2025-06-12 05:53:08,004 - INFO -  Selected idx=5776 (O=C(NCc1ccccc1)C(=O)NCC1OCCN1S(=O)(=O)c1ccc2c(c1)OCCO2) → [1.         0.19243869 1.        ]
2025-06-12 05:53:08,141 - INFO -  Hypervolume: 0.4524
2025-06-12 05:53:08,141 - INFO - 
--- Iter 98 (train size (108, 3)) ---
2025-06-12 05:53:08,141 - INFO -  Inferred reference point at iter 98: [-0.0999996845451654, -0.02347626228232319, -0.09330163027885403]
2025-06-12 05:53:08,147 - INFO -  Scoring full pool: 9892 candidates
2025-06-12 05:53:22,961 - INFO -  GP predict time: 14.814s
2025-06-12 05:53:22,962 - INFO -   EHVI: 9892 candidates with 1000 MC samples
2025-06-12 05:59:48,266 - INFO -  EHVI time: 385.304s
f1 shape: (1,)
f2 shape: (1,)
f3 shape: (1,)
2025-06-12 05:59:48,269 - INFO -  Selected idx=6307 (CCCc1c(OCCCCOc2ccc(S(N)(=O)=O)cc2)ccc(C(C)=O)c1O) → [1.         0.24603175 1.        ]
2025-06-12 05:59:48,406 - INFO -  Hypervolume: 0.4524
2025-06-12 05:59:48,406 - INFO - 
--- Iter 99 (train size (109, 3)) ---
2025-06-12 05:59:48,406 - INFO -  Inferred reference point at iter 99: [-0.0999996845451654, -0.02347626228232319, -0.09330163027885403]
2025-06-12 05:59:48,412 - INFO -  Scoring full pool: 9891 candidates
2025-06-12 06:00:03,088 - INFO -  GP predict time: 14.675s
2025-06-12 06:00:03,088 - INFO -   EHVI: 9891 candidates with 1000 MC samples
2025-06-12 06:06:29,570 - INFO -  EHVI time: 386.482s
f1 shape: (1,)
f2 shape: (1,)
f3 shape: (1,)
2025-06-12 06:06:29,573 - INFO -  Selected idx=1582 (NC(=O)c1ccc(NC(=O)CN2CCN(S(=O)(=O)c3ccc4c(c3)OCCO4)CC2)cc1) → [1.         0.26277372 1.        ]
2025-06-12 06:06:30,068 - INFO -  Hypervolume: 0.4524
2025-06-12 06:06:30,068 - INFO - 
--- Iter 100 (train size (110, 3)) ---
2025-06-12 06:06:30,068 - INFO -  Inferred reference point at iter 100: [-0.0999996845451654, -0.02347626228232319, -0.09330163027885403]
2025-06-12 06:06:30,074 - INFO -  Scoring full pool: 9890 candidates
2025-06-12 06:06:44,596 - INFO -  GP predict time: 14.522s
2025-06-12 06:06:44,596 - INFO -   EHVI: 9890 candidates with 1000 MC samples
2025-06-12 06:13:11,736 - INFO -  EHVI time: 387.140s
f1 shape: (1,)
f2 shape: (1,)
f3 shape: (1,)
2025-06-12 06:13:11,739 - INFO -  Selected idx=4853 (Nc1ccc(C(=O)N2CCN(S(=O)(=O)c3ccc(Cl)cc3)CC2)cc1[N+](=O)[O-]) → [1.         0.22727273 1.        ]
2025-06-12 06:13:11,881 - INFO -  Hypervolume: 0.4524
2025-06-12 06:13:11,881 - INFO - 
--- Iter 101 (train size (111, 3)) ---
2025-06-12 06:13:11,881 - INFO -  Inferred reference point at iter 101: [-0.0999996845451654, -0.02347626228232319, -0.09330163027885403]
2025-06-12 06:13:11,888 - INFO -  Scoring full pool: 9889 candidates
2025-06-12 06:13:26,903 - INFO -  GP predict time: 15.015s
2025-06-12 06:13:26,903 - INFO -   EHVI: 9889 candidates with 1000 MC samples
2025-06-12 06:19:55,129 - INFO -  EHVI time: 388.225s
f1 shape: (1,)
f2 shape: (1,)
f3 shape: (1,)
2025-06-12 06:19:55,131 - INFO -  Selected idx=9897 (O=C(O)COc1ccc(C(F)(F)F)cc1CN1CCN(S(=O)(=O)c2ccccc2)CC1) → [0.96020114 0.2658046  1.        ]
2025-06-12 06:19:55,275 - INFO -  Hypervolume: 0.4524
2025-06-12 06:19:55,275 - INFO - 
--- Iter 102 (train size (112, 3)) ---
2025-06-12 06:19:55,275 - INFO -  Inferred reference point at iter 102: [-0.0999996845451654, -0.02347626228232319, -0.09330163027885403]
2025-06-12 06:19:55,282 - INFO -  Scoring full pool: 9888 candidates
2025-06-12 06:20:10,868 - INFO -  GP predict time: 15.586s
2025-06-12 06:20:10,868 - INFO -   EHVI: 9888 candidates with 1000 MC samples
2025-06-12 06:26:38,631 - INFO -  EHVI time: 387.763s
f1 shape: (1,)
f2 shape: (1,)
f3 shape: (1,)
2025-06-12 06:26:38,634 - INFO -  Selected idx=3224 (COc1ccc(NS(=O)(=O)c2cc(NC(=O)CNC(=O)c3cccc(OC)c3)ccc2C)cc1) → [1.         0.15926641 1.        ]
2025-06-12 06:26:38,783 - INFO -  Hypervolume: 0.4524
2025-06-12 06:26:38,783 - INFO - 
--- Iter 103 (train size (113, 3)) ---
2025-06-12 06:26:38,783 - INFO -  Inferred reference point at iter 103: [-0.0999996845451654, -0.02347626228232319, -0.09330163027885403]
2025-06-12 06:26:38,789 - INFO -  Scoring full pool: 9887 candidates
2025-06-12 06:26:54,184 - INFO -  GP predict time: 15.395s
2025-06-12 06:26:54,184 - INFO -   EHVI: 9887 candidates with 1000 MC samples
2025-06-12 06:33:23,319 - INFO -  EHVI time: 389.134s
f1 shape: (1,)
f2 shape: (1,)
f3 shape: (1,)
2025-06-12 06:33:23,321 - INFO -  Selected idx=2321 (COc1ccc(NC(=O)c2ccc3nc(C)sc3c2)cc1) → [5.42435160e-04 1.54109589e-01 1.00000000e+00]
2025-06-12 06:33:23,467 - INFO -  Hypervolume: 0.4524
2025-06-12 06:33:23,468 - INFO - 
--- Iter 104 (train size (114, 3)) ---
2025-06-12 06:33:23,468 - INFO -  Inferred reference point at iter 104: [-0.0999996845451654, -0.02347626228232319, -0.09330163027885403]
2025-06-12 06:33:23,474 - INFO -  Scoring full pool: 9886 candidates
2025-06-12 06:33:38,833 - INFO -  GP predict time: 15.359s
2025-06-12 06:33:38,833 - INFO -   EHVI: 9886 candidates with 1000 MC samples
2025-06-12 06:40:07,052 - INFO -  EHVI time: 388.219s
f1 shape: (1,)
f2 shape: (1,)
f3 shape: (1,)
2025-06-12 06:40:07,055 - INFO -  Selected idx=1662 (Cc1ccc(S(=O)(=O)N2CCC(C(=O)OCC(=O)NC(C)c3ccc(F)cc3)CC2)cc1C) → [1.         0.24964337 1.        ]
2025-06-12 06:40:07,206 - INFO -  Hypervolume: 0.4524
2025-06-12 06:40:07,207 - INFO - 
--- Iter 105 (train size (115, 3)) ---
2025-06-12 06:40:07,207 - INFO -  Inferred reference point at iter 105: [-0.0999996845451654, -0.02347626228232319, -0.09330163027885403]
2025-06-12 06:40:07,213 - INFO -  Scoring full pool: 9885 candidates
2025-06-12 06:40:22,918 - INFO -  GP predict time: 15.705s
2025-06-12 06:40:22,918 - INFO -   EHVI: 9885 candidates with 1000 MC samples
2025-06-12 06:46:50,638 - INFO -  EHVI time: 387.720s
f1 shape: (1,)
f2 shape: (1,)
f3 shape: (1,)
2025-06-12 06:46:50,640 - INFO -  Selected idx=2653 (CCN1CCN(c2cc(C)c3cc(NC(=O)c4cc(OC)cc(OC)c4)ccc3n2)CC1) → [0.06986961 0.23470097 1.        ]
2025-06-12 06:46:50,792 - INFO -  Hypervolume: 0.4524
2025-06-12 06:46:50,792 - INFO - 
--- Iter 106 (train size (116, 3)) ---
2025-06-12 06:46:50,793 - INFO -  Inferred reference point at iter 106: [-0.0999996845451654, -0.02347626228232319, -0.09330163027885403]
2025-06-12 06:46:50,799 - INFO -  Scoring full pool: 9884 candidates
2025-06-12 06:47:06,464 - INFO -  GP predict time: 15.665s
2025-06-12 06:47:06,464 - INFO -   EHVI: 9884 candidates with 1000 MC samples
2025-06-12 06:53:35,203 - INFO -  EHVI time: 388.739s
f1 shape: (1,)
f2 shape: (1,)
f3 shape: (1,)
2025-06-12 06:53:35,206 - INFO -  Selected idx=7019 (O=C1c2ccccc2C(=O)c2c1nnn2Cc1ccc(C(=O)N2CCOCC2)cc1) → [1.         0.19830028 1.        ]
2025-06-12 06:53:35,362 - INFO -  Hypervolume: 0.4524
2025-06-12 06:53:35,362 - INFO - 
--- Iter 107 (train size (117, 3)) ---
2025-06-12 06:53:35,362 - INFO -  Inferred reference point at iter 107: [-0.0999996845451654, -0.02347626228232319, -0.09330163027885403]
2025-06-12 06:53:35,369 - INFO -  Scoring full pool: 9883 candidates
2025-06-12 06:53:51,273 - INFO -  GP predict time: 15.904s
2025-06-12 06:53:51,273 - INFO -   EHVI: 9883 candidates with 1000 MC samples
2025-06-12 07:00:20,299 - INFO -  EHVI time: 389.026s
f1 shape: (1,)
f2 shape: (1,)
f3 shape: (1,)
2025-06-12 07:00:20,302 - INFO -  Selected idx=341 (O=c1cc(CN2CCN(S(=O)(=O)c3cccc(Cl)c3)CC2)c2ccc(O)cc2o1) → [1.         0.26893939 1.        ]
2025-06-12 07:00:20,462 - INFO -  Hypervolume: 0.4524
2025-06-12 07:00:20,462 - INFO - 
--- Iter 108 (train size (118, 3)) ---
2025-06-12 07:00:20,462 - INFO -  Inferred reference point at iter 108: [-0.0999996845451654, -0.02347626228232319, -0.09330163027885403]
2025-06-12 07:00:20,469 - INFO -  Scoring full pool: 9882 candidates
2025-06-12 07:00:36,844 - INFO -  GP predict time: 16.375s
2025-06-12 07:00:36,844 - INFO -   EHVI: 9882 candidates with 1000 MC samples
2025-06-12 07:07:04,836 - INFO -  EHVI time: 387.992s
f1 shape: (1,)
f2 shape: (1,)
f3 shape: (1,)
2025-06-12 07:07:04,839 - INFO -  Selected idx=7950 (CN(CC(=O)Nc1cccc2ccccc12)c1ccc(S(=O)(=O)N2CCOCC2)cn1) → [1.         0.24527616 1.        ]
2025-06-12 07:07:05,001 - INFO -  Hypervolume: 0.4524
2025-06-12 07:07:05,001 - INFO - 
--- Iter 109 (train size (119, 3)) ---
2025-06-12 07:07:05,001 - INFO -  Inferred reference point at iter 109: [-0.0999996845451654, -0.02347626228232319, -0.09330163027885403]
2025-06-12 07:07:05,008 - INFO -  Scoring full pool: 9881 candidates
2025-06-12 07:07:21,497 - INFO -  GP predict time: 16.489s
2025-06-12 07:07:21,497 - INFO -   EHVI: 9881 candidates with 1000 MC samples
2025-06-12 07:13:48,542 - INFO -  EHVI time: 387.045s
f1 shape: (1,)
f2 shape: (1,)
f3 shape: (1,)
2025-06-12 07:13:48,544 - INFO -  Selected idx=2870 (Cc1cccc(NC(=O)COC(=O)CCc2ccc(S(=O)(=O)N3CCOCC3)cc2)c1C) → [1.         0.24002954 1.        ]
2025-06-12 07:13:48,707 - INFO -  Hypervolume: 0.4524
2025-06-12 07:13:48,707 - INFO - 
--- Iter 110 (train size (120, 3)) ---
2025-06-12 07:13:48,708 - INFO -  Inferred reference point at iter 110: [-0.0999996845451654, -0.02347626228232319, -0.09330163027885403]
2025-06-12 07:13:48,714 - INFO -  Scoring full pool: 9880 candidates
2025-06-12 07:14:05,079 - INFO -  GP predict time: 16.365s
2025-06-12 07:14:05,079 - INFO -   EHVI: 9880 candidates with 1000 MC samples
2025-06-12 07:20:32,920 - INFO -  EHVI time: 387.841s
f1 shape: (1,)
f2 shape: (1,)
f3 shape: (1,)
2025-06-12 07:20:32,923 - INFO -  Selected idx=4190 (CN(C)CCCCOC(=O)Nc1cccc(Cn2nc(Nc3ccccc3)ccc2=O)c1) → [0.98866424 0.23706897 1.        ]
2025-06-12 07:20:33,476 - INFO -  Hypervolume: 0.4524
2025-06-12 07:20:33,476 - INFO - 
--- Iter 111 (train size (121, 3)) ---
2025-06-12 07:20:33,477 - INFO -  Inferred reference point at iter 111: [-0.0999996845451654, -0.02347626228232319, -0.09330163027885403]
2025-06-12 07:20:33,483 - INFO -  Scoring full pool: 9879 candidates
2025-06-12 07:20:49,926 - INFO -  GP predict time: 16.443s
2025-06-12 07:20:49,926 - INFO -   EHVI: 9879 candidates with 1000 MC samples
2025-06-12 07:27:18,661 - INFO -  EHVI time: 388.734s
f1 shape: (1,)
f2 shape: (1,)
f3 shape: (1,)
2025-06-12 07:27:18,664 - INFO -  Selected idx=4275 (CN(Cc1ccccc1)S(=O)(=O)NC(CNC(=O)CC1CC(c2ccc(C(=N)N)cc2)=NO1)C(=O)O) → [1.        0.1962677 1.       ]
2025-06-12 07:27:18,831 - INFO -  Hypervolume: 0.4524
2025-06-12 07:27:18,832 - INFO - 
--- Iter 112 (train size (122, 3)) ---
2025-06-12 07:27:18,832 - INFO -  Inferred reference point at iter 112: [-0.0999996845451654, -0.02347626228232319, -0.09330163027885403]
2025-06-12 07:27:18,839 - INFO -  Scoring full pool: 9878 candidates
2025-06-12 07:27:35,370 - INFO -  GP predict time: 16.532s
2025-06-12 07:27:35,370 - INFO -   EHVI: 9878 candidates with 1000 MC samples
2025-06-12 07:34:04,180 - INFO -  EHVI time: 388.810s
f1 shape: (1,)
f2 shape: (1,)
f3 shape: (1,)
2025-06-12 07:34:04,183 - INFO -  Selected idx=6060 (CN(C)S(=O)(=O)c1ccc(Nc2ccc(C(=O)c3ccccc3)c(N)n2)cc1) → [1.         0.15945748 1.        ]
2025-06-12 07:34:04,355 - INFO -  Hypervolume: 0.4524
2025-06-12 07:34:04,355 - INFO - 
--- Iter 113 (train size (123, 3)) ---
2025-06-12 07:34:04,355 - INFO -  Inferred reference point at iter 113: [-0.0999996845451654, -0.02347626228232319, -0.09330163027885403]
2025-06-12 07:34:04,362 - INFO -  Scoring full pool: 9877 candidates
2025-06-12 07:34:21,324 - INFO -  GP predict time: 16.962s
2025-06-12 07:34:21,324 - INFO -   EHVI: 9877 candidates with 1000 MC samples
2025-06-12 07:40:50,789 - INFO -  EHVI time: 389.465s
f1 shape: (1,)
f2 shape: (1,)
f3 shape: (1,)
2025-06-12 07:40:50,792 - INFO -  Selected idx=8830 (Cc1ccc(S(=O)(=O)Nc2ccc(C(=O)c3cc4cc(Cl)ccc4oc3=O)cc2)cc1) → [1.         0.14468371 0.73389779]
2025-06-12 07:40:50,966 - INFO -  Hypervolume: 0.4524
2025-06-12 07:40:50,966 - INFO - 
--- Iter 114 (train size (124, 3)) ---
2025-06-12 07:40:50,966 - INFO -  Inferred reference point at iter 114: [-0.0999996845451654, -0.02347626228232319, -0.09330163027885403]
2025-06-12 07:40:50,973 - INFO -  Scoring full pool: 9876 candidates
2025-06-12 07:41:08,074 - INFO -  GP predict time: 17.101s
2025-06-12 07:41:08,074 - INFO -   EHVI: 9876 candidates with 1000 MC samples
2025-06-12 07:47:36,991 - INFO -  EHVI time: 388.917s
f1 shape: (1,)
f2 shape: (1,)
f3 shape: (1,)
2025-06-12 07:47:36,994 - INFO -  Selected idx=6058 (COc1ccccc1N(CC(=O)NN=C(C)c1ccccc1O)S(=O)(=O)c1ccc(C)cc1) → [1.        0.1828125 1.       ]
2025-06-12 07:47:37,173 - INFO -  Hypervolume: 0.4524
2025-06-12 07:47:37,173 - INFO - 
--- Iter 115 (train size (125, 3)) ---
2025-06-12 07:47:37,173 - INFO -  Inferred reference point at iter 115: [-0.0999996845451654, -0.02347626228232319, -0.09330163027885403]
2025-06-12 07:47:37,180 - INFO -  Scoring full pool: 9875 candidates
2025-06-12 07:47:54,318 - INFO -  GP predict time: 17.138s
2025-06-12 07:47:54,318 - INFO -   EHVI: 9875 candidates with 1000 MC samples
2025-06-12 07:54:22,467 - INFO -  EHVI time: 388.149s
f1 shape: (1,)
f2 shape: (1,)
f3 shape: (1,)
2025-06-12 07:54:22,469 - INFO -  Selected idx=8143 (CCC(=O)Nc1ccc(S(=O)(=O)NCc2cccn2Cc2cccc(C)c2)cc1) → [0.61865965 0.20679468 1.        ]
2025-06-12 07:54:22,648 - INFO -  Hypervolume: 0.4524
2025-06-12 07:54:22,648 - INFO - 
--- Iter 116 (train size (126, 3)) ---
2025-06-12 07:54:22,648 - INFO -  Inferred reference point at iter 116: [-0.0999996845451654, -0.02347626228232319, -0.09330163027885403]
2025-06-12 07:54:22,656 - INFO -  Scoring full pool: 9874 candidates
2025-06-12 07:54:40,341 - INFO -  GP predict time: 17.686s
2025-06-12 07:54:40,341 - INFO -   EHVI: 9874 candidates with 1000 MC samples
2025-06-12 08:01:09,319 - INFO -  EHVI time: 388.978s
f1 shape: (1,)
f2 shape: (1,)
f3 shape: (1,)
2025-06-12 08:01:09,322 - INFO -  Selected idx=6534 (CC(C)(C)C(=O)NC(Cc1ccc(NC(=O)c2ccnc3ccccc23)cc1)C(=O)O) → [1.         0.22826087 1.        ]
2025-06-12 08:01:09,900 - INFO -  Hypervolume: 0.4524
2025-06-12 08:01:09,900 - INFO - 
--- Iter 117 (train size (127, 3)) ---
2025-06-12 08:01:09,900 - INFO -  Inferred reference point at iter 117: [-0.0999996845451654, -0.02347626228232319, -0.09330163027885403]
2025-06-12 08:01:09,907 - INFO -  Scoring full pool: 9873 candidates
2025-06-12 08:01:27,107 - INFO -  GP predict time: 17.200s
2025-06-12 08:01:27,107 - INFO -   EHVI: 9873 candidates with 1000 MC samples
2025-06-12 08:07:56,932 - INFO -  EHVI time: 389.825s
f1 shape: (1,)
f2 shape: (1,)
f3 shape: (1,)
2025-06-12 08:07:56,934 - INFO -  Selected idx=8415 (COc1ccc(Cl)cc1S(=O)(=O)N1CCOc2ccc(C(=O)Nc3ccc(C(=O)O)cc3)cc21) → [1.         0.20833333 1.        ]
2025-06-12 08:07:57,115 - INFO -  Hypervolume: 0.4524
2025-06-12 08:07:57,115 - INFO - 
--- Iter 118 (train size (128, 3)) ---
2025-06-12 08:07:57,115 - INFO -  Inferred reference point at iter 118: [-0.0999996845451654, -0.02347626228232319, -0.09330163027885403]
2025-06-12 08:07:57,122 - INFO -  Scoring full pool: 9872 candidates
2025-06-12 08:08:14,433 - INFO -  GP predict time: 17.310s
2025-06-12 08:08:14,433 - INFO -   EHVI: 9872 candidates with 1000 MC samples
2025-06-12 08:14:43,187 - INFO -  EHVI time: 388.754s
f1 shape: (1,)
f2 shape: (1,)
f3 shape: (1,)
2025-06-12 08:14:43,190 - INFO -  Selected idx=8840 (Cc1cccc(NC(=O)C2CCN(S(=O)(=O)c3ccc4c(c3)OCCCO4)CC2)n1) → [1.        0.2252907 1.       ]
2025-06-12 08:14:43,378 - INFO -  Hypervolume: 0.4524
2025-06-12 08:14:43,378 - INFO - 
--- Iter 119 (train size (129, 3)) ---
2025-06-12 08:14:43,378 - INFO -  Inferred reference point at iter 119: [-0.0999996845451654, -0.02347626228232319, -0.09330163027885403]
2025-06-12 08:14:43,385 - INFO -  Scoring full pool: 9871 candidates
2025-06-12 08:15:01,195 - INFO -  GP predict time: 17.810s
2025-06-12 08:15:01,195 - INFO -   EHVI: 9871 candidates with 1000 MC samples
2025-06-12 08:21:29,452 - INFO -  EHVI time: 388.257s
f1 shape: (1,)
f2 shape: (1,)
f3 shape: (1,)
2025-06-12 08:21:29,455 - INFO -  Selected idx=9388 (CSCCC(NC(=O)c1ccc(CS(=O)(=O)c2cccnc2)cc1-c1ccccc1)C(=O)O) → [1.         0.25459921 1.        ]
2025-06-12 08:21:29,646 - INFO -  Hypervolume: 0.4524
2025-06-12 08:21:29,646 - INFO - 
--- Iter 120 (train size (130, 3)) ---
2025-06-12 08:21:29,647 - INFO -  Inferred reference point at iter 120: [-0.0999996845451654, -0.02347626228232319, -0.09330163027885403]
2025-06-12 08:21:29,654 - INFO -  Scoring full pool: 9870 candidates
2025-06-12 08:21:47,253 - INFO -  GP predict time: 17.600s
2025-06-12 08:21:47,253 - INFO -   EHVI: 9870 candidates with 1000 MC samples
2025-06-12 08:28:17,009 - INFO -  EHVI time: 389.755s
f1 shape: (1,)
f2 shape: (1,)
f3 shape: (1,)
2025-06-12 08:28:17,012 - INFO -  Selected idx=6863 (Cc1c(NS(C)(=O)=O)cccc1-c1nc(Nc2ccc(C(=O)N3CCOCC3)cc2)c2nc[nH]c2n1) → [1.         0.17256903 1.        ]
2025-06-12 08:28:17,205 - INFO -  Hypervolume: 0.4524
2025-06-12 08:28:17,205 - INFO - 
--- Iter 121 (train size (131, 3)) ---
2025-06-12 08:28:17,205 - INFO -  Inferred reference point at iter 121: [-0.0999996845451654, -0.02347626228232319, -0.09330163027885403]
2025-06-12 08:28:17,212 - INFO -  Scoring full pool: 9869 candidates
2025-06-12 08:28:35,096 - INFO -  GP predict time: 17.884s
2025-06-12 08:28:35,097 - INFO -   EHVI: 9869 candidates with 1000 MC samples
2025-06-12 08:34:59,035 - INFO -  EHVI time: 383.939s
f1 shape: (1,)
f2 shape: (1,)
f3 shape: (1,)
2025-06-12 08:34:59,038 - INFO -  Selected idx=7020 (COC1CCN(S(=O)(=O)c2ccc(CNC(=O)c3cnc4[nH]ncc4c3)cc2)CC1) → [1.         0.19258721 1.        ]
2025-06-12 08:34:59,234 - INFO -  Hypervolume: 0.4524
2025-06-12 08:34:59,234 - INFO - 
--- Iter 122 (train size (132, 3)) ---
2025-06-12 08:34:59,234 - INFO -  Inferred reference point at iter 122: [-0.0999996845451654, -0.02347626228232319, -0.09330163027885403]
2025-06-12 08:34:59,241 - INFO -  Scoring full pool: 9868 candidates
2025-06-12 08:35:17,564 - INFO -  GP predict time: 18.323s
2025-06-12 08:35:17,564 - INFO -   EHVI: 9868 candidates with 1000 MC samples
2025-06-12 08:41:45,275 - INFO -  EHVI time: 387.711s
f1 shape: (1,)
f2 shape: (1,)
f3 shape: (1,)
2025-06-12 08:41:45,278 - INFO -  Selected idx=1747 (O=C(NCC(c1cccs1)N1CCOCC1)c1ccccc1NS(=O)(=O)c1ccc(Cl)c([N+](=O)[O-])c1) → [1.         0.25405237 1.        ]
2025-06-12 08:41:45,476 - INFO -  Hypervolume: 0.4524
2025-06-12 08:41:45,476 - INFO - 
--- Iter 123 (train size (133, 3)) ---
2025-06-12 08:41:45,476 - INFO -  Inferred reference point at iter 123: [-0.0999996845451654, -0.02347626228232319, -0.09330163027885403]
2025-06-12 08:41:45,484 - INFO -  Scoring full pool: 9867 candidates
2025-06-12 08:42:03,529 - INFO -  GP predict time: 18.045s
2025-06-12 08:42:03,529 - INFO -   EHVI: 9867 candidates with 1000 MC samples
2025-06-12 08:48:28,913 - INFO -  EHVI time: 385.384s
f1 shape: (1,)
f2 shape: (1,)
f3 shape: (1,)
2025-06-12 08:48:28,916 - INFO -  Selected idx=1445 (CC(C)(C)c1ccc(S(=O)(=O)Nc2cc(SCC(=O)O)c(O)c3ccccc23)cc1) → [1.         0.22253129 0.71424583]
2025-06-12 08:48:29,120 - INFO -  Hypervolume: 0.4524
2025-06-12 08:48:29,120 - INFO - 
--- Iter 124 (train size (134, 3)) ---
2025-06-12 08:48:29,120 - INFO -  Inferred reference point at iter 124: [-0.0999996845451654, -0.02347626228232319, -0.09330163027885403]
2025-06-12 08:48:29,127 - INFO -  Scoring full pool: 9866 candidates
2025-06-12 08:48:47,579 - INFO -  GP predict time: 18.451s
2025-06-12 08:48:47,579 - INFO -   EHVI: 9866 candidates with 1000 MC samples
2025-06-12 08:55:15,599 - INFO -  EHVI time: 388.020s
f1 shape: (1,)
f2 shape: (1,)
f3 shape: (1,)
2025-06-12 08:55:15,601 - INFO -  Selected idx=3522 (O=C(Nc1ccc(Cl)c(S(=O)(=O)N2CCOCC2)c1)c1ccc2c(c1)OCO2) → [1.         0.21939528 1.        ]
2025-06-12 08:55:15,805 - INFO -  Hypervolume: 0.4524
2025-06-12 08:55:15,805 - INFO - 
--- Iter 125 (train size (135, 3)) ---
2025-06-12 08:55:15,805 - INFO -  Inferred reference point at iter 125: [-0.0999996845451654, -0.02347626228232319, -0.09330163027885403]
2025-06-12 08:55:15,813 - INFO -  Scoring full pool: 9865 candidates
2025-06-12 08:55:34,409 - INFO -  GP predict time: 18.596s
2025-06-12 08:55:34,409 - INFO -   EHVI: 9865 candidates with 1000 MC samples
2025-06-12 09:02:04,257 - INFO -  EHVI time: 389.848s
f1 shape: (1,)
f2 shape: (1,)
f3 shape: (1,)
2025-06-12 09:02:04,259 - INFO -  Selected idx=3383 (CN(c1ccc(S(C)(=O)=O)cc1)S(=O)(=O)c1cccc(NC(=O)c2ccc(Br)cc2)c1) → [1.         0.16442953 1.        ]
2025-06-12 09:02:04,468 - INFO -  Hypervolume: 0.4524
2025-06-12 09:02:04,468 - INFO - 
--- Iter 126 (train size (136, 3)) ---
2025-06-12 09:02:04,468 - INFO -  Inferred reference point at iter 126: [-0.0999996845451654, -0.02347626228232319, -0.09330163027885403]
2025-06-12 09:02:04,476 - INFO -  Scoring full pool: 9864 candidates
2025-06-12 09:02:23,217 - INFO -  GP predict time: 18.741s
2025-06-12 09:02:23,217 - INFO -   EHVI: 9864 candidates with 1000 MC samples
2025-06-12 09:08:50,320 - INFO -  EHVI time: 387.103s
f1 shape: (1,)
f2 shape: (1,)
f3 shape: (1,)
2025-06-12 09:08:50,323 - INFO -  Selected idx=3024 (Cc1cccc(NC(=O)c2cc(NC(=O)c3ccc(S(C)(=O)=O)cc3Cl)ccc2Cl)c1C) → [1.         0.13208763 0.31578989]
2025-06-12 09:08:50,532 - INFO -  Hypervolume: 0.4524
2025-06-12 09:08:50,532 - INFO - 
--- Iter 127 (train size (137, 3)) ---
2025-06-12 09:08:50,533 - INFO -  Inferred reference point at iter 127: [-0.0999996845451654, -0.02347626228232319, -0.09330163027885403]
2025-06-12 09:08:50,540 - INFO -  Scoring full pool: 9863 candidates
2025-06-12 09:09:09,846 - INFO -  GP predict time: 19.305s
2025-06-12 09:09:09,846 - INFO -   EHVI: 9863 candidates with 1000 MC samples
2025-06-12 09:15:36,567 - INFO -  EHVI time: 386.721s
f1 shape: (1,)
f2 shape: (1,)
f3 shape: (1,)
2025-06-12 09:15:36,569 - INFO -  Selected idx=5450 (NS(=O)(=O)c1ccc(NC(=O)NC(Cc2ccccc2)C(=O)O)cc1) → [1.         0.15163297 1.        ]
2025-06-12 09:15:36,781 - INFO -  Hypervolume: 0.4524
2025-06-12 09:15:36,781 - INFO - 
--- Iter 128 (train size (138, 3)) ---
2025-06-12 09:15:36,781 - INFO -  Inferred reference point at iter 128: [-0.0999996845451654, -0.02347626228232319, -0.09330163027885403]
2025-06-12 09:15:36,789 - INFO -  Scoring full pool: 9862 candidates
2025-06-12 09:15:55,641 - INFO -  GP predict time: 18.853s
2025-06-12 09:15:55,642 - INFO -   EHVI: 9862 candidates with 1000 MC samples
2025-06-12 09:22:21,595 - INFO -  EHVI time: 385.953s
f1 shape: (1,)
f2 shape: (1,)
f3 shape: (1,)
2025-06-12 09:22:21,597 - INFO -  Selected idx=1086 (Cc1ccc(S(=O)(=O)c2ccccc2Cc2c(-c3ccccc3)nn(CC(=O)O)c2C)cc1C) → [0.99726574 0.2063253  0.61650112]
2025-06-12 09:22:21,815 - INFO -  Hypervolume: 0.4524
2025-06-12 09:22:21,815 - INFO - 
--- Iter 129 (train size (139, 3)) ---
2025-06-12 09:22:21,815 - INFO -  Inferred reference point at iter 129: [-0.0999996845451654, -0.02347626228232319, -0.09330163027885403]
2025-06-12 09:22:21,822 - INFO -  Scoring full pool: 9861 candidates
2025-06-12 09:22:41,240 - INFO -  GP predict time: 19.418s
2025-06-12 09:22:41,240 - INFO -   EHVI: 9861 candidates with 1000 MC samples
2025-06-12 09:29:07,823 - INFO -  EHVI time: 386.582s
f1 shape: (1,)
f2 shape: (1,)
f3 shape: (1,)
2025-06-12 09:29:07,825 - INFO -  Selected idx=4242 (N=C(N)c1ccc(O)c(OCC(=O)Nc2ccc(-c3ccccc3S(N)(=O)=O)cc2)c1) → [1.         0.18538136 1.        ]
2025-06-12 09:29:08,490 - INFO -  Hypervolume: 0.4524
2025-06-12 09:29:08,490 - INFO - 
--- Iter 130 (train size (140, 3)) ---
2025-06-12 09:29:08,490 - INFO -  Inferred reference point at iter 130: [-0.0999996845451654, -0.02347626228232319, -0.09330163027885403]
2025-06-12 09:29:08,498 - INFO -  Scoring full pool: 9860 candidates
2025-06-12 09:29:27,918 - INFO -  GP predict time: 19.420s
2025-06-12 09:29:27,918 - INFO -   EHVI: 9860 candidates with 1000 MC samples
2025-06-12 09:35:56,411 - INFO -  EHVI time: 388.493s
f1 shape: (1,)
f2 shape: (1,)
f3 shape: (1,)
2025-06-12 09:35:56,414 - INFO -  Selected idx=6393 (CC1CN(C(C)CO)C(=O)c2cc(NC(=O)Nc3ccccc3)ccc2OC1CN(C)S(=O)(=O)c1ccc(Cl)cc1) → [1.         0.23608079 0.87135351]
2025-06-12 09:35:56,635 - INFO -  Hypervolume: 0.4524
2025-06-12 09:35:56,635 - INFO - 
--- Iter 131 (train size (141, 3)) ---
2025-06-12 09:35:56,635 - INFO -  Inferred reference point at iter 131: [-0.0999996845451654, -0.02347626228232319, -0.09330163027885403]
2025-06-12 09:35:56,643 - INFO -  Scoring full pool: 9859 candidates
2025-06-12 09:36:16,184 - INFO -  GP predict time: 19.541s
2025-06-12 09:36:16,185 - INFO -   EHVI: 9859 candidates with 1000 MC samples
2025-06-12 09:42:42,727 - INFO -  EHVI time: 386.542s
f1 shape: (1,)
f2 shape: (1,)
f3 shape: (1,)
2025-06-12 09:42:42,730 - INFO -  Selected idx=1297 (NS(=O)(=O)c1ccc(-c2nc(NC(=O)N(CCC(c3cccc(F)c3)c3cccc(F)c3)CCN3CCOCC3)sc2Cl)cc1) → [1.         0.28598281 0.20606258]
2025-06-12 09:42:42,954 - INFO -  Hypervolume: 0.4524
2025-06-12 09:42:42,954 - INFO - 
--- Iter 132 (train size (142, 3)) ---
2025-06-12 09:42:42,954 - INFO -  Inferred reference point at iter 132: [-0.0999996845451654, -0.02347626228232319, -0.09330163027885403]
2025-06-12 09:42:42,962 - INFO -  Scoring full pool: 9858 candidates
2025-06-12 09:43:02,272 - INFO -  GP predict time: 19.310s
2025-06-12 09:43:02,272 - INFO -   EHVI: 9858 candidates with 1000 MC samples
2025-06-12 09:49:27,740 - INFO -  EHVI time: 385.468s
f1 shape: (1,)
f2 shape: (1,)
f3 shape: (1,)
2025-06-12 09:49:27,743 - INFO -  Selected idx=7987 (O=C(Nc1cccc(S(=O)(=O)N2CCOCC2)c1)c1ccc2c(=O)n3c(nc2c1)CCCCC3) → [1.         0.27232747 1.        ]
2025-06-12 09:49:28,422 - INFO -  Hypervolume: 0.4524
2025-06-12 09:49:28,422 - INFO - 
--- Iter 133 (train size (143, 3)) ---
2025-06-12 09:49:28,422 - INFO -  Inferred reference point at iter 133: [-0.0999996845451654, -0.02347626228232319, -0.09330163027885403]
2025-06-12 09:49:28,430 - INFO -  Scoring full pool: 9857 candidates
2025-06-12 09:49:47,764 - INFO -  GP predict time: 19.334s
2025-06-12 09:49:47,764 - INFO -   EHVI: 9857 candidates with 1000 MC samples
2025-06-12 09:56:14,885 - INFO -  EHVI time: 387.121s
f1 shape: (1,)
f2 shape: (1,)
f3 shape: (1,)
2025-06-12 09:56:14,889 - INFO -  Selected idx=7294 (CCCCC(=O)Nc1cc2nc(CCCC)n(Cc3ccc(-c4ccccc4S(=O)(=O)NC(=O)CCC4CCCC4)cc3)c2nc1C) → [1.         0.26671975 0.0010584 ]
2025-06-12 09:56:15,125 - INFO -  Hypervolume: 0.4524
2025-06-12 09:56:15,125 - INFO - 
--- Iter 134 (train size (144, 3)) ---
2025-06-12 09:56:15,125 - INFO -  Inferred reference point at iter 134: [-0.0999996845451654, -0.02347626228232319, -0.09883575809883703]
2025-06-12 09:56:15,133 - INFO -  Scoring full pool: 9856 candidates
2025-06-12 09:56:35,233 - INFO -  GP predict time: 20.100s
2025-06-12 09:56:35,233 - INFO -   EHVI: 9856 candidates with 1000 MC samples
2025-06-12 10:03:02,260 - INFO -  EHVI time: 387.027s
f1 shape: (1,)
f2 shape: (1,)
f3 shape: (1,)
2025-06-12 10:03:02,262 - INFO -  Selected idx=3739 (Cc1ccc(-c2nnc(C3CCN(S(=O)(=O)c4ccc(C)c(C)c4)CC3)o2)cc1) → [0.39123378 0.23684211 0.97386089]
2025-06-12 10:03:02,497 - INFO -  Hypervolume: 0.4547
2025-06-12 10:03:02,497 - INFO - 
--- Iter 135 (train size (145, 3)) ---
2025-06-12 10:03:02,497 - INFO -  Inferred reference point at iter 135: [-0.0999996845451654, -0.02347626228232319, -0.09883575809883703]
2025-06-12 10:03:02,505 - INFO -  Scoring full pool: 9855 candidates
2025-06-12 10:03:22,629 - INFO -  GP predict time: 20.124s
2025-06-12 10:03:22,629 - INFO -   EHVI: 9855 candidates with 1000 MC samples
2025-06-12 10:09:49,732 - INFO -  EHVI time: 387.103s
f1 shape: (1,)
f2 shape: (1,)
f3 shape: (1,)
2025-06-12 10:09:49,734 - INFO -  Selected idx=3047 (O=C(O)c1ccc(S(=O)(=O)N2CCN(c3ccccn3)CC2)cc1) → [1.         0.24704392 1.        ]
2025-06-12 10:09:49,972 - INFO -  Hypervolume: 0.4547
2025-06-12 10:09:49,972 - INFO - 
--- Iter 136 (train size (146, 3)) ---
2025-06-12 10:09:49,972 - INFO -  Inferred reference point at iter 136: [-0.0999996845451654, -0.02347626228232319, -0.09883575809883703]
2025-06-12 10:09:49,980 - INFO -  Scoring full pool: 9854 candidates
2025-06-12 10:10:09,832 - INFO -  GP predict time: 19.852s
2025-06-12 10:10:09,832 - INFO -   EHVI: 9854 candidates with 1000 MC samples
2025-06-12 10:16:33,928 - INFO -  EHVI time: 384.096s
f1 shape: (1,)
f2 shape: (1,)
f3 shape: (1,)
2025-06-12 10:16:33,931 - INFO -  Selected idx=4312 (COc1ccc(CCNC(=O)C2CCN(C(=O)c3ccc([N+](=O)[O-])cc3)CC2)cc1) → [1.         0.30750799 1.        ]
2025-06-12 10:16:34,172 - INFO -  Hypervolume: 0.4547
2025-06-12 10:16:34,172 - INFO - 
--- Iter 137 (train size (147, 3)) ---
2025-06-12 10:16:34,172 - INFO -  Inferred reference point at iter 137: [-0.0999996845451654, -0.02347626228232319, -0.09883575809883703]
2025-06-12 10:16:34,181 - INFO -  Scoring full pool: 9853 candidates
2025-06-12 10:16:54,566 - INFO -  GP predict time: 20.385s
2025-06-12 10:16:54,566 - INFO -   EHVI: 9853 candidates with 1000 MC samples
2025-06-12 10:23:20,570 - INFO -  EHVI time: 386.004s
f1 shape: (1,)
f2 shape: (1,)
f3 shape: (1,)
2025-06-12 10:23:20,573 - INFO -  Selected idx=6998 (O=C(c1ccc(Cl)cc1)N1CCc2c(n(Cc3ccc(O)cc3)c3ccccc23)C1) → [4.94472309e-05 2.93587896e-01 4.59494087e-01]
2025-06-12 10:23:20,816 - INFO -  Hypervolume: 0.4547
2025-06-12 10:23:20,816 - INFO - 
--- Iter 138 (train size (148, 3)) ---
2025-06-12 10:23:20,816 - INFO -  Inferred reference point at iter 138: [-0.0999996845451654, -0.02347626228232319, -0.09883575809883703]
2025-06-12 10:23:20,824 - INFO -  Scoring full pool: 9852 candidates
2025-06-12 10:23:41,721 - INFO -  GP predict time: 20.897s
2025-06-12 10:23:41,721 - INFO -   EHVI: 9852 candidates with 1000 MC samples
2025-06-12 10:30:08,913 - INFO -  EHVI time: 387.192s
f1 shape: (1,)
f2 shape: (1,)
f3 shape: (1,)
2025-06-12 10:30:08,916 - INFO -  Selected idx=2106 (COc1ccc(CCNC(=O)CN2C(=O)CSc3ccc(S(=O)(=O)N4CCOCC4)cc32)cc1OC) → [1.         0.21622475 1.        ]
2025-06-12 10:30:09,165 - INFO -  Hypervolume: 0.4547
2025-06-12 10:30:09,165 - INFO - 
--- Iter 139 (train size (149, 3)) ---
2025-06-12 10:30:09,165 - INFO -  Inferred reference point at iter 139: [-0.0999996845451654, -0.02347626228232319, -0.09883575809883703]
2025-06-12 10:30:09,173 - INFO -  Scoring full pool: 9851 candidates
2025-06-12 10:30:29,861 - INFO -  GP predict time: 20.688s
2025-06-12 10:30:29,861 - INFO -   EHVI: 9851 candidates with 1000 MC samples
2025-06-12 10:36:56,813 - INFO -  EHVI time: 386.952s
f1 shape: (1,)
f2 shape: (1,)
f3 shape: (1,)
2025-06-12 10:36:56,816 - INFO -  Selected idx=8628 (COc1ccc(S(=O)(=O)N(Cc2ccc3c(c2)OCO3)C(CCC(=O)N2CCN(C)CC2)C(=O)NO)cc1) → [1.         0.24746907 1.        ]
2025-06-12 10:36:57,068 - INFO -  Hypervolume: 0.4547
2025-06-12 10:36:57,068 - INFO - 
--- Iter 140 (train size (150, 3)) ---
2025-06-12 10:36:57,068 - INFO -  Inferred reference point at iter 140: [-0.0999996845451654, -0.02347626228232319, -0.09883575809883703]
2025-06-12 10:36:57,076 - INFO -  Scoring full pool: 9850 candidates
2025-06-12 10:37:17,882 - INFO -  GP predict time: 20.806s
2025-06-12 10:37:17,882 - INFO -   EHVI: 9850 candidates with 1000 MC samples
2025-06-12 10:43:44,597 - INFO -  EHVI time: 386.715s
f1 shape: (1,)
f2 shape: (1,)
f3 shape: (1,)
2025-06-12 10:43:44,600 - INFO -  Selected idx=267 (CCc1ccc(S(=O)(=O)N=C2C=C(Nc3ccc(C(=O)O)cc3)C(=O)c3ccccc32)cc1) → [1.         0.17521902 0.95084604]
2025-06-12 10:43:44,856 - INFO -  Hypervolume: 0.4547
2025-06-12 10:43:44,856 - INFO - 
--- Iter 141 (train size (151, 3)) ---
2025-06-12 10:43:44,857 - INFO -  Inferred reference point at iter 141: [-0.0999996845451654, -0.02347626228232319, -0.09883575809883703]
2025-06-12 10:43:44,865 - INFO -  Scoring full pool: 9849 candidates
2025-06-12 10:44:05,522 - INFO -  GP predict time: 20.657s
2025-06-12 10:44:05,522 - INFO -   EHVI: 9849 candidates with 1000 MC samples
2025-06-12 10:50:33,074 - INFO -  EHVI time: 387.551s
f1 shape: (1,)
f2 shape: (1,)
f3 shape: (1,)
2025-06-12 10:50:33,076 - INFO -  Selected idx=2425 (Cc1ccccc1N=C(S)N=Nc1c(O)n(C)c2ccc(S(=O)(=O)N3CCOCC3)cc12) → [1.         0.19356955 1.        ]
2025-06-12 10:50:33,336 - INFO -  Hypervolume: 0.4547
2025-06-12 10:50:33,336 - INFO - 
--- Iter 142 (train size (152, 3)) ---
2025-06-12 10:50:33,337 - INFO -  Inferred reference point at iter 142: [-0.0999996845451654, -0.02347626228232319, -0.09883575809883703]
2025-06-12 10:50:33,345 - INFO -  Scoring full pool: 9848 candidates
2025-06-12 10:50:54,311 - INFO -  GP predict time: 20.966s
2025-06-12 10:50:54,311 - INFO -   EHVI: 9848 candidates with 1000 MC samples
2025-06-12 10:57:21,105 - INFO -  EHVI time: 386.794s
f1 shape: (1,)
f2 shape: (1,)
f3 shape: (1,)
2025-06-12 10:57:21,108 - INFO -  Selected idx=7478 (Cc1cc(F)ccc1NC(=O)CCc1ccc(S(=O)(=O)N2CCOCC2)cc1) → [0.36022714 0.21511628 1.        ]
2025-06-12 10:57:21,831 - INFO -  Hypervolume: 0.4547
2025-06-12 10:57:21,831 - INFO - 
--- Iter 143 (train size (153, 3)) ---
2025-06-12 10:57:21,831 - INFO -  Inferred reference point at iter 143: [-0.0999996845451654, -0.02347626228232319, -0.09883575809883703]
2025-06-12 10:57:21,840 - INFO -  Scoring full pool: 9847 candidates
2025-06-12 10:57:43,074 - INFO -  GP predict time: 21.234s
2025-06-12 10:57:43,074 - INFO -   EHVI: 9847 candidates with 1000 MC samples
2025-06-12 11:04:08,949 - INFO -  EHVI time: 385.875s
f1 shape: (1,)
f2 shape: (1,)
f3 shape: (1,)
2025-06-12 11:04:08,952 - INFO -  Selected idx=1179 (COc1ccc(S(=O)(=O)NCCSC2c3ccccc3COc3ccc(C(=O)O)cc32)cc1OC) → [1.         0.25       0.99545026]
2025-06-12 11:04:09,215 - INFO -  Hypervolume: 0.4547
2025-06-12 11:04:09,215 - INFO - 
--- Iter 144 (train size (154, 3)) ---
2025-06-12 11:04:09,215 - INFO -  Inferred reference point at iter 144: [-0.0999996845451654, -0.02347626228232319, -0.09883575809883703]
2025-06-12 11:04:09,224 - INFO -  Scoring full pool: 9846 candidates
2025-06-12 11:04:30,239 - INFO -  GP predict time: 21.016s
2025-06-12 11:04:30,239 - INFO -   EHVI: 9846 candidates with 1000 MC samples
2025-06-12 11:10:55,389 - INFO -  EHVI time: 385.149s
f1 shape: (1,)
f2 shape: (1,)
f3 shape: (1,)
2025-06-12 11:10:55,391 - INFO -  Selected idx=9454 (O=C(c1ccc(F)cc1)N1CCN(C2=NS(=O)(=O)c3ccccc32)CC1) → [0.13669372 0.22870662 1.        ]
2025-06-12 11:10:55,658 - INFO -  Hypervolume: 0.4547
2025-06-12 11:10:55,658 - INFO - 
--- Iter 145 (train size (155, 3)) ---
2025-06-12 11:10:55,659 - INFO -  Inferred reference point at iter 145: [-0.0999996845451654, -0.02347626228232319, -0.09883575809883703]
2025-06-12 11:10:55,667 - INFO -  Scoring full pool: 9845 candidates
2025-06-12 11:11:16,812 - INFO -  GP predict time: 21.145s
2025-06-12 11:11:16,812 - INFO -   EHVI: 9845 candidates with 1000 MC samples
2025-06-12 11:17:43,313 - INFO -  EHVI time: 386.501s
f1 shape: (1,)
f2 shape: (1,)
f3 shape: (1,)
2025-06-12 11:17:43,316 - INFO -  Selected idx=9402 (Cc1csc(NC(=O)c2cccc(Oc3ccc(S(C)(=O)=O)cc3)c2)n1) → [0.89794362 0.15648855 1.        ]
2025-06-12 11:17:43,594 - INFO -  Hypervolume: 0.4547
2025-06-12 11:17:43,594 - INFO - 
--- Iter 146 (train size (156, 3)) ---
2025-06-12 11:17:43,594 - INFO -  Inferred reference point at iter 146: [-0.0999996845451654, -0.02347626228232319, -0.09883575809883703]
2025-06-12 11:17:43,602 - INFO -  Scoring full pool: 9844 candidates
2025-06-12 11:18:05,154 - INFO -  GP predict time: 21.551s
2025-06-12 11:18:05,154 - INFO -   EHVI: 9844 candidates with 1000 MC samples
2025-06-12 11:24:30,090 - INFO -  EHVI time: 384.936s
f1 shape: (1,)
f2 shape: (1,)
f3 shape: (1,)
2025-06-12 11:24:30,093 - INFO -  Selected idx=5374 (CC(C)(C)Cn1cc(-c2ccc(C(=O)NCCc3ccc(S(C)(=O)=O)cc3)cc2)c(N)n1) → [1.         0.19176136 1.        ]
2025-06-12 11:24:30,367 - INFO -  Hypervolume: 0.4547
2025-06-12 11:24:30,367 - INFO - 
--- Iter 147 (train size (157, 3)) ---
2025-06-12 11:24:30,367 - INFO -  Inferred reference point at iter 147: [-0.0999996845451654, -0.02347626228232319, -0.09883575809883703]
2025-06-12 11:24:30,376 - INFO -  Scoring full pool: 9843 candidates
2025-06-12 11:24:52,300 - INFO -  GP predict time: 21.924s
2025-06-12 11:24:52,300 - INFO -   EHVI: 9843 candidates with 1000 MC samples
2025-06-12 11:31:18,769 - INFO -  EHVI time: 386.470s
f1 shape: (1,)
f2 shape: (1,)
f3 shape: (1,)
2025-06-12 11:31:18,772 - INFO -  Selected idx=4644 (CCOc1ccc(N(C)S(=O)(=O)c2ccc3ncc(C(=O)NCC4CCCO4)c(O)c3c2)cc1) → [1.         0.25165563 1.        ]
2025-06-12 11:31:19,050 - INFO -  Hypervolume: 0.4547
2025-06-12 11:31:19,050 - INFO - 
--- Iter 148 (train size (158, 3)) ---
2025-06-12 11:31:19,050 - INFO -  Inferred reference point at iter 148: [-0.0999996845451654, -0.02347626228232319, -0.09883575809883703]
2025-06-12 11:31:19,059 - INFO -  Scoring full pool: 9842 candidates
2025-06-12 11:31:41,385 - INFO -  GP predict time: 22.326s
2025-06-12 11:31:41,385 - INFO -   EHVI: 9842 candidates with 1000 MC samples
2025-06-12 11:38:06,933 - INFO -  EHVI time: 385.547s
f1 shape: (1,)
f2 shape: (1,)
f3 shape: (1,)
2025-06-12 11:38:06,936 - INFO -  Selected idx=1082 (CCCC(=O)NC(C(=O)NCCS(N)(=O)=O)c1nc2ccc(-c3ccc(C(=O)N4CCOCC4)cc3)cc2s1) → [1.         0.24637243 1.        ]
2025-06-12 11:38:07,221 - INFO -  Hypervolume: 0.4547
2025-06-12 11:38:07,221 - INFO - 
--- Iter 149 (train size (159, 3)) ---
2025-06-12 11:38:07,222 - INFO -  Inferred reference point at iter 149: [-0.0999996845451654, -0.02347626228232319, -0.09883575809883703]
2025-06-12 11:38:07,230 - INFO -  Scoring full pool: 9841 candidates
2025-06-12 11:38:29,271 - INFO -  GP predict time: 22.041s
2025-06-12 11:38:29,271 - INFO -   EHVI: 9841 candidates with 1000 MC samples
2025-06-12 11:44:55,347 - INFO -  EHVI time: 386.075s
f1 shape: (1,)
f2 shape: (1,)
f3 shape: (1,)
2025-06-12 11:44:55,349 - INFO -  Selected idx=9734 (CCOc1cccc(-c2ccc(C3CCN(S(=O)(=O)C(C)(C)C(=O)NO)CC3)cc2C)c1) → [1.         0.29927007 1.        ]
2025-06-12 11:44:55,633 - INFO -  Hypervolume: 0.4547
2025-06-12 11:44:55,633 - INFO - 
--- Iter 150 (train size (160, 3)) ---
2025-06-12 11:44:55,633 - INFO -  Inferred reference point at iter 150: [-0.0999996845451654, -0.02347626228232319, -0.09883575809883703]
2025-06-12 11:44:55,642 - INFO -  Scoring full pool: 9840 candidates
2025-06-12 11:45:17,837 - INFO -  GP predict time: 22.195s
2025-06-12 11:45:17,837 - INFO -   EHVI: 9840 candidates with 1000 MC samples
2025-06-12 11:51:42,040 - INFO -  EHVI time: 384.203s
f1 shape: (1,)
f2 shape: (1,)
f3 shape: (1,)
2025-06-12 11:51:42,043 - INFO -  Selected idx=369 (CCN1CCN(S(=O)(=O)c2ccc(Cl)c(C(=O)N(C)Cc3cccc(Cl)c3Cl)c2)CC1) → [0.01462059 0.21687158 0.97038583]
2025-06-12 11:51:42,331 - INFO -  Hypervolume: 0.4547
2025-06-12 11:51:42,331 - INFO - 
--- Iter 151 (train size (161, 3)) ---
2025-06-12 11:51:42,331 - INFO -  Inferred reference point at iter 151: [-0.0999996845451654, -0.02347626228232319, -0.09883575809883703]
2025-06-12 11:51:42,340 - INFO -  Scoring full pool: 9839 candidates
2025-06-12 11:52:04,750 - INFO -  GP predict time: 22.410s
2025-06-12 11:52:04,750 - INFO -   EHVI: 9839 candidates with 1000 MC samples
2025-06-12 11:58:28,325 - INFO -  EHVI time: 383.575s
f1 shape: (1,)
f2 shape: (1,)
f3 shape: (1,)
2025-06-12 11:58:28,328 - INFO -  Selected idx=5940 (O=C(CCNC(=O)C1CCN(S(=O)(=O)c2ccccc2)CC1)NCc1cccc(C(F)(F)F)c1) → [1.         0.25539568 1.        ]
2025-06-12 11:58:28,618 - INFO -  Hypervolume: 0.4547
2025-06-12 11:58:28,618 - INFO - 
--- Iter 152 (train size (162, 3)) ---
2025-06-12 11:58:28,618 - INFO -  Inferred reference point at iter 152: [-0.0999996845451654, -0.02347626228232319, -0.09883575809883703]
2025-06-12 11:58:28,627 - INFO -  Scoring full pool: 9838 candidates
2025-06-12 11:58:51,559 - INFO -  GP predict time: 22.932s
2025-06-12 11:58:51,559 - INFO -   EHVI: 9838 candidates with 1000 MC samples
2025-06-12 12:05:14,087 - INFO -  EHVI time: 382.527s
f1 shape: (1,)
f2 shape: (1,)
f3 shape: (1,)
2025-06-12 12:05:14,090 - INFO -  Selected idx=6978 (COc1ccc2cc(S(=O)(=O)NN(Cc3cccc(C(=N)NO)c3)C(=O)N3CCCCC3C)ccc2c1) → [1.         0.28799759 1.        ]
2025-06-12 12:05:14,385 - INFO -  Hypervolume: 0.4547
2025-06-12 12:05:14,385 - INFO - 
--- Iter 153 (train size (163, 3)) ---
2025-06-12 12:05:14,385 - INFO -  Inferred reference point at iter 153: [-0.0999996845451654, -0.02347626228232319, -0.09883575809883703]
2025-06-12 12:05:14,394 - INFO -  Scoring full pool: 9837 candidates
2025-06-12 12:05:37,126 - INFO -  GP predict time: 22.732s
2025-06-12 12:05:37,126 - INFO -   EHVI: 9837 candidates with 1000 MC samples
2025-06-12 12:12:00,953 - INFO -  EHVI time: 383.827s
f1 shape: (1,)
f2 shape: (1,)
f3 shape: (1,)
2025-06-12 12:12:00,956 - INFO -  Selected idx=4320 (CC(C)N(Cc1ccccc1)C(=O)C(C)N1CCC(NS(=O)(=O)c2ccc3cc(Cl)ccc3c2)C1=O) → [0.94978418 0.2528626  0.98056945]
2025-06-12 12:12:01,255 - INFO -  Hypervolume: 0.4547
2025-06-12 12:12:01,255 - INFO - 
--- Iter 154 (train size (164, 3)) ---
2025-06-12 12:12:01,255 - INFO -  Inferred reference point at iter 154: [-0.0999996845451654, -0.02347626228232319, -0.09883575809883703]
2025-06-12 12:12:01,264 - INFO -  Scoring full pool: 9836 candidates
2025-06-12 12:12:24,134 - INFO -  GP predict time: 22.870s
2025-06-12 12:12:24,134 - INFO -   EHVI: 9836 candidates with 1000 MC samples
2025-06-12 12:18:46,365 - INFO -  EHVI time: 382.231s
f1 shape: (1,)
f2 shape: (1,)
f3 shape: (1,)
2025-06-12 12:18:46,368 - INFO -  Selected idx=3980 (Cc1cc(COc2ccc(S(=O)(=O)NCC(C(=O)NO)N3CCN(C(=O)OCc4ccccc4)CC3)cc2)c2ccccc2n1) → [1.         0.30512972 1.        ]
2025-06-12 12:18:46,672 - INFO -  Hypervolume: 0.4547
2025-06-12 12:18:46,673 - INFO - 
--- Iter 155 (train size (165, 3)) ---
2025-06-12 12:18:46,673 - INFO -  Inferred reference point at iter 155: [-0.0999996845451654, -0.02347626228232319, -0.09883575809883703]
2025-06-12 12:18:46,682 - INFO -  Scoring full pool: 9835 candidates
2025-06-12 12:19:10,113 - INFO -  GP predict time: 23.432s
2025-06-12 12:19:10,114 - INFO -   EHVI: 9835 candidates with 1000 MC samples
2025-06-12 12:25:34,254 - INFO -  EHVI time: 384.141s
f1 shape: (1,)
f2 shape: (1,)
f3 shape: (1,)
2025-06-12 12:25:34,257 - INFO -  Selected idx=8540 (O=c1c2ccccc2c(-c2cccnc2)nn1CCNS(=O)(=O)c1ccccc1) → [1.         0.20509194 1.        ]
2025-06-12 12:25:34,564 - INFO -  Hypervolume: 0.4547
2025-06-12 12:25:34,564 - INFO - 
--- Iter 156 (train size (166, 3)) ---
2025-06-12 12:25:34,564 - INFO -  Inferred reference point at iter 156: [-0.0999996845451654, -0.02347626228232319, -0.09883575809883703]
2025-06-12 12:25:34,574 - INFO -  Scoring full pool: 9834 candidates
2025-06-12 12:25:58,151 - INFO -  GP predict time: 23.577s
2025-06-12 12:25:58,151 - INFO -   EHVI: 9834 candidates with 1000 MC samples
2025-06-12 12:32:20,963 - INFO -  EHVI time: 382.812s
f1 shape: (1,)
f2 shape: (1,)
f3 shape: (1,)
2025-06-12 12:32:20,966 - INFO -  Selected idx=4919 (CCOc1ccc(C(=O)CN2CCN(S(=O)(=O)c3ccc(Cl)cc3)CC2)cc1) → [0.06970857 0.25590551 1.        ]
2025-06-12 12:32:21,272 - INFO -  Hypervolume: 0.4547
2025-06-12 12:32:21,273 - INFO - 
--- Iter 157 (train size (167, 3)) ---
2025-06-12 12:32:21,273 - INFO -  Inferred reference point at iter 157: [-0.0999996845451654, -0.02347626228232319, -0.09883575809883703]
2025-06-12 12:32:21,282 - INFO -  Scoring full pool: 9833 candidates
2025-06-12 12:32:44,422 - INFO -  GP predict time: 23.140s
2025-06-12 12:32:44,422 - INFO -   EHVI: 9833 candidates with 1000 MC samples
2025-06-12 12:39:08,412 - INFO -  EHVI time: 383.990s
f1 shape: (1,)
f2 shape: (1,)
f3 shape: (1,)
2025-06-12 12:39:08,415 - INFO -  Selected idx=5961 (N=C(N)c1cccc(NC(=O)CNS(=O)(=O)c2cccc3ccccc23)c1) → [1.         0.15648012 1.        ]
2025-06-12 12:39:09,220 - INFO -  Hypervolume: 0.4547
2025-06-12 12:39:09,220 - INFO - 
--- Iter 158 (train size (168, 3)) ---
2025-06-12 12:39:09,220 - INFO -  Inferred reference point at iter 158: [-0.0999996845451654, -0.02347626228232319, -0.09883575809883703]
2025-06-12 12:39:09,229 - INFO -  Scoring full pool: 9832 candidates
2025-06-12 12:39:32,143 - INFO -  GP predict time: 22.914s
2025-06-12 12:39:32,144 - INFO -   EHVI: 9832 candidates with 1000 MC samples
2025-06-12 12:45:55,536 - INFO -  EHVI time: 383.392s
f1 shape: (1,)
f2 shape: (1,)
f3 shape: (1,)
2025-06-12 12:45:55,539 - INFO -  Selected idx=2387 (O=C(NCCCN1CCOCC1)C(=O)C(Cc1ccccc1)NC(=O)C1CCN(S(=O)(=O)c2ccc3ccccc3c2)CC1) → [1.        0.3228673 1.       ]
2025-06-12 12:45:55,857 - INFO -  Hypervolume: 0.4547
2025-06-12 12:45:55,857 - INFO - 
--- Iter 159 (train size (169, 3)) ---
2025-06-12 12:45:55,857 - INFO -  Inferred reference point at iter 159: [-0.0999996845451654, -0.02347626228232319, -0.09883575809883703]
2025-06-12 12:45:55,867 - INFO -  Scoring full pool: 9831 candidates
2025-06-12 12:46:19,471 - INFO -  GP predict time: 23.604s
2025-06-12 12:46:19,471 - INFO -   EHVI: 9831 candidates with 1000 MC samples
2025-06-12 12:52:43,701 - INFO -  EHVI time: 384.230s
f1 shape: (1,)
f2 shape: (1,)
f3 shape: (1,)
2025-06-12 12:52:43,703 - INFO -  Selected idx=831 (O=C(CNc1ccc(C(F)(F)F)cc1)Nc1cccc(S(=O)(=O)N2CCCC2)c1) → [0.51679939 0.21240602 1.        ]
2025-06-12 12:52:44,027 - INFO -  Hypervolume: 0.4547
2025-06-12 12:52:44,027 - INFO - 
--- Iter 160 (train size (170, 3)) ---
2025-06-12 12:52:44,027 - INFO -  Inferred reference point at iter 160: [-0.0999996845451654, -0.02347626228232319, -0.09883575809883703]
2025-06-12 12:52:44,037 - INFO -  Scoring full pool: 9830 candidates
2025-06-12 12:53:07,763 - INFO -  GP predict time: 23.726s
2025-06-12 12:53:07,763 - INFO -   EHVI: 9830 candidates with 1000 MC samples
2025-06-12 12:59:31,395 - INFO -  EHVI time: 383.632s
f1 shape: (1,)
f2 shape: (1,)
f3 shape: (1,)
2025-06-12 12:59:31,398 - INFO -  Selected idx=320 (CCC(C)C(NC(=O)c1cccc(Cn2ccnc2)c1)C(=O)NNS(=O)(=O)c1ccc(OC)cc1) → [1.        0.1684178 1.       ]
2025-06-12 12:59:31,725 - INFO -  Hypervolume: 0.4547
2025-06-12 12:59:31,725 - INFO - 
--- Iter 161 (train size (171, 3)) ---
2025-06-12 12:59:31,725 - INFO -  Inferred reference point at iter 161: [-0.0999996845451654, -0.02347626228232319, -0.09883575809883703]
2025-06-12 12:59:31,735 - INFO -  Scoring full pool: 9829 candidates
2025-06-12 12:59:56,015 - INFO -  GP predict time: 24.280s
2025-06-12 12:59:56,015 - INFO -   EHVI: 9829 candidates with 1000 MC samples
2025-06-12 13:06:18,168 - INFO -  EHVI time: 382.153s
f1 shape: (1,)
f2 shape: (1,)
f3 shape: (1,)
2025-06-12 13:06:18,170 - INFO -  Selected idx=2646 (Cc1ccc(S(C)(=O)=O)cc1C(=O)OCC(=O)N(Cc1ccccc1)Cc1ccccc1) → [0.65193364 0.23874488 1.        ]
2025-06-12 13:06:18,497 - INFO -  Hypervolume: 0.4547
2025-06-12 13:06:18,498 - INFO - 
--- Iter 162 (train size (172, 3)) ---
2025-06-12 13:06:18,498 - INFO -  Inferred reference point at iter 162: [-0.0999996845451654, -0.02347626228232319, -0.09883575809883703]
2025-06-12 13:06:18,507 - INFO -  Scoring full pool: 9828 candidates
2025-06-12 13:06:42,824 - INFO -  GP predict time: 24.317s
2025-06-12 13:06:42,824 - INFO -   EHVI: 9828 candidates with 1000 MC samples
2025-06-12 13:13:05,275 - INFO -  EHVI time: 382.451s
f1 shape: (1,)
f2 shape: (1,)
f3 shape: (1,)
2025-06-12 13:13:05,278 - INFO -  Selected idx=1214 (COc1cccc(NC(=O)CN(Cc2ccccc2)S(=O)(=O)c2ccc3nc(C)sc3c2)c1) → [0.99024786 0.18277571 0.90656816]
2025-06-12 13:13:05,610 - INFO -  Hypervolume: 0.4547
2025-06-12 13:13:05,610 - INFO - 
--- Iter 163 (train size (173, 3)) ---
2025-06-12 13:13:05,610 - INFO -  Inferred reference point at iter 163: [-0.0999996845451654, -0.02347626228232319, -0.09883575809883703]
2025-06-12 13:13:05,619 - INFO -  Scoring full pool: 9827 candidates
2025-06-12 13:13:29,636 - INFO -  GP predict time: 24.016s
2025-06-12 13:13:29,636 - INFO -   EHVI: 9827 candidates with 1000 MC samples
2025-06-12 13:19:52,838 - INFO -  EHVI time: 383.202s
f1 shape: (1,)
f2 shape: (1,)
f3 shape: (1,)
2025-06-12 13:19:52,841 - INFO -  Selected idx=3889 (COc1ccc(CN2C(=O)C(=O)c3cc(S(=O)(=O)N4CCCC4COc4ccccc4)ccc32)cc1) → [1.         0.28585271 1.        ]
2025-06-12 13:19:53,695 - INFO -  Hypervolume: 0.4547
2025-06-12 13:19:53,695 - INFO - 
--- Iter 164 (train size (174, 3)) ---
2025-06-12 13:19:53,695 - INFO -  Inferred reference point at iter 164: [-0.0999996845451654, -0.02347626228232319, -0.09883575809883703]
2025-06-12 13:19:53,705 - INFO -  Scoring full pool: 9826 candidates
2025-06-12 13:20:17,774 - INFO -  GP predict time: 24.069s
2025-06-12 13:20:17,774 - INFO -   EHVI: 9826 candidates with 1000 MC samples
2025-06-12 13:26:40,635 - INFO -  EHVI time: 382.861s
f1 shape: (1,)
f2 shape: (1,)
f3 shape: (1,)
2025-06-12 13:26:40,637 - INFO -  Selected idx=7833 (N=C(N)c1cccc(CC(NS(=O)(=O)c2ccc3ccccc3c2)C(=O)C(=O)O)c1) → [1.         0.18048128 1.        ]
2025-06-12 13:26:40,975 - INFO -  Hypervolume: 0.4547
2025-06-12 13:26:40,975 - INFO - 
--- Iter 165 (train size (175, 3)) ---
2025-06-12 13:26:40,975 - INFO -  Inferred reference point at iter 165: [-0.0999996845451654, -0.02347626228232319, -0.09883575809883703]
2025-06-12 13:26:40,985 - INFO -  Scoring full pool: 9825 candidates
2025-06-12 13:27:05,337 - INFO -  GP predict time: 24.351s
2025-06-12 13:27:05,337 - INFO -   EHVI: 9825 candidates with 1000 MC samples
2025-06-12 13:33:29,129 - INFO -  EHVI time: 383.792s
f1 shape: (1,)
f2 shape: (1,)
f3 shape: (1,)
2025-06-12 13:33:29,131 - INFO -  Selected idx=1228 (CS(=O)c1ccc(NC(=O)c2cccc(S(=O)(=O)Cc3ccc(Cl)cc3)c2)nc1) → [1.         0.16134752 1.        ]
2025-06-12 13:33:29,477 - INFO -  Hypervolume: 0.4547
2025-06-12 13:33:29,477 - INFO - 
--- Iter 166 (train size (176, 3)) ---
2025-06-12 13:33:29,477 - INFO -  Inferred reference point at iter 166: [-0.0999996845451654, -0.02347626228232319, -0.09883575809883703]
2025-06-12 13:33:29,487 - INFO -  Scoring full pool: 9824 candidates
2025-06-12 13:33:54,024 - INFO -  GP predict time: 24.537s
2025-06-12 13:33:54,025 - INFO -   EHVI: 9824 candidates with 1000 MC samples
2025-06-12 13:40:16,126 - INFO -  EHVI time: 382.102s
f1 shape: (1,)
f2 shape: (1,)
f3 shape: (1,)
2025-06-12 13:40:16,129 - INFO -  Selected idx=6257 (NS(=O)(=O)c1ccc(CNC(=O)Nc2ccccc2)cc1) → [1.         0.13034188 1.        ]
2025-06-12 13:40:17,029 - INFO -  Hypervolume: 0.4547
2025-06-12 13:40:17,029 - INFO - 
--- Iter 167 (train size (177, 3)) ---
2025-06-12 13:40:17,029 - INFO -  Inferred reference point at iter 167: [-0.0999996845451654, -0.02347626228232319, -0.09883575809883703]
2025-06-12 13:40:17,039 - INFO -  Scoring full pool: 9823 candidates
2025-06-12 13:40:41,936 - INFO -  GP predict time: 24.897s
2025-06-12 13:40:41,936 - INFO -   EHVI: 9823 candidates with 1000 MC samples
2025-06-12 13:47:03,921 - INFO -  EHVI time: 381.984s
f1 shape: (1,)
f2 shape: (1,)
f3 shape: (1,)
2025-06-12 13:47:03,923 - INFO -  Selected idx=4090 (CCc1nc(N)nc(N2CCOCC2)c1-c1ccc(NCc2ccc(S(C)(=O)=O)cc2)cc1) → [1.         0.23858921 1.        ]
2025-06-12 13:47:04,271 - INFO -  Hypervolume: 0.4547
2025-06-12 13:47:04,271 - INFO - 
--- Iter 168 (train size (178, 3)) ---
2025-06-12 13:47:04,271 - INFO -  Inferred reference point at iter 168: [-0.0999996845451654, -0.02347626228232319, -0.09883575809883703]
2025-06-12 13:47:04,281 - INFO -  Scoring full pool: 9822 candidates
2025-06-12 13:47:29,040 - INFO -  GP predict time: 24.759s
2025-06-12 13:47:29,040 - INFO -   EHVI: 9822 candidates with 1000 MC samples
2025-06-12 13:53:52,304 - INFO -  EHVI time: 383.264s
f1 shape: (1,)
f2 shape: (1,)
f3 shape: (1,)
2025-06-12 13:53:52,307 - INFO -  Selected idx=5000 (COc1ccc(S(=O)(=O)N2CCOCC2)cc1C(=O)Nc1ccc2c(c1)OCO2) → [1.         0.23527299 1.        ]
2025-06-12 13:53:52,661 - INFO -  Hypervolume: 0.4547
2025-06-12 13:53:52,661 - INFO - 
--- Iter 169 (train size (179, 3)) ---
2025-06-12 13:53:52,661 - INFO -  Inferred reference point at iter 169: [-0.0999996845451654, -0.02347626228232319, -0.09883575809883703]
2025-06-12 13:53:52,672 - INFO -  Scoring full pool: 9821 candidates
2025-06-12 13:54:17,113 - INFO -  GP predict time: 24.441s
2025-06-12 13:54:17,113 - INFO -   EHVI: 9821 candidates with 1000 MC samples
2025-06-12 14:00:40,814 - INFO -  EHVI time: 383.701s
f1 shape: (1,)
f2 shape: (1,)
f3 shape: (1,)
2025-06-12 14:00:40,817 - INFO -  Selected idx=7855 (COc1ccccc1-c1ccc(OCc2cc(C(=O)NS(=O)(=O)c3ccccc3)oc2C)cc1) → [1.         0.19604558 0.62997946]
2025-06-12 14:00:41,173 - INFO -  Hypervolume: 0.4547
2025-06-12 14:00:41,173 - INFO - 
--- Iter 170 (train size (180, 3)) ---
2025-06-12 14:00:41,174 - INFO -  Inferred reference point at iter 170: [-0.0999996845451654, -0.02347626228232319, -0.09883575809883703]
2025-06-12 14:00:41,184 - INFO -  Scoring full pool: 9820 candidates
2025-06-12 14:01:06,662 - INFO -  GP predict time: 25.479s
2025-06-12 14:01:06,662 - INFO -   EHVI: 9820 candidates with 1000 MC samples
2025-06-12 14:07:28,528 - INFO -  EHVI time: 381.865s
f1 shape: (1,)
f2 shape: (1,)
f3 shape: (1,)
2025-06-12 14:07:28,530 - INFO -  Selected idx=1419 (Cc1ccc(OC(=O)c2cccc(Cl)c2)c(C(=O)c2cccc(Cl)c2)c1) → [1.89864593e-05 1.47379913e-01 2.15501579e-01]
2025-06-12 14:07:29,461 - INFO -  Hypervolume: 0.4547
2025-06-12 14:07:29,461 - INFO - 
--- Iter 171 (train size (181, 3)) ---
2025-06-12 14:07:29,461 - INFO -  Inferred reference point at iter 171: [-0.0999996845451654, -0.02347626228232319, -0.09883575809883703]
2025-06-12 14:07:29,471 - INFO -  Scoring full pool: 9819 candidates
2025-06-12 14:07:54,414 - INFO -  GP predict time: 24.943s
2025-06-12 14:07:54,414 - INFO -   EHVI: 9819 candidates with 1000 MC samples
2025-06-12 14:14:17,225 - INFO -  EHVI time: 382.811s
f1 shape: (1,)
f2 shape: (1,)
f3 shape: (1,)
2025-06-12 14:14:17,228 - INFO -  Selected idx=1049 (CCOc1ccc(S(=O)(=O)Nc2ccccc2C(=O)Nc2ccccc2N2CCOCC2)cc1) → [1.         0.25163399 1.        ]
2025-06-12 14:14:18,103 - INFO -  Hypervolume: 0.4547
2025-06-12 14:14:18,104 - INFO - 
--- Iter 172 (train size (182, 3)) ---
2025-06-12 14:14:18,104 - INFO -  Inferred reference point at iter 172: [-0.0999996845451654, -0.02347626228232319, -0.09883575809883703]
2025-06-12 14:14:18,114 - INFO -  Scoring full pool: 9818 candidates
2025-06-12 14:14:43,255 - INFO -  GP predict time: 25.141s
2025-06-12 14:14:43,255 - INFO -   EHVI: 9818 candidates with 1000 MC samples
2025-06-12 14:21:06,877 - INFO -  EHVI time: 383.622s
f1 shape: (1,)
f2 shape: (1,)
f3 shape: (1,)
2025-06-12 14:21:06,880 - INFO -  Selected idx=7309 (CC(=O)c1ccc(S(=O)(=O)N2CCCC(N(C)CCc3ccccc3)C2)cc1) → [0.00540906 0.32862903 1.        ]
2025-06-12 14:21:07,246 - INFO -  Hypervolume: 0.4547
2025-06-12 14:21:07,246 - INFO - 
--- Iter 173 (train size (183, 3)) ---
2025-06-12 14:21:07,246 - INFO -  Inferred reference point at iter 173: [-0.0999996845451654, -0.02347626228232319, -0.09883575809883703]
2025-06-12 14:21:07,257 - INFO -  Scoring full pool: 9817 candidates
2025-06-12 14:21:32,681 - INFO -  GP predict time: 25.424s
2025-06-12 14:21:32,681 - INFO -   EHVI: 9817 candidates with 1000 MC samples
2025-06-12 14:27:56,405 - INFO -  EHVI time: 383.724s
f1 shape: (1,)
f2 shape: (1,)
f3 shape: (1,)
2025-06-12 14:27:56,408 - INFO -  Selected idx=214 (O=S(=O)(Nc1ccc2ccccc2n1)c1ccc2c(c1)CCO2) → [0.09473986 0.1774062  1.        ]
2025-06-12 14:27:56,778 - INFO -  Hypervolume: 0.4547
2025-06-12 14:27:56,778 - INFO - 
--- Iter 174 (train size (184, 3)) ---
2025-06-12 14:27:56,778 - INFO -  Inferred reference point at iter 174: [-0.0999996845451654, -0.02347626228232319, -0.09883575809883703]
2025-06-12 14:27:56,789 - INFO -  Scoring full pool: 9816 candidates
2025-06-12 14:28:22,233 - INFO -  GP predict time: 25.445s
2025-06-12 14:28:22,233 - INFO -   EHVI: 9816 candidates with 1000 MC samples
2025-06-12 14:34:44,883 - INFO -  EHVI time: 382.650s
f1 shape: (1,)
f2 shape: (1,)
f3 shape: (1,)
2025-06-12 14:34:44,886 - INFO -  Selected idx=3890 (CCN(CC)S(=O)(=O)c1ccc(N2CCOCC2)c(NC(=O)c2ccc(O)nc2)c1) → [1.        0.2380137 1.       ]
2025-06-12 14:34:45,262 - INFO -  Hypervolume: 0.4547
2025-06-12 14:34:45,262 - INFO - 
--- Iter 175 (train size (185, 3)) ---
2025-06-12 14:34:45,262 - INFO -  Inferred reference point at iter 175: [-0.0999996845451654, -0.02347626228232319, -0.09883575809883703]
2025-06-12 14:34:45,272 - INFO -  Scoring full pool: 9815 candidates
2025-06-12 14:35:11,333 - INFO -  GP predict time: 26.061s
2025-06-12 14:35:11,333 - INFO -   EHVI: 9815 candidates with 1000 MC samples
2025-06-12 14:41:34,542 - INFO -  EHVI time: 383.209s
f1 shape: (1,)
f2 shape: (1,)
f3 shape: (1,)
2025-06-12 14:41:34,545 - INFO -  Selected idx=4159 (CC(C)COC(=O)N1CCC(n2ncc3cc(-c4ccc(S(C)(=O)=O)cc4)ncc32)CC1) → [1.         0.29044118 1.        ]
2025-06-12 14:41:34,924 - INFO -  Hypervolume: 0.4547
2025-06-12 14:41:34,924 - INFO - 
--- Iter 176 (train size (186, 3)) ---
2025-06-12 14:41:34,924 - INFO -  Inferred reference point at iter 176: [-0.0999996845451654, -0.02347626228232319, -0.09883575809883703]
2025-06-12 14:41:34,934 - INFO -  Scoring full pool: 9814 candidates
2025-06-12 14:42:00,682 - INFO -  GP predict time: 25.747s
2025-06-12 14:42:00,682 - INFO -   EHVI: 9814 candidates with 1000 MC samples
2025-06-12 14:48:23,720 - INFO -  EHVI time: 383.038s
f1 shape: (1,)
f2 shape: (1,)
f3 shape: (1,)
2025-06-12 14:48:23,722 - INFO -  Selected idx=30 (Cc1cc(NS(=O)(=O)c2ccc(NC(=O)c3ccc([N+](=O)[O-])cc3)cc2)nc(C)n1) → [1.         0.14121339 1.        ]
2025-06-12 14:48:24,105 - INFO -  Hypervolume: 0.4547
2025-06-12 14:48:24,105 - INFO - 
--- Iter 177 (train size (187, 3)) ---
2025-06-12 14:48:24,105 - INFO -  Inferred reference point at iter 177: [-0.0999996845451654, -0.02347626228232319, -0.09883575809883703]
2025-06-12 14:48:24,115 - INFO -  Scoring full pool: 9813 candidates
2025-06-12 14:48:49,969 - INFO -  GP predict time: 25.854s
2025-06-12 14:48:49,969 - INFO -   EHVI: 9813 candidates with 1000 MC samples
2025-06-12 14:55:12,515 - INFO -  EHVI time: 382.546s
f1 shape: (1,)
f2 shape: (1,)
f3 shape: (1,)
2025-06-12 14:55:12,518 - INFO -  Selected idx=8644 (COc1ccccc1NS(=O)(=O)c1ccc(C(=O)N2CCN(c3ccccc3O)CC2)cc1) → [1.         0.28214286 1.        ]
2025-06-12 14:55:12,908 - INFO -  Hypervolume: 0.4547
2025-06-12 14:55:12,908 - INFO - 
--- Iter 178 (train size (188, 3)) ---
2025-06-12 14:55:12,908 - INFO -  Inferred reference point at iter 178: [-0.0999996845451654, -0.02347626228232319, -0.09883575809883703]
2025-06-12 14:55:12,919 - INFO -  Scoring full pool: 9812 candidates
2025-06-12 14:55:39,348 - INFO -  GP predict time: 26.429s
2025-06-12 14:55:39,348 - INFO -   EHVI: 9812 candidates with 1000 MC samples
2025-06-12 15:02:01,668 - INFO -  EHVI time: 382.320s
f1 shape: (1,)
f2 shape: (1,)
f3 shape: (1,)
2025-06-12 15:02:01,670 - INFO -  Selected idx=1007 (CC(=O)N1CCN(C(=O)C(Cc2cccc(C(=N)N)c2)NS(=O)(=O)NCCc2cc3c(cc2[N+](=O)[O-])OCO3)CC1) → [1.         0.22091723 1.        ]
2025-06-12 15:02:02,066 - INFO -  Hypervolume: 0.4547
2025-06-12 15:02:02,066 - INFO - 
--- Iter 179 (train size (189, 3)) ---
2025-06-12 15:02:02,066 - INFO -  Inferred reference point at iter 179: [-0.0999996845451654, -0.02347626228232319, -0.09883575809883703]
2025-06-12 15:02:02,076 - INFO -  Scoring full pool: 9811 candidates
2025-06-12 15:02:27,854 - INFO -  GP predict time: 25.778s
2025-06-12 15:02:27,854 - INFO -   EHVI: 9811 candidates with 1000 MC samples
2025-06-12 15:08:50,716 - INFO -  EHVI time: 382.861s
f1 shape: (1,)
f2 shape: (1,)
f3 shape: (1,)
2025-06-12 15:08:50,719 - INFO -  Selected idx=414 (Cn1cncc1CN1C(=O)C(N(CC(=O)NC(C)(C)C)S(=O)(=O)c2ccc3c(c2)OCCCO3)Cc2cc(C#N)ccc21) → [1.         0.19418605 1.        ]
2025-06-12 15:08:51,116 - INFO -  Hypervolume: 0.4547
2025-06-12 15:08:51,117 - INFO - 
--- Iter 180 (train size (190, 3)) ---
2025-06-12 15:08:51,117 - INFO -  Inferred reference point at iter 180: [-0.0999996845451654, -0.02347626228232319, -0.09883575809883703]
2025-06-12 15:08:51,127 - INFO -  Scoring full pool: 9810 candidates
2025-06-12 15:09:17,827 - INFO -  GP predict time: 26.700s
2025-06-12 15:09:17,827 - INFO -   EHVI: 9810 candidates with 1000 MC samples
2025-06-12 15:15:41,997 - INFO -  EHVI time: 384.170s
f1 shape: (1,)
f2 shape: (1,)
f3 shape: (1,)
2025-06-12 15:15:42,000 - INFO -  Selected idx=5941 (Cc1ccc(C(=O)Nc2cccc(-c3ccc(N4CCOCC4)nn3)c2)cc1[N+](=O)[O-]) → [1.         0.25874636 1.        ]
2025-06-12 15:15:42,962 - INFO -  Hypervolume: 0.4547
2025-06-12 15:15:42,962 - INFO - 
--- Iter 181 (train size (191, 3)) ---
2025-06-12 15:15:42,962 - INFO -  Inferred reference point at iter 181: [-0.0999996845451654, -0.02347626228232319, -0.09883575809883703]
2025-06-12 15:15:42,972 - INFO -  Scoring full pool: 9809 candidates
2025-06-12 15:16:09,315 - INFO -  GP predict time: 26.343s
2025-06-12 15:16:09,315 - INFO -   EHVI: 9809 candidates with 1000 MC samples
2025-06-12 15:22:32,751 - INFO -  EHVI time: 383.436s
f1 shape: (1,)
f2 shape: (1,)
f3 shape: (1,)
2025-06-12 15:22:32,754 - INFO -  Selected idx=834 (CC(C)C(C)NC(=O)COc1ccc(S(=O)(=O)N2CCOCC2)cc1[N+](=O)[O-]) → [1.         0.16140603 1.        ]
2025-06-12 15:22:33,706 - INFO -  Hypervolume: 0.4547
2025-06-12 15:22:33,706 - INFO - 
--- Iter 182 (train size (192, 3)) ---
2025-06-12 15:22:33,706 - INFO -  Inferred reference point at iter 182: [-0.0999996845451654, -0.02347626228232319, -0.09883575809883703]
2025-06-12 15:22:33,717 - INFO -  Scoring full pool: 9808 candidates
2025-06-12 15:23:00,700 - INFO -  GP predict time: 26.983s
2025-06-12 15:23:00,700 - INFO -   EHVI: 9808 candidates with 1000 MC samples
2025-06-12 15:29:23,094 - INFO -  EHVI time: 382.394s
f1 shape: (1,)
f2 shape: (1,)
f3 shape: (1,)
2025-06-12 15:29:23,097 - INFO -  Selected idx=1012 (COC(=O)c1ccc(NC(=O)COc2ccc(N(C)S(=O)(=O)c3ccc(C)cc3)cc2)cc1) → [1.         0.18723994 1.        ]
2025-06-12 15:29:23,508 - INFO -  Hypervolume: 0.4547
2025-06-12 15:29:23,508 - INFO - 
--- Iter 183 (train size (193, 3)) ---
2025-06-12 15:29:23,508 - INFO -  Inferred reference point at iter 183: [-0.0999996845451654, -0.02347626228232319, -0.09883575809883703]
2025-06-12 15:29:23,519 - INFO -  Scoring full pool: 9807 candidates
2025-06-12 15:29:50,206 - INFO -  GP predict time: 26.687s
2025-06-12 15:29:50,206 - INFO -   EHVI: 9807 candidates with 1000 MC samples
2025-06-12 15:36:12,790 - INFO -  EHVI time: 382.585s
f1 shape: (1,)
f2 shape: (1,)
f3 shape: (1,)
2025-06-12 15:36:12,793 - INFO -  Selected idx=8298 (CCC(C)NC(=O)C(NS(=O)(=O)c1ccc2c(c1)c(=O)n(C)c(=O)n2C)c1ccccc1) → [1.         0.16229713 1.        ]
2025-06-12 15:36:13,785 - INFO -  Hypervolume: 0.4547
2025-06-12 15:36:13,785 - INFO - 
--- Iter 184 (train size (194, 3)) ---
2025-06-12 15:36:13,786 - INFO -  Inferred reference point at iter 184: [-0.0999996845451654, -0.02347626228232319, -0.09883575809883703]
2025-06-12 15:36:13,796 - INFO -  Scoring full pool: 9806 candidates
2025-06-12 15:36:41,108 - INFO -  GP predict time: 27.312s
2025-06-12 15:36:41,108 - INFO -   EHVI: 9806 candidates with 1000 MC samples
2025-06-12 15:43:03,949 - INFO -  EHVI time: 382.840s
f1 shape: (1,)
f2 shape: (1,)
f3 shape: (1,)
2025-06-12 15:43:03,951 - INFO -  Selected idx=2655 (COc1ccc(S(=O)(=O)Nc2ncccc2C)c2ccccc12) → [0.09473986 0.13518809 1.        ]
2025-06-12 15:43:04,364 - INFO -  Hypervolume: 0.4547
2025-06-12 15:43:04,364 - INFO - 
--- Iter 185 (train size (195, 3)) ---
2025-06-12 15:43:04,364 - INFO -  Inferred reference point at iter 185: [-0.0999996845451654, -0.02347626228232319, -0.09883575809883703]
2025-06-12 15:43:04,375 - INFO -  Scoring full pool: 9805 candidates
2025-06-12 15:43:31,347 - INFO -  GP predict time: 26.972s
2025-06-12 15:43:31,347 - INFO -   EHVI: 9805 candidates with 1000 MC samples
2025-06-12 15:49:55,294 - INFO -  EHVI time: 383.946s
f1 shape: (1,)
f2 shape: (1,)
f3 shape: (1,)
2025-06-12 15:49:55,297 - INFO -  Selected idx=4825 (COc1cccc(N2CCN(S(=O)(=O)c3ccc4[nH]c(-c5ccccc5)nc4c3)CC2)c1) → [0.51798733 0.29316547 1.        ]
2025-06-12 15:49:55,725 - INFO -  Hypervolume: 0.4547
2025-06-12 15:49:55,725 - INFO - 
--- Iter 186 (train size (196, 3)) ---
2025-06-12 15:49:55,725 - INFO -  Inferred reference point at iter 186: [-0.0999996845451654, -0.02347626228232319, -0.09883575809883703]
2025-06-12 15:49:55,736 - INFO -  Scoring full pool: 9804 candidates
2025-06-12 15:50:22,885 - INFO -  GP predict time: 27.149s
2025-06-12 15:50:22,885 - INFO -   EHVI: 9804 candidates with 1000 MC samples
2025-06-12 15:56:45,371 - INFO -  EHVI time: 382.486s
f1 shape: (1,)
f2 shape: (1,)
f3 shape: (1,)
2025-06-12 15:56:45,374 - INFO -  Selected idx=1563 (Cc1ccc(S(=O)(=O)NC(=O)Nc2nnc(-c3ccc4c(c3)OCO4)c(N)n2)cc1) → [1.         0.09512684 1.        ]
2025-06-12 15:56:45,802 - INFO -  Hypervolume: 0.4547
2025-06-12 15:56:45,802 - INFO - 
--- Iter 187 (train size (197, 3)) ---
2025-06-12 15:56:45,802 - INFO -  Inferred reference point at iter 187: [-0.0999996845451654, -0.02347626228232319, -0.09883575809883703]
2025-06-12 15:56:45,813 - INFO -  Scoring full pool: 9803 candidates
2025-06-12 15:57:12,958 - INFO -  GP predict time: 27.145s
2025-06-12 15:57:12,958 - INFO -   EHVI: 9803 candidates with 1000 MC samples
2025-06-12 16:03:34,843 - INFO -  EHVI time: 381.885s
f1 shape: (1,)
f2 shape: (1,)
f3 shape: (1,)
2025-06-12 16:03:34,846 - INFO -  Selected idx=5950 (CC(=O)c1cc2c(cc1N=C(NS(=O)(=O)c1ccc(Br)cc1)c1ccccc1)OCO2) → [1.         0.14925373 0.90885299]
2025-06-12 16:03:35,824 - INFO -  Hypervolume: 0.4547
2025-06-12 16:03:35,824 - INFO - 
--- Iter 188 (train size (198, 3)) ---
2025-06-12 16:03:35,824 - INFO -  Inferred reference point at iter 188: [-0.0999996845451654, -0.02347626228232319, -0.09883575809883703]
2025-06-12 16:03:35,835 - INFO -  Scoring full pool: 9802 candidates
2025-06-12 16:04:03,551 - INFO -  GP predict time: 27.716s
2025-06-12 16:04:03,551 - INFO -   EHVI: 9802 candidates with 1000 MC samples
2025-06-12 16:10:26,556 - INFO -  EHVI time: 383.005s
f1 shape: (1,)
f2 shape: (1,)
f3 shape: (1,)
2025-06-12 16:10:26,559 - INFO -  Selected idx=1737 (COc1ccc(C(=O)C2CCN(CCCCNC(=O)c3ccc(NC(=O)c4ccc(Cl)cc4)cc3)CC2)c(OC)c1) → [1.         0.38623596 0.23002123]
2025-06-12 16:10:26,996 - INFO -  Hypervolume: 0.4669
2025-06-12 16:10:26,996 - INFO - 
--- Iter 189 (train size (199, 3)) ---
2025-06-12 16:10:26,996 - INFO -  Inferred reference point at iter 189: [-0.0999996845451654, -0.025915647261625374, -0.09883575809883703]
2025-06-12 16:10:27,007 - INFO -  Scoring full pool: 9801 candidates
2025-06-12 16:10:55,032 - INFO -  GP predict time: 28.025s
2025-06-12 16:10:55,032 - INFO -   EHVI: 9801 candidates with 1000 MC samples
2025-06-12 16:18:42,423 - INFO -  EHVI time: 467.391s
f1 shape: (1,)
f2 shape: (1,)
f3 shape: (1,)
2025-06-12 16:18:42,425 - INFO -  Selected idx=7845 (COc1ccc(CNS(=O)(=O)CCNC(=O)c2ccccc2)cc1) → [0.85963276 0.18272425 1.        ]
2025-06-12 16:18:43,468 - INFO -  Hypervolume: 0.4698
2025-06-12 16:18:43,468 - INFO - 
--- Iter 190 (train size (200, 3)) ---
2025-06-12 16:18:43,468 - INFO -  Inferred reference point at iter 190: [-0.0999996845451654, -0.025915647261625374, -0.09883575809883703]
2025-06-12 16:18:43,479 - INFO -  Scoring full pool: 9800 candidates
2025-06-12 16:19:11,498 - INFO -  GP predict time: 28.019s
2025-06-12 16:19:11,498 - INFO -   EHVI: 9800 candidates with 1000 MC samples
2025-06-12 16:26:59,141 - INFO -  EHVI time: 467.643s
f1 shape: (1,)
f2 shape: (1,)
f3 shape: (1,)
2025-06-12 16:26:59,143 - INFO -  Selected idx=6587 (COc1ccccc1CNC(=O)CN1C(=O)COc2ccc(S(=O)(=O)N3CCCCC3)cc21) → [1.         0.22996058 1.        ]
2025-06-12 16:26:59,585 - INFO -  Hypervolume: 0.4698
2025-06-12 16:26:59,586 - INFO - 
--- Iter 191 (train size (201, 3)) ---
2025-06-12 16:26:59,586 - INFO -  Inferred reference point at iter 191: [-0.0999996845451654, -0.025915647261625374, -0.09883575809883703]
2025-06-12 16:26:59,597 - INFO -  Scoring full pool: 9799 candidates
2025-06-12 16:27:27,249 - INFO -  GP predict time: 27.652s
2025-06-12 16:27:27,249 - INFO -   EHVI: 9799 candidates with 1000 MC samples
2025-06-12 16:35:15,455 - INFO -  EHVI time: 468.206s
f1 shape: (1,)
f2 shape: (1,)
f3 shape: (1,)
2025-06-12 16:35:15,457 - INFO -  Selected idx=3353 (COc1ccccc1N(C)S(=O)(=O)c1ccc(C(=O)OCC(=O)N2CCCCCC2)cc1) → [1.         0.27879009 1.        ]
2025-06-12 16:35:15,924 - INFO -  Hypervolume: 0.4698
2025-06-12 16:35:15,924 - INFO - 
--- Iter 192 (train size (202, 3)) ---
2025-06-12 16:35:15,924 - INFO -  Inferred reference point at iter 192: [-0.0999996845451654, -0.025915647261625374, -0.09883575809883703]
2025-06-12 16:35:15,936 - INFO -  Scoring full pool: 9798 candidates
2025-06-12 16:35:43,829 - INFO -  GP predict time: 27.893s
2025-06-12 16:35:43,829 - INFO -   EHVI: 9798 candidates with 1000 MC samples
2025-06-12 16:43:34,072 - INFO -  EHVI time: 470.243s
f1 shape: (1,)
f2 shape: (1,)
f3 shape: (1,)
2025-06-12 16:43:34,075 - INFO -  Selected idx=146 (NC(=O)C(=O)C(Cc1ccccc1)NC(=O)C1CCN(C(=O)C=Cc2ccncc2)CC1) → [1.         0.27213353 1.        ]
2025-06-12 16:43:34,524 - INFO -  Hypervolume: 0.4698
2025-06-12 16:43:34,524 - INFO - 
--- Iter 193 (train size (203, 3)) ---
2025-06-12 16:43:34,524 - INFO -  Inferred reference point at iter 193: [-0.0999996845451654, -0.025915647261625374, -0.09883575809883703]
2025-06-12 16:43:34,536 - INFO -  Scoring full pool: 9797 candidates
2025-06-12 16:44:03,058 - INFO -  GP predict time: 28.522s
2025-06-12 16:44:03,058 - INFO -   EHVI: 9797 candidates with 1000 MC samples
2025-06-12 16:51:50,102 - INFO -  EHVI time: 467.044s
f1 shape: (1,)
f2 shape: (1,)
f3 shape: (1,)
2025-06-12 16:51:50,105 - INFO -  Selected idx=648 (CCOc1ccc(S(=O)(=O)Nc2ccc3oc(C)c(C(=O)OC(C)C)c3c2)cc1) → [1.         0.15387275 0.87987316]
2025-06-12 16:51:51,187 - INFO -  Hypervolume: 0.4698
2025-06-12 16:51:51,187 - INFO - 
--- Iter 194 (train size (204, 3)) ---
2025-06-12 16:51:51,187 - INFO -  Inferred reference point at iter 194: [-0.0999996845451654, -0.025915647261625374, -0.09883575809883703]
2025-06-12 16:51:51,199 - INFO -  Scoring full pool: 9796 candidates
2025-06-12 16:52:19,296 - INFO -  GP predict time: 28.098s
2025-06-12 16:52:19,297 - INFO -   EHVI: 9796 candidates with 1000 MC samples
2025-06-12 17:00:06,312 - INFO -  EHVI time: 467.015s
f1 shape: (1,)
f2 shape: (1,)
f3 shape: (1,)
2025-06-12 17:00:06,314 - INFO -  Selected idx=3351 (COc1ccc(S(=O)(=O)Nc2cc(Cl)ccc2C(=O)O)cc1) → [1.         0.14297386 1.        ]
2025-06-12 17:00:07,381 - INFO -  Hypervolume: 0.4698
2025-06-12 17:00:07,381 - INFO - 
--- Iter 195 (train size (205, 3)) ---
2025-06-12 17:00:07,381 - INFO -  Inferred reference point at iter 195: [-0.0999996845451654, -0.025915647261625374, -0.09883575809883703]
2025-06-12 17:00:07,393 - INFO -  Scoring full pool: 9795 candidates
2025-06-12 17:00:35,551 - INFO -  GP predict time: 28.158s
2025-06-12 17:00:35,551 - INFO -   EHVI: 9795 candidates with 1000 MC samples
2025-06-12 17:08:23,962 - INFO -  EHVI time: 468.411s
f1 shape: (1,)
f2 shape: (1,)
f3 shape: (1,)
2025-06-12 17:08:23,965 - INFO -  Selected idx=138 (Cc1cc(NS(=O)(=O)c2ccc(Nc3c4ccccc4nc4c(C(=O)NC(CO)(CO)CO)cccc34)cc2)no1) → [1.         0.19375673 1.        ]
2025-06-12 17:08:24,430 - INFO -  Hypervolume: 0.4698
2025-06-12 17:08:24,430 - INFO - 
--- Iter 196 (train size (206, 3)) ---
2025-06-12 17:08:24,430 - INFO -  Inferred reference point at iter 196: [-0.0999996845451654, -0.025915647261625374, -0.09883575809883703]
2025-06-12 17:08:24,442 - INFO -  Scoring full pool: 9794 candidates
2025-06-12 17:08:53,171 - INFO -  GP predict time: 28.729s
2025-06-12 17:08:53,171 - INFO -   EHVI: 9794 candidates with 1000 MC samples
2025-06-12 17:16:40,925 - INFO -  EHVI time: 467.754s
f1 shape: (1,)
f2 shape: (1,)
f3 shape: (1,)
2025-06-12 17:16:40,928 - INFO -  Selected idx=8808 (CC1CN(C(=O)N2CCC(C(=O)NCCCc3ccccc3)CC2)c2cc(Cl)ccc2O1) → [0.01918413 0.31109445 0.87881186]
2025-06-12 17:16:41,396 - INFO -  Hypervolume: 0.4698
2025-06-12 17:16:41,396 - INFO - 
--- Iter 197 (train size (207, 3)) ---
2025-06-12 17:16:41,396 - INFO -  Inferred reference point at iter 197: [-0.0999996845451654, -0.025915647261625374, -0.09883575809883703]
2025-06-12 17:16:41,407 - INFO -  Scoring full pool: 9793 candidates
2025-06-12 17:17:09,718 - INFO -  GP predict time: 28.311s
2025-06-12 17:17:09,718 - INFO -   EHVI: 9793 candidates with 1000 MC samples
2025-06-12 17:24:58,569 - INFO -  EHVI time: 468.851s
f1 shape: (1,)
f2 shape: (1,)
f3 shape: (1,)
2025-06-12 17:24:58,571 - INFO -  Selected idx=6927 (COC(=O)c1c(S(=O)(=O)NCc2ccccc2)sc(C(=O)O)c1C) → [1.         0.08235725 1.        ]
2025-06-12 17:24:59,044 - INFO -  Hypervolume: 0.4698
2025-06-12 17:24:59,045 - INFO - 
--- Iter 198 (train size (208, 3)) ---
2025-06-12 17:24:59,045 - INFO -  Inferred reference point at iter 198: [-0.0999996845451654, -0.025915647261625374, -0.09883575809883703]
2025-06-12 17:24:59,057 - INFO -  Scoring full pool: 9792 candidates
2025-06-12 17:25:27,501 - INFO -  GP predict time: 28.444s
2025-06-12 17:25:27,501 - INFO -   EHVI: 9792 candidates with 1000 MC samples
2025-06-12 17:33:15,347 - INFO -  EHVI time: 467.846s
f1 shape: (1,)
f2 shape: (1,)
f3 shape: (1,)
2025-06-12 17:33:15,350 - INFO -  Selected idx=6775 (Cc1c(N(Cc2ccc(C(C)(O)C(F)(F)F)c(F)c2)S(=O)(=O)c2ccc(C(=O)O)cc2)ncc2ccccc12) → [1.         0.1934365  0.30277064]
2025-06-12 17:33:16,419 - INFO -  Hypervolume: 0.4698
2025-06-12 17:33:16,419 - INFO - 
--- Iter 199 (train size (209, 3)) ---
2025-06-12 17:33:16,419 - INFO -  Inferred reference point at iter 199: [-0.0999996845451654, -0.025915647261625374, -0.09883575809883703]
2025-06-12 17:33:16,431 - INFO -  Scoring full pool: 9791 candidates
2025-06-12 17:33:45,267 - INFO -  GP predict time: 28.836s
2025-06-12 17:33:45,267 - INFO -   EHVI: 9791 candidates with 1000 MC samples
2025-06-12 17:41:31,796 - INFO -  EHVI time: 466.529s
f1 shape: (1,)
f2 shape: (1,)
f3 shape: (1,)
2025-06-12 17:41:31,799 - INFO -  Selected idx=7102 (CC(CCn1ccc(-c2ccc3ccccc3c2)cc1=O)(C(=O)NO)S(C)(=O)=O) → [1.         0.22559172 1.        ]
2025-06-12 17:41:32,875 - INFO -  Hypervolume: 0.4698
2025-06-12 17:41:32,943 - INFO - 
Final Pareto front points: [[0.6053176000098138, 0.34475806451612906, 1.0], [0.5430724730991606, 0.3618421052631579, 1.0], [1.0, 0.33916083916083917, 1.0], [1.0, 0.38623595505617975, 0.2300212276930921]]
2025-06-12 17:41:32,943 - INFO - Final Pareto front SMILES: ['O=C(COc1cc(=O)oc2ccccc12)N1CCC(O)(c2ccc(Br)cc2)CC1', None, None, None]
