Initial SMILES: ['CCCCNC(=O)Oc1ccc(OC)cc1',
 'Cc1ccc(S(=O)(=O)NC(=Nc2ccc3[nH]c(O)nc3c2)c2ccccc2)cc1',
 'COc1ccc(NC(=O)c2ccccc2Sc2ccc3c(C=Cc4ccccn4)n[nH]c3c2)cc1OC',
 'COc1ccc2c(c1)c(CC(=O)Nc1ccncc1)cn2Cc1ccccc1',
 'CN1CCN(S(=O)(=O)c2cccc(C(=O)N(C)Cc3cccs3)c2)CC1',
 'COc1cc2[nH]c(C(=O)Nc3ccc(F)cc3)cc2c(OC)c1OC',
 'CN1CC2CC1CN2c1ccc(-c2ccccc2)cn1',
 'CNC(=O)n1ccc2cc(Oc3ccnc(NC(=O)c4ccc(C5CCN(C(C)C)CC5)cc4)c3)c(OC)cc21',
 'Cc1cnc(CN=c2[nH]c(=NC3CC3)n3ncc(C=C4N=C(O)N=C4O)c3[nH]2)cn1',
 'O=C(CC12CCC(C(=O)O)(CC1)CC2)N1CCc2c(n(Cc3ccc(Cl)cc3)c3ncccc23)C1']
f1 shape: (10,)
f2 shape: (10,)
2025-06-04 07:03:02,962 - INFO - Initial objectives:
[[1.15384615e-01 1.35335283e-01]
 [4.05405405e-02 3.35462628e-04]
 [4.06976744e-02 1.52299797e-08]
 [6.25000000e-02 3.35462628e-04]
 [9.92366412e-02 1.00000000e+00]
 [6.01503759e-02 1.35335283e-01]
 [6.55737705e-02 1.00000000e+00]
 [1.28048780e-01 3.35462628e-04]
 [6.08108108e-02 1.35335283e-01]
 [1.02564103e-01 1.35335283e-01]]
2025-06-04 07:03:04,648 - INFO - Precomputed 10000 Morgan-fps in 1.685s
2025-06-04 07:03:05,512 - INFO - 
--- Iter 0 (train size (10, 2)) ---
2025-06-04 07:03:05,512 - INFO -  Inferred reference point at iter 0: [0.03178971654581411, -0.09999998324702228]
2025-06-04 07:03:05,513 - INFO -  Scoring full pool: 9990 candidates
2025-06-04 07:03:06,787 - INFO -  GP predict time: 1.274s
2025-06-04 07:03:06,788 - INFO -   EHVI: 9990 candidates with 500 MC samples
2025-06-04 07:05:13,120 - INFO -  EHVI time: 126.332s
f1 shape: (1,)
f2 shape: (1,)
2025-06-04 07:05:13,121 - INFO -  Selected idx=4790 (CN(Cc1nc2ccccc2c(=O)[nH]1)Cc1nnc(-c2ccccc2)o1) → [0.02797203 0.00033546]
2025-06-04 07:05:13,130 - INFO -  Hypervolume: 0.0793
2025-06-04 07:05:13,130 - INFO - 
--- Iter 1 (train size (11, 2)) ---
2025-06-04 07:05:13,130 - INFO -  Inferred reference point at iter 1: [0.01796435272045028, -0.09999998324702228]
2025-06-04 07:05:13,131 - INFO -  Scoring full pool: 9989 candidates
2025-06-04 07:05:14,450 - INFO -  GP predict time: 1.318s
2025-06-04 07:05:14,450 - INFO -   EHVI: 9989 candidates with 500 MC samples
2025-06-04 07:07:21,063 - INFO -  EHVI time: 126.613s
f1 shape: (1,)
f2 shape: (1,)
2025-06-04 07:07:21,064 - INFO -  Selected idx=8472 (CCSC1=NCCN1S(=O)(=O)c1ccc2ccccc2c1) → [0.06504065 1.        ]
2025-06-04 07:07:21,074 - INFO -  Hypervolume: 0.0945
2025-06-04 07:07:21,074 - INFO - 
--- Iter 2 (train size (12, 2)) ---
2025-06-04 07:07:21,074 - INFO -  Inferred reference point at iter 2: [0.01796435272045028, -0.09999998324702228]
2025-06-04 07:07:21,075 - INFO -  Scoring full pool: 9988 candidates
2025-06-04 07:07:22,413 - INFO -  GP predict time: 1.338s
2025-06-04 07:07:22,413 - INFO -   EHVI: 9988 candidates with 500 MC samples
2025-06-04 07:09:29,398 - INFO -  EHVI time: 126.985s
f1 shape: (1,)
f2 shape: (1,)
2025-06-04 07:09:29,400 - INFO -  Selected idx=1542 (CCCCNc1ncc2c(-c3ccc(CN4CCN(C)CC4)cc3)cn(C3CCC(O)CC3)c2n1) → [0.12337662 0.13533528]
2025-06-04 07:09:29,409 - INFO -  Hypervolume: 0.0955
2025-06-04 07:09:29,409 - INFO - 
--- Iter 3 (train size (13, 2)) ---
2025-06-04 07:09:29,409 - INFO -  Inferred reference point at iter 3: [0.01796435272045028, -0.09999998324702228]
2025-06-04 07:09:29,410 - INFO -  Scoring full pool: 9987 candidates
2025-06-04 07:09:30,829 - INFO -  GP predict time: 1.419s
2025-06-04 07:09:30,829 - INFO -   EHVI: 9987 candidates with 500 MC samples
2025-06-04 07:11:37,690 - INFO -  EHVI time: 126.861s
f1 shape: (1,)
f2 shape: (1,)
2025-06-04 07:11:37,691 - INFO -  Selected idx=6430 (N#CCSc1nc2ccccc2o1) → [0.00925926 1.        ]
2025-06-04 07:11:37,701 - INFO -  Hypervolume: 0.0955
2025-06-04 07:11:37,701 - INFO - 
--- Iter 4 (train size (14, 2)) ---
2025-06-04 07:11:37,701 - INFO -  Inferred reference point at iter 4: [-0.0026196928635953045, -0.09999998324702228]
2025-06-04 07:11:37,702 - INFO -  Scoring full pool: 9986 candidates
2025-06-04 07:11:39,211 - INFO -  GP predict time: 1.509s
2025-06-04 07:11:39,211 - INFO -   EHVI: 9986 candidates with 500 MC samples
2025-06-04 07:13:45,821 - INFO -  EHVI time: 126.610s
f1 shape: (1,)
f2 shape: (1,)
2025-06-04 07:13:45,823 - INFO -  Selected idx=370 (N#CCc1ccc(-c2cnc(C(=O)CCCCCCc3ccccc3)o2)nc1) → [0.04081633 0.13533528]
2025-06-04 07:13:45,833 - INFO -  Hypervolume: 0.1182
2025-06-04 07:13:45,833 - INFO - 
--- Iter 5 (train size (15, 2)) ---
2025-06-04 07:13:45,833 - INFO -  Inferred reference point at iter 5: [-0.0026196928635953045, -0.09999998324702228]
2025-06-04 07:13:45,834 - INFO -  Scoring full pool: 9985 candidates
2025-06-04 07:13:47,371 - INFO -  GP predict time: 1.536s
2025-06-04 07:13:47,371 - INFO -   EHVI: 9985 candidates with 500 MC samples
2025-06-04 07:15:54,257 - INFO -  EHVI time: 126.886s
f1 shape: (1,)
f2 shape: (1,)
2025-06-04 07:15:54,258 - INFO -  Selected idx=3378 (O=C(O)c1ccc(S(=O)(=O)N2CCN(c3ccccn3)CC2)cc1) → [0.09448819 1.        ]
2025-06-04 07:15:54,270 - INFO -  Hypervolume: 0.1182
2025-06-04 07:15:54,270 - INFO - 
--- Iter 6 (train size (16, 2)) ---
2025-06-04 07:15:54,270 - INFO -  Inferred reference point at iter 6: [-0.0026196928635953045, -0.09999998324702228]
2025-06-04 07:15:54,271 - INFO -  Scoring full pool: 9984 candidates
2025-06-04 07:15:55,922 - INFO -  GP predict time: 1.651s
2025-06-04 07:15:55,922 - INFO -   EHVI: 9984 candidates with 500 MC samples
2025-06-04 07:18:02,734 - INFO -  EHVI time: 126.812s
f1 shape: (1,)
f2 shape: (1,)
2025-06-04 07:18:02,735 - INFO -  Selected idx=9165 (CCON=C1C=C(C#Cc2ccccn2)CCC1F) → [0.07692308 0.13533528]
2025-06-04 07:18:02,746 - INFO -  Hypervolume: 0.1182
2025-06-04 07:18:02,746 - INFO - 
--- Iter 7 (train size (17, 2)) ---
2025-06-04 07:18:02,746 - INFO -  Inferred reference point at iter 7: [-0.0026196928635953045, -0.09999998324702228]
2025-06-04 07:18:02,747 - INFO -  Scoring full pool: 9983 candidates
2025-06-04 07:18:04,431 - INFO -  GP predict time: 1.684s
2025-06-04 07:18:04,432 - INFO -   EHVI: 9983 candidates with 500 MC samples
2025-06-04 07:20:11,339 - INFO -  EHVI time: 126.907s
f1 shape: (1,)
f2 shape: (1,)
2025-06-04 07:20:11,340 - INFO -  Selected idx=9837 (COc1ccccc1N1CCN(S(=O)(=O)c2cccc(F)c2)CC1) → [0.06923077 1.        ]
2025-06-04 07:20:11,351 - INFO -  Hypervolume: 0.1182
2025-06-04 07:20:11,351 - INFO - 
--- Iter 8 (train size (18, 2)) ---
2025-06-04 07:20:11,351 - INFO -  Inferred reference point at iter 8: [-0.0026196928635953045, -0.09999998324702228]
2025-06-04 07:20:11,352 - INFO -  Scoring full pool: 9982 candidates
2025-06-04 07:20:13,171 - INFO -  GP predict time: 1.819s
2025-06-04 07:20:13,171 - INFO -   EHVI: 9982 candidates with 500 MC samples
2025-06-04 07:22:20,081 - INFO -  EHVI time: 126.909s
f1 shape: (1,)
f2 shape: (1,)
2025-06-04 07:22:20,082 - INFO -  Selected idx=2208 (Cc1nc(COC(=O)c2ccc(S(=O)(=O)N3CCCC3)cc2)cs1) → [0.1300813 1.       ]
2025-06-04 07:22:20,095 - INFO -  Hypervolume: 0.1460
2025-06-04 07:22:20,095 - INFO - 
--- Iter 9 (train size (19, 2)) ---
2025-06-04 07:22:20,095 - INFO -  Inferred reference point at iter 9: [-0.0028229448961156305, -0.09999998324702228]
2025-06-04 07:22:20,096 - INFO -  Scoring full pool: 9981 candidates
2025-06-04 07:22:22,012 - INFO -  GP predict time: 1.916s
2025-06-04 07:22:22,012 - INFO -   EHVI: 9981 candidates with 500 MC samples
2025-06-04 07:23:53,798 - INFO -  EHVI time: 91.786s
f1 shape: (1,)
f2 shape: (1,)
2025-06-04 07:23:53,800 - INFO -  Selected idx=9668 (O=C1c2ccccc2S(=O)(=O)N1CCCCN1CCN(Cc2ccccc2)CC1) → [0.07638889 1.        ]
2025-06-04 07:23:53,810 - INFO -  Hypervolume: 0.1462
2025-06-04 07:23:53,810 - INFO - 
--- Iter 10 (train size (20, 2)) ---
2025-06-04 07:23:53,810 - INFO -  Inferred reference point at iter 10: [-0.0028229448961156305, -0.09999998324702228]
2025-06-04 07:23:53,811 - INFO -  Scoring full pool: 9980 candidates
2025-06-04 07:23:55,706 - INFO -  GP predict time: 1.895s
2025-06-04 07:23:55,706 - INFO -   EHVI: 9980 candidates with 500 MC samples
2025-06-04 07:25:27,954 - INFO -  EHVI time: 92.248s
f1 shape: (1,)
f2 shape: (1,)
2025-06-04 07:25:27,955 - INFO -  Selected idx=4930 (O=C(CN1CCOCC1)n1c2ccccc2c2ccccc21) → [0.07086614 0.13533528]
2025-06-04 07:25:27,969 - INFO -  Hypervolume: 0.1462
2025-06-04 07:25:27,969 - INFO - 
--- Iter 11 (train size (21, 2)) ---
2025-06-04 07:25:27,969 - INFO -  Inferred reference point at iter 11: [-0.0028229448961156305, -0.09999998324702228]
2025-06-04 07:25:27,970 - INFO -  Scoring full pool: 9979 candidates
2025-06-04 07:25:30,077 - INFO -  GP predict time: 2.107s
2025-06-04 07:25:30,077 - INFO -   EHVI: 9979 candidates with 500 MC samples
2025-06-04 07:27:02,274 - INFO -  EHVI time: 92.197s
f1 shape: (1,)
f2 shape: (1,)
2025-06-04 07:27:02,276 - INFO -  Selected idx=7373 (O=S(=O)(c1cccc(C(F)(F)F)c1)N1CCN(CC(O)COCc2ccccc2)CC1) → [0.08965517 1.        ]
2025-06-04 07:27:02,289 - INFO -  Hypervolume: 0.1462
2025-06-04 07:27:02,289 - INFO - 
--- Iter 12 (train size (22, 2)) ---
2025-06-04 07:27:02,290 - INFO -  Inferred reference point at iter 12: [-0.0028229448961156305, -0.09999998324702228]
2025-06-04 07:27:02,291 - INFO -  Scoring full pool: 9978 candidates
2025-06-04 07:27:04,428 - INFO -  GP predict time: 2.137s
2025-06-04 07:27:04,428 - INFO -   EHVI: 9978 candidates with 500 MC samples
2025-06-04 07:28:35,818 - INFO -  EHVI time: 91.389s
f1 shape: (1,)
f2 shape: (1,)
2025-06-04 07:28:35,819 - INFO -  Selected idx=824 (O=P(O)(O)C(O)(c1cccc(-c2ccccc2)c1)P(=O)(O)O) → [0.02362205 1.        ]
2025-06-04 07:28:35,833 - INFO -  Hypervolume: 0.1462
2025-06-04 07:28:35,833 - INFO - 
--- Iter 13 (train size (23, 2)) ---
2025-06-04 07:28:35,833 - INFO -  Inferred reference point at iter 13: [-0.0028229448961156305, -0.09999998324702228]
2025-06-04 07:28:35,834 - INFO -  Scoring full pool: 9977 candidates
2025-06-04 07:28:38,007 - INFO -  GP predict time: 2.173s
2025-06-04 07:28:38,007 - INFO -   EHVI: 9977 candidates with 500 MC samples
2025-06-04 07:30:09,863 - INFO -  EHVI time: 91.855s
f1 shape: (1,)
f2 shape: (1,)
2025-06-04 07:30:09,864 - INFO -  Selected idx=3064 (N#Cc1ccccc1N1CCN(CCCN2CC(=O)N3CCCC3C2=O)CC1) → [0.10144928 0.13533528]
2025-06-04 07:30:09,877 - INFO -  Hypervolume: 0.1462
2025-06-04 07:30:09,877 - INFO - 
--- Iter 14 (train size (24, 2)) ---
2025-06-04 07:30:09,877 - INFO -  Inferred reference point at iter 14: [-0.0028229448961156305, -0.09999998324702228]
2025-06-04 07:30:09,878 - INFO -  Scoring full pool: 9976 candidates
2025-06-04 07:30:12,095 - INFO -  GP predict time: 2.217s
2025-06-04 07:30:12,095 - INFO -   EHVI: 9976 candidates with 500 MC samples
2025-06-04 07:31:43,773 - INFO -  EHVI time: 91.678s
f1 shape: (1,)
f2 shape: (1,)
2025-06-04 07:31:43,775 - INFO -  Selected idx=6032 (O=C(CN1CCN(S(=O)(=O)c2ccc3c(c2)OCCO3)CC1)Nc1cccc(F)c1) → [0.09027778 1.        ]
2025-06-04 07:31:43,788 - INFO -  Hypervolume: 0.1462
2025-06-04 07:31:43,788 - INFO - 
--- Iter 15 (train size (25, 2)) ---
2025-06-04 07:31:43,788 - INFO -  Inferred reference point at iter 15: [-0.0028229448961156305, -0.09999998324702228]
2025-06-04 07:31:43,789 - INFO -  Scoring full pool: 9975 candidates
2025-06-04 07:31:46,095 - INFO -  GP predict time: 2.306s
2025-06-04 07:31:46,095 - INFO -   EHVI: 9975 candidates with 500 MC samples
2025-06-04 07:33:17,797 - INFO -  EHVI time: 91.702s
f1 shape: (1,)
f2 shape: (1,)
2025-06-04 07:33:17,799 - INFO -  Selected idx=6877 (Cc1ccc(S(=O)(=O)N2CCN(C)CC2)cc1[N+](=O)[O-]) → [0.08695652 0.13533528]
2025-06-04 07:33:17,813 - INFO -  Hypervolume: 0.1462
2025-06-04 07:33:17,813 - INFO - 
--- Iter 16 (train size (26, 2)) ---
2025-06-04 07:33:17,813 - INFO -  Inferred reference point at iter 16: [-0.0028229448961156305, -0.09999998324702228]
2025-06-04 07:33:17,814 - INFO -  Scoring full pool: 9974 candidates
2025-06-04 07:33:20,240 - INFO -  GP predict time: 2.425s
2025-06-04 07:33:20,240 - INFO -   EHVI: 9974 candidates with 500 MC samples
2025-06-04 07:34:52,007 - INFO -  EHVI time: 91.767s
f1 shape: (1,)
f2 shape: (1,)
2025-06-04 07:34:52,009 - INFO -  Selected idx=6744 (CC1(C)OC(S)=Nc2ccc(-c3cccc(F)c3)cc21) → [0.016 1.   ]
2025-06-04 07:34:52,025 - INFO -  Hypervolume: 0.1462
2025-06-04 07:34:52,025 - INFO - 
--- Iter 17 (train size (27, 2)) ---
2025-06-04 07:34:52,025 - INFO -  Inferred reference point at iter 17: [-0.0028229448961156305, -0.09999998324702228]
2025-06-04 07:34:52,027 - INFO -  Scoring full pool: 9973 candidates
2025-06-04 07:34:54,494 - INFO -  GP predict time: 2.468s
2025-06-04 07:34:54,494 - INFO -   EHVI: 9973 candidates with 500 MC samples
2025-06-04 07:36:26,359 - INFO -  EHVI time: 91.865s
f1 shape: (1,)
f2 shape: (1,)
2025-06-04 07:36:26,361 - INFO -  Selected idx=452 (CC(C)C(=O)Nc1nc(-c2ccc(S(=O)(=O)N3CCOCC3)cc2)cs1) → [0.11627907 1.        ]
2025-06-04 07:36:26,377 - INFO -  Hypervolume: 0.1462
2025-06-04 07:36:26,377 - INFO - 
--- Iter 18 (train size (28, 2)) ---
2025-06-04 07:36:26,377 - INFO -  Inferred reference point at iter 18: [-0.0028229448961156305, -0.09999998324702228]
2025-06-04 07:36:26,379 - INFO -  Scoring full pool: 9972 candidates
2025-06-04 07:36:29,029 - INFO -  GP predict time: 2.650s
2025-06-04 07:36:29,029 - INFO -   EHVI: 9972 candidates with 500 MC samples
2025-06-04 07:38:01,441 - INFO -  EHVI time: 92.412s
f1 shape: (1,)
f2 shape: (1,)
2025-06-04 07:38:01,443 - INFO -  Selected idx=3415 (O=c1cc(CN2CCN(S(=O)(=O)c3ccccc3)CC2)nc2ccc(Cl)cn12) → [0.06338028 0.13533528]
2025-06-04 07:38:01,458 - INFO -  Hypervolume: 0.1462
2025-06-04 07:38:01,458 - INFO - 
--- Iter 19 (train size (29, 2)) ---
2025-06-04 07:38:01,458 - INFO -  Inferred reference point at iter 19: [-0.0028229448961156305, -0.09999998324702228]
2025-06-04 07:38:01,460 - INFO -  Scoring full pool: 9971 candidates
2025-06-04 07:38:04,079 - INFO -  GP predict time: 2.619s
2025-06-04 07:38:04,079 - INFO -   EHVI: 9971 candidates with 500 MC samples
2025-06-04 07:39:36,255 - INFO -  EHVI time: 92.176s
f1 shape: (1,)
f2 shape: (1,)
2025-06-04 07:39:36,257 - INFO -  Selected idx=5143 (Cc1ccccc1-n1cccc1CN1CCN(c2noc3ccccc23)CC1) → [0.04761905 0.00033546]
2025-06-04 07:39:36,274 - INFO -  Hypervolume: 0.1462
2025-06-04 07:39:36,274 - INFO - 
--- Iter 20 (train size (30, 2)) ---
2025-06-04 07:39:36,274 - INFO -  Inferred reference point at iter 20: [-0.0028229448961156305, -0.09999998324702228]
2025-06-04 07:39:36,275 - INFO -  Scoring full pool: 9970 candidates
2025-06-04 07:39:39,098 - INFO -  GP predict time: 2.823s
2025-06-04 07:39:39,098 - INFO -   EHVI: 9970 candidates with 500 MC samples
2025-06-04 07:41:10,802 - INFO -  EHVI time: 91.704s
f1 shape: (1,)
f2 shape: (1,)
2025-06-04 07:41:10,804 - INFO -  Selected idx=6034 (Cc1cc(F)ccc1NC(=O)CCc1ccc(S(=O)(=O)N2CCOCC2)cc1) → [0.10294118 1.        ]
2025-06-04 07:41:10,822 - INFO -  Hypervolume: 0.1462
2025-06-04 07:41:10,822 - INFO - 
--- Iter 21 (train size (31, 2)) ---
2025-06-04 07:41:10,822 - INFO -  Inferred reference point at iter 21: [-0.0028229448961156305, -0.09999998324702228]
2025-06-04 07:41:10,823 - INFO -  Scoring full pool: 9969 candidates
2025-06-04 07:41:13,767 - INFO -  GP predict time: 2.944s
2025-06-04 07:41:13,768 - INFO -   EHVI: 9969 candidates with 500 MC samples
2025-06-04 07:42:45,899 - INFO -  EHVI time: 92.131s
f1 shape: (1,)
f2 shape: (1,)
2025-06-04 07:42:45,901 - INFO -  Selected idx=6980 (Cc1ccc(S(=O)(=O)N(C)C)cc1NC(=O)C(C)N(C)Cc1sccc1C) → [0.09160305 1.        ]
2025-06-04 07:42:45,919 - INFO -  Hypervolume: 0.1462
2025-06-04 07:42:45,919 - INFO - 
--- Iter 22 (train size (32, 2)) ---
2025-06-04 07:42:45,919 - INFO -  Inferred reference point at iter 22: [-0.0028229448961156305, -0.09999998324702228]
2025-06-04 07:42:45,920 - INFO -  Scoring full pool: 9968 candidates
2025-06-04 07:42:48,871 - INFO -  GP predict time: 2.951s
2025-06-04 07:42:48,871 - INFO -   EHVI: 9968 candidates with 500 MC samples
2025-06-04 07:44:20,536 - INFO -  EHVI time: 91.665s
f1 shape: (1,)
f2 shape: (1,)
2025-06-04 07:44:20,538 - INFO -  Selected idx=675 (CCOC(=O)N1CCN(S(=O)(=O)c2ccc(OC)c(Br)c2)CC1) → [0.15517241 0.13533528]
2025-06-04 07:44:20,556 - INFO -  Hypervolume: 0.1521
2025-06-04 07:44:20,556 - INFO - 
--- Iter 23 (train size (33, 2)) ---
2025-06-04 07:44:20,557 - INFO -  Inferred reference point at iter 23: [-0.00533205619412516, -0.09999998324702228]
2025-06-04 07:44:20,558 - INFO -  Scoring full pool: 9967 candidates
2025-06-04 07:44:23,613 - INFO -  GP predict time: 3.055s
2025-06-04 07:44:23,613 - INFO -   EHVI: 9967 candidates with 500 MC samples
2025-06-04 07:46:12,813 - INFO -  EHVI time: 109.199s
f1 shape: (1,)
f2 shape: (1,)
2025-06-04 07:46:12,814 - INFO -  Selected idx=9136 (O=C(CCNC(=O)C1CCN(S(=O)(=O)c2ccccc2)CC1)NCc1cccc(C(F)(F)F)c1) → [0.1292517 1.       ]
2025-06-04 07:46:12,832 - INFO -  Hypervolume: 0.1549
2025-06-04 07:46:12,832 - INFO - 
--- Iter 24 (train size (34, 2)) ---
2025-06-04 07:46:12,833 - INFO -  Inferred reference point at iter 24: [-0.00533205619412516, -0.09999998324702228]
2025-06-04 07:46:12,834 - INFO -  Scoring full pool: 9966 candidates
2025-06-04 07:46:15,900 - INFO -  GP predict time: 3.066s
2025-06-04 07:46:15,900 - INFO -   EHVI: 9966 candidates with 500 MC samples
2025-06-04 07:48:05,377 - INFO -  EHVI time: 109.477s
f1 shape: (1,)
f2 shape: (1,)
2025-06-04 07:48:05,378 - INFO -  Selected idx=2284 (O=S(=O)(Nc1ccc(C(F)(F)F)cc1)c1cccs1) → [0.025 1.   ]
2025-06-04 07:48:05,394 - INFO -  Hypervolume: 0.1549
2025-06-04 07:48:05,395 - INFO - 
--- Iter 25 (train size (35, 2)) ---
2025-06-04 07:48:05,395 - INFO -  Inferred reference point at iter 25: [-0.00533205619412516, -0.09999998324702228]
2025-06-04 07:48:05,396 - INFO -  Scoring full pool: 9965 candidates
2025-06-04 07:48:08,495 - INFO -  GP predict time: 3.099s
2025-06-04 07:48:08,495 - INFO -   EHVI: 9965 candidates with 500 MC samples
2025-06-04 07:49:57,933 - INFO -  EHVI time: 109.438s
f1 shape: (1,)
f2 shape: (1,)
2025-06-04 07:49:57,935 - INFO -  Selected idx=1062 (Cc1cc(NC(=O)c2cccc(S(=O)(=O)N3CCCCCC3)c2)no1) → [0.11811024 1.        ]
2025-06-04 07:49:57,955 - INFO -  Hypervolume: 0.1549
2025-06-04 07:49:57,955 - INFO - 
--- Iter 26 (train size (36, 2)) ---
2025-06-04 07:49:57,955 - INFO -  Inferred reference point at iter 26: [-0.00533205619412516, -0.09999998324702228]
2025-06-04 07:49:57,957 - INFO -  Scoring full pool: 9964 candidates
2025-06-04 07:50:01,185 - INFO -  GP predict time: 3.228s
2025-06-04 07:50:01,185 - INFO -   EHVI: 9964 candidates with 500 MC samples
2025-06-04 07:51:51,300 - INFO -  EHVI time: 110.115s
f1 shape: (1,)
f2 shape: (1,)
2025-06-04 07:51:51,302 - INFO -  Selected idx=7387 (CC(C)NS(=O)(=O)c1ccc(NC2CCN(CC(O)=Nc3ccccc3)CC2)c([N+](=O)O)c1) → [0.13986014 1.        ]
2025-06-04 07:51:51,321 - INFO -  Hypervolume: 0.1633
2025-06-04 07:51:51,321 - INFO - 
--- Iter 27 (train size (37, 2)) ---
2025-06-04 07:51:51,321 - INFO -  Inferred reference point at iter 27: [-0.00533205619412516, -0.09999998324702228]
2025-06-04 07:51:51,323 - INFO -  Scoring full pool: 9963 candidates
2025-06-04 07:51:54,570 - INFO -  GP predict time: 3.247s
2025-06-04 07:51:54,570 - INFO -   EHVI: 9963 candidates with 500 MC samples
2025-06-04 07:53:44,158 - INFO -  EHVI time: 109.588s
f1 shape: (1,)
f2 shape: (1,)
2025-06-04 07:53:44,159 - INFO -  Selected idx=1297 (CC(CN1CCCCC1)OC(=O)c1cc2ccccc2o1) → [0.13793103 1.        ]
2025-06-04 07:53:44,178 - INFO -  Hypervolume: 0.1633
2025-06-04 07:53:44,178 - INFO - 
--- Iter 28 (train size (38, 2)) ---
2025-06-04 07:53:44,178 - INFO -  Inferred reference point at iter 28: [-0.00533205619412516, -0.09999998324702228]
2025-06-04 07:53:44,180 - INFO -  Scoring full pool: 9962 candidates
2025-06-04 07:53:47,513 - INFO -  GP predict time: 3.333s
2025-06-04 07:53:47,513 - INFO -   EHVI: 9962 candidates with 500 MC samples
2025-06-04 07:55:37,258 - INFO -  EHVI time: 109.745s
f1 shape: (1,)
f2 shape: (1,)
2025-06-04 07:55:37,260 - INFO -  Selected idx=5754 (CC(NC(=O)N1CCCCCC1)c1ccc(S(N)(=O)=O)cc1) → [0.14782609 0.13533528]
2025-06-04 07:55:37,278 - INFO -  Hypervolume: 0.1633
2025-06-04 07:55:37,279 - INFO - 
--- Iter 29 (train size (39, 2)) ---
2025-06-04 07:55:37,279 - INFO -  Inferred reference point at iter 29: [-0.00533205619412516, -0.09999998324702228]
2025-06-04 07:55:37,280 - INFO -  Scoring full pool: 9961 candidates
2025-06-04 07:55:40,684 - INFO -  GP predict time: 3.403s
2025-06-04 07:55:40,684 - INFO -   EHVI: 9961 candidates with 500 MC samples
2025-06-04 07:57:30,596 - INFO -  EHVI time: 109.913s
f1 shape: (1,)
f2 shape: (1,)
2025-06-04 07:57:30,598 - INFO -  Selected idx=5722 (Cc1ccc(S(=O)(=O)Nc2cc(C(F)(F)F)ccc2N2CCOCC2)cc1C) → [0.07246377 1.        ]
2025-06-04 07:57:30,619 - INFO -  Hypervolume: 0.1633
2025-06-04 07:57:30,619 - INFO - 
--- Iter 30 (train size (40, 2)) ---
2025-06-04 07:57:30,619 - INFO -  Inferred reference point at iter 30: [-0.00533205619412516, -0.09999998324702228]
2025-06-04 07:57:30,621 - INFO -  Scoring full pool: 9960 candidates
2025-06-04 07:57:34,200 - INFO -  GP predict time: 3.579s
2025-06-04 07:57:34,200 - INFO -   EHVI: 9960 candidates with 500 MC samples
2025-06-04 07:59:23,702 - INFO -  EHVI time: 109.502s
f1 shape: (1,)
f2 shape: (1,)
2025-06-04 07:59:23,704 - INFO -  Selected idx=918 (Cc1ccc(S(=O)(=O)CCC(=O)Nc2ccccc2N2CCCC2)cc1) → [0.12403101 1.        ]
2025-06-04 07:59:23,727 - INFO -  Hypervolume: 0.1633
2025-06-04 07:59:23,727 - INFO - 
--- Iter 31 (train size (41, 2)) ---
2025-06-04 07:59:23,727 - INFO -  Inferred reference point at iter 31: [-0.00533205619412516, -0.09999998324702228]
2025-06-04 07:59:23,729 - INFO -  Scoring full pool: 9959 candidates
2025-06-04 07:59:27,302 - INFO -  GP predict time: 3.574s
2025-06-04 07:59:27,302 - INFO -   EHVI: 9959 candidates with 500 MC samples
2025-06-04 08:01:17,238 - INFO -  EHVI time: 109.936s
f1 shape: (1,)
f2 shape: (1,)
2025-06-04 08:01:17,240 - INFO -  Selected idx=2550 (CC1(C)Cc2ccccc2-c2nnc(SCC(=O)Nc3nc4ccccc4s3)n21) → [0.06164384 0.00033546]
2025-06-04 08:01:17,263 - INFO -  Hypervolume: 0.1633
2025-06-04 08:01:17,263 - INFO - 
--- Iter 32 (train size (42, 2)) ---
2025-06-04 08:01:17,263 - INFO -  Inferred reference point at iter 32: [-0.00533205619412516, -0.09999998324702228]
2025-06-04 08:01:17,265 - INFO -  Scoring full pool: 9958 candidates
2025-06-04 08:01:21,093 - INFO -  GP predict time: 3.828s
2025-06-04 08:01:21,093 - INFO -   EHVI: 9958 candidates with 500 MC samples
2025-06-04 08:03:10,592 - INFO -  EHVI time: 109.499s
f1 shape: (1,)
f2 shape: (1,)
2025-06-04 08:03:10,594 - INFO -  Selected idx=6872 (O=C(NCCCN1CCOCC1)C1CCN(S(=O)(=O)c2cccc(C(F)(F)F)c2)CC1) → [0.12857143 0.13533528]
2025-06-04 08:03:10,616 - INFO -  Hypervolume: 0.1633
2025-06-04 08:03:10,617 - INFO - 
--- Iter 33 (train size (43, 2)) ---
2025-06-04 08:03:10,617 - INFO -  Inferred reference point at iter 33: [-0.00533205619412516, -0.09999998324702228]
2025-06-04 08:03:10,618 - INFO -  Scoring full pool: 9957 candidates
2025-06-04 08:03:14,523 - INFO -  GP predict time: 3.905s
2025-06-04 08:03:14,523 - INFO -   EHVI: 9957 candidates with 500 MC samples
2025-06-04 08:05:04,230 - INFO -  EHVI time: 109.706s
f1 shape: (1,)
f2 shape: (1,)
2025-06-04 08:05:04,232 - INFO -  Selected idx=7338 (Cc1cccc(N(Cc2ccccc2)C(=O)c2cccc(S(=O)(=O)N3CC(C)OC(C)C3)c2)c1) → [0.09150327 0.13533528]
2025-06-04 08:05:04,256 - INFO -  Hypervolume: 0.1633
2025-06-04 08:05:04,256 - INFO - 
--- Iter 34 (train size (44, 2)) ---
2025-06-04 08:05:04,256 - INFO -  Inferred reference point at iter 34: [-0.00533205619412516, -0.09999998324702228]
2025-06-04 08:05:04,258 - INFO -  Scoring full pool: 9956 candidates
2025-06-04 08:05:08,055 - INFO -  GP predict time: 3.797s
2025-06-04 08:05:08,055 - INFO -   EHVI: 9956 candidates with 500 MC samples
2025-06-04 08:06:57,375 - INFO -  EHVI time: 109.320s
f1 shape: (1,)
f2 shape: (1,)
2025-06-04 08:06:57,376 - INFO -  Selected idx=276 (CC(CCn1ccc(-c2ccc3ccccc3c2)cc1=O)(C(=O)NO)S(C)(=O)=O) → [0.08633094 0.13533528]
2025-06-04 08:06:57,400 - INFO -  Hypervolume: 0.1633
2025-06-04 08:06:57,400 - INFO - 
--- Iter 35 (train size (45, 2)) ---
2025-06-04 08:06:57,400 - INFO -  Inferred reference point at iter 35: [-0.00533205619412516, -0.09999998324702228]
2025-06-04 08:06:57,402 - INFO -  Scoring full pool: 9955 candidates
2025-06-04 08:07:01,377 - INFO -  GP predict time: 3.975s
2025-06-04 08:07:01,377 - INFO -   EHVI: 9955 candidates with 500 MC samples
2025-06-04 08:08:51,035 - INFO -  EHVI time: 109.658s
f1 shape: (1,)
f2 shape: (1,)
2025-06-04 08:08:51,036 - INFO -  Selected idx=9495 (Cc1onc(-c2c(F)cccc2Cl)c1C(=O)Nc1cccc(S(=O)(=O)N2CCCCC2)c1) → [0.10273973 0.13533528]
2025-06-04 08:08:51,061 - INFO -  Hypervolume: 0.1633
2025-06-04 08:08:51,061 - INFO - 
--- Iter 36 (train size (46, 2)) ---
2025-06-04 08:08:51,061 - INFO -  Inferred reference point at iter 36: [-0.00533205619412516, -0.09999998324702228]
2025-06-04 08:08:51,062 - INFO -  Scoring full pool: 9954 candidates
2025-06-04 08:08:54,980 - INFO -  GP predict time: 3.918s
2025-06-04 08:08:54,980 - INFO -   EHVI: 9954 candidates with 500 MC samples
2025-06-04 08:10:44,736 - INFO -  EHVI time: 109.756s
f1 shape: (1,)
f2 shape: (1,)
2025-06-04 08:10:44,738 - INFO -  Selected idx=7066 (CC(C)(C)c1ccc(C2(C(=O)NCCS(N)(=O)=O)CC2)cc1) → [0.11206897 0.13533528]
2025-06-04 08:10:44,765 - INFO -  Hypervolume: 0.1633
2025-06-04 08:10:44,765 - INFO - 
--- Iter 37 (train size (47, 2)) ---
2025-06-04 08:10:44,765 - INFO -  Inferred reference point at iter 37: [-0.00533205619412516, -0.09999998324702228]
2025-06-04 08:10:44,767 - INFO -  Scoring full pool: 9953 candidates
2025-06-04 08:10:48,956 - INFO -  GP predict time: 4.189s
2025-06-04 08:10:48,956 - INFO -   EHVI: 9953 candidates with 500 MC samples
2025-06-04 08:12:38,553 - INFO -  EHVI time: 109.597s
f1 shape: (1,)
f2 shape: (1,)
2025-06-04 08:12:38,555 - INFO -  Selected idx=5573 (Cc1ccc(C)c(NC(=O)CSc2n[nH]c(-c3ccncc3)n2)c1) → [0.05263158 0.13533528]
2025-06-04 08:12:38,579 - INFO -  Hypervolume: 0.1633
2025-06-04 08:12:38,579 - INFO - 
--- Iter 38 (train size (48, 2)) ---
2025-06-04 08:12:38,579 - INFO -  Inferred reference point at iter 38: [-0.00533205619412516, -0.09999998324702228]
2025-06-04 08:12:38,581 - INFO -  Scoring full pool: 9952 candidates
2025-06-04 08:12:42,916 - INFO -  GP predict time: 4.335s
2025-06-04 08:12:42,916 - INFO -   EHVI: 9952 candidates with 500 MC samples
2025-06-04 08:14:31,937 - INFO -  EHVI time: 109.021s
f1 shape: (1,)
f2 shape: (1,)
2025-06-04 08:14:31,938 - INFO -  Selected idx=8704 (O=S(=O)(c1ccc(OC(F)(F)F)cc1)N1CCCC(c2ccccc2)C1) → [0.08270677 1.        ]
2025-06-04 08:14:31,963 - INFO -  Hypervolume: 0.1633
2025-06-04 08:14:31,964 - INFO - 
--- Iter 39 (train size (49, 2)) ---
2025-06-04 08:14:31,964 - INFO -  Inferred reference point at iter 39: [-0.00533205619412516, -0.09999998324702228]
2025-06-04 08:14:31,965 - INFO -  Scoring full pool: 9951 candidates
2025-06-04 08:14:36,253 - INFO -  GP predict time: 4.288s
2025-06-04 08:14:36,253 - INFO -   EHVI: 9951 candidates with 500 MC samples
2025-06-04 08:16:25,564 - INFO -  EHVI time: 109.311s
f1 shape: (1,)
f2 shape: (1,)
2025-06-04 08:16:25,566 - INFO -  Selected idx=7649 (Cc1ccccc1NS(=O)(=O)c1ccc(C)c(NS(C)(=O)=O)c1C) → [0.0546875 1.       ]
2025-06-04 08:16:25,595 - INFO -  Hypervolume: 0.1633
2025-06-04 08:16:25,595 - INFO - 
--- Iter 40 (train size (50, 2)) ---
2025-06-04 08:16:25,595 - INFO -  Inferred reference point at iter 40: [-0.00533205619412516, -0.09999998324702228]
2025-06-04 08:16:25,597 - INFO -  Scoring full pool: 9950 candidates
2025-06-04 08:16:30,075 - INFO -  GP predict time: 4.478s
2025-06-04 08:16:30,075 - INFO -   EHVI: 9950 candidates with 500 MC samples
2025-06-04 08:18:19,225 - INFO -  EHVI time: 109.150s
f1 shape: (1,)
f2 shape: (1,)
2025-06-04 08:18:19,227 - INFO -  Selected idx=458 (CC(C)C(NS(=O)(=O)c1ccc(-c2ccc(F)cc2)cc1)P(=O)(O)O) → [0.078125 1.      ]
2025-06-04 08:18:19,256 - INFO -  Hypervolume: 0.1633
2025-06-04 08:18:19,256 - INFO - 
--- Iter 41 (train size (51, 2)) ---
2025-06-04 08:18:19,256 - INFO -  Inferred reference point at iter 41: [-0.00533205619412516, -0.09999998324702228]
2025-06-04 08:18:19,258 - INFO -  Scoring full pool: 9949 candidates
2025-06-04 08:18:23,774 - INFO -  GP predict time: 4.516s
2025-06-04 08:18:23,774 - INFO -   EHVI: 9949 candidates with 500 MC samples
2025-06-04 08:20:13,055 - INFO -  EHVI time: 109.281s
f1 shape: (1,)
f2 shape: (1,)
2025-06-04 08:20:13,056 - INFO -  Selected idx=5900 (CC(=O)N1CCN(CC(C)NC(=O)c2cc(-c3nccs3)cc(-c3ccc(C)cc3F)c2)CC1) → [0.12080537 0.13533528]
2025-06-04 08:20:13,084 - INFO -  Hypervolume: 0.1633
2025-06-04 08:20:13,084 - INFO - 
--- Iter 42 (train size (52, 2)) ---
2025-06-04 08:20:13,084 - INFO -  Inferred reference point at iter 42: [-0.00533205619412516, -0.09999998324702228]
2025-06-04 08:20:13,086 - INFO -  Scoring full pool: 9948 candidates
2025-06-04 08:20:17,673 - INFO -  GP predict time: 4.587s
2025-06-04 08:20:17,673 - INFO -   EHVI: 9948 candidates with 500 MC samples
2025-06-04 08:22:07,002 - INFO -  EHVI time: 109.328s
f1 shape: (1,)
f2 shape: (1,)
2025-06-04 08:22:07,003 - INFO -  Selected idx=3153 (CC(=O)NC(CC(=O)Nc1cccc(S(=O)(=O)N2CCCCC2)c1)c1ccccc1) → [0.13868613 1.        ]
2025-06-04 08:22:07,033 - INFO -  Hypervolume: 0.1633
2025-06-04 08:22:07,033 - INFO - 
--- Iter 43 (train size (53, 2)) ---
2025-06-04 08:22:07,034 - INFO -  Inferred reference point at iter 43: [-0.00533205619412516, -0.09999998324702228]
2025-06-04 08:22:07,035 - INFO -  Scoring full pool: 9947 candidates
2025-06-04 08:22:11,576 - INFO -  GP predict time: 4.541s
2025-06-04 08:22:11,576 - INFO -   EHVI: 9947 candidates with 500 MC samples
2025-06-04 08:24:01,198 - INFO -  EHVI time: 109.622s
f1 shape: (1,)
f2 shape: (1,)
2025-06-04 08:24:01,200 - INFO -  Selected idx=8073 (CC(C(=O)NO)N(Cc1ccccc1[N+](=O)[O-])C(=O)NS(=O)(=O)c1ccc(Cl)cc1) → [0.09352518 1.        ]
2025-06-04 08:24:01,230 - INFO -  Hypervolume: 0.1633
2025-06-04 08:24:01,230 - INFO - 
--- Iter 44 (train size (54, 2)) ---
2025-06-04 08:24:01,230 - INFO -  Inferred reference point at iter 44: [-0.00533205619412516, -0.09999998324702228]
2025-06-04 08:24:01,232 - INFO -  Scoring full pool: 9946 candidates
2025-06-04 08:24:05,879 - INFO -  GP predict time: 4.648s
2025-06-04 08:24:05,879 - INFO -   EHVI: 9946 candidates with 500 MC samples
2025-06-04 08:25:55,517 - INFO -  EHVI time: 109.637s
f1 shape: (1,)
f2 shape: (1,)
2025-06-04 08:25:55,518 - INFO -  Selected idx=695 (O=C(CS(=O)(=O)c1ccc(F)cc1)NCc1ccccc1) → [0.06557377 1.        ]
2025-06-04 08:25:55,551 - INFO -  Hypervolume: 0.1633
2025-06-04 08:25:55,551 - INFO - 
--- Iter 45 (train size (55, 2)) ---
2025-06-04 08:25:55,551 - INFO -  Inferred reference point at iter 45: [-0.00533205619412516, -0.09999998324702228]
2025-06-04 08:25:55,553 - INFO -  Scoring full pool: 9945 candidates
2025-06-04 08:26:00,313 - INFO -  GP predict time: 4.760s
2025-06-04 08:26:00,313 - INFO -   EHVI: 9945 candidates with 500 MC samples
2025-06-04 08:27:49,581 - INFO -  EHVI time: 109.268s
f1 shape: (1,)
f2 shape: (1,)
2025-06-04 08:27:49,582 - INFO -  Selected idx=4089 (COc1ccccc1CNC(=O)Cn1nc(-c2ccc(F)cc2)oc1=O) → [0.07407407 0.13533528]
2025-06-04 08:27:49,615 - INFO -  Hypervolume: 0.1633
2025-06-04 08:27:49,615 - INFO - 
--- Iter 46 (train size (56, 2)) ---
2025-06-04 08:27:49,615 - INFO -  Inferred reference point at iter 46: [-0.00533205619412516, -0.09999998324702228]
2025-06-04 08:27:49,618 - INFO -  Scoring full pool: 9944 candidates
2025-06-04 08:27:54,647 - INFO -  GP predict time: 5.030s
2025-06-04 08:27:54,648 - INFO -   EHVI: 9944 candidates with 500 MC samples
2025-06-04 08:29:43,796 - INFO -  EHVI time: 109.149s
f1 shape: (1,)
f2 shape: (1,)
2025-06-04 08:29:43,798 - INFO -  Selected idx=9622 (O=C(CNc1cccc(Br)c1)Nc1ccccc1C(=O)O) → [0.08333333 1.        ]
2025-06-04 08:29:43,831 - INFO -  Hypervolume: 0.1633
2025-06-04 08:29:43,831 - INFO - 
--- Iter 47 (train size (57, 2)) ---
2025-06-04 08:29:43,831 - INFO -  Inferred reference point at iter 47: [-0.00533205619412516, -0.09999998324702228]
2025-06-04 08:29:43,834 - INFO -  Scoring full pool: 9943 candidates
2025-06-04 08:29:48,869 - INFO -  GP predict time: 5.035s
2025-06-04 08:29:48,869 - INFO -   EHVI: 9943 candidates with 500 MC samples
2025-06-04 08:31:38,734 - INFO -  EHVI time: 109.864s
f1 shape: (1,)
f2 shape: (1,)
2025-06-04 08:31:38,735 - INFO -  Selected idx=7215 (Cc1nc2cc(NS(=O)(=O)c3ccccc3)ccc2n1C) → [0.0483871  0.13533528]
2025-06-04 08:31:38,765 - INFO -  Hypervolume: 0.1633
2025-06-04 08:31:38,765 - INFO - 
--- Iter 48 (train size (58, 2)) ---
2025-06-04 08:31:38,765 - INFO -  Inferred reference point at iter 48: [-0.00533205619412516, -0.09999998324702228]
2025-06-04 08:31:38,767 - INFO -  Scoring full pool: 9942 candidates
2025-06-04 08:31:43,850 - INFO -  GP predict time: 5.083s
2025-06-04 08:31:43,850 - INFO -   EHVI: 9942 candidates with 500 MC samples
2025-06-04 08:33:33,699 - INFO -  EHVI time: 109.848s
f1 shape: (1,)
f2 shape: (1,)
2025-06-04 08:33:33,700 - INFO -  Selected idx=6662 (CC(C)(C)c1ccc(CC(=O)N2CCC2(C)C(=O)NS(=O)(=O)c2cccc(F)c2)cc1) → [0.10714286 1.        ]
2025-06-04 08:33:33,736 - INFO -  Hypervolume: 0.1633
2025-06-04 08:33:33,736 - INFO - 
--- Iter 49 (train size (59, 2)) ---
2025-06-04 08:33:33,736 - INFO -  Inferred reference point at iter 49: [-0.00533205619412516, -0.09999998324702228]
2025-06-04 08:33:33,738 - INFO -  Scoring full pool: 9941 candidates
2025-06-04 08:33:38,956 - INFO -  GP predict time: 5.219s
2025-06-04 08:33:38,957 - INFO -   EHVI: 9941 candidates with 500 MC samples
2025-06-04 08:35:28,877 - INFO -  EHVI time: 109.920s
f1 shape: (1,)
f2 shape: (1,)
2025-06-04 08:35:28,878 - INFO -  Selected idx=4077 (CC(=O)N1c2ccc(S(=O)(=O)NCC3CCC(C(=O)NCc4ccc(C)o4)CC3)cc2CC1C) → [0.16901408 1.        ]
2025-06-04 08:35:28,911 - INFO -  Hypervolume: 0.1918
2025-06-04 08:35:28,911 - INFO - 
--- Iter 50 (train size (60, 2)) ---
2025-06-04 08:35:28,911 - INFO -  Inferred reference point at iter 50: [-0.006716223265519041, -0.09999998324702228]
2025-06-04 08:35:28,913 - INFO -  Scoring full pool: 9940 candidates
2025-06-04 08:35:34,200 - INFO -  GP predict time: 5.287s
2025-06-04 08:35:34,200 - INFO -   EHVI: 9940 candidates with 500 MC samples
2025-06-04 08:37:05,808 - INFO -  EHVI time: 91.608s
f1 shape: (1,)
f2 shape: (1,)
2025-06-04 08:37:05,810 - INFO -  Selected idx=818 (Cc1ccc(S(=O)(=O)N2CCC(C(=O)OCC(=O)NC(C)c3ccc(F)cc3)CC2)cc1C) → [0.17391304 1.        ]
2025-06-04 08:37:05,847 - INFO -  Hypervolume: 0.1987
2025-06-04 08:37:05,847 - INFO - 
--- Iter 51 (train size (61, 2)) ---
2025-06-04 08:37:05,847 - INFO -  Inferred reference point at iter 51: [-0.007206119162640905, -0.09999998324702228]
2025-06-04 08:37:05,850 - INFO -  Scoring full pool: 9939 candidates
2025-06-04 08:37:11,167 - INFO -  GP predict time: 5.317s
2025-06-04 08:37:11,167 - INFO -   EHVI: 9939 candidates with 500 MC samples
2025-06-04 08:38:42,827 - INFO -  EHVI time: 91.659s
f1 shape: (1,)
f2 shape: (1,)
2025-06-04 08:38:42,828 - INFO -  Selected idx=8753 (COC(C(=O)Nc1ccc(S(=O)(=O)N2CCCCC2)cc1)c1ccccc1) → [0.12977099 1.        ]
2025-06-04 08:38:42,866 - INFO -  Hypervolume: 0.1992
2025-06-04 08:38:42,866 - INFO - 
--- Iter 52 (train size (62, 2)) ---
2025-06-04 08:38:42,866 - INFO -  Inferred reference point at iter 52: [-0.007206119162640905, -0.09999998324702228]
2025-06-04 08:38:42,869 - INFO -  Scoring full pool: 9938 candidates
2025-06-04 08:38:48,291 - INFO -  GP predict time: 5.422s
2025-06-04 08:38:48,291 - INFO -   EHVI: 9938 candidates with 500 MC samples
2025-06-04 08:40:20,082 - INFO -  EHVI time: 91.791s
f1 shape: (1,)
f2 shape: (1,)
2025-06-04 08:40:20,084 - INFO -  Selected idx=6974 (CC1(CS(=O)(=O)N2CCC(Oc3ccc(OCc4cccc(F)c4)cc3)CC2)NC(=O)NC1=O) → [0.09868421 1.        ]
2025-06-04 08:40:20,122 - INFO -  Hypervolume: 0.1992
2025-06-04 08:40:20,123 - INFO - 
--- Iter 53 (train size (63, 2)) ---
2025-06-04 08:40:20,123 - INFO -  Inferred reference point at iter 53: [-0.007206119162640905, -0.09999998324702228]
2025-06-04 08:40:20,125 - INFO -  Scoring full pool: 9937 candidates
2025-06-04 08:40:25,425 - INFO -  GP predict time: 5.300s
2025-06-04 08:40:25,425 - INFO -   EHVI: 9937 candidates with 500 MC samples
2025-06-04 08:41:57,292 - INFO -  EHVI time: 91.867s
f1 shape: (1,)
f2 shape: (1,)
2025-06-04 08:41:57,294 - INFO -  Selected idx=1683 (N=C(N)N1CCCC(CNC(=O)CNS(=O)(=O)c2ccc3ccccc3c2)C1) → [0.12781955 1.        ]
2025-06-04 08:41:57,334 - INFO -  Hypervolume: 0.1992
2025-06-04 08:41:57,334 - INFO - 
--- Iter 54 (train size (64, 2)) ---
2025-06-04 08:41:57,334 - INFO -  Inferred reference point at iter 54: [-0.007206119162640905, -0.09999998324702228]
2025-06-04 08:41:57,337 - INFO -  Scoring full pool: 9936 candidates
2025-06-04 08:42:02,917 - INFO -  GP predict time: 5.580s
2025-06-04 08:42:02,917 - INFO -   EHVI: 9936 candidates with 500 MC samples
2025-06-04 08:43:34,397 - INFO -  EHVI time: 91.481s
f1 shape: (1,)
f2 shape: (1,)
2025-06-04 08:43:34,399 - INFO -  Selected idx=6903 (CN(C)CCC(NS(=O)(=O)c1ccc2ccccc2c1)c1ccc(Cl)cc1) → [0.06521739 0.13533528]
2025-06-04 08:43:34,435 - INFO -  Hypervolume: 0.1992
2025-06-04 08:43:34,435 - INFO - 
--- Iter 55 (train size (65, 2)) ---
2025-06-04 08:43:34,435 - INFO -  Inferred reference point at iter 55: [-0.007206119162640905, -0.09999998324702228]
2025-06-04 08:43:34,438 - INFO -  Scoring full pool: 9935 candidates
2025-06-04 08:43:40,076 - INFO -  GP predict time: 5.638s
2025-06-04 08:43:40,076 - INFO -   EHVI: 9935 candidates with 500 MC samples
2025-06-04 08:45:11,931 - INFO -  EHVI time: 91.855s
f1 shape: (1,)
f2 shape: (1,)
2025-06-04 08:45:11,933 - INFO -  Selected idx=8031 (CCc1cccc(NC(=O)CSC2=NS(=O)(=O)c3ccccc32)c1) → [0.07751938 1.        ]
2025-06-04 08:45:11,974 - INFO -  Hypervolume: 0.1992
2025-06-04 08:45:11,974 - INFO - 
--- Iter 56 (train size (66, 2)) ---
2025-06-04 08:45:11,974 - INFO -  Inferred reference point at iter 56: [-0.007206119162640905, -0.09999998324702228]
2025-06-04 08:45:11,977 - INFO -  Scoring full pool: 9934 candidates
2025-06-04 08:45:17,706 - INFO -  GP predict time: 5.729s
2025-06-04 08:45:17,706 - INFO -   EHVI: 9934 candidates with 500 MC samples
2025-06-04 08:46:49,936 - INFO -  EHVI time: 92.230s
f1 shape: (1,)
f2 shape: (1,)
2025-06-04 08:46:49,937 - INFO -  Selected idx=4078 (CCS(=O)(=O)N1CCCc2ccc(NS(=O)(=O)CC(F)(F)F)cc21) → [0.10655738 0.13533528]
2025-06-04 08:46:49,979 - INFO -  Hypervolume: 0.1992
2025-06-04 08:46:49,979 - INFO - 
--- Iter 57 (train size (67, 2)) ---
2025-06-04 08:46:49,979 - INFO -  Inferred reference point at iter 57: [-0.007206119162640905, -0.09999998324702228]
2025-06-04 08:46:49,982 - INFO -  Scoring full pool: 9933 candidates
2025-06-04 08:46:55,769 - INFO -  GP predict time: 5.787s
2025-06-04 08:46:55,769 - INFO -   EHVI: 9933 candidates with 500 MC samples
2025-06-04 08:48:27,622 - INFO -  EHVI time: 91.853s
f1 shape: (1,)
f2 shape: (1,)
2025-06-04 08:48:27,624 - INFO -  Selected idx=8429 (O=C(NCc1cccs1)C1CCCN1S(=O)(=O)c1ccccc1F) → [0.12096774 1.        ]
2025-06-04 08:48:27,667 - INFO -  Hypervolume: 0.1992
2025-06-04 08:48:27,667 - INFO - 
--- Iter 58 (train size (68, 2)) ---
2025-06-04 08:48:27,667 - INFO -  Inferred reference point at iter 58: [-0.007206119162640905, -0.09999998324702228]
2025-06-04 08:48:27,670 - INFO -  Scoring full pool: 9932 candidates
2025-06-04 08:48:33,548 - INFO -  GP predict time: 5.878s
2025-06-04 08:48:33,548 - INFO -   EHVI: 9932 candidates with 500 MC samples
2025-06-04 08:50:05,492 - INFO -  EHVI time: 91.943s
f1 shape: (1,)
f2 shape: (1,)
2025-06-04 08:50:05,494 - INFO -  Selected idx=4050 (O=C(CNc1ccc(C(F)(F)F)cc1)Nc1cccc(S(=O)(=O)N2CCCC2)c1) → [0.10144928 1.        ]
2025-06-04 08:50:05,537 - INFO -  Hypervolume: 0.1992
2025-06-04 08:50:05,537 - INFO - 
--- Iter 59 (train size (69, 2)) ---
2025-06-04 08:50:05,537 - INFO -  Inferred reference point at iter 59: [-0.007206119162640905, -0.09999998324702228]
2025-06-04 08:50:05,540 - INFO -  Scoring full pool: 9931 candidates
2025-06-04 08:50:11,506 - INFO -  GP predict time: 5.966s
2025-06-04 08:50:11,506 - INFO -   EHVI: 9931 candidates with 500 MC samples
2025-06-04 08:51:43,175 - INFO -  EHVI time: 91.669s
f1 shape: (1,)
f2 shape: (1,)
2025-06-04 08:51:43,177 - INFO -  Selected idx=1945 (CCOC(=O)C1(c2ccccc2)CCN(S(=O)(=O)c2ccc(C)cc2)CC1) → [0.13953488 1.        ]
2025-06-04 08:51:43,221 - INFO -  Hypervolume: 0.1992
2025-06-04 08:51:43,221 - INFO - 
--- Iter 60 (train size (70, 2)) ---
2025-06-04 08:51:43,222 - INFO -  Inferred reference point at iter 60: [-0.007206119162640905, -0.09999998324702228]
2025-06-04 08:51:43,224 - INFO -  Scoring full pool: 9930 candidates
2025-06-04 08:51:49,221 - INFO -  GP predict time: 5.997s
2025-06-04 08:51:49,221 - INFO -   EHVI: 9930 candidates with 500 MC samples
2025-06-04 08:53:21,282 - INFO -  EHVI time: 92.061s
f1 shape: (1,)
f2 shape: (1,)
2025-06-04 08:53:21,283 - INFO -  Selected idx=5454 (CCN1CCN(C(=O)CCc2ccc(S(=O)(=O)NCCc3ccccc3)cc2)CC1) → [0.11347518 1.        ]
2025-06-04 08:53:21,330 - INFO -  Hypervolume: 0.1992
2025-06-04 08:53:21,331 - INFO - 
--- Iter 61 (train size (71, 2)) ---
2025-06-04 08:53:21,331 - INFO -  Inferred reference point at iter 61: [-0.007206119162640905, -0.09999998324702228]
2025-06-04 08:53:21,334 - INFO -  Scoring full pool: 9929 candidates
2025-06-04 08:53:27,363 - INFO -  GP predict time: 6.029s
2025-06-04 08:53:27,363 - INFO -   EHVI: 9929 candidates with 500 MC samples
2025-06-04 08:54:59,679 - INFO -  EHVI time: 92.316s
f1 shape: (1,)
f2 shape: (1,)
2025-06-04 08:54:59,681 - INFO -  Selected idx=7599 (CNC(=O)c1ccccc1NC(=O)C1CC(=O)N(C(C)C)C1) → [0.14912281 0.13533528]
2025-06-04 08:54:59,727 - INFO -  Hypervolume: 0.1992
2025-06-04 08:54:59,727 - INFO - 
--- Iter 62 (train size (72, 2)) ---
2025-06-04 08:54:59,727 - INFO -  Inferred reference point at iter 62: [-0.007206119162640905, -0.09999998324702228]
2025-06-04 08:54:59,730 - INFO -  Scoring full pool: 9928 candidates
2025-06-04 08:55:05,896 - INFO -  GP predict time: 6.166s
2025-06-04 08:55:05,896 - INFO -   EHVI: 9928 candidates with 500 MC samples
2025-06-04 08:56:37,534 - INFO -  EHVI time: 91.638s
f1 shape: (1,)
f2 shape: (1,)
2025-06-04 08:56:37,536 - INFO -  Selected idx=4798 (O=C(O)Cc1cc(Cl)c(Oc2ccc(C(=O)NC3CCC3)cc2NS(=O)(=O)c2ccc(OC(F)(F)F)cc2Cl)cc1F) → [0.11445783 0.13533528]
2025-06-04 08:56:37,583 - INFO -  Hypervolume: 0.1992
2025-06-04 08:56:37,583 - INFO - 
--- Iter 63 (train size (73, 2)) ---
2025-06-04 08:56:37,583 - INFO -  Inferred reference point at iter 63: [-0.007206119162640905, -0.09999998324702228]
2025-06-04 08:56:37,586 - INFO -  Scoring full pool: 9927 candidates
2025-06-04 08:56:43,896 - INFO -  GP predict time: 6.310s
2025-06-04 08:56:43,896 - INFO -   EHVI: 9927 candidates with 500 MC samples
2025-06-04 08:58:15,565 - INFO -  EHVI time: 91.669s
f1 shape: (1,)
f2 shape: (1,)
2025-06-04 08:58:15,567 - INFO -  Selected idx=7394 (S=C(Nc1ccc(Br)cc1Cl)NC1CCN(Cc2ccccc2)CC1) → [0.08333333 1.        ]
2025-06-04 08:58:15,615 - INFO -  Hypervolume: 0.1992
2025-06-04 08:58:15,615 - INFO - 
--- Iter 64 (train size (74, 2)) ---
2025-06-04 08:58:15,615 - INFO -  Inferred reference point at iter 64: [-0.007206119162640905, -0.09999998324702228]
2025-06-04 08:58:15,618 - INFO -  Scoring full pool: 9926 candidates
2025-06-04 08:58:21,994 - INFO -  GP predict time: 6.375s
2025-06-04 08:58:21,994 - INFO -   EHVI: 9926 candidates with 500 MC samples
2025-06-04 08:59:53,877 - INFO -  EHVI time: 91.883s
f1 shape: (1,)
f2 shape: (1,)
2025-06-04 08:59:53,878 - INFO -  Selected idx=3583 (O=C(c1ccc(NS(=O)(=O)c2cccc(F)c2)cc1)N1CCCCC1) → [0.109375 1.      ]
2025-06-04 08:59:53,928 - INFO -  Hypervolume: 0.1992
2025-06-04 08:59:53,928 - INFO - 
--- Iter 65 (train size (75, 2)) ---
2025-06-04 08:59:53,928 - INFO -  Inferred reference point at iter 65: [-0.007206119162640905, -0.09999998324702228]
2025-06-04 08:59:53,931 - INFO -  Scoring full pool: 9925 candidates
2025-06-04 09:00:00,208 - INFO -  GP predict time: 6.277s
2025-06-04 09:00:00,208 - INFO -   EHVI: 9925 candidates with 500 MC samples
2025-06-04 09:01:32,157 - INFO -  EHVI time: 91.948s
f1 shape: (1,)
f2 shape: (1,)
2025-06-04 09:01:32,158 - INFO -  Selected idx=5752 (O=C(COc1ccc(S(=O)(=O)N2CCCC2)cc1)NCc1ccccn1) → [0.12307692 1.        ]
2025-06-04 09:01:32,209 - INFO -  Hypervolume: 0.1992
2025-06-04 09:01:32,209 - INFO - 
--- Iter 66 (train size (76, 2)) ---
2025-06-04 09:01:32,209 - INFO -  Inferred reference point at iter 66: [-0.007206119162640905, -0.09999998324702228]
2025-06-04 09:01:32,212 - INFO -  Scoring full pool: 9924 candidates
2025-06-04 09:01:38,927 - INFO -  GP predict time: 6.715s
2025-06-04 09:01:38,927 - INFO -   EHVI: 9924 candidates with 500 MC samples
2025-06-04 09:03:10,688 - INFO -  EHVI time: 91.761s
f1 shape: (1,)
f2 shape: (1,)
2025-06-04 09:03:10,690 - INFO -  Selected idx=5313 (Cc1cccc(CS(=O)(=O)NCc2ccc(N3CCCC3)cc2)c1) → [0.1023622 1.       ]
2025-06-04 09:03:10,741 - INFO -  Hypervolume: 0.1992
2025-06-04 09:03:10,741 - INFO - 
--- Iter 67 (train size (77, 2)) ---
2025-06-04 09:03:10,741 - INFO -  Inferred reference point at iter 67: [-0.007206119162640905, -0.09999998324702228]
2025-06-04 09:03:10,744 - INFO -  Scoring full pool: 9923 candidates
2025-06-04 09:03:17,382 - INFO -  GP predict time: 6.637s
2025-06-04 09:03:17,382 - INFO -   EHVI: 9923 candidates with 500 MC samples
2025-06-04 09:04:48,823 - INFO -  EHVI time: 91.441s
f1 shape: (1,)
f2 shape: (1,)
2025-06-04 09:04:48,825 - INFO -  Selected idx=1703 (O=S(=O)(NCc1cccs1)c1cccc(S(=O)(=O)N2CCCCC2)c1) → [0.10077519 1.        ]
2025-06-04 09:04:48,877 - INFO -  Hypervolume: 0.1992
2025-06-04 09:04:48,877 - INFO - 
--- Iter 68 (train size (78, 2)) ---
2025-06-04 09:04:48,877 - INFO -  Inferred reference point at iter 68: [-0.007206119162640905, -0.09999998324702228]
2025-06-04 09:04:48,881 - INFO -  Scoring full pool: 9922 candidates
2025-06-04 09:04:55,605 - INFO -  GP predict time: 6.724s
2025-06-04 09:04:55,605 - INFO -   EHVI: 9922 candidates with 500 MC samples
2025-06-04 09:06:27,739 - INFO -  EHVI time: 92.134s
f1 shape: (1,)
f2 shape: (1,)
2025-06-04 09:06:27,741 - INFO -  Selected idx=4045 (O=C(OCC(=O)c1ccc[nH]1)c1ccc(S(=O)(=O)N2CCCCC2)cc1) → [0.14173228 1.        ]
2025-06-04 09:06:27,795 - INFO -  Hypervolume: 0.1992
2025-06-04 09:06:27,795 - INFO - 
--- Iter 69 (train size (79, 2)) ---
2025-06-04 09:06:27,795 - INFO -  Inferred reference point at iter 69: [-0.007206119162640905, -0.09999998324702228]
2025-06-04 09:06:27,798 - INFO -  Scoring full pool: 9921 candidates
2025-06-04 09:06:34,373 - INFO -  GP predict time: 6.575s
2025-06-04 09:06:34,373 - INFO -   EHVI: 9921 candidates with 500 MC samples
2025-06-04 09:08:06,111 - INFO -  EHVI time: 91.737s
f1 shape: (1,)
f2 shape: (1,)
2025-06-04 09:08:06,113 - INFO -  Selected idx=9207 (COc1ccc(S(=O)(=O)N(Cc2ccc3c(c2)OCO3)C(CCC(=O)N2CCN(C)CC2)C(=O)NO)cc1) → [0.1483871 1.       ]
2025-06-04 09:08:06,164 - INFO -  Hypervolume: 0.1992
2025-06-04 09:08:06,165 - INFO - 
--- Iter 70 (train size (80, 2)) ---
2025-06-04 09:08:06,165 - INFO -  Inferred reference point at iter 70: [-0.007206119162640905, -0.09999998324702228]
2025-06-04 09:08:06,168 - INFO -  Scoring full pool: 9920 candidates
2025-06-04 09:08:12,770 - INFO -  GP predict time: 6.602s
2025-06-04 09:08:12,770 - INFO -   EHVI: 9920 candidates with 500 MC samples
2025-06-04 09:09:44,680 - INFO -  EHVI time: 91.910s
f1 shape: (1,)
f2 shape: (1,)
2025-06-04 09:09:44,682 - INFO -  Selected idx=6836 (O=C(NCc1ccccc1)C(=O)NCC1OCCN1S(=O)(=O)c1ccc2c(c1)OCCO2) → [0.10884354 1.        ]
2025-06-04 09:09:44,738 - INFO -  Hypervolume: 0.1992
2025-06-04 09:09:44,738 - INFO - 
--- Iter 71 (train size (81, 2)) ---
2025-06-04 09:09:44,738 - INFO -  Inferred reference point at iter 71: [-0.007206119162640905, -0.09999998324702228]
2025-06-04 09:09:44,741 - INFO -  Scoring full pool: 9919 candidates
2025-06-04 09:09:51,667 - INFO -  GP predict time: 6.925s
2025-06-04 09:09:51,667 - INFO -   EHVI: 9919 candidates with 500 MC samples
2025-06-04 09:11:23,320 - INFO -  EHVI time: 91.654s
f1 shape: (1,)
f2 shape: (1,)
2025-06-04 09:11:23,322 - INFO -  Selected idx=5543 (COc1ccc(S(=O)(=O)Nc2ccc3c(c2)CCC3)cc1) → [0.07377049 1.        ]
2025-06-04 09:11:23,379 - INFO -  Hypervolume: 0.1992
2025-06-04 09:11:23,379 - INFO - 
--- Iter 72 (train size (82, 2)) ---
2025-06-04 09:11:23,379 - INFO -  Inferred reference point at iter 72: [-0.007206119162640905, -0.09999998324702228]
2025-06-04 09:11:23,382 - INFO -  Scoring full pool: 9918 candidates
2025-06-04 09:11:30,389 - INFO -  GP predict time: 7.006s
2025-06-04 09:11:30,389 - INFO -   EHVI: 9918 candidates with 500 MC samples
2025-06-04 09:13:02,302 - INFO -  EHVI time: 91.913s
f1 shape: (1,)
f2 shape: (1,)
2025-06-04 09:13:02,304 - INFO -  Selected idx=3147 (O=C(O)c1ccc(NCc2ccccc2)cn1) → [0.0619469 1.       ]
2025-06-04 09:13:02,361 - INFO -  Hypervolume: 0.1992
2025-06-04 09:13:02,361 - INFO - 
--- Iter 73 (train size (83, 2)) ---
2025-06-04 09:13:02,361 - INFO -  Inferred reference point at iter 73: [-0.007206119162640905, -0.09999998324702228]
2025-06-04 09:13:02,365 - INFO -  Scoring full pool: 9917 candidates
2025-06-04 09:13:09,651 - INFO -  GP predict time: 7.287s
2025-06-04 09:13:09,652 - INFO -   EHVI: 9917 candidates with 500 MC samples
2025-06-04 09:14:41,593 - INFO -  EHVI time: 91.941s
f1 shape: (1,)
f2 shape: (1,)
2025-06-04 09:14:41,595 - INFO -  Selected idx=9013 (O=C(CN(Cc1cccs1)S(=O)(=O)c1ccc(S(=O)(=O)N2CCCCC2)cc1)Nc1ccccc1) → [0.10322581 0.13533528]
2025-06-04 09:14:41,654 - INFO -  Hypervolume: 0.1992
2025-06-04 09:14:41,654 - INFO - 
--- Iter 74 (train size (84, 2)) ---
2025-06-04 09:14:41,654 - INFO -  Inferred reference point at iter 74: [-0.007206119162640905, -0.09999998324702228]
2025-06-04 09:14:41,657 - INFO -  Scoring full pool: 9916 candidates
2025-06-04 09:14:48,806 - INFO -  GP predict time: 7.149s
2025-06-04 09:14:48,806 - INFO -   EHVI: 9916 candidates with 500 MC samples
2025-06-04 09:16:20,756 - INFO -  EHVI time: 91.950s
f1 shape: (1,)
f2 shape: (1,)
2025-06-04 09:16:20,758 - INFO -  Selected idx=1865 (COc1cccc(CNC(=O)COC(=O)c2ccc(S(C)(=O)=O)c([N+](=O)[O-])c2)c1) → [0.10294118 1.        ]
2025-06-04 09:16:20,817 - INFO -  Hypervolume: 0.1992
2025-06-04 09:16:20,817 - INFO - 
--- Iter 75 (train size (85, 2)) ---
2025-06-04 09:16:20,817 - INFO -  Inferred reference point at iter 75: [-0.007206119162640905, -0.09999998324702228]
2025-06-04 09:16:20,821 - INFO -  Scoring full pool: 9915 candidates
2025-06-04 09:16:28,205 - INFO -  GP predict time: 7.384s
2025-06-04 09:16:28,205 - INFO -   EHVI: 9915 candidates with 500 MC samples
2025-06-04 09:17:59,767 - INFO -  EHVI time: 91.562s
f1 shape: (1,)
f2 shape: (1,)
2025-06-04 09:17:59,768 - INFO -  Selected idx=5320 (CC(=O)c1ccc(S(=O)(=O)NCCC(=O)OCC(=O)NCCc2ccccc2)cc1) → [0.11510791 1.        ]
2025-06-04 09:17:59,829 - INFO -  Hypervolume: 0.1992
2025-06-04 09:17:59,829 - INFO - 
--- Iter 76 (train size (86, 2)) ---
2025-06-04 09:17:59,829 - INFO -  Inferred reference point at iter 76: [-0.007206119162640905, -0.09999998324702228]
2025-06-04 09:17:59,833 - INFO -  Scoring full pool: 9914 candidates
2025-06-04 09:18:07,497 - INFO -  GP predict time: 7.664s
2025-06-04 09:18:07,497 - INFO -   EHVI: 9914 candidates with 500 MC samples
2025-06-04 09:19:39,836 - INFO -  EHVI time: 92.339s
f1 shape: (1,)
f2 shape: (1,)
2025-06-04 09:19:39,838 - INFO -  Selected idx=6445 (O=C(CN(Cc1cccs1)C(=O)CNS(=O)(=O)c1ccccc1)NC1CCCC1) → [0.16666667 1.        ]
2025-06-04 09:19:39,900 - INFO -  Hypervolume: 0.1992
2025-06-04 09:19:39,900 - INFO - 
--- Iter 77 (train size (87, 2)) ---
2025-06-04 09:19:39,900 - INFO -  Inferred reference point at iter 77: [-0.007206119162640905, -0.09999998324702228]
2025-06-04 09:19:39,904 - INFO -  Scoring full pool: 9913 candidates
2025-06-04 09:19:47,300 - INFO -  GP predict time: 7.396s
2025-06-04 09:19:47,300 - INFO -   EHVI: 9913 candidates with 500 MC samples
2025-06-04 09:21:18,942 - INFO -  EHVI time: 91.642s
f1 shape: (1,)
f2 shape: (1,)
2025-06-04 09:21:18,944 - INFO -  Selected idx=2827 (O=C(c1ccc(CNS(=O)(=O)c2ccc(Br)cc2)cc1)N1CCCCC1) → [0.11538462 1.        ]
2025-06-04 09:21:19,007 - INFO -  Hypervolume: 0.1992
2025-06-04 09:21:19,007 - INFO - 
--- Iter 78 (train size (88, 2)) ---
2025-06-04 09:21:19,007 - INFO -  Inferred reference point at iter 78: [-0.007206119162640905, -0.09999998324702228]
2025-06-04 09:21:19,011 - INFO -  Scoring full pool: 9912 candidates
2025-06-04 09:21:26,595 - INFO -  GP predict time: 7.584s
2025-06-04 09:21:26,596 - INFO -   EHVI: 9912 candidates with 500 MC samples
2025-06-04 09:22:58,515 - INFO -  EHVI time: 91.920s
f1 shape: (1,)
f2 shape: (1,)
2025-06-04 09:22:58,517 - INFO -  Selected idx=8522 (CN(CC(=O)NCc1ccccc1F)S(=O)(=O)c1ccc(Cl)cc1) → [0.0703125 1.       ]
2025-06-04 09:22:58,581 - INFO -  Hypervolume: 0.1992
2025-06-04 09:22:58,581 - INFO - 
--- Iter 79 (train size (89, 2)) ---
2025-06-04 09:22:58,581 - INFO -  Inferred reference point at iter 79: [-0.007206119162640905, -0.09999998324702228]
2025-06-04 09:22:58,585 - INFO -  Scoring full pool: 9911 candidates
2025-06-04 09:23:05,892 - INFO -  GP predict time: 7.307s
2025-06-04 09:23:05,892 - INFO -   EHVI: 9911 candidates with 500 MC samples
2025-06-04 09:24:37,545 - INFO -  EHVI time: 91.653s
f1 shape: (1,)
f2 shape: (1,)
2025-06-04 09:24:37,547 - INFO -  Selected idx=1844 (NS(=O)(=O)c1ccc(NC(=O)CSc2ccccn2)cc1) → [0.05691057 1.        ]
2025-06-04 09:24:37,613 - INFO -  Hypervolume: 0.1992
2025-06-04 09:24:37,613 - INFO - 
--- Iter 80 (train size (90, 2)) ---
2025-06-04 09:24:37,613 - INFO -  Inferred reference point at iter 80: [-0.007206119162640905, -0.09999998324702228]
2025-06-04 09:24:37,616 - INFO -  Scoring full pool: 9910 candidates
2025-06-04 09:24:45,235 - INFO -  GP predict time: 7.619s
2025-06-04 09:24:45,235 - INFO -   EHVI: 9910 candidates with 500 MC samples
2025-06-04 09:26:17,242 - INFO -  EHVI time: 92.006s
f1 shape: (1,)
f2 shape: (1,)
2025-06-04 09:26:17,243 - INFO -  Selected idx=4337 (CC(=O)c1cccc(-c2ccc(NC(=O)CCCCN3CCCCC3)cc2)c1) → [0.14285714 1.        ]
2025-06-04 09:26:17,310 - INFO -  Hypervolume: 0.1992
2025-06-04 09:26:17,310 - INFO - 
--- Iter 81 (train size (91, 2)) ---
2025-06-04 09:26:17,310 - INFO -  Inferred reference point at iter 81: [-0.007206119162640905, -0.09999998324702228]
2025-06-04 09:26:17,314 - INFO -  Scoring full pool: 9909 candidates
2025-06-04 09:26:24,989 - INFO -  GP predict time: 7.674s
2025-06-04 09:26:24,989 - INFO -   EHVI: 9909 candidates with 500 MC samples
2025-06-04 09:27:57,664 - INFO -  EHVI time: 92.675s
f1 shape: (1,)
f2 shape: (1,)
2025-06-04 09:27:57,666 - INFO -  Selected idx=3518 (Cc1ccc(S(=O)(=O)NC(Cc2ccccc2)C(=O)N2CCCC2C(=O)O)cc1) → [0.19685039 1.        ]
2025-06-04 09:27:57,734 - INFO -  Hypervolume: 0.2245
2025-06-04 09:27:57,734 - INFO - 
--- Iter 82 (train size (92, 2)) ---
2025-06-04 09:27:57,734 - INFO -  Inferred reference point at iter 82: [-0.009499854184893557, -0.09999998324702228]
2025-06-04 09:27:57,738 - INFO -  Scoring full pool: 9908 candidates
2025-06-04 09:28:05,500 - INFO -  GP predict time: 7.762s
2025-06-04 09:28:05,501 - INFO -   EHVI: 9908 candidates with 500 MC samples
2025-06-04 09:29:37,285 - INFO -  EHVI time: 91.785s
f1 shape: (1,)
f2 shape: (1,)
2025-06-04 09:29:37,287 - INFO -  Selected idx=1605 (CS(=O)(=O)N1CCc2cc(C(=O)OCC(=O)c3ccccc3)ccc21) → [0.11023622 1.        ]
2025-06-04 09:29:37,352 - INFO -  Hypervolume: 0.2270
2025-06-04 09:29:37,352 - INFO - 
--- Iter 83 (train size (93, 2)) ---
2025-06-04 09:29:37,352 - INFO -  Inferred reference point at iter 83: [-0.009499854184893557, -0.09999998324702228]
2025-06-04 09:29:37,356 - INFO -  Scoring full pool: 9907 candidates
2025-06-04 09:29:45,168 - INFO -  GP predict time: 7.812s
2025-06-04 09:29:45,168 - INFO -   EHVI: 9907 candidates with 500 MC samples
2025-06-04 09:31:16,910 - INFO -  EHVI time: 91.741s
f1 shape: (1,)
f2 shape: (1,)
2025-06-04 09:31:16,911 - INFO -  Selected idx=5422 (COc1ccc(NC(=O)CN2CCC(NC(=O)c3ccco3)CC2)c([N+](=O)[O-])c1) → [0.14179104 1.        ]
2025-06-04 09:31:16,983 - INFO -  Hypervolume: 0.2270
2025-06-04 09:31:16,983 - INFO - 
--- Iter 84 (train size (94, 2)) ---
2025-06-04 09:31:16,983 - INFO -  Inferred reference point at iter 84: [-0.009499854184893557, -0.09999998324702228]
2025-06-04 09:31:16,987 - INFO -  Scoring full pool: 9906 candidates
2025-06-04 09:31:24,710 - INFO -  GP predict time: 7.723s
2025-06-04 09:31:24,710 - INFO -   EHVI: 9906 candidates with 500 MC samples
2025-06-04 09:32:56,300 - INFO -  EHVI time: 91.590s
f1 shape: (1,)
f2 shape: (1,)
2025-06-04 09:32:56,302 - INFO -  Selected idx=56 (Cc1ccc(NC(=O)CCCOc2ccccc2)cc1S(=O)(=O)N1CCOCC1) → [0.11594203 1.        ]
2025-06-04 09:32:56,374 - INFO -  Hypervolume: 0.2270
2025-06-04 09:32:56,374 - INFO - 
--- Iter 85 (train size (95, 2)) ---
2025-06-04 09:32:56,374 - INFO -  Inferred reference point at iter 85: [-0.009499854184893557, -0.09999998324702228]
2025-06-04 09:32:56,378 - INFO -  Scoring full pool: 9905 candidates
2025-06-04 09:33:04,400 - INFO -  GP predict time: 8.022s
2025-06-04 09:33:04,400 - INFO -   EHVI: 9905 candidates with 500 MC samples
2025-06-04 09:34:36,147 - INFO -  EHVI time: 91.746s
f1 shape: (1,)
f2 shape: (1,)
2025-06-04 09:34:36,148 - INFO -  Selected idx=2727 (NS(=O)(=O)c1ccc(NC(=O)NC(Cc2ccccc2)C(=O)O)cc1) → [0.1023622 1.       ]
2025-06-04 09:34:36,221 - INFO -  Hypervolume: 0.2270
2025-06-04 09:34:36,221 - INFO - 
--- Iter 86 (train size (96, 2)) ---
2025-06-04 09:34:36,222 - INFO -  Inferred reference point at iter 86: [-0.009499854184893557, -0.09999998324702228]
2025-06-04 09:34:36,226 - INFO -  Scoring full pool: 9904 candidates
2025-06-04 09:34:44,263 - INFO -  GP predict time: 8.037s
2025-06-04 09:34:44,263 - INFO -   EHVI: 9904 candidates with 500 MC samples
2025-06-04 09:36:16,431 - INFO -  EHVI time: 92.168s
f1 shape: (1,)
f2 shape: (1,)
2025-06-04 09:36:16,433 - INFO -  Selected idx=4087 (CC(=O)c1ccc(S(=O)(=O)N2CCCC(N(C)CCc3ccccc3)C2)cc1) → [0.12781955 1.        ]
2025-06-04 09:36:16,507 - INFO -  Hypervolume: 0.2270
2025-06-04 09:36:16,507 - INFO - 
--- Iter 87 (train size (97, 2)) ---
2025-06-04 09:36:16,507 - INFO -  Inferred reference point at iter 87: [-0.009499854184893557, -0.09999998324702228]
2025-06-04 09:36:16,512 - INFO -  Scoring full pool: 9903 candidates
2025-06-04 09:36:24,955 - INFO -  GP predict time: 8.443s
2025-06-04 09:36:24,955 - INFO -   EHVI: 9903 candidates with 500 MC samples
2025-06-04 09:37:56,744 - INFO -  EHVI time: 91.789s
f1 shape: (1,)
f2 shape: (1,)
2025-06-04 09:37:56,746 - INFO -  Selected idx=5545 (C=C1CCN(c2ccc(C(=O)NCc3ccccc3)cc2[N+](=O)[O-])CC1) → [0.08208955 1.        ]
2025-06-04 09:37:56,821 - INFO -  Hypervolume: 0.2270
2025-06-04 09:37:56,821 - INFO - 
--- Iter 88 (train size (98, 2)) ---
2025-06-04 09:37:56,821 - INFO -  Inferred reference point at iter 88: [-0.009499854184893557, -0.09999998324702228]
2025-06-04 09:37:56,826 - INFO -  Scoring full pool: 9902 candidates
2025-06-04 09:38:05,421 - INFO -  GP predict time: 8.596s
2025-06-04 09:38:05,422 - INFO -   EHVI: 9902 candidates with 500 MC samples
2025-06-04 09:39:37,117 - INFO -  EHVI time: 91.695s
f1 shape: (1,)
f2 shape: (1,)
2025-06-04 09:39:37,118 - INFO -  Selected idx=4212 (CCOC(=O)Nc1ccc(N2CCN(C(=O)c3ccccc3)CC2)cc1) → [0.1496063 1.       ]
2025-06-04 09:39:37,195 - INFO -  Hypervolume: 0.2270
2025-06-04 09:39:37,195 - INFO - 
--- Iter 89 (train size (99, 2)) ---
2025-06-04 09:39:37,195 - INFO -  Inferred reference point at iter 89: [-0.009499854184893557, -0.09999998324702228]
2025-06-04 09:39:37,200 - INFO -  Scoring full pool: 9901 candidates
2025-06-04 09:39:45,484 - INFO -  GP predict time: 8.284s
2025-06-04 09:39:45,484 - INFO -   EHVI: 9901 candidates with 500 MC samples
2025-06-04 09:41:17,275 - INFO -  EHVI time: 91.791s
f1 shape: (1,)
f2 shape: (1,)
2025-06-04 09:41:17,277 - INFO -  Selected idx=2474 (CC(=O)c1cc(CNC(=O)c2ccc(OP(=O)(O)O)cc2)ccc1OCC1CCCCC1) → [0.18382353 1.        ]
2025-06-04 09:41:17,357 - INFO -  Hypervolume: 0.2270
2025-06-04 09:41:17,357 - INFO - 
--- Iter 90 (train size (100, 2)) ---
2025-06-04 09:41:17,357 - INFO -  Inferred reference point at iter 90: [-0.009499854184893557, -0.09999998324702228]
2025-06-04 09:41:17,361 - INFO -  Scoring full pool: 9900 candidates
2025-06-04 09:41:26,059 - INFO -  GP predict time: 8.698s
2025-06-04 09:41:26,059 - INFO -   EHVI: 9900 candidates with 500 MC samples
2025-06-04 09:42:57,877 - INFO -  EHVI time: 91.818s
f1 shape: (1,)
f2 shape: (1,)
2025-06-04 09:42:57,879 - INFO -  Selected idx=4622 (COc1cccc(NCc2ccc([N+](=O)[O-])s2)c1) → [0.04273504 1.        ]
2025-06-04 09:42:57,958 - INFO -  Hypervolume: 0.2270
2025-06-04 09:42:57,958 - INFO - 
--- Iter 91 (train size (101, 2)) ---
2025-06-04 09:42:57,959 - INFO -  Inferred reference point at iter 91: [-0.009499854184893557, -0.09999998324702228]
2025-06-04 09:42:57,963 - INFO -  Scoring full pool: 9899 candidates
2025-06-04 09:43:06,465 - INFO -  GP predict time: 8.501s
2025-06-04 09:43:06,465 - INFO -   EHVI: 9899 candidates with 500 MC samples
2025-06-04 09:44:38,192 - INFO -  EHVI time: 91.727s
f1 shape: (1,)
f2 shape: (1,)
2025-06-04 09:44:38,193 - INFO -  Selected idx=491 (CCCN(Cc1cccs1)C(=O)Nc1ccc(Br)cc1F) → [0.08333333 1.        ]
2025-06-04 09:44:38,274 - INFO -  Hypervolume: 0.2270
2025-06-04 09:44:38,274 - INFO - 
--- Iter 92 (train size (102, 2)) ---
2025-06-04 09:44:38,275 - INFO -  Inferred reference point at iter 92: [-0.009499854184893557, -0.09999998324702228]
2025-06-04 09:44:38,280 - INFO -  Scoring full pool: 9898 candidates
2025-06-04 09:44:46,866 - INFO -  GP predict time: 8.586s
2025-06-04 09:44:46,866 - INFO -   EHVI: 9898 candidates with 500 MC samples
2025-06-04 09:46:18,520 - INFO -  EHVI time: 91.654s
f1 shape: (1,)
f2 shape: (1,)
2025-06-04 09:46:18,521 - INFO -  Selected idx=1706 (CC(O)(COc1ccccc1)C(=O)N1CCc2c(C#N)cccc21) → [0.07751938 1.        ]
2025-06-04 09:46:18,604 - INFO -  Hypervolume: 0.2270
2025-06-04 09:46:18,604 - INFO - 
--- Iter 93 (train size (103, 2)) ---
2025-06-04 09:46:18,604 - INFO -  Inferred reference point at iter 93: [-0.009499854184893557, -0.09999998324702228]
2025-06-04 09:46:18,609 - INFO -  Scoring full pool: 9897 candidates
2025-06-04 09:46:27,058 - INFO -  GP predict time: 8.449s
2025-06-04 09:46:27,058 - INFO -   EHVI: 9897 candidates with 500 MC samples
2025-06-04 09:47:58,852 - INFO -  EHVI time: 91.793s
f1 shape: (1,)
f2 shape: (1,)
2025-06-04 09:47:58,854 - INFO -  Selected idx=6925 (COc1ccc(CC(=O)OCC(=O)Nc2cc(S(=O)(=O)N3CCOCC3)ccc2N2CCCC2)cc1) → [0.1372549 1.       ]
2025-06-04 09:47:58,937 - INFO -  Hypervolume: 0.2270
2025-06-04 09:47:58,937 - INFO - 
--- Iter 94 (train size (104, 2)) ---
2025-06-04 09:47:58,938 - INFO -  Inferred reference point at iter 94: [-0.009499854184893557, -0.09999998324702228]
2025-06-04 09:47:58,942 - INFO -  Scoring full pool: 9896 candidates
2025-06-04 09:48:07,948 - INFO -  GP predict time: 9.006s
2025-06-04 09:48:07,948 - INFO -   EHVI: 9896 candidates with 500 MC samples
2025-06-04 09:49:40,095 - INFO -  EHVI time: 92.147s
f1 shape: (1,)
f2 shape: (1,)
2025-06-04 09:49:40,097 - INFO -  Selected idx=6130 (O=C(NC1CCCc2cc(CN3CCCCC3)ccc21)C(O)C(O)CS(=O)(=O)c1cccc(Cl)c1) → [0.1409396 1.       ]
2025-06-04 09:49:40,182 - INFO -  Hypervolume: 0.2270
2025-06-04 09:49:40,182 - INFO - 
--- Iter 95 (train size (105, 2)) ---
2025-06-04 09:49:40,182 - INFO -  Inferred reference point at iter 95: [-0.009499854184893557, -0.09999998324702228]
2025-06-04 09:49:40,187 - INFO -  Scoring full pool: 9895 candidates
2025-06-04 09:49:49,391 - INFO -  GP predict time: 9.204s
2025-06-04 09:49:49,392 - INFO -   EHVI: 9895 candidates with 500 MC samples
2025-06-04 09:51:21,433 - INFO -  EHVI time: 92.041s
f1 shape: (1,)
f2 shape: (1,)
2025-06-04 09:51:21,434 - INFO -  Selected idx=9552 (CC(=O)c1ccc(N(C(=O)c2ccco2)C(C(=O)NC2CCCC2)c2cccs2)cc1) → [0.16788321 0.13533528]
2025-06-04 09:51:21,521 - INFO -  Hypervolume: 0.2270
2025-06-04 09:51:21,521 - INFO - 
--- Iter 96 (train size (106, 2)) ---
2025-06-04 09:51:21,521 - INFO -  Inferred reference point at iter 96: [-0.009499854184893557, -0.09999998324702228]
2025-06-04 09:51:21,526 - INFO -  Scoring full pool: 9894 candidates
2025-06-04 09:51:30,543 - INFO -  GP predict time: 9.017s
2025-06-04 09:51:30,543 - INFO -   EHVI: 9894 candidates with 500 MC samples
2025-06-04 09:53:02,752 - INFO -  EHVI time: 92.209s
f1 shape: (1,)
f2 shape: (1,)
2025-06-04 09:53:02,754 - INFO -  Selected idx=7578 (O=C(c1cc(=O)c2ccccc2[nH]1)N1CCC(Cc2ccccc2)CC1) → [0.09701493 0.13533528]
2025-06-04 09:53:02,842 - INFO -  Hypervolume: 0.2270
2025-06-04 09:53:02,842 - INFO - 
--- Iter 97 (train size (107, 2)) ---
2025-06-04 09:53:02,842 - INFO -  Inferred reference point at iter 97: [-0.009499854184893557, -0.09999998324702228]
2025-06-04 09:53:02,847 - INFO -  Scoring full pool: 9893 candidates
2025-06-04 09:53:12,363 - INFO -  GP predict time: 9.516s
2025-06-04 09:53:12,363 - INFO -   EHVI: 9893 candidates with 500 MC samples
2025-06-04 09:54:44,051 - INFO -  EHVI time: 91.687s
f1 shape: (1,)
f2 shape: (1,)
2025-06-04 09:54:44,052 - INFO -  Selected idx=9216 (Cc1ccc(C)c(NC(=O)COC(=O)c2ccc(S(=O)(=O)N3CCCC3)cc2)c1) → [0.15151515 1.        ]
2025-06-04 09:54:44,141 - INFO -  Hypervolume: 0.2270
2025-06-04 09:54:44,141 - INFO - 
--- Iter 98 (train size (108, 2)) ---
2025-06-04 09:54:44,141 - INFO -  Inferred reference point at iter 98: [-0.009499854184893557, -0.09999998324702228]
2025-06-04 09:54:44,147 - INFO -  Scoring full pool: 9892 candidates
2025-06-04 09:54:53,331 - INFO -  GP predict time: 9.185s
2025-06-04 09:54:53,331 - INFO -   EHVI: 9892 candidates with 500 MC samples
2025-06-04 09:56:24,819 - INFO -  EHVI time: 91.487s
f1 shape: (1,)
f2 shape: (1,)
2025-06-04 09:56:24,821 - INFO -  Selected idx=1168 (COc1ccc(N2CCN(S(=O)(=O)CCNC(=O)COc3cccc(OC)c3)CC2)cc1) → [0.11724138 1.        ]
2025-06-04 09:56:24,911 - INFO -  Hypervolume: 0.2270
2025-06-04 09:56:24,911 - INFO - 
--- Iter 99 (train size (109, 2)) ---
2025-06-04 09:56:24,911 - INFO -  Inferred reference point at iter 99: [-0.009499854184893557, -0.09999998324702228]
2025-06-04 09:56:24,917 - INFO -  Scoring full pool: 9891 candidates
2025-06-04 09:56:34,171 - INFO -  GP predict time: 9.255s
2025-06-04 09:56:34,171 - INFO -   EHVI: 9891 candidates with 500 MC samples
2025-06-04 09:58:06,106 - INFO -  EHVI time: 91.934s
f1 shape: (1,)
f2 shape: (1,)
2025-06-04 09:58:06,107 - INFO -  Selected idx=9049 (COc1ccc(CC(=O)NC2CCN(Cc3ccccc3)CC2)cc1) → [0.125 1.   ]
2025-06-04 09:58:06,200 - INFO -  Hypervolume: 0.2270
2025-06-04 09:58:06,200 - INFO - 
--- Iter 100 (train size (110, 2)) ---
2025-06-04 09:58:06,200 - INFO -  Inferred reference point at iter 100: [-0.009499854184893557, -0.09999998324702228]
2025-06-04 09:58:06,206 - INFO -  Scoring full pool: 9890 candidates
2025-06-04 09:58:16,153 - INFO -  GP predict time: 9.947s
2025-06-04 09:58:16,153 - INFO -   EHVI: 9890 candidates with 500 MC samples
2025-06-04 09:59:47,704 - INFO -  EHVI time: 91.551s
f1 shape: (1,)
f2 shape: (1,)
2025-06-04 09:59:47,706 - INFO -  Selected idx=9265 (O=C(CCCOc1ccccc1)N1CCN(S(=O)(=O)c2ccc(Cl)cc2)CC1) → [0.10218978 1.        ]
2025-06-04 09:59:47,800 - INFO -  Hypervolume: 0.2270
2025-06-04 09:59:47,800 - INFO - 
--- Iter 101 (train size (111, 2)) ---
2025-06-04 09:59:47,800 - INFO -  Inferred reference point at iter 101: [-0.009499854184893557, -0.09999998324702228]
2025-06-04 09:59:47,805 - INFO -  Scoring full pool: 9889 candidates
2025-06-04 09:59:57,351 - INFO -  GP predict time: 9.545s
2025-06-04 09:59:57,351 - INFO -   EHVI: 9889 candidates with 500 MC samples
2025-06-04 10:01:29,494 - INFO -  EHVI time: 92.143s
f1 shape: (1,)
f2 shape: (1,)
2025-06-04 10:01:29,496 - INFO -  Selected idx=5246 (Cc1ccc(C)c(N(CC(=O)NC(C)(C)C)C(=O)CNC(=O)c2cccs2)c1) → [0.11363636 1.        ]
2025-06-04 10:01:29,590 - INFO -  Hypervolume: 0.2270
2025-06-04 10:01:29,590 - INFO - 
--- Iter 102 (train size (112, 2)) ---
2025-06-04 10:01:29,590 - INFO -  Inferred reference point at iter 102: [-0.009499854184893557, -0.09999998324702228]
2025-06-04 10:01:29,595 - INFO -  Scoring full pool: 9888 candidates
2025-06-04 10:01:39,436 - INFO -  GP predict time: 9.841s
2025-06-04 10:01:39,436 - INFO -   EHVI: 9888 candidates with 500 MC samples
2025-06-04 10:03:11,410 - INFO -  EHVI time: 91.974s
f1 shape: (1,)
f2 shape: (1,)
2025-06-04 10:03:11,412 - INFO -  Selected idx=9646 (CC(C(=O)Nc1ccc(C#N)cc1)N(C)Cc1cccs1) → [0.07438017 1.        ]
2025-06-04 10:03:11,507 - INFO -  Hypervolume: 0.2270
2025-06-04 10:03:11,507 - INFO - 
--- Iter 103 (train size (113, 2)) ---
2025-06-04 10:03:11,507 - INFO -  Inferred reference point at iter 103: [-0.009499854184893557, -0.09999998324702228]
2025-06-04 10:03:11,513 - INFO -  Scoring full pool: 9887 candidates
2025-06-04 10:03:21,205 - INFO -  GP predict time: 9.692s
2025-06-04 10:03:21,205 - INFO -   EHVI: 9887 candidates with 500 MC samples
2025-06-04 10:04:52,920 - INFO -  EHVI time: 91.715s
f1 shape: (1,)
f2 shape: (1,)
2025-06-04 10:04:52,922 - INFO -  Selected idx=3482 (O=C(O)C(Cc1ccc(-c2ccccc2)cc1)NC(=O)C1CCCN1S(=O)(=O)c1cc(Cl)cc(Cl)c1) → [0.13907285 0.13533528]
2025-06-04 10:04:53,019 - INFO -  Hypervolume: 0.2270
2025-06-04 10:04:53,019 - INFO - 
--- Iter 104 (train size (114, 2)) ---
2025-06-04 10:04:53,019 - INFO -  Inferred reference point at iter 104: [-0.009499854184893557, -0.09999998324702228]
2025-06-04 10:04:53,025 - INFO -  Scoring full pool: 9886 candidates
2025-06-04 10:05:03,084 - INFO -  GP predict time: 10.059s
2025-06-04 10:05:03,084 - INFO -   EHVI: 9886 candidates with 500 MC samples
2025-06-04 10:06:34,705 - INFO -  EHVI time: 91.621s
f1 shape: (1,)
f2 shape: (1,)
2025-06-04 10:06:34,707 - INFO -  Selected idx=4524 (COc1ccc(CNS(=O)(=O)CCNC(=O)c2ccccc2)cc1) → [0.0859375 1.       ]
2025-06-04 10:06:34,805 - INFO -  Hypervolume: 0.2270
2025-06-04 10:06:34,805 - INFO - 
--- Iter 105 (train size (115, 2)) ---
2025-06-04 10:06:34,805 - INFO -  Inferred reference point at iter 105: [-0.009499854184893557, -0.09999998324702228]
2025-06-04 10:06:34,811 - INFO -  Scoring full pool: 9885 candidates
2025-06-04 10:06:44,649 - INFO -  GP predict time: 9.838s
2025-06-04 10:06:44,649 - INFO -   EHVI: 9885 candidates with 500 MC samples
2025-06-04 10:08:16,403 - INFO -  EHVI time: 91.753s
f1 shape: (1,)
f2 shape: (1,)
2025-06-04 10:08:16,405 - INFO -  Selected idx=7918 (COc1ccc(C2CCCN2C(=O)c2cccs2)cc1) → [0.1025641 1.       ]
2025-06-04 10:08:16,505 - INFO -  Hypervolume: 0.2270
2025-06-04 10:08:16,505 - INFO - 
--- Iter 106 (train size (116, 2)) ---
2025-06-04 10:08:16,505 - INFO -  Inferred reference point at iter 106: [-0.009499854184893557, -0.09999998324702228]
2025-06-04 10:08:16,511 - INFO -  Scoring full pool: 9884 candidates
2025-06-04 10:08:26,661 - INFO -  GP predict time: 10.150s
2025-06-04 10:08:26,661 - INFO -   EHVI: 9884 candidates with 500 MC samples
2025-06-04 10:09:58,298 - INFO -  EHVI time: 91.637s
f1 shape: (1,)
f2 shape: (1,)
2025-06-04 10:09:58,300 - INFO -  Selected idx=8999 (Cc1cc(C)cc(OCC(=O)NNC(=O)CCC(=O)NCc2ccccc2)c1) → [0.11940299 1.        ]
2025-06-04 10:09:58,402 - INFO -  Hypervolume: 0.2270
2025-06-04 10:09:58,402 - INFO - 
--- Iter 107 (train size (117, 2)) ---
2025-06-04 10:09:58,403 - INFO -  Inferred reference point at iter 107: [-0.009499854184893557, -0.09999998324702228]
2025-06-04 10:09:58,408 - INFO -  Scoring full pool: 9883 candidates
2025-06-04 10:10:08,730 - INFO -  GP predict time: 10.322s
2025-06-04 10:10:08,730 - INFO -   EHVI: 9883 candidates with 500 MC samples
2025-06-04 10:11:40,447 - INFO -  EHVI time: 91.717s
f1 shape: (1,)
f2 shape: (1,)
2025-06-04 10:11:40,449 - INFO -  Selected idx=6929 (CN(Cc1ccco1)C(=O)C1CCC(=O)N(CCc2cccc(F)c2)C1) → [0.10687023 1.        ]
2025-06-04 10:11:40,552 - INFO -  Hypervolume: 0.2270
2025-06-04 10:11:40,552 - INFO - 
--- Iter 108 (train size (118, 2)) ---
2025-06-04 10:11:40,552 - INFO -  Inferred reference point at iter 108: [-0.009499854184893557, -0.09999998324702228]
2025-06-04 10:11:40,557 - INFO -  Scoring full pool: 9882 candidates
2025-06-04 10:11:50,607 - INFO -  GP predict time: 10.049s
2025-06-04 10:11:50,607 - INFO -   EHVI: 9882 candidates with 500 MC samples
2025-06-04 10:13:22,578 - INFO -  EHVI time: 91.971s
f1 shape: (1,)
f2 shape: (1,)
2025-06-04 10:13:22,580 - INFO -  Selected idx=8162 (CN=C(S)C1(c2cccnc2)CCCCC1CCNS(=O)(=O)c1ccc(Cl)cc1) → [0.11678832 1.        ]
2025-06-04 10:13:22,683 - INFO -  Hypervolume: 0.2270
2025-06-04 10:13:22,684 - INFO - 
--- Iter 109 (train size (119, 2)) ---
2025-06-04 10:13:22,684 - INFO -  Inferred reference point at iter 109: [-0.009499854184893557, -0.09999998324702228]
2025-06-04 10:13:22,689 - INFO -  Scoring full pool: 9881 candidates
2025-06-04 10:13:33,167 - INFO -  GP predict time: 10.477s
2025-06-04 10:13:33,167 - INFO -   EHVI: 9881 candidates with 500 MC samples
2025-06-04 10:15:05,152 - INFO -  EHVI time: 91.985s
f1 shape: (1,)
f2 shape: (1,)
2025-06-04 10:15:05,154 - INFO -  Selected idx=8625 (CS(=O)(=O)c1ccc(-c2cc(C(F)(F)F)nc(OC3CCCC3)n2)cc1) → [0.1171875 1.       ]
2025-06-04 10:15:05,259 - INFO -  Hypervolume: 0.2270
2025-06-04 10:15:05,259 - INFO - 
--- Iter 110 (train size (120, 2)) ---
2025-06-04 10:15:05,259 - INFO -  Inferred reference point at iter 110: [-0.009499854184893557, -0.09999998324702228]
2025-06-04 10:15:05,265 - INFO -  Scoring full pool: 9880 candidates
2025-06-04 10:15:15,535 - INFO -  GP predict time: 10.270s
2025-06-04 10:15:15,535 - INFO -   EHVI: 9880 candidates with 500 MC samples
2025-06-04 10:16:46,846 - INFO -  EHVI time: 91.311s
f1 shape: (1,)
f2 shape: (1,)
2025-06-04 10:16:46,848 - INFO -  Selected idx=5087 (O=C(COC(=O)C1CCCN1C(=O)c1cccs1)NCCc1ccccc1) → [0.18253968 1.        ]
2025-06-04 10:16:46,956 - INFO -  Hypervolume: 0.2270
2025-06-04 10:16:46,956 - INFO - 
--- Iter 111 (train size (121, 2)) ---
2025-06-04 10:16:46,956 - INFO -  Inferred reference point at iter 111: [-0.009499854184893557, -0.09999998324702228]
2025-06-04 10:16:46,962 - INFO -  Scoring full pool: 9879 candidates
2025-06-04 10:16:57,244 - INFO -  GP predict time: 10.282s
2025-06-04 10:16:57,244 - INFO -   EHVI: 9879 candidates with 500 MC samples
2025-06-04 10:18:28,923 - INFO -  EHVI time: 91.678s
f1 shape: (1,)
f2 shape: (1,)
2025-06-04 10:18:28,925 - INFO -  Selected idx=2219 (COc1ccc(CNS(=O)(=O)c2ccc3oc(C(=O)O)c(C)c3c2)cc1) → [0.09160305 0.13533528]
2025-06-04 10:18:29,033 - INFO -  Hypervolume: 0.2270
2025-06-04 10:18:29,033 - INFO - 
--- Iter 112 (train size (122, 2)) ---
2025-06-04 10:18:29,033 - INFO -  Inferred reference point at iter 112: [-0.009499854184893557, -0.09999998324702228]
2025-06-04 10:18:29,039 - INFO -  Scoring full pool: 9878 candidates
2025-06-04 10:18:39,760 - INFO -  GP predict time: 10.721s
2025-06-04 10:18:39,760 - INFO -   EHVI: 9878 candidates with 500 MC samples
2025-06-04 10:20:11,445 - INFO -  EHVI time: 91.685s
f1 shape: (1,)
f2 shape: (1,)
2025-06-04 10:20:11,446 - INFO -  Selected idx=3602 (O=C(CCNC(=O)N1CC(=O)Nc2ccccc21)NCCc1cccc(F)c1) → [0.0942029 1.       ]
2025-06-04 10:20:11,557 - INFO -  Hypervolume: 0.2270
2025-06-04 10:20:11,557 - INFO - 
--- Iter 113 (train size (123, 2)) ---
2025-06-04 10:20:11,557 - INFO -  Inferred reference point at iter 113: [-0.009499854184893557, -0.09999998324702228]
2025-06-04 10:20:11,563 - INFO -  Scoring full pool: 9877 candidates
2025-06-04 10:20:22,165 - INFO -  GP predict time: 10.602s
2025-06-04 10:20:22,165 - INFO -   EHVI: 9877 candidates with 500 MC samples
2025-06-04 10:21:53,797 - INFO -  EHVI time: 91.632s
f1 shape: (1,)
f2 shape: (1,)
2025-06-04 10:21:53,799 - INFO -  Selected idx=2125 (Cc1cccnc1NC(=O)c1cccc(S(=O)(=O)N2CCCC2)c1) → [0.112 1.   ]
2025-06-04 10:21:53,912 - INFO -  Hypervolume: 0.2270
2025-06-04 10:21:53,912 - INFO - 
--- Iter 114 (train size (124, 2)) ---
2025-06-04 10:21:53,912 - INFO -  Inferred reference point at iter 114: [-0.009499854184893557, -0.09999998324702228]
2025-06-04 10:21:53,918 - INFO -  Scoring full pool: 9876 candidates
2025-06-04 10:22:04,516 - INFO -  GP predict time: 10.598s
2025-06-04 10:22:04,516 - INFO -   EHVI: 9876 candidates with 500 MC samples
2025-06-04 10:23:36,657 - INFO -  EHVI time: 92.140s
f1 shape: (1,)
f2 shape: (1,)
2025-06-04 10:23:36,658 - INFO -  Selected idx=7902 (COc1ccccc1N(C)S(=O)(=O)c1ccc(C(=O)OCC(=O)N2CCCCCC2)cc1) → [0.14184397 1.        ]
2025-06-04 10:23:36,772 - INFO -  Hypervolume: 0.2270
2025-06-04 10:23:36,772 - INFO - 
--- Iter 115 (train size (125, 2)) ---
2025-06-04 10:23:36,773 - INFO -  Inferred reference point at iter 115: [-0.009499854184893557, -0.09999998324702228]
2025-06-04 10:23:36,779 - INFO -  Scoring full pool: 9875 candidates
2025-06-04 10:23:47,780 - INFO -  GP predict time: 11.001s
2025-06-04 10:23:47,780 - INFO -   EHVI: 9875 candidates with 500 MC samples
2025-06-04 10:25:19,779 - INFO -  EHVI time: 91.998s
f1 shape: (1,)
f2 shape: (1,)
2025-06-04 10:25:19,780 - INFO -  Selected idx=6507 (CC(C)C(NS(=O)(=O)c1cnccc1NC(CO)Cc1ccccc1)C(=O)N1CCC(CCF)CC1) → [0.16216216 1.        ]
2025-06-04 10:25:19,896 - INFO -  Hypervolume: 0.2270
2025-06-04 10:25:19,897 - INFO - 
--- Iter 116 (train size (126, 2)) ---
2025-06-04 10:25:19,897 - INFO -  Inferred reference point at iter 116: [-0.009499854184893557, -0.09999998324702228]
2025-06-04 10:25:19,903 - INFO -  Scoring full pool: 9874 candidates
2025-06-04 10:25:30,968 - INFO -  GP predict time: 11.065s
2025-06-04 10:25:30,968 - INFO -   EHVI: 9874 candidates with 500 MC samples
2025-06-04 10:27:02,851 - INFO -  EHVI time: 91.883s
f1 shape: (1,)
f2 shape: (1,)
2025-06-04 10:27:02,853 - INFO -  Selected idx=830 (CC(=O)N1CCCC1(Cc1ccc(F)cc1)C(=O)OCc1ccccc1) → [0.12403101 1.        ]
2025-06-04 10:27:02,971 - INFO -  Hypervolume: 0.2270
2025-06-04 10:27:02,971 - INFO - 
--- Iter 117 (train size (127, 2)) ---
2025-06-04 10:27:02,971 - INFO -  Inferred reference point at iter 117: [-0.009499854184893557, -0.09999998324702228]
2025-06-04 10:27:02,977 - INFO -  Scoring full pool: 9873 candidates
2025-06-04 10:27:13,918 - INFO -  GP predict time: 10.941s
2025-06-04 10:27:13,919 - INFO -   EHVI: 9873 candidates with 500 MC samples
2025-06-04 10:28:46,072 - INFO -  EHVI time: 92.154s
f1 shape: (1,)
f2 shape: (1,)
2025-06-04 10:28:46,074 - INFO -  Selected idx=7094 (CC(C)C(NC(=O)C(S)Cc1ccccc1)C(=O)NC(Cc1ccc(O)cc1)C(=O)O) → [0.14705882 1.        ]
2025-06-04 10:28:46,193 - INFO -  Hypervolume: 0.2270
2025-06-04 10:28:46,193 - INFO - 
--- Iter 118 (train size (128, 2)) ---
2025-06-04 10:28:46,193 - INFO -  Inferred reference point at iter 118: [-0.009499854184893557, -0.09999998324702228]
2025-06-04 10:28:46,200 - INFO -  Scoring full pool: 9872 candidates
2025-06-04 10:28:57,487 - INFO -  GP predict time: 11.287s
2025-06-04 10:28:57,487 - INFO -   EHVI: 9872 candidates with 500 MC samples
2025-06-04 10:30:28,941 - INFO -  EHVI time: 91.454s
f1 shape: (1,)
f2 shape: (1,)
2025-06-04 10:30:28,943 - INFO -  Selected idx=4631 (CC(C)(C)NC(=O)C1CC2SCCC2CN1CC(O)C(Cc1ccccc1)NC(=O)C(CS(=O)(=O)c1ccc(F)cc1)NS(C)(=O)=O) → [0.17647059 1.        ]
2025-06-04 10:30:29,065 - INFO -  Hypervolume: 0.2270
2025-06-04 10:30:29,065 - INFO - 
--- Iter 119 (train size (129, 2)) ---
2025-06-04 10:30:29,065 - INFO -  Inferred reference point at iter 119: [-0.009499854184893557, -0.09999998324702228]
2025-06-04 10:30:29,072 - INFO -  Scoring full pool: 9871 candidates
2025-06-04 10:30:40,141 - INFO -  GP predict time: 11.069s
2025-06-04 10:30:40,141 - INFO -   EHVI: 9871 candidates with 500 MC samples
2025-06-04 10:32:11,534 - INFO -  EHVI time: 91.393s
f1 shape: (1,)
f2 shape: (1,)
2025-06-04 10:32:11,536 - INFO -  Selected idx=5358 (O=C(CSCc1ccccc1Cl)N1CCN(c2ccc(Cl)cc2)CC1) → [0.07518797 1.        ]
2025-06-04 10:32:11,659 - INFO -  Hypervolume: 0.2270
2025-06-04 10:32:11,659 - INFO - 
--- Iter 120 (train size (130, 2)) ---
2025-06-04 10:32:11,659 - INFO -  Inferred reference point at iter 120: [-0.009499854184893557, -0.09999998324702228]
2025-06-04 10:32:11,665 - INFO -  Scoring full pool: 9870 candidates
2025-06-04 10:32:22,828 - INFO -  GP predict time: 11.163s
2025-06-04 10:32:22,828 - INFO -   EHVI: 9870 candidates with 500 MC samples
2025-06-04 10:33:54,930 - INFO -  EHVI time: 92.101s
f1 shape: (1,)
f2 shape: (1,)
2025-06-04 10:33:54,932 - INFO -  Selected idx=6038 (COc1ccc(S(=O)(=O)NCCCN2CCN(c3ccc(Cl)c(Cl)c3)CC2)cc1) → [0.09285714 1.        ]
2025-06-04 10:33:55,056 - INFO -  Hypervolume: 0.2270
2025-06-04 10:33:55,056 - INFO - 
--- Iter 121 (train size (131, 2)) ---
2025-06-04 10:33:55,056 - INFO -  Inferred reference point at iter 121: [-0.009499854184893557, -0.09999998324702228]
2025-06-04 10:33:55,063 - INFO -  Scoring full pool: 9869 candidates
2025-06-04 10:34:06,327 - INFO -  GP predict time: 11.264s
2025-06-04 10:34:06,327 - INFO -   EHVI: 9869 candidates with 500 MC samples
2025-06-04 10:35:38,187 - INFO -  EHVI time: 91.860s
f1 shape: (1,)
f2 shape: (1,)
2025-06-04 10:35:38,189 - INFO -  Selected idx=3651 (NC(=O)COC(=O)c1ccccc1Nc1ccc(SC(F)F)cc1) → [0.08661417 1.        ]
2025-06-04 10:35:38,312 - INFO -  Hypervolume: 0.2270
2025-06-04 10:35:38,312 - INFO - 
--- Iter 122 (train size (132, 2)) ---
2025-06-04 10:35:38,312 - INFO -  Inferred reference point at iter 122: [-0.009499854184893557, -0.09999998324702228]
2025-06-04 10:35:38,319 - INFO -  Scoring full pool: 9868 candidates
2025-06-04 10:35:49,540 - INFO -  GP predict time: 11.220s
2025-06-04 10:35:49,540 - INFO -   EHVI: 9868 candidates with 500 MC samples
2025-06-04 10:37:21,489 - INFO -  EHVI time: 91.949s
f1 shape: (1,)
f2 shape: (1,)
2025-06-04 10:37:21,491 - INFO -  Selected idx=58 (O=C(O)CCC(=O)NC(CC(=O)O)Cc1ccc(-c2cccc(F)c2)cc1) → [0.12307692 1.        ]
2025-06-04 10:37:21,617 - INFO -  Hypervolume: 0.2270
2025-06-04 10:37:21,617 - INFO - 
--- Iter 123 (train size (133, 2)) ---
2025-06-04 10:37:21,618 - INFO -  Inferred reference point at iter 123: [-0.009499854184893557, -0.09999998324702228]
2025-06-04 10:37:21,624 - INFO -  Scoring full pool: 9867 candidates
2025-06-04 10:37:33,658 - INFO -  GP predict time: 12.033s
2025-06-04 10:37:33,658 - INFO -   EHVI: 9867 candidates with 500 MC samples
2025-06-04 10:39:05,492 - INFO -  EHVI time: 91.834s
f1 shape: (1,)
f2 shape: (1,)
2025-06-04 10:39:05,494 - INFO -  Selected idx=5107 (O=C(COc1ccc(Br)cc1CNC1CCCCC1)NCCc1ccccc1) → [0.15037594 1.        ]
2025-06-04 10:39:05,623 - INFO -  Hypervolume: 0.2270
2025-06-04 10:39:05,623 - INFO - 
--- Iter 124 (train size (134, 2)) ---
2025-06-04 10:39:05,623 - INFO -  Inferred reference point at iter 124: [-0.009499854184893557, -0.09999998324702228]
2025-06-04 10:39:05,630 - INFO -  Scoring full pool: 9866 candidates
2025-06-04 10:39:17,100 - INFO -  GP predict time: 11.470s
2025-06-04 10:39:17,100 - INFO -   EHVI: 9866 candidates with 500 MC samples
2025-06-04 10:40:48,682 - INFO -  EHVI time: 91.581s
f1 shape: (1,)
f2 shape: (1,)
2025-06-04 10:40:48,684 - INFO -  Selected idx=644 (CC(=O)N1CCN(S(=O)(=O)c2cccc(C(=O)OCC(=O)NC(=O)c3cccn3C)c2)CC1) → [0.14084507 1.        ]
2025-06-04 10:40:49,194 - INFO -  Hypervolume: 0.2270
2025-06-04 10:40:49,194 - INFO - 
--- Iter 125 (train size (135, 2)) ---
2025-06-04 10:40:49,194 - INFO -  Inferred reference point at iter 125: [-0.009499854184893557, -0.09999998324702228]
2025-06-04 10:40:49,201 - INFO -  Scoring full pool: 9865 candidates
2025-06-04 10:41:00,660 - INFO -  GP predict time: 11.459s
2025-06-04 10:41:00,660 - INFO -   EHVI: 9865 candidates with 500 MC samples
2025-06-04 10:42:32,549 - INFO -  EHVI time: 91.889s
f1 shape: (1,)
f2 shape: (1,)
2025-06-04 10:42:32,551 - INFO -  Selected idx=790 (CCOc1cccc(-c2ccc(C3CCN(S(=O)(=O)C(C)(C)C(=O)NO)CC3)cc2C)c1) → [0.16058394 1.        ]
2025-06-04 10:42:32,680 - INFO -  Hypervolume: 0.2270
2025-06-04 10:42:32,680 - INFO - 
--- Iter 126 (train size (136, 2)) ---
2025-06-04 10:42:32,680 - INFO -  Inferred reference point at iter 126: [-0.009499854184893557, -0.09999998324702228]
2025-06-04 10:42:32,687 - INFO -  Scoring full pool: 9864 candidates
2025-06-04 10:42:44,710 - INFO -  GP predict time: 12.023s
2025-06-04 10:42:44,710 - INFO -   EHVI: 9864 candidates with 500 MC samples
2025-06-04 10:44:15,972 - INFO -  EHVI time: 91.262s
f1 shape: (1,)
f2 shape: (1,)
2025-06-04 10:44:15,974 - INFO -  Selected idx=378 (Cc1ccc(S(=O)(=O)N2CCCC2CNC(=O)C(=O)NCc2ccccn2)cc1) → [0.13333333 1.        ]
2025-06-04 10:44:16,108 - INFO -  Hypervolume: 0.2270
2025-06-04 10:44:16,108 - INFO - 
--- Iter 127 (train size (137, 2)) ---
2025-06-04 10:44:16,108 - INFO -  Inferred reference point at iter 127: [-0.009499854184893557, -0.09999998324702228]
2025-06-04 10:44:16,116 - INFO -  Scoring full pool: 9863 candidates
2025-06-04 10:44:27,866 - INFO -  GP predict time: 11.750s
2025-06-04 10:44:27,866 - INFO -   EHVI: 9863 candidates with 500 MC samples
2025-06-04 10:45:59,268 - INFO -  EHVI time: 91.403s
f1 shape: (1,)
f2 shape: (1,)
2025-06-04 10:45:59,270 - INFO -  Selected idx=6175 (CC(=O)Nc1ccc(NC(=O)COC(=O)c2ccccc2SCC(=O)N2CCCC2)cc1) → [0.15714286 1.        ]
2025-06-04 10:45:59,406 - INFO -  Hypervolume: 0.2270
2025-06-04 10:45:59,406 - INFO - 
--- Iter 128 (train size (138, 2)) ---
2025-06-04 10:45:59,406 - INFO -  Inferred reference point at iter 128: [-0.009499854184893557, -0.09999998324702228]
2025-06-04 10:45:59,414 - INFO -  Scoring full pool: 9862 candidates
2025-06-04 10:46:11,799 - INFO -  GP predict time: 12.385s
2025-06-04 10:46:11,799 - INFO -   EHVI: 9862 candidates with 500 MC samples
2025-06-04 10:47:43,499 - INFO -  EHVI time: 91.700s
f1 shape: (1,)
f2 shape: (1,)
2025-06-04 10:47:43,501 - INFO -  Selected idx=4984 (O=C(Cc1ccccc1)OCC(=O)c1ccc(F)cc1) → [0.08474576 1.        ]
2025-06-04 10:47:43,638 - INFO -  Hypervolume: 0.2270
2025-06-04 10:47:43,638 - INFO - 
--- Iter 129 (train size (139, 2)) ---
2025-06-04 10:47:43,638 - INFO -  Inferred reference point at iter 129: [-0.009499854184893557, -0.09999998324702228]
2025-06-04 10:47:43,646 - INFO -  Scoring full pool: 9861 candidates
2025-06-04 10:47:55,915 - INFO -  GP predict time: 12.269s
2025-06-04 10:47:55,915 - INFO -   EHVI: 9861 candidates with 500 MC samples
2025-06-04 10:49:27,225 - INFO -  EHVI time: 91.309s
f1 shape: (1,)
f2 shape: (1,)
2025-06-04 10:49:27,226 - INFO -  Selected idx=5511 (CC1C(=O)Oc2ccc(C(=O)c3cccs3)cc21) → [0.05172414 1.        ]
2025-06-04 10:49:27,366 - INFO -  Hypervolume: 0.2270
2025-06-04 10:49:27,366 - INFO - 
--- Iter 130 (train size (140, 2)) ---
2025-06-04 10:49:27,366 - INFO -  Inferred reference point at iter 130: [-0.009499854184893557, -0.09999998324702228]
2025-06-04 10:49:27,374 - INFO -  Scoring full pool: 9860 candidates
2025-06-04 10:49:39,789 - INFO -  GP predict time: 12.415s
2025-06-04 10:49:39,789 - INFO -   EHVI: 9860 candidates with 500 MC samples
2025-06-04 10:51:11,437 - INFO -  EHVI time: 91.648s
f1 shape: (1,)
f2 shape: (1,)
2025-06-04 10:51:11,438 - INFO -  Selected idx=7654 (COc1cccc(CNC(=O)CCC2CCCN(C(=O)CCC(F)(F)F)C2)c1) → [0.15503876 0.13533528]
2025-06-04 10:51:11,580 - INFO -  Hypervolume: 0.2270
2025-06-04 10:51:11,580 - INFO - 
--- Iter 131 (train size (141, 2)) ---
2025-06-04 10:51:11,580 - INFO -  Inferred reference point at iter 131: [-0.009499854184893557, -0.09999998324702228]
2025-06-04 10:51:11,588 - INFO -  Scoring full pool: 9859 candidates
2025-06-04 10:51:23,735 - INFO -  GP predict time: 12.147s
2025-06-04 10:51:23,735 - INFO -   EHVI: 9859 candidates with 500 MC samples
2025-06-04 10:52:55,184 - INFO -  EHVI time: 91.449s
f1 shape: (1,)
f2 shape: (1,)
2025-06-04 10:52:55,186 - INFO -  Selected idx=6966 (CC(=O)NCc1cccc(-c2csc(NC(=N)NCCCc3ccccc3)n2)c1) → [0.06164384 0.13533528]
2025-06-04 10:52:55,329 - INFO -  Hypervolume: 0.2270
2025-06-04 10:52:55,330 - INFO - 
--- Iter 132 (train size (142, 2)) ---
2025-06-04 10:52:55,330 - INFO -  Inferred reference point at iter 132: [-0.009499854184893557, -0.09999998324702228]
2025-06-04 10:52:55,337 - INFO -  Scoring full pool: 9858 candidates
2025-06-04 10:53:08,238 - INFO -  GP predict time: 12.901s
2025-06-04 10:53:08,238 - INFO -   EHVI: 9858 candidates with 500 MC samples
2025-06-04 10:54:39,594 - INFO -  EHVI time: 91.355s
f1 shape: (1,)
f2 shape: (1,)
2025-06-04 10:54:39,596 - INFO -  Selected idx=8415 (COc1ccc(CNCCc2cccs2)cc1-c1ccc(S(=O)(=O)NCCN2CCCC2)s1) → [0.09868421 0.13533528]
2025-06-04 10:54:39,742 - INFO -  Hypervolume: 0.2270
2025-06-04 10:54:39,742 - INFO - 
--- Iter 133 (train size (143, 2)) ---
2025-06-04 10:54:39,742 - INFO -  Inferred reference point at iter 133: [-0.009499854184893557, -0.09999998324702228]
2025-06-04 10:54:39,750 - INFO -  Scoring full pool: 9857 candidates
2025-06-04 10:54:52,091 - INFO -  GP predict time: 12.340s
2025-06-04 10:54:52,091 - INFO -   EHVI: 9857 candidates with 500 MC samples
2025-06-04 10:56:23,387 - INFO -  EHVI time: 91.297s
f1 shape: (1,)
f2 shape: (1,)
2025-06-04 10:56:23,389 - INFO -  Selected idx=3176 (CN(CC(=O)Nc1ccccc1Cl)C(=O)C1CCN(C(=O)c2ccc(F)cc2)CC1) → [0.14814815 1.        ]
2025-06-04 10:56:23,537 - INFO -  Hypervolume: 0.2270
2025-06-04 10:56:23,537 - INFO - 
--- Iter 134 (train size (144, 2)) ---
2025-06-04 10:56:23,537 - INFO -  Inferred reference point at iter 134: [-0.009499854184893557, -0.09999998324702228]
2025-06-04 10:56:23,545 - INFO -  Scoring full pool: 9856 candidates
2025-06-04 10:56:36,292 - INFO -  GP predict time: 12.747s
2025-06-04 10:56:36,292 - INFO -   EHVI: 9856 candidates with 500 MC samples
2025-06-04 10:58:07,890 - INFO -  EHVI time: 91.598s
f1 shape: (1,)
f2 shape: (1,)
2025-06-04 10:58:07,891 - INFO -  Selected idx=7031 (O=C(Nc1ccc(Br)nc1)c1cccc(F)c1) → [0.03478261 1.        ]
2025-06-04 10:58:08,040 - INFO -  Hypervolume: 0.2270
2025-06-04 10:58:08,041 - INFO - 
--- Iter 135 (train size (145, 2)) ---
2025-06-04 10:58:08,041 - INFO -  Inferred reference point at iter 135: [-0.009499854184893557, -0.09999998324702228]
2025-06-04 10:58:08,048 - INFO -  Scoring full pool: 9855 candidates
2025-06-04 10:58:20,852 - INFO -  GP predict time: 12.803s
2025-06-04 10:58:20,852 - INFO -   EHVI: 9855 candidates with 500 MC samples
2025-06-04 10:59:52,115 - INFO -  EHVI time: 91.263s
f1 shape: (1,)
f2 shape: (1,)
2025-06-04 10:59:52,117 - INFO -  Selected idx=5584 (COc1cccc(NC(=O)C(=O)NCCc2ccc(F)cc2)c1) → [0.088 1.   ]
2025-06-04 10:59:52,267 - INFO -  Hypervolume: 0.2270
2025-06-04 10:59:52,267 - INFO - 
--- Iter 136 (train size (146, 2)) ---
2025-06-04 10:59:52,267 - INFO -  Inferred reference point at iter 136: [-0.009499854184893557, -0.09999998324702228]
2025-06-04 10:59:52,275 - INFO -  Scoring full pool: 9854 candidates
2025-06-04 11:00:05,118 - INFO -  GP predict time: 12.843s
2025-06-04 11:00:05,118 - INFO -   EHVI: 9854 candidates with 500 MC samples
2025-06-04 11:01:36,543 - INFO -  EHVI time: 91.424s
f1 shape: (1,)
f2 shape: (1,)
2025-06-04 11:01:36,544 - INFO -  Selected idx=5847 (O=C(Nc1ccc(CC(NC(=O)C2(CCNC(=O)C(F)(F)F)CCCC2)C(=O)O)cc1)c1c(Cl)cccc1Cl) → [0.1483871 1.       ]
2025-06-04 11:01:36,696 - INFO -  Hypervolume: 0.2270
2025-06-04 11:01:36,696 - INFO - 
--- Iter 137 (train size (147, 2)) ---
2025-06-04 11:01:36,696 - INFO -  Inferred reference point at iter 137: [-0.009499854184893557, -0.09999998324702228]
2025-06-04 11:01:36,704 - INFO -  Scoring full pool: 9853 candidates
2025-06-04 11:01:49,711 - INFO -  GP predict time: 13.007s
2025-06-04 11:01:49,711 - INFO -   EHVI: 9853 candidates with 500 MC samples
2025-06-04 11:03:21,064 - INFO -  EHVI time: 91.353s
f1 shape: (1,)
f2 shape: (1,)
2025-06-04 11:03:21,066 - INFO -  Selected idx=5302 (CC(=O)c1cccc(-c2ccccc2C(=O)NCC2CCNCC2)c1) → [0.12598425 1.        ]
2025-06-04 11:03:21,224 - INFO -  Hypervolume: 0.2270
2025-06-04 11:03:21,224 - INFO - 
--- Iter 138 (train size (148, 2)) ---
2025-06-04 11:03:21,224 - INFO -  Inferred reference point at iter 138: [-0.009499854184893557, -0.09999998324702228]
2025-06-04 11:03:21,232 - INFO -  Scoring full pool: 9852 candidates
2025-06-04 11:03:34,767 - INFO -  GP predict time: 13.535s
2025-06-04 11:03:34,767 - INFO -   EHVI: 9852 candidates with 500 MC samples
2025-06-04 11:05:06,089 - INFO -  EHVI time: 91.322s
f1 shape: (1,)
f2 shape: (1,)
2025-06-04 11:05:06,091 - INFO -  Selected idx=1882 (CCOC(=O)c1ccc(COc2ccc(C#N)cc2)cc1) → [0.09166667 1.        ]
2025-06-04 11:05:06,248 - INFO -  Hypervolume: 0.2270
2025-06-04 11:05:06,248 - INFO - 
--- Iter 139 (train size (149, 2)) ---
2025-06-04 11:05:06,248 - INFO -  Inferred reference point at iter 139: [-0.009499854184893557, -0.09999998324702228]
2025-06-04 11:05:06,256 - INFO -  Scoring full pool: 9851 candidates
2025-06-04 11:05:19,150 - INFO -  GP predict time: 12.894s
2025-06-04 11:05:19,150 - INFO -   EHVI: 9851 candidates with 500 MC samples
2025-06-04 11:06:50,246 - INFO -  EHVI time: 91.096s
f1 shape: (1,)
f2 shape: (1,)
2025-06-04 11:06:50,248 - INFO -  Selected idx=6079 (COC(=O)NC(Cc1ccccc1)C(=O)NC(Cc1ccc(NS(=O)(=O)O)cc1)c1csc(C)n1) → [0.11184211 0.13533528]
2025-06-04 11:06:50,407 - INFO -  Hypervolume: 0.2270
2025-06-04 11:06:50,407 - INFO - 
--- Iter 140 (train size (150, 2)) ---
2025-06-04 11:06:50,407 - INFO -  Inferred reference point at iter 140: [-0.009499854184893557, -0.09999998324702228]
2025-06-04 11:06:50,415 - INFO -  Scoring full pool: 9850 candidates
2025-06-04 11:07:03,699 - INFO -  GP predict time: 13.284s
2025-06-04 11:07:03,699 - INFO -   EHVI: 9850 candidates with 500 MC samples
2025-06-04 11:08:35,385 - INFO -  EHVI time: 91.686s
f1 shape: (1,)
f2 shape: (1,)
2025-06-04 11:08:35,387 - INFO -  Selected idx=7500 (O=C(Nc1ccc2c(c1)OCCO2)C1CC(O)CN1C(=O)Nc1ccccc1) → [0.12592593 1.        ]
2025-06-04 11:08:35,548 - INFO -  Hypervolume: 0.2270
2025-06-04 11:08:35,548 - INFO - 
--- Iter 141 (train size (151, 2)) ---
2025-06-04 11:08:35,548 - INFO -  Inferred reference point at iter 141: [-0.009499854184893557, -0.09999998324702228]
2025-06-04 11:08:35,556 - INFO -  Scoring full pool: 9849 candidates
2025-06-04 11:08:49,010 - INFO -  GP predict time: 13.454s
2025-06-04 11:08:49,010 - INFO -   EHVI: 9849 candidates with 500 MC samples
2025-06-04 11:10:20,187 - INFO -  EHVI time: 91.176s
f1 shape: (1,)
f2 shape: (1,)
2025-06-04 11:10:20,188 - INFO -  Selected idx=2924 (NC(=O)C1CCCN1Cc1cccc(NC(=O)c2cccs2)c1) → [0.1322314 1.       ]
2025-06-04 11:10:20,350 - INFO -  Hypervolume: 0.2270
2025-06-04 11:10:20,350 - INFO - 
--- Iter 142 (train size (152, 2)) ---
2025-06-04 11:10:20,350 - INFO -  Inferred reference point at iter 142: [-0.009499854184893557, -0.09999998324702228]
2025-06-04 11:10:20,358 - INFO -  Scoring full pool: 9848 candidates
2025-06-04 11:10:33,503 - INFO -  GP predict time: 13.144s
2025-06-04 11:10:33,503 - INFO -   EHVI: 9848 candidates with 500 MC samples
2025-06-04 11:12:04,797 - INFO -  EHVI time: 91.295s
f1 shape: (1,)
f2 shape: (1,)
2025-06-04 11:12:04,799 - INFO -  Selected idx=7794 (NC(=O)c1ccc(-c2cccc(F)c2)nc1) → [0.02654867 1.        ]
2025-06-04 11:12:04,963 - INFO -  Hypervolume: 0.2270
2025-06-04 11:12:04,963 - INFO - 
--- Iter 143 (train size (153, 2)) ---
2025-06-04 11:12:04,963 - INFO -  Inferred reference point at iter 143: [-0.009499854184893557, -0.09999998324702228]
2025-06-04 11:12:04,971 - INFO -  Scoring full pool: 9847 candidates
2025-06-04 11:12:18,488 - INFO -  GP predict time: 13.516s
2025-06-04 11:12:18,488 - INFO -   EHVI: 9847 candidates with 500 MC samples
2025-06-04 11:13:50,045 - INFO -  EHVI time: 91.557s
f1 shape: (1,)
f2 shape: (1,)
2025-06-04 11:13:50,047 - INFO -  Selected idx=2099 (CC(C)(C)NC(=O)c1cccc(NC(=O)Cc2ccc(Br)cc2)c1) → [0.08730159 1.        ]
2025-06-04 11:13:50,213 - INFO -  Hypervolume: 0.2270
2025-06-04 11:13:50,213 - INFO - 
--- Iter 144 (train size (154, 2)) ---
2025-06-04 11:13:50,213 - INFO -  Inferred reference point at iter 144: [-0.009499854184893557, -0.09999998324702228]
2025-06-04 11:13:50,221 - INFO -  Scoring full pool: 9846 candidates
2025-06-04 11:14:03,856 - INFO -  GP predict time: 13.635s
2025-06-04 11:14:03,857 - INFO -   EHVI: 9846 candidates with 500 MC samples
2025-06-04 11:15:35,440 - INFO -  EHVI time: 91.584s
f1 shape: (1,)
f2 shape: (1,)
2025-06-04 11:15:35,442 - INFO -  Selected idx=7960 (CC(=O)Nc1ccc(C=NNC(=O)CCN2CCN(c3ccccc3)CC2)cc1) → [0.10714286 1.        ]
2025-06-04 11:15:35,610 - INFO -  Hypervolume: 0.2270
2025-06-04 11:15:35,610 - INFO - 
--- Iter 145 (train size (155, 2)) ---
2025-06-04 11:15:35,611 - INFO -  Inferred reference point at iter 145: [-0.009499854184893557, -0.09999998324702228]
2025-06-04 11:15:35,619 - INFO -  Scoring full pool: 9845 candidates
2025-06-04 11:15:49,348 - INFO -  GP predict time: 13.730s
2025-06-04 11:15:49,348 - INFO -   EHVI: 9845 candidates with 500 MC samples
2025-06-04 11:17:20,328 - INFO -  EHVI time: 90.979s
f1 shape: (1,)
f2 shape: (1,)
2025-06-04 11:17:20,330 - INFO -  Selected idx=1742 (O=C(CC1C(=O)Nc2ccccc2N1CC(=O)N1CCCC1)Nc1ccc(Br)cc1) → [0.1294964 1.       ]
2025-06-04 11:17:20,499 - INFO -  Hypervolume: 0.2270
2025-06-04 11:17:20,499 - INFO - 
--- Iter 146 (train size (156, 2)) ---
2025-06-04 11:17:20,500 - INFO -  Inferred reference point at iter 146: [-0.009499854184893557, -0.09999998324702228]
2025-06-04 11:17:20,508 - INFO -  Scoring full pool: 9844 candidates
2025-06-04 11:17:34,290 - INFO -  GP predict time: 13.782s
2025-06-04 11:17:34,290 - INFO -   EHVI: 9844 candidates with 500 MC samples
2025-06-04 11:19:05,719 - INFO -  EHVI time: 91.429s
f1 shape: (1,)
f2 shape: (1,)
2025-06-04 11:19:05,721 - INFO -  Selected idx=2305 (Nc1ccc(NC(=O)COc2ccccc2)c(O)c1) → [0.05932203 1.        ]
2025-06-04 11:19:05,892 - INFO -  Hypervolume: 0.2270
2025-06-04 11:19:05,892 - INFO - 
--- Iter 147 (train size (157, 2)) ---
2025-06-04 11:19:05,892 - INFO -  Inferred reference point at iter 147: [-0.009499854184893557, -0.09999998324702228]
2025-06-04 11:19:05,901 - INFO -  Scoring full pool: 9843 candidates
2025-06-04 11:19:19,452 - INFO -  GP predict time: 13.552s
2025-06-04 11:19:19,452 - INFO -   EHVI: 9843 candidates with 500 MC samples
2025-06-04 11:20:50,525 - INFO -  EHVI time: 91.073s
f1 shape: (1,)
f2 shape: (1,)
2025-06-04 11:20:50,527 - INFO -  Selected idx=9524 (Cc1ccc(NCC(O)COc2ccccc2)cc1) → [0.05882353 1.        ]
2025-06-04 11:20:50,700 - INFO -  Hypervolume: 0.2270
2025-06-04 11:20:50,700 - INFO - 
--- Iter 148 (train size (158, 2)) ---
2025-06-04 11:20:50,700 - INFO -  Inferred reference point at iter 148: [-0.009499854184893557, -0.09999998324702228]
2025-06-04 11:20:50,709 - INFO -  Scoring full pool: 9842 candidates
2025-06-04 11:21:05,155 - INFO -  GP predict time: 14.447s
2025-06-04 11:21:05,156 - INFO -   EHVI: 9842 candidates with 500 MC samples
2025-06-04 11:22:36,480 - INFO -  EHVI time: 91.324s
f1 shape: (1,)
f2 shape: (1,)
2025-06-04 11:22:36,481 - INFO -  Selected idx=4243 (O=C(c1ccc(OCc2cccnc2)cc1)C1CC1) → [0.0862069 1.       ]
2025-06-04 11:22:36,657 - INFO -  Hypervolume: 0.2270
2025-06-04 11:22:36,657 - INFO - 
--- Iter 149 (train size (159, 2)) ---
2025-06-04 11:22:36,657 - INFO -  Inferred reference point at iter 149: [-0.009499854184893557, -0.09999998324702228]
2025-06-04 11:22:36,666 - INFO -  Scoring full pool: 9841 candidates
2025-06-04 11:22:50,475 - INFO -  GP predict time: 13.809s
2025-06-04 11:22:50,475 - INFO -   EHVI: 9841 candidates with 500 MC samples
2025-06-04 11:24:21,552 - INFO -  EHVI time: 91.077s
f1 shape: (1,)
f2 shape: (1,)
2025-06-04 11:24:21,554 - INFO -  Selected idx=1623 (O=C(CN1CCN(C(=O)c2ccccc2)CC1)Nc1ccc(Br)cn1) → [0.1 1. ]
2025-06-04 11:24:21,731 - INFO -  Hypervolume: 0.2270
2025-06-04 11:24:21,731 - INFO - 
--- Iter 150 (train size (160, 2)) ---
2025-06-04 11:24:21,731 - INFO -  Inferred reference point at iter 150: [-0.009499854184893557, -0.09999998324702228]
2025-06-04 11:24:21,740 - INFO -  Scoring full pool: 9840 candidates
2025-06-04 11:24:35,917 - INFO -  GP predict time: 14.177s
2025-06-04 11:24:35,917 - INFO -   EHVI: 9840 candidates with 500 MC samples
2025-06-04 11:26:07,132 - INFO -  EHVI time: 91.215s
f1 shape: (1,)
f2 shape: (1,)
2025-06-04 11:26:07,134 - INFO -  Selected idx=1606 (COc1ccc(CCNC(=O)C2CCN(C(=O)c3ccc([N+](=O)[O-])cc3)CC2)cc1) → [0.14705882 1.        ]
2025-06-04 11:26:07,314 - INFO -  Hypervolume: 0.2270
2025-06-04 11:26:07,314 - INFO - 
--- Iter 151 (train size (161, 2)) ---
2025-06-04 11:26:07,314 - INFO -  Inferred reference point at iter 151: [-0.009499854184893557, -0.09999998324702228]
2025-06-04 11:26:07,322 - INFO -  Scoring full pool: 9839 candidates
2025-06-04 11:26:21,521 - INFO -  GP predict time: 14.199s
2025-06-04 11:26:21,522 - INFO -   EHVI: 9839 candidates with 500 MC samples
2025-06-04 11:27:52,773 - INFO -  EHVI time: 91.251s
f1 shape: (1,)
f2 shape: (1,)
2025-06-04 11:27:52,774 - INFO -  Selected idx=6385 (O=C(Nc1ccc(CN2CCS(=O)(=O)CC2)cc1)c1ccccc1) → [0.09375 1.     ]
2025-06-04 11:27:52,952 - INFO -  Hypervolume: 0.2270
2025-06-04 11:27:52,952 - INFO - 
--- Iter 152 (train size (162, 2)) ---
2025-06-04 11:27:52,953 - INFO -  Inferred reference point at iter 152: [-0.009499854184893557, -0.09999998324702228]
2025-06-04 11:27:52,961 - INFO -  Scoring full pool: 9838 candidates
2025-06-04 11:28:07,325 - INFO -  GP predict time: 14.364s
2025-06-04 11:28:07,325 - INFO -   EHVI: 9838 candidates with 500 MC samples
2025-06-04 11:29:38,356 - INFO -  EHVI time: 91.032s
f1 shape: (1,)
f2 shape: (1,)
2025-06-04 11:29:38,358 - INFO -  Selected idx=9279 (Cc1ccccc1CCN1CCCC(CN(C)C(=O)C(=O)c2ccco2)C1) → [0.14728682 1.        ]
2025-06-04 11:29:38,973 - INFO -  Hypervolume: 0.2270
2025-06-04 11:29:38,973 - INFO - 
--- Iter 153 (train size (163, 2)) ---
2025-06-04 11:29:38,974 - INFO -  Inferred reference point at iter 153: [-0.009499854184893557, -0.09999998324702228]
2025-06-04 11:29:38,982 - INFO -  Scoring full pool: 9837 candidates
2025-06-04 11:29:53,338 - INFO -  GP predict time: 14.356s
2025-06-04 11:29:53,338 - INFO -   EHVI: 9837 candidates with 500 MC samples
2025-06-04 11:31:24,178 - INFO -  EHVI time: 90.840s
f1 shape: (1,)
f2 shape: (1,)
2025-06-04 11:31:24,180 - INFO -  Selected idx=8667 (COC(=O)c1ccc(C=NNC(=O)CC(=O)NCCc2ccccc2)cc1) → [0.11278195 1.        ]
2025-06-04 11:31:24,367 - INFO -  Hypervolume: 0.2270
2025-06-04 11:31:24,367 - INFO - 
--- Iter 154 (train size (164, 2)) ---
2025-06-04 11:31:24,367 - INFO -  Inferred reference point at iter 154: [-0.009499854184893557, -0.09999998324702228]
2025-06-04 11:31:24,376 - INFO -  Scoring full pool: 9836 candidates
2025-06-04 11:31:38,883 - INFO -  GP predict time: 14.507s
2025-06-04 11:31:38,883 - INFO -   EHVI: 9836 candidates with 500 MC samples
2025-06-04 11:33:09,652 - INFO -  EHVI time: 90.769s
f1 shape: (1,)
f2 shape: (1,)
2025-06-04 11:33:09,654 - INFO -  Selected idx=3757 (O=C(COc1cccc(F)c1C(=O)N1CCCCC1)NC(CO)Cc1ccccc1) → [0.15441176 1.        ]
2025-06-04 11:33:09,842 - INFO -  Hypervolume: 0.2270
2025-06-04 11:33:09,842 - INFO - 
--- Iter 155 (train size (165, 2)) ---
2025-06-04 11:33:09,842 - INFO -  Inferred reference point at iter 155: [-0.009499854184893557, -0.09999998324702228]
2025-06-04 11:33:09,851 - INFO -  Scoring full pool: 9835 candidates
2025-06-04 11:33:24,033 - INFO -  GP predict time: 14.181s
2025-06-04 11:33:24,033 - INFO -   EHVI: 9835 candidates with 500 MC samples
2025-06-04 11:34:55,463 - INFO -  EHVI time: 91.430s
f1 shape: (1,)
f2 shape: (1,)
2025-06-04 11:34:55,464 - INFO -  Selected idx=4187 (O=C(CNC(=O)c1ccc2ccccc2c1)NC1CCCCC1) → [0.16949153 1.        ]
2025-06-04 11:34:55,656 - INFO -  Hypervolume: 0.2270
2025-06-04 11:34:55,656 - INFO - 
--- Iter 156 (train size (166, 2)) ---
2025-06-04 11:34:55,656 - INFO -  Inferred reference point at iter 156: [-0.009499854184893557, -0.09999998324702228]
2025-06-04 11:34:55,665 - INFO -  Scoring full pool: 9834 candidates
2025-06-04 11:35:10,911 - INFO -  GP predict time: 15.245s
2025-06-04 11:35:10,911 - INFO -   EHVI: 9834 candidates with 500 MC samples
2025-06-04 11:36:41,798 - INFO -  EHVI time: 90.887s
f1 shape: (1,)
f2 shape: (1,)
2025-06-04 11:36:41,800 - INFO -  Selected idx=6242 (COC(=O)NCC(c1ccco1)N1CCN(c2ccc(F)cc2)CC1) → [0.1 1. ]
2025-06-04 11:36:41,992 - INFO -  Hypervolume: 0.2270
2025-06-04 11:36:41,992 - INFO - 
--- Iter 157 (train size (167, 2)) ---
2025-06-04 11:36:41,992 - INFO -  Inferred reference point at iter 157: [-0.009499854184893557, -0.09999998324702228]
2025-06-04 11:36:42,001 - INFO -  Scoring full pool: 9833 candidates
2025-06-04 11:36:56,828 - INFO -  GP predict time: 14.827s
2025-06-04 11:36:56,828 - INFO -   EHVI: 9833 candidates with 500 MC samples
2025-06-04 11:38:27,702 - INFO -  EHVI time: 90.873s
f1 shape: (1,)
f2 shape: (1,)
2025-06-04 11:38:27,703 - INFO -  Selected idx=9589 (O=C(COC(=O)CNC(=O)c1ccco1)NCc1ccc(F)cc1) → [0.12096774 1.        ]
2025-06-04 11:38:27,897 - INFO -  Hypervolume: 0.2270
2025-06-04 11:38:27,897 - INFO - 
--- Iter 158 (train size (168, 2)) ---
2025-06-04 11:38:27,897 - INFO -  Inferred reference point at iter 158: [-0.009499854184893557, -0.09999998324702228]
2025-06-04 11:38:27,906 - INFO -  Scoring full pool: 9832 candidates
2025-06-04 11:38:42,816 - INFO -  GP predict time: 14.910s
2025-06-04 11:38:42,816 - INFO -   EHVI: 9832 candidates with 500 MC samples
2025-06-04 11:40:13,891 - INFO -  EHVI time: 91.075s
f1 shape: (1,)
f2 shape: (1,)
2025-06-04 11:40:13,893 - INFO -  Selected idx=6360 (CCOCC(=O)Nc1ccc(S(=O)(=O)N2CCC(c3nc4ccccc4[nH]3)CC2)cc1) → [0.14285714 0.13533528]
2025-06-04 11:40:14,091 - INFO -  Hypervolume: 0.2270
2025-06-04 11:40:14,091 - INFO - 
--- Iter 159 (train size (169, 2)) ---
2025-06-04 11:40:14,091 - INFO -  Inferred reference point at iter 159: [-0.009499854184893557, -0.09999998324702228]
2025-06-04 11:40:14,100 - INFO -  Scoring full pool: 9831 candidates
2025-06-04 11:40:29,497 - INFO -  GP predict time: 15.397s
2025-06-04 11:40:29,497 - INFO -   EHVI: 9831 candidates with 500 MC samples
2025-06-04 11:42:00,442 - INFO -  EHVI time: 90.945s
f1 shape: (1,)
f2 shape: (1,)
2025-06-04 11:42:00,444 - INFO -  Selected idx=3551 (CS(=O)(=O)N1CCC(C(=O)Nc2cccc(Br)c2)CC1) → [0.13513514 0.13533528]
2025-06-04 11:42:00,642 - INFO -  Hypervolume: 0.2270
2025-06-04 11:42:00,642 - INFO - 
--- Iter 160 (train size (170, 2)) ---
2025-06-04 11:42:00,642 - INFO -  Inferred reference point at iter 160: [-0.009499854184893557, -0.09999998324702228]
2025-06-04 11:42:00,652 - INFO -  Scoring full pool: 9830 candidates
2025-06-04 11:42:15,339 - INFO -  GP predict time: 14.687s
2025-06-04 11:42:15,339 - INFO -   EHVI: 9830 candidates with 500 MC samples
2025-06-04 11:43:46,202 - INFO -  EHVI time: 90.863s
f1 shape: (1,)
f2 shape: (1,)
2025-06-04 11:43:46,204 - INFO -  Selected idx=2517 (COc1ccc(N2CCN(C(=O)COC(=O)c3cc(S(=O)(=O)N(C)C)ccc3N3CCCC3)CC2)cc1) → [0.13636364 1.        ]
2025-06-04 11:43:46,405 - INFO -  Hypervolume: 0.2270
2025-06-04 11:43:46,405 - INFO - 
--- Iter 161 (train size (171, 2)) ---
2025-06-04 11:43:46,405 - INFO -  Inferred reference point at iter 161: [-0.009499854184893557, -0.09999998324702228]
2025-06-04 11:43:46,415 - INFO -  Scoring full pool: 9829 candidates
2025-06-04 11:44:01,174 - INFO -  GP predict time: 14.760s
2025-06-04 11:44:01,174 - INFO -   EHVI: 9829 candidates with 500 MC samples
2025-06-04 11:45:31,883 - INFO -  EHVI time: 90.708s
f1 shape: (1,)
f2 shape: (1,)
2025-06-04 11:45:31,884 - INFO -  Selected idx=8796 (O=C(Nc1ccccc1)C1CCCN(C(=O)c2ccc(F)cc2)C1) → [0.12 1.  ]
2025-06-04 11:45:32,539 - INFO -  Hypervolume: 0.2270
2025-06-04 11:45:32,539 - INFO - 
--- Iter 162 (train size (172, 2)) ---
2025-06-04 11:45:32,539 - INFO -  Inferred reference point at iter 162: [-0.009499854184893557, -0.09999998324702228]
2025-06-04 11:45:32,548 - INFO -  Scoring full pool: 9828 candidates
2025-06-04 11:45:47,869 - INFO -  GP predict time: 15.321s
2025-06-04 11:45:47,869 - INFO -   EHVI: 9828 candidates with 500 MC samples
2025-06-04 11:47:19,018 - INFO -  EHVI time: 91.149s
f1 shape: (1,)
f2 shape: (1,)
2025-06-04 11:47:19,020 - INFO -  Selected idx=6311 (O=C(COc1ccc(S(=O)(=O)NC2CCCCC2)cc1)NCCC1=CCCCC1) → [0.16541353 0.13533528]
2025-06-04 11:47:19,225 - INFO -  Hypervolume: 0.2270
2025-06-04 11:47:19,225 - INFO - 
--- Iter 163 (train size (173, 2)) ---
2025-06-04 11:47:19,225 - INFO -  Inferred reference point at iter 163: [-0.009499854184893557, -0.09999998324702228]
2025-06-04 11:47:19,235 - INFO -  Scoring full pool: 9827 candidates
2025-06-04 11:47:34,736 - INFO -  GP predict time: 15.501s
2025-06-04 11:47:34,736 - INFO -   EHVI: 9827 candidates with 500 MC samples
2025-06-04 11:49:05,860 - INFO -  EHVI time: 91.124s
f1 shape: (1,)
f2 shape: (1,)
2025-06-04 11:49:05,861 - INFO -  Selected idx=3265 (O=C(Nc1ccc(Br)cc1F)c1cccnc1) → [0.03478261 1.        ]
2025-06-04 11:49:06,068 - INFO -  Hypervolume: 0.2270
2025-06-04 11:49:06,068 - INFO - 
--- Iter 164 (train size (174, 2)) ---
2025-06-04 11:49:06,068 - INFO -  Inferred reference point at iter 164: [-0.009499854184893557, -0.09999998324702228]
2025-06-04 11:49:06,078 - INFO -  Scoring full pool: 9826 candidates
2025-06-04 11:49:21,121 - INFO -  GP predict time: 15.043s
2025-06-04 11:49:21,121 - INFO -   EHVI: 9826 candidates with 500 MC samples
2025-06-04 11:50:52,896 - INFO -  EHVI time: 91.774s
f1 shape: (1,)
f2 shape: (1,)
2025-06-04 11:50:52,897 - INFO -  Selected idx=5882 (CC(C)c1ccc(NC(S)=NNC(=O)c2cccs2)cc1) → [0.07438017 1.        ]
2025-06-04 11:50:53,109 - INFO -  Hypervolume: 0.2270
2025-06-04 11:50:53,109 - INFO - 
--- Iter 165 (train size (175, 2)) ---
2025-06-04 11:50:53,109 - INFO -  Inferred reference point at iter 165: [-0.009499854184893557, -0.09999998324702228]
2025-06-04 11:50:53,119 - INFO -  Scoring full pool: 9825 candidates
2025-06-04 11:51:08,592 - INFO -  GP predict time: 15.473s
2025-06-04 11:51:08,592 - INFO -   EHVI: 9825 candidates with 500 MC samples
2025-06-04 11:52:39,574 - INFO -  EHVI time: 90.982s
f1 shape: (1,)
f2 shape: (1,)
2025-06-04 11:52:39,576 - INFO -  Selected idx=7609 (O=C(O)CCC(=NNc1ccc(S(=O)(=O)N2CCOCC2)cc1[N+](=O)[O-])c1cccs1) → [0.11267606 1.        ]
2025-06-04 11:52:39,788 - INFO -  Hypervolume: 0.2270
2025-06-04 11:52:39,788 - INFO - 
--- Iter 166 (train size (176, 2)) ---
2025-06-04 11:52:39,788 - INFO -  Inferred reference point at iter 166: [-0.009499854184893557, -0.09999998324702228]
2025-06-04 11:52:39,797 - INFO -  Scoring full pool: 9824 candidates
2025-06-04 11:52:55,545 - INFO -  GP predict time: 15.747s
2025-06-04 11:52:55,545 - INFO -   EHVI: 9824 candidates with 500 MC samples
2025-06-04 11:54:26,820 - INFO -  EHVI time: 91.275s
f1 shape: (1,)
f2 shape: (1,)
2025-06-04 11:54:26,821 - INFO -  Selected idx=866 (O=C(Cc1cccs1)N1CCN=C1SCc1cccc(F)c1) → [0.06299213 1.        ]
2025-06-04 11:54:27,037 - INFO -  Hypervolume: 0.2270
2025-06-04 11:54:27,037 - INFO - 
--- Iter 167 (train size (177, 2)) ---
2025-06-04 11:54:27,037 - INFO -  Inferred reference point at iter 167: [-0.009499854184893557, -0.09999998324702228]
2025-06-04 11:54:27,047 - INFO -  Scoring full pool: 9823 candidates
2025-06-04 11:54:42,724 - INFO -  GP predict time: 15.677s
2025-06-04 11:54:42,724 - INFO -   EHVI: 9823 candidates with 500 MC samples
2025-06-04 11:56:13,583 - INFO -  EHVI time: 90.859s
f1 shape: (1,)
f2 shape: (1,)
2025-06-04 11:56:13,585 - INFO -  Selected idx=8697 (CC(=O)N1CCN(c2ccc(NC(=O)c3ccco3)cc2)CC1) → [0.10483871 1.        ]
2025-06-04 11:56:13,801 - INFO -  Hypervolume: 0.2270
2025-06-04 11:56:13,801 - INFO - 
--- Iter 168 (train size (178, 2)) ---
2025-06-04 11:56:13,801 - INFO -  Inferred reference point at iter 168: [-0.009499854184893557, -0.09999998324702228]
2025-06-04 11:56:13,811 - INFO -  Scoring full pool: 9822 candidates
2025-06-04 11:56:29,555 - INFO -  GP predict time: 15.744s
2025-06-04 11:56:29,555 - INFO -   EHVI: 9822 candidates with 500 MC samples
2025-06-04 11:58:00,257 - INFO -  EHVI time: 90.702s
f1 shape: (1,)
f2 shape: (1,)
2025-06-04 11:58:00,258 - INFO -  Selected idx=5559 (CCC(CC)(CNC(=O)C1CCN(CCOc2ccccc2)CC1)c1ccc(F)cc1) → [0.14285714 1.        ]
2025-06-04 11:58:00,973 - INFO -  Hypervolume: 0.2270
2025-06-04 11:58:00,973 - INFO - 
--- Iter 169 (train size (179, 2)) ---
2025-06-04 11:58:00,973 - INFO -  Inferred reference point at iter 169: [-0.009499854184893557, -0.09999998324702228]
2025-06-04 11:58:00,983 - INFO -  Scoring full pool: 9821 candidates
2025-06-04 11:58:16,873 - INFO -  GP predict time: 15.890s
2025-06-04 11:58:16,873 - INFO -   EHVI: 9821 candidates with 500 MC samples
2025-06-04 11:59:48,331 - INFO -  EHVI time: 91.458s
f1 shape: (1,)
f2 shape: (1,)
2025-06-04 11:59:48,332 - INFO -  Selected idx=3579 (Cc1ccccc1NC(=O)c1cc[n+]([O-])cc1) → [0.04385965 1.        ]
2025-06-04 11:59:48,549 - INFO -  Hypervolume: 0.2270
2025-06-04 11:59:48,549 - INFO - 
--- Iter 170 (train size (180, 2)) ---
2025-06-04 11:59:48,549 - INFO -  Inferred reference point at iter 170: [-0.009499854184893557, -0.09999998324702228]
2025-06-04 11:59:48,559 - INFO -  Scoring full pool: 9820 candidates
2025-06-04 12:00:04,754 - INFO -  GP predict time: 16.195s
2025-06-04 12:00:04,754 - INFO -   EHVI: 9820 candidates with 500 MC samples
2025-06-04 12:01:35,902 - INFO -  EHVI time: 91.148s
f1 shape: (1,)
f2 shape: (1,)
2025-06-04 12:01:35,904 - INFO -  Selected idx=1569 (O=C(O)c1ccc(NC2CCCCC2)c(NCc2ccccc2)c1) → [0.1557377 1.       ]
2025-06-04 12:01:36,126 - INFO -  Hypervolume: 0.2270
2025-06-04 12:01:36,126 - INFO - 
--- Iter 171 (train size (181, 2)) ---
2025-06-04 12:01:36,126 - INFO -  Inferred reference point at iter 171: [-0.009499854184893557, -0.09999998324702228]
2025-06-04 12:01:36,136 - INFO -  Scoring full pool: 9819 candidates
2025-06-04 12:01:51,705 - INFO -  GP predict time: 15.569s
2025-06-04 12:01:51,705 - INFO -   EHVI: 9819 candidates with 500 MC samples
2025-06-04 12:03:22,542 - INFO -  EHVI time: 90.836s
f1 shape: (1,)
f2 shape: (1,)
2025-06-04 12:03:22,543 - INFO -  Selected idx=3601 (O=C(C=Cc1ccccc1)NC(COC(=O)c1cc([N+](=O)[O-])cc([N+](=O)[O-])c1)C(=O)NC1CCCCC1) → [0.18243243 1.        ]
2025-06-04 12:03:22,770 - INFO -  Hypervolume: 0.2270
2025-06-04 12:03:22,770 - INFO - 
--- Iter 172 (train size (182, 2)) ---
2025-06-04 12:03:22,770 - INFO -  Inferred reference point at iter 172: [-0.009499854184893557, -0.09999998324702228]
2025-06-04 12:03:22,781 - INFO -  Scoring full pool: 9818 candidates
2025-06-04 12:03:39,374 - INFO -  GP predict time: 16.593s
2025-06-04 12:03:39,374 - INFO -   EHVI: 9818 candidates with 500 MC samples
2025-06-04 12:05:10,319 - INFO -  EHVI time: 90.946s
f1 shape: (1,)
f2 shape: (1,)
2025-06-04 12:05:10,321 - INFO -  Selected idx=9685 (O=C(CN(c1cccc([N+](=O)[O-])c1)S(=O)(=O)c1ccccc1)N1CCCCC1) → [0.10294118 1.        ]
2025-06-04 12:05:10,548 - INFO -  Hypervolume: 0.2270
2025-06-04 12:05:10,548 - INFO - 
--- Iter 173 (train size (183, 2)) ---
2025-06-04 12:05:10,548 - INFO -  Inferred reference point at iter 173: [-0.009499854184893557, -0.09999998324702228]
2025-06-04 12:05:10,558 - INFO -  Scoring full pool: 9817 candidates
2025-06-04 12:05:26,177 - INFO -  GP predict time: 15.619s
2025-06-04 12:05:26,177 - INFO -   EHVI: 9817 candidates with 500 MC samples
2025-06-04 12:06:57,490 - INFO -  EHVI time: 91.312s
f1 shape: (1,)
f2 shape: (1,)
2025-06-04 12:06:57,491 - INFO -  Selected idx=2156 (O=C(COC(=O)c1ccc(Br)o1)NC1CCCc2ccccc21) → [0.1322314 1.       ]
2025-06-04 12:06:57,721 - INFO -  Hypervolume: 0.2270
2025-06-04 12:06:57,721 - INFO - 
--- Iter 174 (train size (184, 2)) ---
2025-06-04 12:06:57,721 - INFO -  Inferred reference point at iter 174: [-0.009499854184893557, -0.09999998324702228]
2025-06-04 12:06:57,732 - INFO -  Scoring full pool: 9816 candidates
2025-06-04 12:07:13,901 - INFO -  GP predict time: 16.169s
2025-06-04 12:07:13,901 - INFO -   EHVI: 9816 candidates with 500 MC samples
2025-06-04 12:08:45,412 - INFO -  EHVI time: 91.511s
f1 shape: (1,)
f2 shape: (1,)
2025-06-04 12:08:45,414 - INFO -  Selected idx=3695 (O=C(CNC(=O)c1ccc(N2CCCCC2)cc1)NC1CCCc2ccccc21) → [0.13043478 1.        ]
2025-06-04 12:08:45,647 - INFO -  Hypervolume: 0.2270
2025-06-04 12:08:45,648 - INFO - 
--- Iter 175 (train size (185, 2)) ---
2025-06-04 12:08:45,648 - INFO -  Inferred reference point at iter 175: [-0.009499854184893557, -0.09999998324702228]
2025-06-04 12:08:45,658 - INFO -  Scoring full pool: 9815 candidates
2025-06-04 12:09:02,026 - INFO -  GP predict time: 16.368s
2025-06-04 12:09:02,027 - INFO -   EHVI: 9815 candidates with 500 MC samples
2025-06-04 12:10:32,775 - INFO -  EHVI time: 90.749s
f1 shape: (1,)
f2 shape: (1,)
2025-06-04 12:10:32,777 - INFO -  Selected idx=6270 (CN(CCOc1ccccc1)c1ccc(S(=O)(=O)N2CCCCC2)cn1) → [0.10606061 1.        ]
2025-06-04 12:10:33,489 - INFO -  Hypervolume: 0.2270
2025-06-04 12:10:33,490 - INFO - 
--- Iter 176 (train size (186, 2)) ---
2025-06-04 12:10:33,490 - INFO -  Inferred reference point at iter 176: [-0.009499854184893557, -0.09999998324702228]
2025-06-04 12:10:33,500 - INFO -  Scoring full pool: 9814 candidates
2025-06-04 12:10:50,208 - INFO -  GP predict time: 16.708s
2025-06-04 12:10:50,208 - INFO -   EHVI: 9814 candidates with 500 MC samples
2025-06-04 12:12:21,441 - INFO -  EHVI time: 91.233s
f1 shape: (1,)
f2 shape: (1,)
2025-06-04 12:12:21,443 - INFO -  Selected idx=8573 (COc1ccc(S(=O)(=O)NC(CC(C)C)C(=O)NC(C)c2cccs2)cc1) → [0.11538462 1.        ]
2025-06-04 12:12:21,680 - INFO -  Hypervolume: 0.2270
2025-06-04 12:12:21,680 - INFO - 
--- Iter 177 (train size (187, 2)) ---
2025-06-04 12:12:21,680 - INFO -  Inferred reference point at iter 177: [-0.009499854184893557, -0.09999998324702228]
2025-06-04 12:12:21,691 - INFO -  Scoring full pool: 9813 candidates
2025-06-04 12:12:38,077 - INFO -  GP predict time: 16.386s
2025-06-04 12:12:38,077 - INFO -   EHVI: 9813 candidates with 500 MC samples
2025-06-04 12:14:08,794 - INFO -  EHVI time: 90.717s
f1 shape: (1,)
f2 shape: (1,)
2025-06-04 12:14:08,796 - INFO -  Selected idx=6674 (O=C(NN=Cc1ccc(N2CCOCC2)o1)c1cccc(F)c1) → [0.06976744 1.        ]
2025-06-04 12:14:09,036 - INFO -  Hypervolume: 0.2270
2025-06-04 12:14:09,036 - INFO - 
--- Iter 178 (train size (188, 2)) ---
2025-06-04 12:14:09,036 - INFO -  Inferred reference point at iter 178: [-0.009499854184893557, -0.09999998324702228]
2025-06-04 12:14:09,046 - INFO -  Scoring full pool: 9812 candidates
2025-06-04 12:14:25,557 - INFO -  GP predict time: 16.511s
2025-06-04 12:14:25,557 - INFO -   EHVI: 9812 candidates with 500 MC samples
2025-06-04 12:15:56,759 - INFO -  EHVI time: 91.201s
f1 shape: (1,)
f2 shape: (1,)
2025-06-04 12:15:56,760 - INFO -  Selected idx=8814 (CC(=O)c1ccc(NC(=O)Nc2cccc(Cl)c2)cc1) → [0.06722689 1.        ]
2025-06-04 12:15:57,003 - INFO -  Hypervolume: 0.2270
2025-06-04 12:15:57,003 - INFO - 
--- Iter 179 (train size (189, 2)) ---
2025-06-04 12:15:57,003 - INFO -  Inferred reference point at iter 179: [-0.009499854184893557, -0.09999998324702228]
2025-06-04 12:15:57,014 - INFO -  Scoring full pool: 9811 candidates
2025-06-04 12:16:13,578 - INFO -  GP predict time: 16.564s
2025-06-04 12:16:13,578 - INFO -   EHVI: 9811 candidates with 500 MC samples
2025-06-04 12:17:44,678 - INFO -  EHVI time: 91.100s
f1 shape: (1,)
f2 shape: (1,)
2025-06-04 12:17:44,680 - INFO -  Selected idx=8292 (CC(C)C(NC(=O)OCc1ccccc1)C(=O)OCC(=O)NC1(C#N)CCCC1) → [0.20634921 0.13533528]
2025-06-04 12:17:44,924 - INFO -  Hypervolume: 0.2292
2025-06-04 12:17:44,924 - INFO - 
--- Iter 180 (train size (190, 2)) ---
2025-06-04 12:17:44,924 - INFO -  Inferred reference point at iter 180: [-0.010449735449735452, -0.09999998324702228]
2025-06-04 12:17:44,935 - INFO -  Scoring full pool: 9810 candidates
2025-06-04 12:18:01,147 - INFO -  GP predict time: 16.212s
2025-06-04 12:18:01,147 - INFO -   EHVI: 9810 candidates with 500 MC samples
2025-06-04 12:19:48,832 - INFO -  EHVI time: 107.684s
f1 shape: (1,)
f2 shape: (1,)
2025-06-04 12:19:48,833 - INFO -  Selected idx=8357 (CSc1ccc(C(=O)C(=O)c2ccccc2C(=O)N2CCCCC2)cc1) → [0.14173228 1.        ]
2025-06-04 12:19:49,080 - INFO -  Hypervolume: 0.2303
2025-06-04 12:19:49,080 - INFO - 
--- Iter 181 (train size (191, 2)) ---
2025-06-04 12:19:49,080 - INFO -  Inferred reference point at iter 181: [-0.010449735449735452, -0.09999998324702228]
2025-06-04 12:19:49,091 - INFO -  Scoring full pool: 9809 candidates
2025-06-04 12:20:05,827 - INFO -  GP predict time: 16.736s
2025-06-04 12:20:05,827 - INFO -   EHVI: 9809 candidates with 500 MC samples
2025-06-04 12:21:54,852 - INFO -  EHVI time: 109.026s
f1 shape: (1,)
f2 shape: (1,)
2025-06-04 12:21:54,854 - INFO -  Selected idx=7037 (O=C(Nc1ccccc1[N+](=O)[O-])c1ccccc1NC(=O)C1CCCCC1) → [0.15625 1.     ]
2025-06-04 12:21:55,104 - INFO -  Hypervolume: 0.2303
2025-06-04 12:21:55,104 - INFO - 
--- Iter 182 (train size (192, 2)) ---
2025-06-04 12:21:55,104 - INFO -  Inferred reference point at iter 182: [-0.010449735449735452, -0.09999998324702228]
2025-06-04 12:21:55,116 - INFO -  Scoring full pool: 9808 candidates
2025-06-04 12:22:12,365 - INFO -  GP predict time: 17.249s
2025-06-04 12:22:12,365 - INFO -   EHVI: 9808 candidates with 500 MC samples
2025-06-04 12:23:59,884 - INFO -  EHVI time: 107.519s
f1 shape: (1,)
f2 shape: (1,)
2025-06-04 12:23:59,886 - INFO -  Selected idx=581 (CN1CCN(C(CNC(=O)C(=O)Nc2ccc(Cl)c(F)c2)c2ccccc2Cl)CC1) → [0.10714286 1.        ]
2025-06-04 12:24:00,659 - INFO -  Hypervolume: 0.2303
2025-06-04 12:24:00,659 - INFO - 
--- Iter 183 (train size (193, 2)) ---
2025-06-04 12:24:00,659 - INFO -  Inferred reference point at iter 183: [-0.010449735449735452, -0.09999998324702228]
2025-06-04 12:24:00,670 - INFO -  Scoring full pool: 9807 candidates
2025-06-04 12:24:17,933 - INFO -  GP predict time: 17.263s
2025-06-04 12:24:17,933 - INFO -   EHVI: 9807 candidates with 500 MC samples
2025-06-04 12:26:06,143 - INFO -  EHVI time: 108.210s
f1 shape: (1,)
f2 shape: (1,)
2025-06-04 12:26:06,145 - INFO -  Selected idx=9868 (O=C(COC(=O)C1CCC1)NC(=O)c1ccccc1) → [0.19230769 0.13533528]
2025-06-04 12:26:06,398 - INFO -  Hypervolume: 0.2303
2025-06-04 12:26:06,398 - INFO - 
--- Iter 184 (train size (194, 2)) ---
2025-06-04 12:26:06,398 - INFO -  Inferred reference point at iter 184: [-0.010449735449735452, -0.09999998324702228]
2025-06-04 12:26:06,410 - INFO -  Scoring full pool: 9806 candidates
2025-06-04 12:26:22,911 - INFO -  GP predict time: 16.501s
2025-06-04 12:26:22,911 - INFO -   EHVI: 9806 candidates with 500 MC samples
2025-06-04 12:28:11,716 - INFO -  EHVI time: 108.805s
f1 shape: (1,)
f2 shape: (1,)
2025-06-04 12:28:11,718 - INFO -  Selected idx=9153 (CC(C(O)Cc1ccccc1)N(C)N=Nc1ccc([N+](=O)[O-])cc1) → [0.06153846 1.        ]
2025-06-04 12:28:11,973 - INFO -  Hypervolume: 0.2303
2025-06-04 12:28:11,974 - INFO - 
--- Iter 185 (train size (195, 2)) ---
2025-06-04 12:28:11,974 - INFO -  Inferred reference point at iter 185: [-0.010449735449735452, -0.09999998324702228]
2025-06-04 12:28:11,985 - INFO -  Scoring full pool: 9805 candidates
2025-06-04 12:28:29,046 - INFO -  GP predict time: 17.061s
2025-06-04 12:28:29,046 - INFO -   EHVI: 9805 candidates with 500 MC samples
2025-06-04 12:30:17,561 - INFO -  EHVI time: 108.515s
f1 shape: (1,)
f2 shape: (1,)
2025-06-04 12:30:17,563 - INFO -  Selected idx=5308 (O=C(NCC(=O)N1CCN(C(=O)c2ccccc2)CC1)c1ccc(Cl)cc1Cl) → [0.11940299 1.        ]
2025-06-04 12:30:17,823 - INFO -  Hypervolume: 0.2303
2025-06-04 12:30:17,823 - INFO - 
--- Iter 186 (train size (196, 2)) ---
2025-06-04 12:30:17,823 - INFO -  Inferred reference point at iter 186: [-0.010449735449735452, -0.09999998324702228]
2025-06-04 12:30:17,835 - INFO -  Scoring full pool: 9804 candidates
2025-06-04 12:30:35,480 - INFO -  GP predict time: 17.645s
2025-06-04 12:30:35,480 - INFO -   EHVI: 9804 candidates with 500 MC samples
2025-06-04 12:32:23,253 - INFO -  EHVI time: 107.773s
f1 shape: (1,)
f2 shape: (1,)
2025-06-04 12:32:23,255 - INFO -  Selected idx=7900 (Oc1cccc(-c2cccnc2)c1) → [0.00925926 1.        ]
2025-06-04 12:32:23,516 - INFO -  Hypervolume: 0.2303
2025-06-04 12:32:23,516 - INFO - 
--- Iter 187 (train size (197, 2)) ---
2025-06-04 12:32:23,516 - INFO -  Inferred reference point at iter 187: [-0.010449735449735452, -0.09999998324702228]
2025-06-04 12:32:23,527 - INFO -  Scoring full pool: 9803 candidates
2025-06-04 12:32:41,227 - INFO -  GP predict time: 17.700s
2025-06-04 12:32:41,228 - INFO -   EHVI: 9803 candidates with 500 MC samples
2025-06-04 12:34:28,720 - INFO -  EHVI time: 107.492s
f1 shape: (1,)
f2 shape: (1,)
2025-06-04 12:34:28,722 - INFO -  Selected idx=4478 (O=C(Nc1ccccc1)N1CCCC2(CCN(C(=O)c3cccc(F)c3)CC2)C1) → [0.09929078 1.        ]
2025-06-04 12:34:28,985 - INFO -  Hypervolume: 0.2303
2025-06-04 12:34:28,985 - INFO - 
--- Iter 188 (train size (198, 2)) ---
2025-06-04 12:34:28,985 - INFO -  Inferred reference point at iter 188: [-0.010449735449735452, -0.09999998324702228]
2025-06-04 12:34:28,997 - INFO -  Scoring full pool: 9802 candidates
2025-06-04 12:34:46,861 - INFO -  GP predict time: 17.864s
2025-06-04 12:34:46,861 - INFO -   EHVI: 9802 candidates with 500 MC samples
2025-06-04 12:36:34,840 - INFO -  EHVI time: 107.979s
f1 shape: (1,)
f2 shape: (1,)
2025-06-04 12:36:34,842 - INFO -  Selected idx=4633 (O=C(NCCN1CCc2ccccc2C1)Nc1ccc(F)cc1) → [0.078125 1.      ]
2025-06-04 12:36:35,107 - INFO -  Hypervolume: 0.2303
2025-06-04 12:36:35,107 - INFO - 
--- Iter 189 (train size (199, 2)) ---
2025-06-04 12:36:35,107 - INFO -  Inferred reference point at iter 189: [-0.010449735449735452, -0.09999998324702228]
2025-06-04 12:36:35,119 - INFO -  Scoring full pool: 9801 candidates
2025-06-04 12:36:52,941 - INFO -  GP predict time: 17.822s
2025-06-04 12:36:52,942 - INFO -   EHVI: 9801 candidates with 500 MC samples
2025-06-04 12:38:40,344 - INFO -  EHVI time: 107.402s
f1 shape: (1,)
f2 shape: (1,)
2025-06-04 12:38:40,346 - INFO -  Selected idx=6484 (Cc1ccccc1NC(=O)C(=O)CC(=O)c1ccc([N+](=O)[O-])cc1) → [0.096 1.   ]
2025-06-04 12:38:40,613 - INFO -  Hypervolume: 0.2303
2025-06-04 12:38:40,613 - INFO - 
--- Iter 190 (train size (200, 2)) ---
2025-06-04 12:38:40,613 - INFO -  Inferred reference point at iter 190: [-0.010449735449735452, -0.09999998324702228]
2025-06-04 12:38:40,625 - INFO -  Scoring full pool: 9800 candidates
2025-06-04 12:38:58,106 - INFO -  GP predict time: 17.481s
2025-06-04 12:38:58,106 - INFO -   EHVI: 9800 candidates with 500 MC samples
2025-06-04 12:40:46,060 - INFO -  EHVI time: 107.954s
f1 shape: (1,)
f2 shape: (1,)
2025-06-04 12:40:46,062 - INFO -  Selected idx=1583 (CC(=NNC(=O)c1ccc(Br)cc1)c1ccccc1) → [0.05042017 1.        ]
2025-06-04 12:40:46,332 - INFO -  Hypervolume: 0.2303
2025-06-04 12:40:46,332 - INFO - 
--- Iter 191 (train size (201, 2)) ---
2025-06-04 12:40:46,332 - INFO -  Inferred reference point at iter 191: [-0.010449735449735452, -0.09999998324702228]
2025-06-04 12:40:46,344 - INFO -  Scoring full pool: 9799 candidates
2025-06-04 12:41:03,935 - INFO -  GP predict time: 17.591s
2025-06-04 12:41:03,935 - INFO -   EHVI: 9799 candidates with 500 MC samples
2025-06-04 12:42:51,692 - INFO -  EHVI time: 107.757s
f1 shape: (1,)
f2 shape: (1,)
2025-06-04 12:42:51,694 - INFO -  Selected idx=5153 (CCNC(=O)COC(=O)c1cc(C)n(-c2ccccc2)c1C) → [0.13793103 1.        ]
2025-06-04 12:42:51,967 - INFO -  Hypervolume: 0.2303
2025-06-04 12:42:51,968 - INFO - 
--- Iter 192 (train size (202, 2)) ---
2025-06-04 12:42:51,968 - INFO -  Inferred reference point at iter 192: [-0.010449735449735452, -0.09999998324702228]
2025-06-04 12:42:51,979 - INFO -  Scoring full pool: 9798 candidates
2025-06-04 12:43:09,603 - INFO -  GP predict time: 17.624s
2025-06-04 12:43:09,603 - INFO -   EHVI: 9798 candidates with 500 MC samples
2025-06-04 12:44:57,690 - INFO -  EHVI time: 108.087s
f1 shape: (1,)
f2 shape: (1,)
2025-06-04 12:44:57,692 - INFO -  Selected idx=4439 (N=C(N)Nc1ccc(C(=O)Oc2cccc([N+](=O)[O-])c2)cc1) → [0.056 1.   ]
2025-06-04 12:44:57,966 - INFO -  Hypervolume: 0.2303
2025-06-04 12:44:57,967 - INFO - 
--- Iter 193 (train size (203, 2)) ---
2025-06-04 12:44:57,967 - INFO -  Inferred reference point at iter 193: [-0.010449735449735452, -0.09999998324702228]
2025-06-04 12:44:57,978 - INFO -  Scoring full pool: 9797 candidates
2025-06-04 12:45:15,730 - INFO -  GP predict time: 17.752s
2025-06-04 12:45:15,730 - INFO -   EHVI: 9797 candidates with 500 MC samples
2025-06-04 12:47:03,701 - INFO -  EHVI time: 107.971s
f1 shape: (1,)
f2 shape: (1,)
2025-06-04 12:47:03,703 - INFO -  Selected idx=1828 (COc1ccc(N2CCN(C3CCCN(Cc4cccc(C)c4)C3)CC2)cc1) → [0.09285714 1.        ]
2025-06-04 12:47:03,981 - INFO -  Hypervolume: 0.2303
2025-06-04 12:47:03,981 - INFO - 
--- Iter 194 (train size (204, 2)) ---
2025-06-04 12:47:03,982 - INFO -  Inferred reference point at iter 194: [-0.010449735449735452, -0.09999998324702228]
2025-06-04 12:47:03,993 - INFO -  Scoring full pool: 9796 candidates
2025-06-04 12:47:22,327 - INFO -  GP predict time: 18.334s
2025-06-04 12:47:22,328 - INFO -   EHVI: 9796 candidates with 500 MC samples
2025-06-04 12:49:10,238 - INFO -  EHVI time: 107.910s
f1 shape: (1,)
f2 shape: (1,)
2025-06-04 12:49:10,239 - INFO -  Selected idx=1459 (CCC(C(=O)NCc1ccco1)N(C(=O)CNS(=O)(=O)c1ccccc1)C1CCCCC1) → [0.19117647 1.        ]
2025-06-04 12:49:10,520 - INFO -  Hypervolume: 0.2303
2025-06-04 12:49:10,521 - INFO - 
--- Iter 195 (train size (205, 2)) ---
2025-06-04 12:49:10,521 - INFO -  Inferred reference point at iter 195: [-0.010449735449735452, -0.09999998324702228]
2025-06-04 12:49:10,533 - INFO -  Scoring full pool: 9795 candidates
2025-06-04 12:49:28,564 - INFO -  GP predict time: 18.031s
2025-06-04 12:49:28,564 - INFO -   EHVI: 9795 candidates with 500 MC samples
2025-06-04 12:51:16,339 - INFO -  EHVI time: 107.774s
f1 shape: (1,)
f2 shape: (1,)
2025-06-04 12:51:16,340 - INFO -  Selected idx=5218 (O=C(CCC1CCCN(C(=O)c2ccco2)C1)NCc1ccccc1F) → [0.140625 1.      ]
2025-06-04 12:51:16,624 - INFO -  Hypervolume: 0.2303
2025-06-04 12:51:16,624 - INFO - 
--- Iter 196 (train size (206, 2)) ---
2025-06-04 12:51:16,624 - INFO -  Inferred reference point at iter 196: [-0.010449735449735452, -0.09999998324702228]
2025-06-04 12:51:16,636 - INFO -  Scoring full pool: 9794 candidates
2025-06-04 12:51:35,166 - INFO -  GP predict time: 18.530s
2025-06-04 12:51:35,167 - INFO -   EHVI: 9794 candidates with 500 MC samples
2025-06-04 12:53:22,853 - INFO -  EHVI time: 107.687s
f1 shape: (1,)
f2 shape: (1,)
2025-06-04 12:53:22,855 - INFO -  Selected idx=677 (Nc1ccc(C(=O)Nc2ccccc2N2CCCCC2)o1) → [0.1 1. ]
2025-06-04 12:53:23,712 - INFO -  Hypervolume: 0.2303
2025-06-04 12:53:23,712 - INFO - 
--- Iter 197 (train size (207, 2)) ---
2025-06-04 12:53:23,713 - INFO -  Inferred reference point at iter 197: [-0.010449735449735452, -0.09999998324702228]
2025-06-04 12:53:23,725 - INFO -  Scoring full pool: 9793 candidates
2025-06-04 12:53:42,096 - INFO -  GP predict time: 18.372s
2025-06-04 12:53:42,096 - INFO -   EHVI: 9793 candidates with 500 MC samples
2025-06-04 12:55:29,967 - INFO -  EHVI time: 107.870s
f1 shape: (1,)
f2 shape: (1,)
2025-06-04 12:55:29,969 - INFO -  Selected idx=5009 (Cc1ccccc1S(=O)(=O)Cc1ccc(C(=O)O)o1) → [0.07894737 1.        ]
2025-06-04 12:55:30,258 - INFO -  Hypervolume: 0.2303
2025-06-04 12:55:30,258 - INFO - 
--- Iter 198 (train size (208, 2)) ---
2025-06-04 12:55:30,259 - INFO -  Inferred reference point at iter 198: [-0.010449735449735452, -0.09999998324702228]
2025-06-04 12:55:30,271 - INFO -  Scoring full pool: 9792 candidates
2025-06-04 12:55:48,393 - INFO -  GP predict time: 18.122s
2025-06-04 12:55:48,393 - INFO -   EHVI: 9792 candidates with 500 MC samples
2025-06-04 12:57:36,110 - INFO -  EHVI time: 107.717s
f1 shape: (1,)
f2 shape: (1,)
2025-06-04 12:57:36,112 - INFO -  Selected idx=1107 (COc1ccc(C(=O)C=CC(=O)N2CCN(c3ccc(N4CC(CNC(C)=O)OC4=O)cc3F)CC2)cc1) → [0.13375796 1.        ]
2025-06-04 12:57:36,401 - INFO -  Hypervolume: 0.2303
2025-06-04 12:57:36,401 - INFO - 
--- Iter 199 (train size (209, 2)) ---
2025-06-04 12:57:36,402 - INFO -  Inferred reference point at iter 199: [-0.010449735449735452, -0.09999998324702228]
2025-06-04 12:57:36,414 - INFO -  Scoring full pool: 9791 candidates
2025-06-04 12:57:54,588 - INFO -  GP predict time: 18.174s
2025-06-04 12:57:54,588 - INFO -   EHVI: 9791 candidates with 500 MC samples
2025-06-04 12:59:42,679 - INFO -  EHVI time: 108.091s
f1 shape: (1,)
f2 shape: (1,)
2025-06-04 12:59:42,681 - INFO -  Selected idx=1144 (Cc1ccc(=O)n(-c2ccc(OCCCCN3CCCC3)cc2)c1) → [0.1015625 1.       ]
2025-06-04 12:59:43,554 - INFO -  Hypervolume: 0.2303
2025-06-04 12:59:43,619 - INFO - 
Final Pareto front points: [[0.1968503937007874, 1.0], [0.20634920634920634, 0.13533528323661267]]
2025-06-04 12:59:43,620 - INFO - Final Pareto front SMILES: [None, None]
