Initial SMILES: ['CC(=O)N1N=C(c2ccc(C)nc2)OC1c1ccc(Br)cc1',
 'Cc1cc(N2C(=O)C(O)=C(C(=O)c3cc4ccccc4o3)C2c2ccc(OC(C)C)cc2)no1',
 'N#CCNCc1cccc(-c2ccnc(Nc3ccc(N4CCOCC4)cc3)n2)c1',
 'CC(=O)C(=Cc1ccc(OCC(=O)O)cc1Cl)C(C)=O',
 'CCC(C)N1CCN(C(=O)c2ccc(NCc3ccc(-c4cccc(F)c4C(=O)OC)cc3F)nc2)CC1',
 'COc1ccccc1-c1ccc(S(=O)(=O)NCCCCCO)cc1',
 'COc1cc(OC)c2c(-c3cccc(-c4ccc(C#N)cc4)c3)cc(=O)oc2c1',
 'Cc1c(C(=O)Nc2ccccc2)csc1-c1ccccc1',
 'CC(=O)NC(Cc1ccc(O)cc1)C(=O)NC1CSSCC(C(=O)O)NC(=O)C2(CCCC2)CCNC1=O',
 'CC(C)(C)C(=O)COc1cc(C(=O)NC(CC(=O)O)c2ccc(Cl)cc2Cl)nn1-c1ccccc1F']
f1 shape: (10,)
f2 shape: (10,)
2025-06-03 18:37:37,112 - INFO - Initial objectives:
[[1.48760331e-01 1.00000000e+00]
 [1.84931507e-01 3.35462628e-04]
 [9.93377483e-02 1.35335283e-01]
 [1.92660550e-01 3.35462628e-04]
 [1.94805195e-01 1.35335283e-01]
 [1.88524590e-01 1.35335283e-01]
 [1.34751773e-01 1.35335283e-01]
 [1.69491525e-01 1.00000000e+00]
 [1.22699387e-01 1.00000000e+00]
 [2.15277778e-01 1.00000000e+00]]
2025-06-03 18:37:38,809 - INFO - Precomputed 10000 Morgan-fps in 1.696s
2025-06-03 18:37:39,716 - INFO - 
--- Iter 0 (train size (10, 2)) ---
2025-06-03 18:37:39,716 - INFO -  Inferred reference point at iter 0: [0.08774374540103017, -0.09963099110930723]
2025-06-03 18:37:39,717 - INFO -  Scoring full pool: 9990 candidates
2025-06-03 18:37:40,974 - INFO -  GP predict time: 1.256s
2025-06-03 18:37:40,974 - INFO -   EHVI: 9990 candidates with 500 MC samples
2025-06-03 18:39:10,078 - INFO -  EHVI time: 89.104s
f1 shape: (1,)
f2 shape: (1,)
2025-06-03 18:39:10,079 - INFO -  Selected idx=4790 (O=C(CN1C(=O)NC(Cc2ccccc2)C1=O)NC(=O)NC1CCCCC1) → [0.17557252 1.        ]
2025-06-03 18:39:10,087 - INFO -  Hypervolume: 0.1402
2025-06-03 18:39:10,087 - INFO - 
--- Iter 1 (train size (11, 2)) ---
2025-06-03 18:39:10,087 - INFO -  Inferred reference point at iter 1: [0.08774374540103017, -0.09963099110930723]
2025-06-03 18:39:10,088 - INFO -  Scoring full pool: 9989 candidates
2025-06-03 18:39:11,303 - INFO -  GP predict time: 1.215s
2025-06-03 18:39:11,303 - INFO -   EHVI: 9989 candidates with 500 MC samples
2025-06-03 18:40:40,582 - INFO -  EHVI time: 89.279s
f1 shape: (1,)
f2 shape: (1,)
2025-06-03 18:40:40,583 - INFO -  Selected idx=5833 (Cc1ccccc1C(=O)Nc1nnc(S(=O)(=O)N2CCc3ccccc32)s1) → [0.16666667 0.13533528]
2025-06-03 18:40:40,593 - INFO -  Hypervolume: 0.1402
2025-06-03 18:40:40,593 - INFO - 
--- Iter 2 (train size (12, 2)) ---
2025-06-03 18:40:40,593 - INFO -  Inferred reference point at iter 2: [0.08774374540103017, -0.09963099110930723]
2025-06-03 18:40:40,594 - INFO -  Scoring full pool: 9988 candidates
2025-06-03 18:40:41,896 - INFO -  GP predict time: 1.302s
2025-06-03 18:40:41,896 - INFO -   EHVI: 9988 candidates with 500 MC samples
2025-06-03 18:42:11,530 - INFO -  EHVI time: 89.633s
f1 shape: (1,)
f2 shape: (1,)
2025-06-03 18:42:11,531 - INFO -  Selected idx=6166 (O=C(O)CSc1nnc(-c2ccccc2)c(-c2ccccc2)n1) → [0.152 1.   ]
2025-06-03 18:42:11,542 - INFO -  Hypervolume: 0.1402
2025-06-03 18:42:11,542 - INFO - 
--- Iter 3 (train size (13, 2)) ---
2025-06-03 18:42:11,542 - INFO -  Inferred reference point at iter 3: [0.08774374540103017, -0.09963099110930723]
2025-06-03 18:42:11,543 - INFO -  Scoring full pool: 9987 candidates
2025-06-03 18:42:12,909 - INFO -  GP predict time: 1.366s
2025-06-03 18:42:12,909 - INFO -   EHVI: 9987 candidates with 500 MC samples
2025-06-03 18:43:42,219 - INFO -  EHVI time: 89.310s
f1 shape: (1,)
f2 shape: (1,)
2025-06-03 18:43:42,220 - INFO -  Selected idx=6431 (O=C(NO)c1ccc2c(c1)CC(NS(=O)(=O)c1cccc(Cl)c1)CC2) → [0.1484375 1.       ]
2025-06-03 18:43:42,230 - INFO -  Hypervolume: 0.1402
2025-06-03 18:43:42,230 - INFO - 
--- Iter 4 (train size (14, 2)) ---
2025-06-03 18:43:42,230 - INFO -  Inferred reference point at iter 4: [0.08774374540103017, -0.09963099110930723]
2025-06-03 18:43:42,231 - INFO -  Scoring full pool: 9986 candidates
2025-06-03 18:43:43,698 - INFO -  GP predict time: 1.467s
2025-06-03 18:43:43,698 - INFO -   EHVI: 9986 candidates with 500 MC samples
2025-06-03 18:45:13,112 - INFO -  EHVI time: 89.414s
f1 shape: (1,)
f2 shape: (1,)
2025-06-03 18:45:13,113 - INFO -  Selected idx=5139 (CCn1c(Cc2ccccc2)nnc1SCC(=O)Nc1ccc2c(c1)OCO2) → [0.17777778 0.13533528]
2025-06-03 18:45:13,125 - INFO -  Hypervolume: 0.1402
2025-06-03 18:45:13,125 - INFO - 
--- Iter 5 (train size (15, 2)) ---
2025-06-03 18:45:13,125 - INFO -  Inferred reference point at iter 5: [0.08774374540103017, -0.09963099110930723]
2025-06-03 18:45:13,126 - INFO -  Scoring full pool: 9985 candidates
2025-06-03 18:45:14,678 - INFO -  GP predict time: 1.552s
2025-06-03 18:45:14,678 - INFO -   EHVI: 9985 candidates with 500 MC samples
2025-06-03 18:46:44,028 - INFO -  EHVI time: 89.350s
f1 shape: (1,)
f2 shape: (1,)
2025-06-03 18:46:44,030 - INFO -  Selected idx=6197 (NNC(=O)C(Cc1ccccc1)NC(=O)c1cc(C23CC4CC(CC(C4)C2)C3)c2ccccc2n1) → [1.54838710e-01 1.26641655e-14]
2025-06-03 18:46:44,040 - INFO -  Hypervolume: 0.1402
2025-06-03 18:46:44,040 - INFO - 
--- Iter 6 (train size (16, 2)) ---
2025-06-03 18:46:44,040 - INFO -  Inferred reference point at iter 6: [0.08774374540103017, -0.09999999999998607]
2025-06-03 18:46:44,040 - INFO -  Scoring full pool: 9984 candidates
2025-06-03 18:46:45,671 - INFO -  GP predict time: 1.630s
2025-06-03 18:46:45,671 - INFO -   EHVI: 9984 candidates with 500 MC samples
2025-06-03 18:48:14,737 - INFO -  EHVI time: 89.066s
f1 shape: (1,)
f2 shape: (1,)
2025-06-03 18:48:14,739 - INFO -  Selected idx=9165 (Cc1ccc(S(=O)(=O)C2(C(=O)N3CCCCCC3)CC2)cc1) → [0.11290323 1.        ]
2025-06-03 18:48:14,750 - INFO -  Hypervolume: 0.1403
2025-06-03 18:48:14,750 - INFO - 
--- Iter 7 (train size (17, 2)) ---
2025-06-03 18:48:14,751 - INFO -  Inferred reference point at iter 7: [0.08774374540103017, -0.09999999999998607]
2025-06-03 18:48:14,752 - INFO -  Scoring full pool: 9983 candidates
2025-06-03 18:48:16,511 - INFO -  GP predict time: 1.759s
2025-06-03 18:48:16,511 - INFO -   EHVI: 9983 candidates with 500 MC samples
2025-06-03 18:49:45,990 - INFO -  EHVI time: 89.479s
f1 shape: (1,)
f2 shape: (1,)
2025-06-03 18:49:45,991 - INFO -  Selected idx=4928 (O=C1NC(Cc2ccccc2)C(=O)C1Cc1ccccc1) → [0.16949153 1.        ]
2025-06-03 18:49:46,003 - INFO -  Hypervolume: 0.1403
2025-06-03 18:49:46,003 - INFO - 
--- Iter 8 (train size (18, 2)) ---
2025-06-03 18:49:46,003 - INFO -  Inferred reference point at iter 8: [0.08774374540103017, -0.09999999999998607]
2025-06-03 18:49:46,004 - INFO -  Scoring full pool: 9982 candidates
2025-06-03 18:49:47,834 - INFO -  GP predict time: 1.830s
2025-06-03 18:49:47,834 - INFO -   EHVI: 9982 candidates with 500 MC samples
2025-06-03 18:51:17,366 - INFO -  EHVI time: 89.531s
f1 shape: (1,)
f2 shape: (1,)
2025-06-03 18:51:17,367 - INFO -  Selected idx=1724 (Cc1onc(-c2ccccc2)c1COc1ccc(C(=O)NC2CN(C(=O)OC(C)(C)C)C2)cn1) → [0.21985816 0.13533528]
2025-06-03 18:51:17,380 - INFO -  Hypervolume: 0.1414
2025-06-03 18:51:17,380 - INFO - 
--- Iter 9 (train size (19, 2)) ---
2025-06-03 18:51:17,380 - INFO -  Inferred reference point at iter 9: [0.08728570757597107, -0.09999999999998607]
2025-06-03 18:51:17,381 - INFO -  Scoring full pool: 9981 candidates
2025-06-03 18:51:19,288 - INFO -  GP predict time: 1.907s
2025-06-03 18:51:19,288 - INFO -   EHVI: 9981 candidates with 500 MC samples
2025-06-03 18:53:06,187 - INFO -  EHVI time: 106.899s
f1 shape: (1,)
f2 shape: (1,)
2025-06-03 18:53:06,189 - INFO -  Selected idx=2036 (O=C(CNC(=O)c1ccc(N2CCCCC2)cc1)NC1CCCc2ccccc21) → [0.17391304 0.13533528]
2025-06-03 18:53:06,199 - INFO -  Hypervolume: 0.1419
2025-06-03 18:53:06,199 - INFO - 
--- Iter 10 (train size (20, 2)) ---
2025-06-03 18:53:06,199 - INFO -  Inferred reference point at iter 10: [0.08728570757597107, -0.09999999999998607]
2025-06-03 18:53:06,200 - INFO -  Scoring full pool: 9980 candidates
2025-06-03 18:53:08,076 - INFO -  GP predict time: 1.876s
2025-06-03 18:53:08,077 - INFO -   EHVI: 9980 candidates with 500 MC samples
2025-06-03 18:54:55,014 - INFO -  EHVI time: 106.937s
f1 shape: (1,)
f2 shape: (1,)
2025-06-03 18:54:55,015 - INFO -  Selected idx=5548 (COc1ccc(N2C(=O)C(CCCc3ccccc3)C2c2ccc(OC3OC(C(=O)O)C(O)C(O)C3O)cc2)cc1) → [0.16969697 0.00033546]
2025-06-03 18:54:55,027 - INFO -  Hypervolume: 0.1419
2025-06-03 18:54:55,027 - INFO - 
--- Iter 11 (train size (21, 2)) ---
2025-06-03 18:54:55,027 - INFO -  Inferred reference point at iter 11: [0.08728570757597107, -0.09999999999998607]
2025-06-03 18:54:55,028 - INFO -  Scoring full pool: 9979 candidates
2025-06-03 18:54:57,077 - INFO -  GP predict time: 2.049s
2025-06-03 18:54:57,077 - INFO -   EHVI: 9979 candidates with 500 MC samples
2025-06-03 18:56:43,758 - INFO -  EHVI time: 106.680s
f1 shape: (1,)
f2 shape: (1,)
2025-06-03 18:56:43,759 - INFO -  Selected idx=371 (Nc1sc(-c2ccccc2)c(Cc2ccc(Cl)cc2)c1C(=O)c1ccc(Cl)cc1) → [0.16788321 0.13533528]
2025-06-03 18:56:43,773 - INFO -  Hypervolume: 0.1419
2025-06-03 18:56:43,773 - INFO - 
--- Iter 12 (train size (22, 2)) ---
2025-06-03 18:56:43,773 - INFO -  Inferred reference point at iter 12: [0.08728570757597107, -0.09999999999998607]
2025-06-03 18:56:43,774 - INFO -  Scoring full pool: 9978 candidates
2025-06-03 18:56:45,981 - INFO -  GP predict time: 2.207s
2025-06-03 18:56:45,981 - INFO -   EHVI: 9978 candidates with 500 MC samples
2025-06-03 18:58:32,858 - INFO -  EHVI time: 106.877s
f1 shape: (1,)
f2 shape: (1,)
2025-06-03 18:58:32,859 - INFO -  Selected idx=8149 (N#Cc1ccc(C2C3=C(CCC3=O)N(c3cccc(C(F)(F)F)c3)C(=O)N2C(=N)O)cc1) → [0.11486486 0.13533528]
2025-06-03 18:58:32,873 - INFO -  Hypervolume: 0.1419
2025-06-03 18:58:32,873 - INFO - 
--- Iter 13 (train size (23, 2)) ---
2025-06-03 18:58:32,873 - INFO -  Inferred reference point at iter 13: [0.08728570757597107, -0.09999999999998607]
2025-06-03 18:58:32,875 - INFO -  Scoring full pool: 9977 candidates
2025-06-03 18:58:35,148 - INFO -  GP predict time: 2.273s
2025-06-03 18:58:35,148 - INFO -   EHVI: 9977 candidates with 500 MC samples
2025-06-03 19:00:21,901 - INFO -  EHVI time: 106.753s
f1 shape: (1,)
f2 shape: (1,)
2025-06-03 19:00:21,903 - INFO -  Selected idx=3895 (N=C(N)CC1CCC(NC(=O)C2CCCN2C(=O)C(Cc2ccccc2)NS(=O)(=O)Cc2ccccc2)CC1) → [0.13939394 0.13533528]
2025-06-03 19:00:21,917 - INFO -  Hypervolume: 0.1419
2025-06-03 19:00:21,917 - INFO - 
--- Iter 14 (train size (24, 2)) ---
2025-06-03 19:00:21,917 - INFO -  Inferred reference point at iter 14: [0.08728570757597107, -0.09999999999998607]
2025-06-03 19:00:21,918 - INFO -  Scoring full pool: 9976 candidates
2025-06-03 19:00:24,182 - INFO -  GP predict time: 2.264s
2025-06-03 19:00:24,182 - INFO -   EHVI: 9976 candidates with 500 MC samples
2025-06-03 19:02:11,131 - INFO -  EHVI time: 106.949s
f1 shape: (1,)
f2 shape: (1,)
2025-06-03 19:02:11,133 - INFO -  Selected idx=9896 (Clc1ncc(C(Cl)(Cl)Cl)nc1-c1ccccc1) → [0.14814815 0.13533528]
2025-06-03 19:02:11,147 - INFO -  Hypervolume: 0.1419
2025-06-03 19:02:11,147 - INFO - 
--- Iter 15 (train size (25, 2)) ---
2025-06-03 19:02:11,147 - INFO -  Inferred reference point at iter 15: [0.08728570757597107, -0.09999999999998607]
2025-06-03 19:02:11,148 - INFO -  Scoring full pool: 9975 candidates
2025-06-03 19:02:13,476 - INFO -  GP predict time: 2.328s
2025-06-03 19:02:13,476 - INFO -   EHVI: 9975 candidates with 500 MC samples
2025-06-03 19:04:00,238 - INFO -  EHVI time: 106.762s
f1 shape: (1,)
f2 shape: (1,)
2025-06-03 19:04:00,239 - INFO -  Selected idx=4853 (Cc1ccc(CN(Cc2ccncc2)C2CCN(C)CC2)s1) → [0.11904762 1.        ]
2025-06-03 19:04:00,255 - INFO -  Hypervolume: 0.1419
2025-06-03 19:04:00,255 - INFO - 
--- Iter 16 (train size (26, 2)) ---
2025-06-03 19:04:00,255 - INFO -  Inferred reference point at iter 16: [0.08728570757597107, -0.09999999999998607]
2025-06-03 19:04:00,256 - INFO -  Scoring full pool: 9974 candidates
2025-06-03 19:04:02,794 - INFO -  GP predict time: 2.538s
2025-06-03 19:04:02,794 - INFO -   EHVI: 9974 candidates with 500 MC samples
2025-06-03 19:05:49,642 - INFO -  EHVI time: 106.847s
f1 shape: (1,)
f2 shape: (1,)
2025-06-03 19:05:49,643 - INFO -  Selected idx=8490 (O=C(c1cccs1)N(Cc1cccs1)c1ccc([N+](=O)[O-])cc1) → [0.13492063 1.        ]
2025-06-03 19:05:49,657 - INFO -  Hypervolume: 0.1419
2025-06-03 19:05:49,657 - INFO - 
--- Iter 17 (train size (27, 2)) ---
2025-06-03 19:05:49,657 - INFO -  Inferred reference point at iter 17: [0.08728570757597107, -0.09999999999998607]
2025-06-03 19:05:49,658 - INFO -  Scoring full pool: 9973 candidates
2025-06-03 19:05:52,131 - INFO -  GP predict time: 2.473s
2025-06-03 19:05:52,131 - INFO -   EHVI: 9973 candidates with 500 MC samples
2025-06-03 19:07:39,376 - INFO -  EHVI time: 107.245s
f1 shape: (1,)
f2 shape: (1,)
2025-06-03 19:07:39,377 - INFO -  Selected idx=6324 (ON=C(NC1CCCCC1)c1ccccc1Cc1ccccc1) → [0.12403101 1.        ]
2025-06-03 19:07:39,392 - INFO -  Hypervolume: 0.1419
2025-06-03 19:07:39,392 - INFO - 
--- Iter 18 (train size (28, 2)) ---
2025-06-03 19:07:39,393 - INFO -  Inferred reference point at iter 18: [0.08728570757597107, -0.09999999999998607]
2025-06-03 19:07:39,394 - INFO -  Scoring full pool: 9972 candidates
2025-06-03 19:07:41,959 - INFO -  GP predict time: 2.565s
2025-06-03 19:07:41,959 - INFO -   EHVI: 9972 candidates with 500 MC samples
2025-06-03 19:09:28,743 - INFO -  EHVI time: 106.784s
f1 shape: (1,)
f2 shape: (1,)
2025-06-03 19:09:28,744 - INFO -  Selected idx=7929 (CNC(=O)c1ccc2cccc(CNC(C)=O)c2c1) → [0.18181818 0.13533528]
2025-06-03 19:09:28,761 - INFO -  Hypervolume: 0.1419
2025-06-03 19:09:28,761 - INFO - 
--- Iter 19 (train size (29, 2)) ---
2025-06-03 19:09:28,761 - INFO -  Inferred reference point at iter 19: [0.08728570757597107, -0.09999999999998607]
2025-06-03 19:09:28,762 - INFO -  Scoring full pool: 9971 candidates
2025-06-03 19:09:31,505 - INFO -  GP predict time: 2.742s
2025-06-03 19:09:31,505 - INFO -   EHVI: 9971 candidates with 500 MC samples
2025-06-03 19:11:18,381 - INFO -  EHVI time: 106.876s
f1 shape: (1,)
f2 shape: (1,)
2025-06-03 19:11:18,383 - INFO -  Selected idx=5538 (O=[N+]([O-])c1ccc(OC2CCCCC2Cn2ccnc2)cc1) → [0.09302326 1.        ]
2025-06-03 19:11:18,400 - INFO -  Hypervolume: 0.1419
2025-06-03 19:11:18,400 - INFO - 
--- Iter 20 (train size (30, 2)) ---
2025-06-03 19:11:18,400 - INFO -  Inferred reference point at iter 20: [0.08033976579251195, -0.09999999999998607]
2025-06-03 19:11:18,401 - INFO -  Scoring full pool: 9970 candidates
2025-06-03 19:11:21,215 - INFO -  GP predict time: 2.814s
2025-06-03 19:11:21,215 - INFO -   EHVI: 9970 candidates with 500 MC samples
2025-06-03 19:13:08,244 - INFO -  EHVI time: 107.029s
f1 shape: (1,)
f2 shape: (1,)
2025-06-03 19:13:08,246 - INFO -  Selected idx=304 (CC(C)(C)NCC(c1ccccc1)C1CCCCC1) → [0.13913043 0.13533528]
2025-06-03 19:13:08,263 - INFO -  Hypervolume: 0.1495
2025-06-03 19:13:08,263 - INFO - 
--- Iter 21 (train size (31, 2)) ---
2025-06-03 19:13:08,263 - INFO -  Inferred reference point at iter 21: [0.08033976579251195, -0.09999999999998607]
2025-06-03 19:13:08,264 - INFO -  Scoring full pool: 9969 candidates
2025-06-03 19:13:11,139 - INFO -  GP predict time: 2.875s
2025-06-03 19:13:11,139 - INFO -   EHVI: 9969 candidates with 500 MC samples
2025-06-03 19:14:58,651 - INFO -  EHVI time: 107.512s
f1 shape: (1,)
f2 shape: (1,)
2025-06-03 19:14:58,653 - INFO -  Selected idx=7838 (O=[N+]([O-])c1ccc(N2CCCC2)c2ccccc12) → [0.13157895 1.        ]
2025-06-03 19:14:58,671 - INFO -  Hypervolume: 0.1495
2025-06-03 19:14:58,671 - INFO - 
--- Iter 22 (train size (32, 2)) ---
2025-06-03 19:14:58,671 - INFO -  Inferred reference point at iter 22: [0.08033976579251195, -0.09999999999998607]
2025-06-03 19:14:58,672 - INFO -  Scoring full pool: 9968 candidates
2025-06-03 19:15:01,615 - INFO -  GP predict time: 2.942s
2025-06-03 19:15:01,615 - INFO -   EHVI: 9968 candidates with 500 MC samples
2025-06-03 19:16:48,275 - INFO -  EHVI time: 106.660s
f1 shape: (1,)
f2 shape: (1,)
2025-06-03 19:16:48,277 - INFO -  Selected idx=3742 (O=C(O)Cc1sc(NCCc2ccccc2)nc1-c1ccc(Cl)cc1) → [0.192 1.   ]
2025-06-03 19:16:48,295 - INFO -  Hypervolume: 0.1495
2025-06-03 19:16:48,295 - INFO - 
--- Iter 23 (train size (33, 2)) ---
2025-06-03 19:16:48,295 - INFO -  Inferred reference point at iter 23: [0.08033976579251195, -0.09999999999998607]
2025-06-03 19:16:48,297 - INFO -  Scoring full pool: 9967 candidates
2025-06-03 19:16:51,329 - INFO -  GP predict time: 3.032s
2025-06-03 19:16:51,329 - INFO -   EHVI: 9967 candidates with 500 MC samples
2025-06-03 19:18:38,336 - INFO -  EHVI time: 107.006s
f1 shape: (1,)
f2 shape: (1,)
2025-06-03 19:18:38,337 - INFO -  Selected idx=4501 (O=C(O)CN(Cc1ccccc1)S(=O)(=O)c1ccc(Cl)cc1) → [0.17948718 0.13533528]
2025-06-03 19:18:38,356 - INFO -  Hypervolume: 0.1495
2025-06-03 19:18:38,356 - INFO - 
--- Iter 24 (train size (34, 2)) ---
2025-06-03 19:18:38,356 - INFO -  Inferred reference point at iter 24: [0.08033976579251195, -0.09999999999998607]
2025-06-03 19:18:38,357 - INFO -  Scoring full pool: 9966 candidates
2025-06-03 19:18:41,477 - INFO -  GP predict time: 3.119s
2025-06-03 19:18:41,477 - INFO -   EHVI: 9966 candidates with 500 MC samples
2025-06-03 19:20:28,350 - INFO -  EHVI time: 106.873s
f1 shape: (1,)
f2 shape: (1,)
2025-06-03 19:20:28,352 - INFO -  Selected idx=8556 (Cc1ccc(NC(=O)CN2C(=O)C(=O)N(C3CCCC3)C2=O)c(Cl)c1) → [0.17741935 1.        ]
2025-06-03 19:20:28,371 - INFO -  Hypervolume: 0.1495
2025-06-03 19:20:28,371 - INFO - 
--- Iter 25 (train size (35, 2)) ---
2025-06-03 19:20:28,371 - INFO -  Inferred reference point at iter 25: [0.08033976579251195, -0.09999999999998607]
2025-06-03 19:20:28,372 - INFO -  Scoring full pool: 9965 candidates
2025-06-03 19:20:31,656 - INFO -  GP predict time: 3.283s
2025-06-03 19:20:31,656 - INFO -   EHVI: 9965 candidates with 500 MC samples
2025-06-03 19:22:18,473 - INFO -  EHVI time: 106.817s
f1 shape: (1,)
f2 shape: (1,)
2025-06-03 19:22:18,475 - INFO -  Selected idx=1942 (CC1=CC(C)(C)N(C(=O)Nc2ccccc2)c2ccccc21) → [0.1779661 1.       ]
2025-06-03 19:22:18,494 - INFO -  Hypervolume: 0.1495
2025-06-03 19:22:18,494 - INFO - 
--- Iter 26 (train size (36, 2)) ---
2025-06-03 19:22:18,495 - INFO -  Inferred reference point at iter 26: [0.08033976579251195, -0.09999999999998607]
2025-06-03 19:22:18,496 - INFO -  Scoring full pool: 9964 candidates
2025-06-03 19:22:21,714 - INFO -  GP predict time: 3.218s
2025-06-03 19:22:21,714 - INFO -   EHVI: 9964 candidates with 500 MC samples
2025-06-03 19:24:08,952 - INFO -  EHVI time: 107.238s
f1 shape: (1,)
f2 shape: (1,)
2025-06-03 19:24:08,953 - INFO -  Selected idx=5286 (O=C(NC1CN(Cc2ccccc2)CC1c1ccccc1)C1CCCCC1) → [0.12142857 0.13533528]
2025-06-03 19:24:08,970 - INFO -  Hypervolume: 0.1495
2025-06-03 19:24:08,970 - INFO - 
--- Iter 27 (train size (37, 2)) ---
2025-06-03 19:24:08,970 - INFO -  Inferred reference point at iter 27: [0.08033976579251195, -0.09999999999998607]
2025-06-03 19:24:08,972 - INFO -  Scoring full pool: 9963 candidates
2025-06-03 19:24:12,248 - INFO -  GP predict time: 3.276s
2025-06-03 19:24:12,248 - INFO -   EHVI: 9963 candidates with 500 MC samples
2025-06-03 19:25:58,907 - INFO -  EHVI time: 106.659s
f1 shape: (1,)
f2 shape: (1,)
2025-06-03 19:25:58,909 - INFO -  Selected idx=3639 (O=C1c2ccccc2C(=O)N1CNc1ccccc1) → [0.15789474 1.        ]
2025-06-03 19:25:58,928 - INFO -  Hypervolume: 0.1495
2025-06-03 19:25:58,928 - INFO - 
--- Iter 28 (train size (38, 2)) ---
2025-06-03 19:25:58,928 - INFO -  Inferred reference point at iter 28: [0.08033976579251195, -0.09999999999998607]
2025-06-03 19:25:58,929 - INFO -  Scoring full pool: 9962 candidates
2025-06-03 19:26:02,390 - INFO -  GP predict time: 3.460s
2025-06-03 19:26:02,390 - INFO -   EHVI: 9962 candidates with 500 MC samples
2025-06-03 19:27:49,510 - INFO -  EHVI time: 107.120s
f1 shape: (1,)
f2 shape: (1,)
2025-06-03 19:27:49,511 - INFO -  Selected idx=9101 (O=C(Cc1ccccc1)Nc1nc2ccccc2n1CCN1CCCC1) → [0.14925373 0.13533528]
2025-06-03 19:27:49,532 - INFO -  Hypervolume: 0.1495
2025-06-03 19:27:49,532 - INFO - 
--- Iter 29 (train size (39, 2)) ---
2025-06-03 19:27:49,532 - INFO -  Inferred reference point at iter 29: [0.08033976579251195, -0.09999999999998607]
2025-06-03 19:27:49,533 - INFO -  Scoring full pool: 9961 candidates
2025-06-03 19:27:53,077 - INFO -  GP predict time: 3.544s
2025-06-03 19:27:53,077 - INFO -   EHVI: 9961 candidates with 500 MC samples
2025-06-03 19:29:39,888 - INFO -  EHVI time: 106.810s
f1 shape: (1,)
f2 shape: (1,)
2025-06-03 19:29:39,889 - INFO -  Selected idx=4444 (Cc1cc(OCC(=O)NCc2ccncc2)ccc1Cl) → [0.18584071 0.13533528]
2025-06-03 19:29:39,911 - INFO -  Hypervolume: 0.1495
2025-06-03 19:29:39,911 - INFO - 
--- Iter 30 (train size (40, 2)) ---
2025-06-03 19:29:39,911 - INFO -  Inferred reference point at iter 30: [0.08033976579251195, -0.09999999999998607]
2025-06-03 19:29:39,913 - INFO -  Scoring full pool: 9960 candidates
2025-06-03 19:29:43,526 - INFO -  GP predict time: 3.614s
2025-06-03 19:29:43,526 - INFO -   EHVI: 9960 candidates with 500 MC samples
2025-06-03 19:31:30,549 - INFO -  EHVI time: 107.022s
f1 shape: (1,)
f2 shape: (1,)
2025-06-03 19:31:30,550 - INFO -  Selected idx=6760 (Nc1ccc(C(=O)Nc2ccccc2N2CCCCC2)o1) → [0.15 1.  ]
2025-06-03 19:31:30,573 - INFO -  Hypervolume: 0.1495
2025-06-03 19:31:30,573 - INFO - 
--- Iter 31 (train size (41, 2)) ---
2025-06-03 19:31:30,573 - INFO -  Inferred reference point at iter 31: [0.08033976579251195, -0.09999999999998607]
2025-06-03 19:31:30,574 - INFO -  Scoring full pool: 9959 candidates
2025-06-03 19:31:34,174 - INFO -  GP predict time: 3.600s
2025-06-03 19:31:34,174 - INFO -   EHVI: 9959 candidates with 500 MC samples
2025-06-03 19:33:21,471 - INFO -  EHVI time: 107.297s
f1 shape: (1,)
f2 shape: (1,)
2025-06-03 19:33:21,473 - INFO -  Selected idx=2545 (Cc1cccc(C)c1NC(=O)C1CC2CCC1C2) → [0.14285714 1.        ]
2025-06-03 19:33:21,495 - INFO -  Hypervolume: 0.1495
2025-06-03 19:33:21,495 - INFO - 
--- Iter 32 (train size (42, 2)) ---
2025-06-03 19:33:21,495 - INFO -  Inferred reference point at iter 32: [0.08033976579251195, -0.09999999999998607]
2025-06-03 19:33:21,496 - INFO -  Scoring full pool: 9958 candidates
2025-06-03 19:33:25,257 - INFO -  GP predict time: 3.761s
2025-06-03 19:33:25,257 - INFO -   EHVI: 9958 candidates with 500 MC samples
2025-06-03 19:35:12,174 - INFO -  EHVI time: 106.917s
f1 shape: (1,)
f2 shape: (1,)
2025-06-03 19:35:12,176 - INFO -  Selected idx=5506 (CCN1CCN(C(=O)CSc2cc(=O)n(C)c3ccccc23)CC1) → [0.18852459 1.        ]
2025-06-03 19:35:12,197 - INFO -  Hypervolume: 0.1495
2025-06-03 19:35:12,197 - INFO - 
--- Iter 33 (train size (43, 2)) ---
2025-06-03 19:35:12,197 - INFO -  Inferred reference point at iter 33: [0.08033976579251195, -0.09999999999998607]
2025-06-03 19:35:12,198 - INFO -  Scoring full pool: 9957 candidates
2025-06-03 19:35:15,857 - INFO -  GP predict time: 3.658s
2025-06-03 19:35:15,857 - INFO -   EHVI: 9957 candidates with 500 MC samples
2025-06-03 19:37:02,946 - INFO -  EHVI time: 107.089s
f1 shape: (1,)
f2 shape: (1,)
2025-06-03 19:37:02,947 - INFO -  Selected idx=1050 (CC(C)CC(=O)Nc1ccc2nc(SCC(=O)N3CCc4ccccc43)sc2c1) → [0.19402985 0.13533528]
2025-06-03 19:37:02,970 - INFO -  Hypervolume: 0.1495
2025-06-03 19:37:02,970 - INFO - 
--- Iter 34 (train size (44, 2)) ---
2025-06-03 19:37:02,970 - INFO -  Inferred reference point at iter 34: [0.08033976579251195, -0.09999999999998607]
2025-06-03 19:37:02,971 - INFO -  Scoring full pool: 9956 candidates
2025-06-03 19:37:06,763 - INFO -  GP predict time: 3.792s
2025-06-03 19:37:06,763 - INFO -   EHVI: 9956 candidates with 500 MC samples
2025-06-03 19:38:54,071 - INFO -  EHVI time: 107.307s
f1 shape: (1,)
f2 shape: (1,)
2025-06-03 19:38:54,073 - INFO -  Selected idx=5465 (CCCCc1ccc(NC(=O)CSc2nc3c(c(=O)n2C)SC(C)C3)cc1) → [0.1953125 1.       ]
2025-06-03 19:38:54,098 - INFO -  Hypervolume: 0.1495
2025-06-03 19:38:54,098 - INFO - 
--- Iter 35 (train size (45, 2)) ---
2025-06-03 19:38:54,098 - INFO -  Inferred reference point at iter 35: [0.08033976579251195, -0.09999999999998607]
2025-06-03 19:38:54,099 - INFO -  Scoring full pool: 9955 candidates
2025-06-03 19:38:58,146 - INFO -  GP predict time: 4.047s
2025-06-03 19:38:58,146 - INFO -   EHVI: 9955 candidates with 500 MC samples
2025-06-03 19:40:44,890 - INFO -  EHVI time: 106.744s
f1 shape: (1,)
f2 shape: (1,)
2025-06-03 19:40:44,892 - INFO -  Selected idx=4650 (CC(=O)Nc1cc([N+](=O)[O-])ccc1N1CCN(C)CC1) → [0.11864407 0.13533528]
2025-06-03 19:40:44,917 - INFO -  Hypervolume: 0.1495
2025-06-03 19:40:44,917 - INFO - 
--- Iter 36 (train size (46, 2)) ---
2025-06-03 19:40:44,918 - INFO -  Inferred reference point at iter 36: [0.08033976579251195, -0.09999999999998607]
2025-06-03 19:40:44,919 - INFO -  Scoring full pool: 9954 candidates
2025-06-03 19:40:48,863 - INFO -  GP predict time: 3.944s
2025-06-03 19:40:48,863 - INFO -   EHVI: 9954 candidates with 500 MC samples
2025-06-03 19:42:36,557 - INFO -  EHVI time: 107.694s
f1 shape: (1,)
f2 shape: (1,)
2025-06-03 19:42:36,558 - INFO -  Selected idx=1938 (O=c1[nH]n(Cc2ccccc2F)c2ccccc12) → [0.16216216 1.        ]
2025-06-03 19:42:36,582 - INFO -  Hypervolume: 0.1495
2025-06-03 19:42:36,582 - INFO - 
--- Iter 37 (train size (47, 2)) ---
2025-06-03 19:42:36,582 - INFO -  Inferred reference point at iter 37: [0.08033976579251195, -0.09999999999998607]
2025-06-03 19:42:36,583 - INFO -  Scoring full pool: 9953 candidates
2025-06-03 19:42:40,511 - INFO -  GP predict time: 3.928s
2025-06-03 19:42:40,511 - INFO -   EHVI: 9953 candidates with 500 MC samples
2025-06-03 19:44:27,823 - INFO -  EHVI time: 107.311s
f1 shape: (1,)
f2 shape: (1,)
2025-06-03 19:44:27,824 - INFO -  Selected idx=5578 (NC1=C(c2nc(-c3ccc(Cl)cc3)cs2)C(=O)CN1NC(=O)c1ccc(O)cc1) → [0.13571429 0.13533528]
2025-06-03 19:44:27,848 - INFO -  Hypervolume: 0.1495
2025-06-03 19:44:27,848 - INFO - 
--- Iter 38 (train size (48, 2)) ---
2025-06-03 19:44:27,848 - INFO -  Inferred reference point at iter 38: [0.08033976579251195, -0.09999999999998607]
2025-06-03 19:44:27,850 - INFO -  Scoring full pool: 9952 candidates
2025-06-03 19:44:31,898 - INFO -  GP predict time: 4.048s
2025-06-03 19:44:31,898 - INFO -   EHVI: 9952 candidates with 500 MC samples
2025-06-03 19:46:18,638 - INFO -  EHVI time: 106.739s
f1 shape: (1,)
f2 shape: (1,)
2025-06-03 19:46:18,639 - INFO -  Selected idx=4825 (COC(=O)C(=O)Nc1ccc(OC)c(=O)cc1) → [0.20588235 0.00033546]
2025-06-03 19:46:18,666 - INFO -  Hypervolume: 0.1495
2025-06-03 19:46:18,667 - INFO - 
--- Iter 39 (train size (49, 2)) ---
2025-06-03 19:46:18,667 - INFO -  Inferred reference point at iter 39: [0.08033976579251195, -0.09999999999998607]
2025-06-03 19:46:18,668 - INFO -  Scoring full pool: 9951 candidates
2025-06-03 19:46:22,843 - INFO -  GP predict time: 4.175s
2025-06-03 19:46:22,844 - INFO -   EHVI: 9951 candidates with 500 MC samples
2025-06-03 19:48:10,017 - INFO -  EHVI time: 107.173s
f1 shape: (1,)
f2 shape: (1,)
2025-06-03 19:48:10,018 - INFO -  Selected idx=5951 (O=c1c2ccccc2sc2c(Cn3ccnc3)ccc([N+](=O)[O-])c12) → [0.1496063  0.13533528]
2025-06-03 19:48:10,043 - INFO -  Hypervolume: 0.1495
2025-06-03 19:48:10,043 - INFO - 
--- Iter 40 (train size (50, 2)) ---
2025-06-03 19:48:10,043 - INFO -  Inferred reference point at iter 40: [0.08033976579251195, -0.09999999999998607]
2025-06-03 19:48:10,044 - INFO -  Scoring full pool: 9950 candidates
2025-06-03 19:48:14,225 - INFO -  GP predict time: 4.181s
2025-06-03 19:48:14,225 - INFO -   EHVI: 9950 candidates with 500 MC samples
2025-06-03 19:50:01,133 - INFO -  EHVI time: 106.908s
f1 shape: (1,)
f2 shape: (1,)
2025-06-03 19:50:01,134 - INFO -  Selected idx=1318 (O=C(Cn1sc2ccccc2c1=O)Nc1ccccc1F) → [0.17094017 1.        ]
2025-06-03 19:50:01,160 - INFO -  Hypervolume: 0.1495
2025-06-03 19:50:01,160 - INFO - 
--- Iter 41 (train size (51, 2)) ---
2025-06-03 19:50:01,160 - INFO -  Inferred reference point at iter 41: [0.08033976579251195, -0.09999999999998607]
2025-06-03 19:50:01,162 - INFO -  Scoring full pool: 9949 candidates
2025-06-03 19:50:05,363 - INFO -  GP predict time: 4.201s
2025-06-03 19:50:05,363 - INFO -   EHVI: 9949 candidates with 500 MC samples
2025-06-03 19:51:52,692 - INFO -  EHVI time: 107.329s
f1 shape: (1,)
f2 shape: (1,)
2025-06-03 19:51:52,694 - INFO -  Selected idx=3205 (Cc1ccc(-n2nc3c(=O)n(CC(=O)NC4CCCCC4)nc(C)c3c2C)cc1) → [0.16058394 0.13533528]
2025-06-03 19:51:52,723 - INFO -  Hypervolume: 0.1495
2025-06-03 19:51:52,723 - INFO - 
--- Iter 42 (train size (52, 2)) ---
2025-06-03 19:51:52,723 - INFO -  Inferred reference point at iter 42: [0.08033976579251195, -0.09999999999998607]
2025-06-03 19:51:52,725 - INFO -  Scoring full pool: 9948 candidates
2025-06-03 19:51:57,412 - INFO -  GP predict time: 4.687s
2025-06-03 19:51:57,412 - INFO -   EHVI: 9948 candidates with 500 MC samples
2025-06-03 19:53:44,487 - INFO -  EHVI time: 107.075s
f1 shape: (1,)
f2 shape: (1,)
2025-06-03 19:53:44,489 - INFO -  Selected idx=5269 (CCCN=C(S)N1CCC(NC(=O)c2cccc(C)c2)CC1) → [0.16806723 0.13533528]
2025-06-03 19:53:44,519 - INFO -  Hypervolume: 0.1495
2025-06-03 19:53:44,519 - INFO - 
--- Iter 43 (train size (53, 2)) ---
2025-06-03 19:53:44,519 - INFO -  Inferred reference point at iter 43: [0.08033976579251195, -0.09999999999998607]
2025-06-03 19:53:44,521 - INFO -  Scoring full pool: 9947 candidates
2025-06-03 19:53:49,222 - INFO -  GP predict time: 4.700s
2025-06-03 19:53:49,222 - INFO -   EHVI: 9947 candidates with 500 MC samples
2025-06-03 19:55:36,062 - INFO -  EHVI time: 106.840s
f1 shape: (1,)
f2 shape: (1,)
2025-06-03 19:55:36,063 - INFO -  Selected idx=1486 (CC(=O)c1ccc(N2CCCC(CO)(Cc3ccccc3F)C2)nc1) → [0.15625 1.     ]
2025-06-03 19:55:36,094 - INFO -  Hypervolume: 0.1495
2025-06-03 19:55:36,094 - INFO - 
--- Iter 44 (train size (54, 2)) ---
2025-06-03 19:55:36,094 - INFO -  Inferred reference point at iter 44: [0.08033976579251195, -0.09999999999998607]
2025-06-03 19:55:36,096 - INFO -  Scoring full pool: 9946 candidates
2025-06-03 19:55:40,810 - INFO -  GP predict time: 4.714s
2025-06-03 19:55:40,810 - INFO -   EHVI: 9946 candidates with 500 MC samples
2025-06-03 19:57:28,537 - INFO -  EHVI time: 107.727s
f1 shape: (1,)
f2 shape: (1,)
2025-06-03 19:57:28,539 - INFO -  Selected idx=4911 (CC(Nc1c(Nc2cc(C(F)(F)F)cc(C(F)(F)F)c2)c(=O)c1=O)c1ccccc1) → [0.13669065 1.        ]
2025-06-03 19:57:28,569 - INFO -  Hypervolume: 0.1495
2025-06-03 19:57:28,569 - INFO - 
--- Iter 45 (train size (55, 2)) ---
2025-06-03 19:57:28,569 - INFO -  Inferred reference point at iter 45: [0.08033976579251195, -0.09999999999998607]
2025-06-03 19:57:28,571 - INFO -  Scoring full pool: 9945 candidates
2025-06-03 19:57:33,260 - INFO -  GP predict time: 4.689s
2025-06-03 19:57:33,260 - INFO -   EHVI: 9945 candidates with 500 MC samples
2025-06-03 19:59:19,909 - INFO -  EHVI time: 106.650s
f1 shape: (1,)
f2 shape: (1,)
2025-06-03 19:59:19,911 - INFO -  Selected idx=7799 (CN1CCN(CC(=O)n2c3c(c4ccccc42)CCCC3)CC1) → [0.152      0.13533528]
2025-06-03 19:59:19,941 - INFO -  Hypervolume: 0.1495
2025-06-03 19:59:19,941 - INFO - 
--- Iter 46 (train size (56, 2)) ---
2025-06-03 19:59:19,941 - INFO -  Inferred reference point at iter 46: [0.08033976579251195, -0.09999999999998607]
2025-06-03 19:59:19,942 - INFO -  Scoring full pool: 9944 candidates
2025-06-03 19:59:24,738 - INFO -  GP predict time: 4.795s
2025-06-03 19:59:24,738 - INFO -   EHVI: 9944 candidates with 500 MC samples
2025-06-03 20:01:11,516 - INFO -  EHVI time: 106.778s
f1 shape: (1,)
f2 shape: (1,)
2025-06-03 20:01:11,518 - INFO -  Selected idx=325 (CC1(C)Oc2cc(O)ccc2C2C1=CCn1c(=O)n(-c3ccccc3Cl)c(=O)n12) → [0.1969697  0.00033546]
2025-06-03 20:01:11,551 - INFO -  Hypervolume: 0.1495
2025-06-03 20:01:11,551 - INFO - 
--- Iter 47 (train size (57, 2)) ---
2025-06-03 20:01:11,551 - INFO -  Inferred reference point at iter 47: [0.08033976579251195, -0.09999999999998607]
2025-06-03 20:01:11,553 - INFO -  Scoring full pool: 9943 candidates
2025-06-03 20:01:16,449 - INFO -  GP predict time: 4.896s
2025-06-03 20:01:16,449 - INFO -   EHVI: 9943 candidates with 500 MC samples
2025-06-03 20:03:03,151 - INFO -  EHVI time: 106.702s
f1 shape: (1,)
f2 shape: (1,)
2025-06-03 20:03:03,152 - INFO -  Selected idx=5246 (CN(Cc1nc2ccccc2c(=O)[nH]1)Cc1nnc(-c2ccccc2)o1) → [0.15909091 0.13533528]
2025-06-03 20:03:03,186 - INFO -  Hypervolume: 0.1495
2025-06-03 20:03:03,186 - INFO - 
--- Iter 48 (train size (58, 2)) ---
2025-06-03 20:03:03,186 - INFO -  Inferred reference point at iter 48: [0.08033976579251195, -0.09999999999998607]
2025-06-03 20:03:03,188 - INFO -  Scoring full pool: 9942 candidates
2025-06-03 20:03:08,244 - INFO -  GP predict time: 5.056s
2025-06-03 20:03:08,244 - INFO -   EHVI: 9942 candidates with 500 MC samples
2025-06-03 20:04:55,537 - INFO -  EHVI time: 107.293s
f1 shape: (1,)
f2 shape: (1,)
2025-06-03 20:04:55,539 - INFO -  Selected idx=2657 (O=C1c2ccccc2CSc2sccc21) → [0.15238095 1.        ]
2025-06-03 20:04:55,573 - INFO -  Hypervolume: 0.1495
2025-06-03 20:04:55,573 - INFO - 
--- Iter 49 (train size (59, 2)) ---
2025-06-03 20:04:55,573 - INFO -  Inferred reference point at iter 49: [0.08033976579251195, -0.09999999999998607]
2025-06-03 20:04:55,575 - INFO -  Scoring full pool: 9941 candidates
2025-06-03 20:05:00,645 - INFO -  GP predict time: 5.069s
2025-06-03 20:05:00,645 - INFO -   EHVI: 9941 candidates with 500 MC samples
2025-06-03 20:06:47,648 - INFO -  EHVI time: 107.003s
f1 shape: (1,)
f2 shape: (1,)
2025-06-03 20:06:47,649 - INFO -  Selected idx=6809 (Cc1ccc(C(=O)N2CCCC(CCC(=O)NCc3ccccc3F)C2)cn1) → [0.19847328 1.        ]
2025-06-03 20:06:47,681 - INFO -  Hypervolume: 0.1495
2025-06-03 20:06:47,681 - INFO - 
--- Iter 50 (train size (60, 2)) ---
2025-06-03 20:06:47,681 - INFO -  Inferred reference point at iter 50: [0.08033976579251195, -0.09999999999998607]
2025-06-03 20:06:47,683 - INFO -  Scoring full pool: 9940 candidates
2025-06-03 20:06:52,846 - INFO -  GP predict time: 5.163s
2025-06-03 20:06:52,846 - INFO -   EHVI: 9940 candidates with 500 MC samples
2025-06-03 20:08:39,928 - INFO -  EHVI time: 107.082s
f1 shape: (1,)
f2 shape: (1,)
2025-06-03 20:08:39,929 - INFO -  Selected idx=747 (NCCCCN1c2ccccc2Sc2ccc(Cl)cc21) → [0.21621622 1.        ]
2025-06-03 20:08:39,965 - INFO -  Hypervolume: 0.1503
2025-06-03 20:08:39,965 - INFO - 
--- Iter 51 (train size (61, 2)) ---
2025-06-03 20:08:39,966 - INFO -  Inferred reference point at iter 51: [0.08033976579251195, -0.09999999999998607]
2025-06-03 20:08:39,967 - INFO -  Scoring full pool: 9939 candidates
2025-06-03 20:08:45,224 - INFO -  GP predict time: 5.256s
2025-06-03 20:08:45,224 - INFO -   EHVI: 9939 candidates with 500 MC samples
2025-06-03 20:10:32,357 - INFO -  EHVI time: 107.133s
f1 shape: (1,)
f2 shape: (1,)
2025-06-03 20:10:32,358 - INFO -  Selected idx=1483 (COc1cccc(CNC(=O)c2cc(S(=O)(=O)N3CCCC3)cn2C)c1) → [0.15384615 1.        ]
2025-06-03 20:10:32,395 - INFO -  Hypervolume: 0.1503
2025-06-03 20:10:32,395 - INFO - 
--- Iter 52 (train size (62, 2)) ---
2025-06-03 20:10:32,395 - INFO -  Inferred reference point at iter 52: [0.08033976579251195, -0.09999999999998607]
2025-06-03 20:10:32,397 - INFO -  Scoring full pool: 9938 candidates
2025-06-03 20:10:37,701 - INFO -  GP predict time: 5.304s
2025-06-03 20:10:37,701 - INFO -   EHVI: 9938 candidates with 500 MC samples
2025-06-03 20:12:24,625 - INFO -  EHVI time: 106.924s
f1 shape: (1,)
f2 shape: (1,)
2025-06-03 20:12:24,626 - INFO -  Selected idx=5310 (O=S(=O)(NC1CCC2(CC1)OCCO2)c1ccccc1Br) → [0.12295082 1.        ]
2025-06-03 20:12:24,661 - INFO -  Hypervolume: 0.1503
2025-06-03 20:12:24,661 - INFO - 
--- Iter 53 (train size (63, 2)) ---
2025-06-03 20:12:24,661 - INFO -  Inferred reference point at iter 53: [0.08033976579251195, -0.09999999999998607]
2025-06-03 20:12:24,663 - INFO -  Scoring full pool: 9937 candidates
2025-06-03 20:12:29,964 - INFO -  GP predict time: 5.301s
2025-06-03 20:12:29,964 - INFO -   EHVI: 9937 candidates with 500 MC samples
2025-06-03 20:14:16,780 - INFO -  EHVI time: 106.816s
f1 shape: (1,)
f2 shape: (1,)
2025-06-03 20:14:16,781 - INFO -  Selected idx=3986 (Cc1ccccc1COc1ccc2c(c1)C1(C)CCCC(C)(C(=O)O)C1CC2) → [0.2        0.13533528]
2025-06-03 20:14:16,817 - INFO -  Hypervolume: 0.1503
2025-06-03 20:14:16,818 - INFO - 
--- Iter 54 (train size (64, 2)) ---
2025-06-03 20:14:16,818 - INFO -  Inferred reference point at iter 54: [0.08033976579251195, -0.09999999999998607]
2025-06-03 20:14:16,820 - INFO -  Scoring full pool: 9936 candidates
2025-06-03 20:14:22,091 - INFO -  GP predict time: 5.272s
2025-06-03 20:14:22,091 - INFO -   EHVI: 9936 candidates with 500 MC samples
2025-06-03 20:16:09,231 - INFO -  EHVI time: 107.140s
f1 shape: (1,)
f2 shape: (1,)
2025-06-03 20:16:09,233 - INFO -  Selected idx=2280 (O=C(O)CCCCCCN1C(=O)CCC1C=CC(O)c1cccc(Oc2ccccc2)c1) → [0.16551724 1.        ]
2025-06-03 20:16:09,271 - INFO -  Hypervolume: 0.1503
2025-06-03 20:16:09,271 - INFO - 
--- Iter 55 (train size (65, 2)) ---
2025-06-03 20:16:09,271 - INFO -  Inferred reference point at iter 55: [0.08033976579251195, -0.09999999999998607]
2025-06-03 20:16:09,273 - INFO -  Scoring full pool: 9935 candidates
2025-06-03 20:16:14,673 - INFO -  GP predict time: 5.400s
2025-06-03 20:16:14,673 - INFO -   EHVI: 9935 candidates with 500 MC samples
2025-06-03 20:18:01,967 - INFO -  EHVI time: 107.294s
f1 shape: (1,)
f2 shape: (1,)
2025-06-03 20:18:01,969 - INFO -  Selected idx=5998 (O=C(NCc1cccs1)C1CCCN1S(=O)(=O)c1ccccc1F) → [0.15079365 1.        ]
2025-06-03 20:18:02,009 - INFO -  Hypervolume: 0.1503
2025-06-03 20:18:02,009 - INFO - 
--- Iter 56 (train size (66, 2)) ---
2025-06-03 20:18:02,009 - INFO -  Inferred reference point at iter 56: [0.08033976579251195, -0.09999999999998607]
2025-06-03 20:18:02,011 - INFO -  Scoring full pool: 9934 candidates
2025-06-03 20:18:07,673 - INFO -  GP predict time: 5.662s
2025-06-03 20:18:07,673 - INFO -   EHVI: 9934 candidates with 500 MC samples
2025-06-03 20:19:54,603 - INFO -  EHVI time: 106.930s
f1 shape: (1,)
f2 shape: (1,)
2025-06-03 20:19:54,604 - INFO -  Selected idx=8608 (O=C(OCCCc1cccnc1)C1CCCN1S(=O)(=O)Cc1ccccc1) → [0.18320611 1.        ]
2025-06-03 20:19:54,643 - INFO -  Hypervolume: 0.1503
2025-06-03 20:19:54,643 - INFO - 
--- Iter 57 (train size (67, 2)) ---
2025-06-03 20:19:54,643 - INFO -  Inferred reference point at iter 57: [0.08033976579251195, -0.09999999999998607]
2025-06-03 20:19:54,645 - INFO -  Scoring full pool: 9933 candidates
2025-06-03 20:20:00,281 - INFO -  GP predict time: 5.636s
2025-06-03 20:20:00,281 - INFO -   EHVI: 9933 candidates with 500 MC samples
2025-06-03 20:21:47,508 - INFO -  EHVI time: 107.227s
f1 shape: (1,)
f2 shape: (1,)
2025-06-03 20:21:47,509 - INFO -  Selected idx=8197 (O=C(CCCCc1ccccc1)c1ccc(O)c(O)c1[N+](=O)[O-]) → [0.19491525 0.13533528]
2025-06-03 20:21:47,548 - INFO -  Hypervolume: 0.1503
2025-06-03 20:21:47,548 - INFO - 
--- Iter 58 (train size (68, 2)) ---
2025-06-03 20:21:47,548 - INFO -  Inferred reference point at iter 58: [0.08033976579251195, -0.09999999999998607]
2025-06-03 20:21:47,550 - INFO -  Scoring full pool: 9932 candidates
2025-06-03 20:21:53,222 - INFO -  GP predict time: 5.672s
2025-06-03 20:21:53,222 - INFO -   EHVI: 9932 candidates with 500 MC samples
2025-06-03 20:23:40,059 - INFO -  EHVI time: 106.836s
f1 shape: (1,)
f2 shape: (1,)
2025-06-03 20:23:40,060 - INFO -  Selected idx=6151 (COCCSc1ccccc1C(=O)N1CCN(c2ccccc2OC)CC1) → [0.19230769 1.        ]
2025-06-03 20:23:40,100 - INFO -  Hypervolume: 0.1503
2025-06-03 20:23:40,101 - INFO - 
--- Iter 59 (train size (69, 2)) ---
2025-06-03 20:23:40,101 - INFO -  Inferred reference point at iter 59: [0.08033976579251195, -0.09999999999998607]
2025-06-03 20:23:40,103 - INFO -  Scoring full pool: 9931 candidates
2025-06-03 20:23:45,926 - INFO -  GP predict time: 5.823s
2025-06-03 20:23:45,926 - INFO -   EHVI: 9931 candidates with 500 MC samples
2025-06-03 20:25:32,545 - INFO -  EHVI time: 106.619s
f1 shape: (1,)
f2 shape: (1,)
2025-06-03 20:25:32,546 - INFO -  Selected idx=7630 (Cc1ccccc1NC(=O)c1cc[n+]([O-])cc1) → [0.1682243  0.13533528]
2025-06-03 20:25:32,590 - INFO -  Hypervolume: 0.1503
2025-06-03 20:25:32,590 - INFO - 
--- Iter 60 (train size (70, 2)) ---
2025-06-03 20:25:32,590 - INFO -  Inferred reference point at iter 60: [0.08033976579251195, -0.09999999999998607]
2025-06-03 20:25:32,592 - INFO -  Scoring full pool: 9930 candidates
2025-06-03 20:25:38,606 - INFO -  GP predict time: 6.014s
2025-06-03 20:25:38,606 - INFO -   EHVI: 9930 candidates with 500 MC samples
2025-06-03 20:27:25,530 - INFO -  EHVI time: 106.923s
f1 shape: (1,)
f2 shape: (1,)
2025-06-03 20:27:25,531 - INFO -  Selected idx=4456 (O=C(CCNC(=O)N1CC(=O)Nc2ccccc21)NCCc1cccc(F)c1) → [0.20769231 1.        ]
2025-06-03 20:27:25,576 - INFO -  Hypervolume: 0.1503
2025-06-03 20:27:25,576 - INFO - 
--- Iter 61 (train size (71, 2)) ---
2025-06-03 20:27:25,576 - INFO -  Inferred reference point at iter 61: [0.08033976579251195, -0.09999999999998607]
2025-06-03 20:27:25,578 - INFO -  Scoring full pool: 9929 candidates
2025-06-03 20:27:31,801 - INFO -  GP predict time: 6.223s
2025-06-03 20:27:31,801 - INFO -   EHVI: 9929 candidates with 500 MC samples
2025-06-03 20:29:19,005 - INFO -  EHVI time: 107.204s
f1 shape: (1,)
f2 shape: (1,)
2025-06-03 20:29:19,006 - INFO -  Selected idx=6480 (Cc1cn2c(=O)c(C(=O)N3CCN(c4ccccc4Cl)CC3)cnc2s1) → [0.208      0.13533528]
2025-06-03 20:29:19,047 - INFO -  Hypervolume: 0.1503
2025-06-03 20:29:19,047 - INFO - 
--- Iter 62 (train size (72, 2)) ---
2025-06-03 20:29:19,048 - INFO -  Inferred reference point at iter 62: [0.08033976579251195, -0.09999999999998607]
2025-06-03 20:29:19,050 - INFO -  Scoring full pool: 9928 candidates
2025-06-03 20:29:25,085 - INFO -  GP predict time: 6.035s
2025-06-03 20:29:25,085 - INFO -   EHVI: 9928 candidates with 500 MC samples
2025-06-03 20:31:12,069 - INFO -  EHVI time: 106.984s
f1 shape: (1,)
f2 shape: (1,)
2025-06-03 20:31:12,071 - INFO -  Selected idx=8068 (O=C(OCC1CCCN(C(=O)CCc2ccccc2)C1)c1ccccc1C(F)(F)F) → [0.19117647 1.        ]
2025-06-03 20:31:12,117 - INFO -  Hypervolume: 0.1503
2025-06-03 20:31:12,117 - INFO - 
--- Iter 63 (train size (73, 2)) ---
2025-06-03 20:31:12,117 - INFO -  Inferred reference point at iter 63: [0.08033976579251195, -0.09999999999998607]
2025-06-03 20:31:12,119 - INFO -  Scoring full pool: 9927 candidates
2025-06-03 20:31:18,257 - INFO -  GP predict time: 6.137s
2025-06-03 20:31:18,257 - INFO -   EHVI: 9927 candidates with 500 MC samples
2025-06-03 20:33:05,398 - INFO -  EHVI time: 107.142s
f1 shape: (1,)
f2 shape: (1,)
2025-06-03 20:33:05,399 - INFO -  Selected idx=6139 (CC(=O)NC(CC(=O)Nc1cccc(S(=O)(=O)N2CCCCC2)c1)c1ccccc1) → [0.14893617 1.        ]
2025-06-03 20:33:05,443 - INFO -  Hypervolume: 0.1503
2025-06-03 20:33:05,443 - INFO - 
--- Iter 64 (train size (74, 2)) ---
2025-06-03 20:33:05,443 - INFO -  Inferred reference point at iter 64: [0.08033976579251195, -0.09999999999998607]
2025-06-03 20:33:05,446 - INFO -  Scoring full pool: 9926 candidates
2025-06-03 20:33:11,642 - INFO -  GP predict time: 6.196s
2025-06-03 20:33:11,642 - INFO -   EHVI: 9926 candidates with 500 MC samples
2025-06-03 20:34:58,889 - INFO -  EHVI time: 107.247s
f1 shape: (1,)
f2 shape: (1,)
2025-06-03 20:34:58,890 - INFO -  Selected idx=5569 (O=C1CCC(c2ccccc2)N1c1ccccc1) → [0.13043478 1.        ]
2025-06-03 20:34:58,935 - INFO -  Hypervolume: 0.1503
2025-06-03 20:34:58,935 - INFO - 
--- Iter 65 (train size (75, 2)) ---
2025-06-03 20:34:58,935 - INFO -  Inferred reference point at iter 65: [0.08033976579251195, -0.09999999999998607]
2025-06-03 20:34:58,937 - INFO -  Scoring full pool: 9925 candidates
2025-06-03 20:35:05,037 - INFO -  GP predict time: 6.100s
2025-06-03 20:35:05,037 - INFO -   EHVI: 9925 candidates with 500 MC samples
2025-06-03 20:36:52,151 - INFO -  EHVI time: 107.114s
f1 shape: (1,)
f2 shape: (1,)
2025-06-03 20:36:52,152 - INFO -  Selected idx=7472 (COc1cccc(C2CN3CCCC3c3cc(OCCCN4CCCCC4)ccc32)c1) → [0.14965986 0.00033546]
2025-06-03 20:36:52,199 - INFO -  Hypervolume: 0.1503
2025-06-03 20:36:52,199 - INFO - 
--- Iter 66 (train size (76, 2)) ---
2025-06-03 20:36:52,199 - INFO -  Inferred reference point at iter 66: [0.08033976579251195, -0.09999999999998607]
2025-06-03 20:36:52,201 - INFO -  Scoring full pool: 9924 candidates
2025-06-03 20:36:58,381 - INFO -  GP predict time: 6.180s
2025-06-03 20:36:58,381 - INFO -   EHVI: 9924 candidates with 500 MC samples
2025-06-03 20:38:45,366 - INFO -  EHVI time: 106.985s
f1 shape: (1,)
f2 shape: (1,)
2025-06-03 20:38:45,368 - INFO -  Selected idx=9799 (Cc1ccc(CN2CCNC(=O)C2CC(=O)N(C)C2CCOCC2)cc1) → [0.15267176 1.        ]
2025-06-03 20:38:45,416 - INFO -  Hypervolume: 0.1503
2025-06-03 20:38:45,416 - INFO - 
--- Iter 67 (train size (77, 2)) ---
2025-06-03 20:38:45,416 - INFO -  Inferred reference point at iter 67: [0.08033976579251195, -0.09999999999998607]
2025-06-03 20:38:45,418 - INFO -  Scoring full pool: 9923 candidates
2025-06-03 20:38:51,895 - INFO -  GP predict time: 6.476s
2025-06-03 20:38:51,895 - INFO -   EHVI: 9923 candidates with 500 MC samples
2025-06-03 20:40:38,520 - INFO -  EHVI time: 106.625s
f1 shape: (1,)
f2 shape: (1,)
2025-06-03 20:40:38,521 - INFO -  Selected idx=133 (O=C(c1ccccc1SCc1ccccc1)N1CCCCCC1) → [0.1328125 1.       ]
2025-06-03 20:40:38,572 - INFO -  Hypervolume: 0.1503
2025-06-03 20:40:38,573 - INFO - 
--- Iter 68 (train size (78, 2)) ---
2025-06-03 20:40:38,573 - INFO -  Inferred reference point at iter 68: [0.08033976579251195, -0.09999999999998607]
2025-06-03 20:40:38,575 - INFO -  Scoring full pool: 9922 candidates
2025-06-03 20:40:45,356 - INFO -  GP predict time: 6.781s
2025-06-03 20:40:45,356 - INFO -   EHVI: 9922 candidates with 500 MC samples
2025-06-03 20:42:32,829 - INFO -  EHVI time: 107.473s
f1 shape: (1,)
f2 shape: (1,)
2025-06-03 20:42:32,831 - INFO -  Selected idx=5848 (O=C(O)CC1c2cc(F)ccc2S(=O)(=O)N1C1CCN(Cc2ccccc2)CC1) → [0.16058394 0.13533528]
2025-06-03 20:42:32,880 - INFO -  Hypervolume: 0.1503
2025-06-03 20:42:32,880 - INFO - 
--- Iter 69 (train size (79, 2)) ---
2025-06-03 20:42:32,880 - INFO -  Inferred reference point at iter 69: [0.08033976579251195, -0.09999999999998607]
2025-06-03 20:42:32,882 - INFO -  Scoring full pool: 9921 candidates
2025-06-03 20:42:39,269 - INFO -  GP predict time: 6.387s
2025-06-03 20:42:39,269 - INFO -   EHVI: 9921 candidates with 500 MC samples
2025-06-03 20:44:26,002 - INFO -  EHVI time: 106.734s
f1 shape: (1,)
f2 shape: (1,)
2025-06-03 20:44:26,004 - INFO -  Selected idx=1949 (Cc1ccc(S(=O)(=O)CCC(=O)Nc2ccccc2N2CCCC2)cc1) → [0.17054264 1.        ]
2025-06-03 20:44:26,055 - INFO -  Hypervolume: 0.1503
2025-06-03 20:44:26,055 - INFO - 
--- Iter 70 (train size (80, 2)) ---
2025-06-03 20:44:26,055 - INFO -  Inferred reference point at iter 70: [0.08033976579251195, -0.09999999999998607]
2025-06-03 20:44:26,058 - INFO -  Scoring full pool: 9920 candidates
2025-06-03 20:44:32,792 - INFO -  GP predict time: 6.734s
2025-06-03 20:44:32,792 - INFO -   EHVI: 9920 candidates with 500 MC samples
2025-06-03 20:46:19,315 - INFO -  EHVI time: 106.523s
f1 shape: (1,)
f2 shape: (1,)
2025-06-03 20:46:19,317 - INFO -  Selected idx=5287 (O=C(CCCCCCN1C(=O)c2ccccc2C1=O)N1CCC(c2ccccc2)C1) → [0.17142857 0.13533528]
2025-06-03 20:46:19,371 - INFO -  Hypervolume: 0.1503
2025-06-03 20:46:19,371 - INFO - 
--- Iter 71 (train size (81, 2)) ---
2025-06-03 20:46:19,371 - INFO -  Inferred reference point at iter 71: [0.08033976579251195, -0.09999999999998607]
2025-06-03 20:46:19,374 - INFO -  Scoring full pool: 9919 candidates
2025-06-03 20:46:26,374 - INFO -  GP predict time: 7.000s
2025-06-03 20:46:26,374 - INFO -   EHVI: 9919 candidates with 500 MC samples
2025-06-03 20:48:13,087 - INFO -  EHVI time: 106.712s
f1 shape: (1,)
f2 shape: (1,)
2025-06-03 20:48:13,089 - INFO -  Selected idx=3058 (CCOC(=O)C=CC(=O)Nc1ccccc1CCCN1CCC23CCCCC2C1Cc1ccc(O)cc13) → [0.21052632 0.00033546]
2025-06-03 20:48:13,144 - INFO -  Hypervolume: 0.1503
2025-06-03 20:48:13,144 - INFO - 
--- Iter 72 (train size (82, 2)) ---
2025-06-03 20:48:13,144 - INFO -  Inferred reference point at iter 72: [0.08033976579251195, -0.09999999999998607]
2025-06-03 20:48:13,146 - INFO -  Scoring full pool: 9918 candidates
2025-06-03 20:48:20,041 - INFO -  GP predict time: 6.895s
2025-06-03 20:48:20,042 - INFO -   EHVI: 9918 candidates with 500 MC samples
2025-06-03 20:50:07,743 - INFO -  EHVI time: 107.702s
f1 shape: (1,)
f2 shape: (1,)
2025-06-03 20:50:07,745 - INFO -  Selected idx=5788 (CS(=O)(=O)CCC(C(=O)Nc1cccc(C(F)(F)F)c1)N1Cc2ccccc2C1=O) → [0.16058394 1.        ]
2025-06-03 20:50:07,802 - INFO -  Hypervolume: 0.1503
2025-06-03 20:50:07,802 - INFO - 
--- Iter 73 (train size (83, 2)) ---
2025-06-03 20:50:07,802 - INFO -  Inferred reference point at iter 73: [0.08033976579251195, -0.09999999999998607]
2025-06-03 20:50:07,805 - INFO -  Scoring full pool: 9917 candidates
2025-06-03 20:50:14,749 - INFO -  GP predict time: 6.944s
2025-06-03 20:50:14,749 - INFO -   EHVI: 9917 candidates with 500 MC samples
2025-06-03 20:52:01,988 - INFO -  EHVI time: 107.240s
f1 shape: (1,)
f2 shape: (1,)
2025-06-03 20:52:01,990 - INFO -  Selected idx=6814 (c1ccc2[nH]c(-c3ccc(C4CNCCO4)cc3)nc2c1) → [0.13821138 0.13533528]
2025-06-03 20:52:02,048 - INFO -  Hypervolume: 0.1503
2025-06-03 20:52:02,048 - INFO - 
--- Iter 74 (train size (84, 2)) ---
2025-06-03 20:52:02,048 - INFO -  Inferred reference point at iter 74: [0.08033976579251195, -0.09999999999998607]
2025-06-03 20:52:02,051 - INFO -  Scoring full pool: 9916 candidates
2025-06-03 20:52:09,107 - INFO -  GP predict time: 7.056s
2025-06-03 20:52:09,107 - INFO -   EHVI: 9916 candidates with 500 MC samples
2025-06-03 20:53:55,981 - INFO -  EHVI time: 106.874s
f1 shape: (1,)
f2 shape: (1,)
2025-06-03 20:53:55,982 - INFO -  Selected idx=5880 (O=C(NC1SC=CC1C(=O)O)c1cccc(Oc2ccccc2)c1) → [0.168 1.   ]
2025-06-03 20:53:56,037 - INFO -  Hypervolume: 0.1503
2025-06-03 20:53:56,037 - INFO - 
--- Iter 75 (train size (85, 2)) ---
2025-06-03 20:53:56,037 - INFO -  Inferred reference point at iter 75: [0.08033976579251195, -0.09999999999998607]
2025-06-03 20:53:56,039 - INFO -  Scoring full pool: 9915 candidates
2025-06-03 20:54:02,889 - INFO -  GP predict time: 6.849s
2025-06-03 20:54:02,889 - INFO -   EHVI: 9915 candidates with 500 MC samples
2025-06-03 20:55:49,882 - INFO -  EHVI time: 106.993s
f1 shape: (1,)
f2 shape: (1,)
2025-06-03 20:55:49,883 - INFO -  Selected idx=7068 (CCC1(c2ccc(F)cc2)NC(=O)N(CC(=O)N2c3ccccc3CC2C)C1=O) → [0.20610687 0.13533528]
2025-06-03 20:55:49,939 - INFO -  Hypervolume: 0.1503
2025-06-03 20:55:49,939 - INFO - 
--- Iter 76 (train size (86, 2)) ---
2025-06-03 20:55:49,939 - INFO -  Inferred reference point at iter 76: [0.08033976579251195, -0.09999999999998607]
2025-06-03 20:55:49,941 - INFO -  Scoring full pool: 9914 candidates
2025-06-03 20:55:56,886 - INFO -  GP predict time: 6.945s
2025-06-03 20:55:56,886 - INFO -   EHVI: 9914 candidates with 500 MC samples
2025-06-03 20:57:43,765 - INFO -  EHVI time: 106.879s
f1 shape: (1,)
f2 shape: (1,)
2025-06-03 20:57:43,767 - INFO -  Selected idx=794 (O=S(=O)(c1cccc(F)c1)c1cn(C2CCNC2)c2ccccc12) → [0.1496063  0.13533528]
2025-06-03 20:57:43,826 - INFO -  Hypervolume: 0.1503
2025-06-03 20:57:43,826 - INFO - 
--- Iter 77 (train size (87, 2)) ---
2025-06-03 20:57:43,826 - INFO -  Inferred reference point at iter 77: [0.08033976579251195, -0.09999999999998607]
2025-06-03 20:57:43,829 - INFO -  Scoring full pool: 9913 candidates
2025-06-03 20:57:51,128 - INFO -  GP predict time: 7.299s
2025-06-03 20:57:51,128 - INFO -   EHVI: 9913 candidates with 500 MC samples
2025-06-03 20:59:38,103 - INFO -  EHVI time: 106.975s
f1 shape: (1,)
f2 shape: (1,)
2025-06-03 20:59:38,104 - INFO -  Selected idx=5252 (O=C(Nc1ncc(F)s1)C(c1ccc(Cl)cc1)C1CC1) → [0.13675214 1.        ]
2025-06-03 20:59:38,161 - INFO -  Hypervolume: 0.1503
2025-06-03 20:59:38,162 - INFO - 
--- Iter 78 (train size (88, 2)) ---
2025-06-03 20:59:38,162 - INFO -  Inferred reference point at iter 78: [0.08033976579251195, -0.09999999999998607]
2025-06-03 20:59:38,164 - INFO -  Scoring full pool: 9912 candidates
2025-06-03 20:59:45,221 - INFO -  GP predict time: 7.057s
2025-06-03 20:59:45,221 - INFO -   EHVI: 9912 candidates with 500 MC samples
2025-06-03 21:01:32,141 - INFO -  EHVI time: 106.920s
f1 shape: (1,)
f2 shape: (1,)
2025-06-03 21:01:32,142 - INFO -  Selected idx=1694 (O=C(NC(Cc1c[nH]cn1)C(=O)O)c1ccccc1) → [0.18018018 0.13533528]
2025-06-03 21:01:32,202 - INFO -  Hypervolume: 0.1503
2025-06-03 21:01:32,202 - INFO - 
--- Iter 79 (train size (89, 2)) ---
2025-06-03 21:01:32,202 - INFO -  Inferred reference point at iter 79: [0.08033976579251195, -0.09999999999998607]
2025-06-03 21:01:32,204 - INFO -  Scoring full pool: 9911 candidates
2025-06-03 21:01:39,455 - INFO -  GP predict time: 7.251s
2025-06-03 21:01:39,455 - INFO -   EHVI: 9911 candidates with 500 MC samples
2025-06-03 21:03:26,384 - INFO -  EHVI time: 106.929s
f1 shape: (1,)
f2 shape: (1,)
2025-06-03 21:03:26,386 - INFO -  Selected idx=5095 (CN(C)S(=O)(=O)N1CCCC(c2cccc(Cc3ccccc3F)n2)C1) → [0.15384615 1.        ]
2025-06-03 21:03:26,448 - INFO -  Hypervolume: 0.1503
2025-06-03 21:03:26,448 - INFO - 
--- Iter 80 (train size (90, 2)) ---
2025-06-03 21:03:26,448 - INFO -  Inferred reference point at iter 80: [0.08033976579251195, -0.09999999999998607]
2025-06-03 21:03:26,451 - INFO -  Scoring full pool: 9910 candidates
2025-06-03 21:03:33,956 - INFO -  GP predict time: 7.505s
2025-06-03 21:03:33,957 - INFO -   EHVI: 9910 candidates with 500 MC samples
2025-06-03 21:05:20,635 - INFO -  EHVI time: 106.679s
f1 shape: (1,)
f2 shape: (1,)
2025-06-03 21:05:20,637 - INFO -  Selected idx=6137 (CC1=C(c2ccccc2)CCN(C)C1Cc1ccccc1) → [0.15966387 1.        ]
2025-06-03 21:05:20,703 - INFO -  Hypervolume: 0.1503
2025-06-03 21:05:20,703 - INFO - 
--- Iter 81 (train size (91, 2)) ---
2025-06-03 21:05:20,703 - INFO -  Inferred reference point at iter 81: [0.08033976579251195, -0.09999999999998607]
2025-06-03 21:05:20,706 - INFO -  Scoring full pool: 9909 candidates
2025-06-03 21:05:28,603 - INFO -  GP predict time: 7.897s
2025-06-03 21:05:28,603 - INFO -   EHVI: 9909 candidates with 500 MC samples
2025-06-03 21:07:15,317 - INFO -  EHVI time: 106.714s
f1 shape: (1,)
f2 shape: (1,)
2025-06-03 21:07:15,319 - INFO -  Selected idx=9525 (CN1CN(c2ccccc2)C2(CCN(C(c3ccccc3)c3ccccc3)CC2)C1=O) → [0.10526316 0.00033546]
2025-06-03 21:07:15,382 - INFO -  Hypervolume: 0.1503
2025-06-03 21:07:15,382 - INFO - 
--- Iter 82 (train size (92, 2)) ---
2025-06-03 21:07:15,382 - INFO -  Inferred reference point at iter 82: [0.08033976579251195, -0.09999999999998607]
2025-06-03 21:07:15,385 - INFO -  Scoring full pool: 9908 candidates
2025-06-03 21:07:23,022 - INFO -  GP predict time: 7.637s
2025-06-03 21:07:23,022 - INFO -   EHVI: 9908 candidates with 500 MC samples
2025-06-03 21:09:09,578 - INFO -  EHVI time: 106.557s
f1 shape: (1,)
f2 shape: (1,)
2025-06-03 21:09:09,580 - INFO -  Selected idx=2992 (Cn1cccc1C(=O)CC1CC(O)CN1C(=O)Cc1ccccc1) → [0.17886179 1.        ]
2025-06-03 21:09:09,648 - INFO -  Hypervolume: 0.1503
2025-06-03 21:09:09,648 - INFO - 
--- Iter 83 (train size (93, 2)) ---
2025-06-03 21:09:09,648 - INFO -  Inferred reference point at iter 83: [0.08033976579251195, -0.09999999999998607]
2025-06-03 21:09:09,651 - INFO -  Scoring full pool: 9907 candidates
2025-06-03 21:09:17,450 - INFO -  GP predict time: 7.799s
2025-06-03 21:09:17,450 - INFO -   EHVI: 9907 candidates with 500 MC samples
2025-06-03 21:11:04,480 - INFO -  EHVI time: 107.030s
f1 shape: (1,)
f2 shape: (1,)
2025-06-03 21:11:04,482 - INFO -  Selected idx=2116 (NC(=O)C1CCCN1Cc1cccc(NC(=O)c2cccs2)c1) → [0.16260163 1.        ]
2025-06-03 21:11:04,547 - INFO -  Hypervolume: 0.1503
2025-06-03 21:11:04,547 - INFO - 
--- Iter 84 (train size (94, 2)) ---
2025-06-03 21:11:04,547 - INFO -  Inferred reference point at iter 84: [0.08033976579251195, -0.09999999999998607]
2025-06-03 21:11:04,550 - INFO -  Scoring full pool: 9906 candidates
2025-06-03 21:11:12,349 - INFO -  GP predict time: 7.799s
2025-06-03 21:11:12,349 - INFO -   EHVI: 9906 candidates with 500 MC samples
2025-06-03 21:12:58,792 - INFO -  EHVI time: 106.442s
f1 shape: (1,)
f2 shape: (1,)
2025-06-03 21:12:58,794 - INFO -  Selected idx=2273 (CC(C)NC(=O)CSc1ccccc1C(=O)N1CCN(S(=O)(=O)C=Cc2ccccc2)CC1) → [0.14864865 1.        ]
2025-06-03 21:12:58,864 - INFO -  Hypervolume: 0.1503
2025-06-03 21:12:58,864 - INFO - 
--- Iter 85 (train size (95, 2)) ---
2025-06-03 21:12:58,864 - INFO -  Inferred reference point at iter 85: [0.08033976579251195, -0.09999999999998607]
2025-06-03 21:12:58,866 - INFO -  Scoring full pool: 9905 candidates
2025-06-03 21:13:06,543 - INFO -  GP predict time: 7.676s
2025-06-03 21:13:06,543 - INFO -   EHVI: 9905 candidates with 500 MC samples
2025-06-03 21:14:53,922 - INFO -  EHVI time: 107.379s
f1 shape: (1,)
f2 shape: (1,)
2025-06-03 21:14:53,924 - INFO -  Selected idx=7280 (CC1(c2ccccc2)CCCN(C(=O)NCCc2ccc3nc[nH]c3c2)C1) → [0.15555556 0.13533528]
2025-06-03 21:14:53,993 - INFO -  Hypervolume: 0.1503
2025-06-03 21:14:53,993 - INFO - 
--- Iter 86 (train size (96, 2)) ---
2025-06-03 21:14:53,994 - INFO -  Inferred reference point at iter 86: [0.08033976579251195, -0.09999999999998607]
2025-06-03 21:14:53,996 - INFO -  Scoring full pool: 9904 candidates
2025-06-03 21:15:01,983 - INFO -  GP predict time: 7.986s
2025-06-03 21:15:01,983 - INFO -   EHVI: 9904 candidates with 500 MC samples
2025-06-03 21:16:48,426 - INFO -  EHVI time: 106.443s
f1 shape: (1,)
f2 shape: (1,)
2025-06-03 21:16:48,427 - INFO -  Selected idx=2920 (Cc1ccc(NC(=S)N2CCCC2)cc1) → [0.10091743 0.13533528]
2025-06-03 21:16:48,497 - INFO -  Hypervolume: 0.1503
2025-06-03 21:16:48,497 - INFO - 
--- Iter 87 (train size (97, 2)) ---
2025-06-03 21:16:48,497 - INFO -  Inferred reference point at iter 87: [0.08033976579251195, -0.09999999999998607]
2025-06-03 21:16:48,500 - INFO -  Scoring full pool: 9903 candidates
2025-06-03 21:16:56,517 - INFO -  GP predict time: 8.017s
2025-06-03 21:16:56,517 - INFO -   EHVI: 9903 candidates with 500 MC samples
2025-06-03 21:18:43,612 - INFO -  EHVI time: 107.095s
f1 shape: (1,)
f2 shape: (1,)
2025-06-03 21:18:43,614 - INFO -  Selected idx=4987 (Cc1ccc(C(=O)C(=Cc2ccccc2)n2cncn2)c(C)c1) → [0.17213115 1.        ]
2025-06-03 21:18:43,688 - INFO -  Hypervolume: 0.1503
2025-06-03 21:18:43,688 - INFO - 
--- Iter 88 (train size (98, 2)) ---
2025-06-03 21:18:43,688 - INFO -  Inferred reference point at iter 88: [0.08033976579251195, -0.09999999999998607]
2025-06-03 21:18:43,691 - INFO -  Scoring full pool: 9902 candidates
2025-06-03 21:18:52,116 - INFO -  GP predict time: 8.425s
2025-06-03 21:18:52,116 - INFO -   EHVI: 9902 candidates with 500 MC samples
2025-06-03 21:20:38,596 - INFO -  EHVI time: 106.479s
f1 shape: (1,)
f2 shape: (1,)
2025-06-03 21:20:38,598 - INFO -  Selected idx=1432 (O=C(CSc1nccn1Cc1ccccc1)NC1CCCC1) → [0.14516129 1.        ]
2025-06-03 21:20:38,672 - INFO -  Hypervolume: 0.1503
2025-06-03 21:20:38,673 - INFO - 
--- Iter 89 (train size (99, 2)) ---
2025-06-03 21:20:38,673 - INFO -  Inferred reference point at iter 89: [0.08033976579251195, -0.09999999999998607]
2025-06-03 21:20:38,675 - INFO -  Scoring full pool: 9901 candidates
2025-06-03 21:20:46,977 - INFO -  GP predict time: 8.301s
2025-06-03 21:20:46,977 - INFO -   EHVI: 9901 candidates with 500 MC samples
2025-06-03 21:22:33,968 - INFO -  EHVI time: 106.991s
f1 shape: (1,)
f2 shape: (1,)
2025-06-03 21:22:33,970 - INFO -  Selected idx=5780 (Cn1c(=NC(=O)CS(=O)(=O)c2ccccc2)sc2cc([N+](=O)[O-])ccc21) → [0.1640625 1.       ]
2025-06-03 21:22:34,046 - INFO -  Hypervolume: 0.1503
2025-06-03 21:22:34,046 - INFO - 
--- Iter 90 (train size (100, 2)) ---
2025-06-03 21:22:34,046 - INFO -  Inferred reference point at iter 90: [0.08033976579251195, -0.09999999999998607]
2025-06-03 21:22:34,049 - INFO -  Scoring full pool: 9900 candidates
2025-06-03 21:22:42,371 - INFO -  GP predict time: 8.322s
2025-06-03 21:22:42,371 - INFO -   EHVI: 9900 candidates with 500 MC samples
2025-06-03 21:24:29,507 - INFO -  EHVI time: 107.136s
f1 shape: (1,)
f2 shape: (1,)
2025-06-03 21:24:29,508 - INFO -  Selected idx=9072 (Cc1ccc(N(Cc2cccs2)C(=O)c2ccccc2Cl)cc1) → [0.21186441 1.        ]
2025-06-03 21:24:29,582 - INFO -  Hypervolume: 0.1503
2025-06-03 21:24:29,583 - INFO - 
--- Iter 91 (train size (101, 2)) ---
2025-06-03 21:24:29,583 - INFO -  Inferred reference point at iter 91: [0.08033976579251195, -0.09999999999998607]
2025-06-03 21:24:29,585 - INFO -  Scoring full pool: 9899 candidates
2025-06-03 21:24:38,133 - INFO -  GP predict time: 8.548s
2025-06-03 21:24:38,134 - INFO -   EHVI: 9899 candidates with 500 MC samples
2025-06-03 21:26:24,929 - INFO -  EHVI time: 106.795s
f1 shape: (1,)
f2 shape: (1,)
2025-06-03 21:26:24,930 - INFO -  Selected idx=473 (O=C(Cc1cccs1)N1CCN=C1SCc1cccc(F)c1) → [0.13709677 1.        ]
2025-06-03 21:26:25,010 - INFO -  Hypervolume: 0.1503
2025-06-03 21:26:25,010 - INFO - 
--- Iter 92 (train size (102, 2)) ---
2025-06-03 21:26:25,010 - INFO -  Inferred reference point at iter 92: [0.08033976579251195, -0.09999999999998607]
2025-06-03 21:26:25,013 - INFO -  Scoring full pool: 9898 candidates
2025-06-03 21:26:33,753 - INFO -  GP predict time: 8.740s
2025-06-03 21:26:33,753 - INFO -   EHVI: 9898 candidates with 500 MC samples
2025-06-03 21:28:20,636 - INFO -  EHVI time: 106.882s
f1 shape: (1,)
f2 shape: (1,)
2025-06-03 21:28:20,637 - INFO -  Selected idx=4084 (O=C(NCC1CCCO1)c1ccc2ccccc2n1) → [0.15652174 1.        ]
2025-06-03 21:28:20,721 - INFO -  Hypervolume: 0.1503
2025-06-03 21:28:20,721 - INFO - 
--- Iter 93 (train size (103, 2)) ---
2025-06-03 21:28:20,721 - INFO -  Inferred reference point at iter 93: [0.08033976579251195, -0.09999999999998607]
2025-06-03 21:28:20,724 - INFO -  Scoring full pool: 9897 candidates
2025-06-03 21:28:29,528 - INFO -  GP predict time: 8.804s
2025-06-03 21:28:29,528 - INFO -   EHVI: 9897 candidates with 500 MC samples
2025-06-03 21:30:16,545 - INFO -  EHVI time: 107.017s
f1 shape: (1,)
f2 shape: (1,)
2025-06-03 21:30:16,547 - INFO -  Selected idx=7130 (O=C(CN1N=C(c2ccccc2)CCC1=O)NCc1cccs1) → [0.16129032 1.        ]
2025-06-03 21:30:16,629 - INFO -  Hypervolume: 0.1503
2025-06-03 21:30:16,629 - INFO - 
--- Iter 94 (train size (104, 2)) ---
2025-06-03 21:30:16,629 - INFO -  Inferred reference point at iter 94: [0.08033976579251195, -0.09999999999998607]
2025-06-03 21:30:16,632 - INFO -  Scoring full pool: 9896 candidates
2025-06-03 21:30:25,442 - INFO -  GP predict time: 8.810s
2025-06-03 21:30:25,442 - INFO -   EHVI: 9896 candidates with 500 MC samples
2025-06-03 21:32:12,550 - INFO -  EHVI time: 107.107s
f1 shape: (1,)
f2 shape: (1,)
2025-06-03 21:32:12,551 - INFO -  Selected idx=7852 (O=C(NC1CC2CCC1C2)Oc1cccc(-c2ccccc2)c1) → [0.14173228 0.13533528]
2025-06-03 21:32:12,631 - INFO -  Hypervolume: 0.1503
2025-06-03 21:32:12,632 - INFO - 
--- Iter 95 (train size (105, 2)) ---
2025-06-03 21:32:12,632 - INFO -  Inferred reference point at iter 95: [0.08033976579251195, -0.09999999999998607]
2025-06-03 21:32:12,634 - INFO -  Scoring full pool: 9895 candidates
2025-06-03 21:32:21,601 - INFO -  GP predict time: 8.966s
2025-06-03 21:32:21,601 - INFO -   EHVI: 9895 candidates with 500 MC samples
2025-06-03 21:34:08,477 - INFO -  EHVI time: 106.876s
f1 shape: (1,)
f2 shape: (1,)
2025-06-03 21:34:08,479 - INFO -  Selected idx=2367 (Cc1cnccc1CNC(=O)C1CCC(=O)N(Cc2ccc(Cl)cc2)C1) → [0.17054264 1.        ]
2025-06-03 21:34:08,565 - INFO -  Hypervolume: 0.1503
2025-06-03 21:34:08,565 - INFO - 
--- Iter 96 (train size (106, 2)) ---
2025-06-03 21:34:08,565 - INFO -  Inferred reference point at iter 96: [0.08033976579251195, -0.09999999999998607]
2025-06-03 21:34:08,568 - INFO -  Scoring full pool: 9894 candidates
2025-06-03 21:34:18,048 - INFO -  GP predict time: 9.480s
2025-06-03 21:34:18,048 - INFO -   EHVI: 9894 candidates with 500 MC samples
2025-06-03 21:36:04,874 - INFO -  EHVI time: 106.825s
f1 shape: (1,)
f2 shape: (1,)
2025-06-03 21:36:04,875 - INFO -  Selected idx=5934 (O=C(CSc1ccccc1Nc1ccccc1)C(F)(F)F) → [0.14285714 0.13533528]
2025-06-03 21:36:04,963 - INFO -  Hypervolume: 0.1503
2025-06-03 21:36:04,963 - INFO - 
--- Iter 97 (train size (107, 2)) ---
2025-06-03 21:36:04,963 - INFO -  Inferred reference point at iter 97: [0.08033976579251195, -0.09999999999998607]
2025-06-03 21:36:04,966 - INFO -  Scoring full pool: 9893 candidates
2025-06-03 21:36:14,561 - INFO -  GP predict time: 9.595s
2025-06-03 21:36:14,561 - INFO -   EHVI: 9893 candidates with 500 MC samples
2025-06-03 21:38:01,284 - INFO -  EHVI time: 106.723s
f1 shape: (1,)
f2 shape: (1,)
2025-06-03 21:38:01,285 - INFO -  Selected idx=8571 (CC(C)NS(=O)(=O)c1ccc(NC2CCN(CC(O)=Nc3ccccc3)CC2)c([N+](=O)O)c1) → [0.14189189 1.        ]
2025-06-03 21:38:01,375 - INFO -  Hypervolume: 0.1503
2025-06-03 21:38:01,375 - INFO - 
--- Iter 98 (train size (108, 2)) ---
2025-06-03 21:38:01,376 - INFO -  Inferred reference point at iter 98: [0.08033976579251195, -0.09999999999998607]
2025-06-03 21:38:01,379 - INFO -  Scoring full pool: 9892 candidates
2025-06-03 21:38:10,707 - INFO -  GP predict time: 9.329s
2025-06-03 21:38:10,707 - INFO -   EHVI: 9892 candidates with 500 MC samples
2025-06-03 21:39:58,597 - INFO -  EHVI time: 107.889s
f1 shape: (1,)
f2 shape: (1,)
2025-06-03 21:39:58,598 - INFO -  Selected idx=7624 (CN(CC(=O)NCc1ccccc1F)S(=O)(=O)c1ccc(Cl)cc1) → [0.19166667 0.13533528]
2025-06-03 21:39:58,687 - INFO -  Hypervolume: 0.1503
2025-06-03 21:39:58,687 - INFO - 
--- Iter 99 (train size (109, 2)) ---
2025-06-03 21:39:58,687 - INFO -  Inferred reference point at iter 99: [0.08033976579251195, -0.09999999999998607]
2025-06-03 21:39:58,690 - INFO -  Scoring full pool: 9891 candidates
2025-06-03 21:40:08,132 - INFO -  GP predict time: 9.442s
2025-06-03 21:40:08,132 - INFO -   EHVI: 9891 candidates with 500 MC samples
2025-06-03 21:41:54,745 - INFO -  EHVI time: 106.613s
f1 shape: (1,)
f2 shape: (1,)
2025-06-03 21:41:54,747 - INFO -  Selected idx=5597 (O=C(Cn1[nH]c(=O)c2ccccc2c1=O)NCC1COc2ccccc2O1) → [0.18320611 0.13533528]
2025-06-03 21:41:54,837 - INFO -  Hypervolume: 0.1503
2025-06-03 21:41:54,838 - INFO - 
--- Iter 100 (train size (110, 2)) ---
2025-06-03 21:41:54,838 - INFO -  Inferred reference point at iter 100: [0.08033976579251195, -0.09999999999998607]
2025-06-03 21:41:54,841 - INFO -  Scoring full pool: 9890 candidates
2025-06-03 21:42:04,654 - INFO -  GP predict time: 9.814s
2025-06-03 21:42:04,655 - INFO -   EHVI: 9890 candidates with 500 MC samples
2025-06-03 21:43:51,631 - INFO -  EHVI time: 106.976s
f1 shape: (1,)
f2 shape: (1,)
2025-06-03 21:43:51,633 - INFO -  Selected idx=5076 (CCn1cc(C(=O)Nc2ccccc2)c(=O)c2ccc(C)nc21) → [0.21367521 1.        ]
2025-06-03 21:43:51,725 - INFO -  Hypervolume: 0.1503
2025-06-03 21:43:51,725 - INFO - 
--- Iter 101 (train size (111, 2)) ---
2025-06-03 21:43:51,725 - INFO -  Inferred reference point at iter 101: [0.08033976579251195, -0.09999999999998607]
2025-06-03 21:43:51,729 - INFO -  Scoring full pool: 9889 candidates
2025-06-03 21:44:01,348 - INFO -  GP predict time: 9.620s
2025-06-03 21:44:01,348 - INFO -   EHVI: 9889 candidates with 500 MC samples
2025-06-03 21:45:48,366 - INFO -  EHVI time: 107.017s
f1 shape: (1,)
f2 shape: (1,)
2025-06-03 21:45:48,368 - INFO -  Selected idx=5244 (O=[N+]([O-])c1ccccc1S(=O)(=O)N1CC(n2cnc3c(Cl)nc(Cl)nc32)OCc2ccccc21) → [0.13815789 0.00033546]
2025-06-03 21:45:48,464 - INFO -  Hypervolume: 0.1503
2025-06-03 21:45:48,464 - INFO - 
--- Iter 102 (train size (112, 2)) ---
2025-06-03 21:45:48,464 - INFO -  Inferred reference point at iter 102: [0.08033976579251195, -0.09999999999998607]
2025-06-03 21:45:48,467 - INFO -  Scoring full pool: 9888 candidates
2025-06-03 21:45:58,476 - INFO -  GP predict time: 10.009s
2025-06-03 21:45:58,476 - INFO -   EHVI: 9888 candidates with 500 MC samples
2025-06-03 21:47:45,127 - INFO -  EHVI time: 106.651s
f1 shape: (1,)
f2 shape: (1,)
2025-06-03 21:47:45,128 - INFO -  Selected idx=9158 (CC(NC(=O)C1(Cc2ccccc2)CCN1C(=O)OCc1ccccc1)C(N)=O) → [0.18656716 1.        ]
2025-06-03 21:47:45,223 - INFO -  Hypervolume: 0.1503
2025-06-03 21:47:45,224 - INFO - 
--- Iter 103 (train size (113, 2)) ---
2025-06-03 21:47:45,224 - INFO -  Inferred reference point at iter 103: [0.08033976579251195, -0.09999999999998607]
2025-06-03 21:47:45,227 - INFO -  Scoring full pool: 9887 candidates
2025-06-03 21:47:55,314 - INFO -  GP predict time: 10.087s
2025-06-03 21:47:55,314 - INFO -   EHVI: 9887 candidates with 500 MC samples
2025-06-03 21:49:41,799 - INFO -  EHVI time: 106.485s
f1 shape: (1,)
f2 shape: (1,)
2025-06-03 21:49:41,801 - INFO -  Selected idx=2674 (O=C(O)Cc1csc(NC(=O)C(CC2CCCC2)c2ccc(Cl)c(Cl)c2)n1) → [0.17692308 1.        ]
2025-06-03 21:49:41,897 - INFO -  Hypervolume: 0.1503
2025-06-03 21:49:41,897 - INFO - 
--- Iter 104 (train size (114, 2)) ---
2025-06-03 21:49:41,898 - INFO -  Inferred reference point at iter 104: [0.08033976579251195, -0.09999999999998607]
2025-06-03 21:49:41,901 - INFO -  Scoring full pool: 9886 candidates
2025-06-03 21:49:51,824 - INFO -  GP predict time: 9.923s
2025-06-03 21:49:51,824 - INFO -   EHVI: 9886 candidates with 500 MC samples
2025-06-03 21:51:38,657 - INFO -  EHVI time: 106.833s
f1 shape: (1,)
f2 shape: (1,)
2025-06-03 21:51:38,659 - INFO -  Selected idx=6551 (CC(C)Sc1nc(O)c2cnn(-c3ccccc3)c2n1) → [0.14529915 1.        ]
2025-06-03 21:51:38,757 - INFO -  Hypervolume: 0.1503
2025-06-03 21:51:38,758 - INFO - 
--- Iter 105 (train size (115, 2)) ---
2025-06-03 21:51:38,758 - INFO -  Inferred reference point at iter 105: [0.08033976579251195, -0.09999999999998607]
2025-06-03 21:51:38,761 - INFO -  Scoring full pool: 9885 candidates
2025-06-03 21:51:48,715 - INFO -  GP predict time: 9.954s
2025-06-03 21:51:48,715 - INFO -   EHVI: 9885 candidates with 500 MC samples
2025-06-03 21:53:34,958 - INFO -  EHVI time: 106.242s
f1 shape: (1,)
f2 shape: (1,)
2025-06-03 21:53:34,960 - INFO -  Selected idx=7320 (CC(C)CC1NCCOc2ccccc2C=CCNC(=O)C(Cc2cccnc2)NC(=O)C2(CCCC2)NC1=O) → [0.14285714 0.13533528]
2025-06-03 21:53:35,060 - INFO -  Hypervolume: 0.1503
2025-06-03 21:53:35,060 - INFO - 
--- Iter 106 (train size (116, 2)) ---
2025-06-03 21:53:35,060 - INFO -  Inferred reference point at iter 106: [0.08033976579251195, -0.09999999999998607]
2025-06-03 21:53:35,063 - INFO -  Scoring full pool: 9884 candidates
2025-06-03 21:53:45,448 - INFO -  GP predict time: 10.385s
2025-06-03 21:53:45,448 - INFO -   EHVI: 9884 candidates with 500 MC samples
2025-06-03 21:55:31,920 - INFO -  EHVI time: 106.472s
f1 shape: (1,)
f2 shape: (1,)
2025-06-03 21:55:31,922 - INFO -  Selected idx=4985 (O=C(O)C1CCC(CNc2nc(-c3ccccc3)cc(-c3ccccc3F)n2)CC1) → [0.14685315 0.13533528]
2025-06-03 21:55:32,023 - INFO -  Hypervolume: 0.1503
2025-06-03 21:55:32,023 - INFO - 
--- Iter 107 (train size (117, 2)) ---
2025-06-03 21:55:32,023 - INFO -  Inferred reference point at iter 107: [0.08033976579251195, -0.09999999999998607]
2025-06-03 21:55:32,026 - INFO -  Scoring full pool: 9883 candidates
2025-06-03 21:55:42,137 - INFO -  GP predict time: 10.111s
2025-06-03 21:55:42,137 - INFO -   EHVI: 9883 candidates with 500 MC samples
2025-06-03 21:57:29,570 - INFO -  EHVI time: 107.433s
f1 shape: (1,)
f2 shape: (1,)
2025-06-03 21:57:29,572 - INFO -  Selected idx=2502 (CC(CCc1ccccc1)NC(=O)CCN1N=C(c2ccccc2)CCC1=O) → [0.17037037 1.        ]
2025-06-03 21:57:29,676 - INFO -  Hypervolume: 0.1503
2025-06-03 21:57:29,676 - INFO - 
--- Iter 108 (train size (118, 2)) ---
2025-06-03 21:57:29,676 - INFO -  Inferred reference point at iter 108: [0.08033976579251195, -0.09999999999998607]
2025-06-03 21:57:29,679 - INFO -  Scoring full pool: 9882 candidates
2025-06-03 21:57:40,387 - INFO -  GP predict time: 10.708s
2025-06-03 21:57:40,387 - INFO -   EHVI: 9882 candidates with 500 MC samples
2025-06-03 21:59:27,285 - INFO -  EHVI time: 106.898s
f1 shape: (1,)
f2 shape: (1,)
2025-06-03 21:59:27,287 - INFO -  Selected idx=3173 (CC(=O)C(=NNc1ccccc1)Nc1cccc(Cl)c1) → [0.1754386  0.13533528]
2025-06-03 21:59:27,390 - INFO -  Hypervolume: 0.1503
2025-06-03 21:59:27,390 - INFO - 
--- Iter 109 (train size (119, 2)) ---
2025-06-03 21:59:27,390 - INFO -  Inferred reference point at iter 109: [0.08033976579251195, -0.09999999999998607]
2025-06-03 21:59:27,394 - INFO -  Scoring full pool: 9881 candidates
2025-06-03 21:59:38,030 - INFO -  GP predict time: 10.637s
2025-06-03 21:59:38,030 - INFO -   EHVI: 9881 candidates with 500 MC samples
2025-06-03 22:01:24,922 - INFO -  EHVI time: 106.892s
f1 shape: (1,)
f2 shape: (1,)
2025-06-03 22:01:24,924 - INFO -  Selected idx=6862 (COCCNC(=O)CCSCc1ccccc1F) → [0.21904762 0.00033546]
2025-06-03 22:01:25,029 - INFO -  Hypervolume: 0.1503
2025-06-03 22:01:25,029 - INFO - 
--- Iter 110 (train size (120, 2)) ---
2025-06-03 22:01:25,029 - INFO -  Inferred reference point at iter 110: [0.08033976579251195, -0.09999999999998607]
2025-06-03 22:01:25,032 - INFO -  Scoring full pool: 9880 candidates
2025-06-03 22:01:35,424 - INFO -  GP predict time: 10.392s
2025-06-03 22:01:35,424 - INFO -   EHVI: 9880 candidates with 500 MC samples
2025-06-03 22:03:22,789 - INFO -  EHVI time: 107.364s
f1 shape: (1,)
f2 shape: (1,)
2025-06-03 22:03:22,790 - INFO -  Selected idx=3230 (Cc1ccc(NC(=O)COC(=O)C2CSC3(C)CCC(=O)N23)c(C)c1) → [0.18699187 1.        ]
2025-06-03 22:03:22,896 - INFO -  Hypervolume: 0.1503
2025-06-03 22:03:22,896 - INFO - 
--- Iter 111 (train size (121, 2)) ---
2025-06-03 22:03:22,897 - INFO -  Inferred reference point at iter 111: [0.08033976579251195, -0.09999999999998607]
2025-06-03 22:03:22,900 - INFO -  Scoring full pool: 9879 candidates
2025-06-03 22:03:33,255 - INFO -  GP predict time: 10.355s
2025-06-03 22:03:33,255 - INFO -   EHVI: 9879 candidates with 500 MC samples
2025-06-03 22:05:20,462 - INFO -  EHVI time: 107.207s
f1 shape: (1,)
f2 shape: (1,)
2025-06-03 22:05:20,464 - INFO -  Selected idx=2215 (CC(C)c1c(C(=O)NCc2cncc(F)c2)c2ccc(NC3CCCC3)cc2n1Cc1ccccc1) → [0.15286624 0.00033546]
2025-06-03 22:05:20,568 - INFO -  Hypervolume: 0.1503
2025-06-03 22:05:20,568 - INFO - 
--- Iter 112 (train size (122, 2)) ---
2025-06-03 22:05:20,568 - INFO -  Inferred reference point at iter 112: [0.08033976579251195, -0.09999999999998607]
2025-06-03 22:05:20,571 - INFO -  Scoring full pool: 9878 candidates
2025-06-03 22:05:30,979 - INFO -  GP predict time: 10.408s
2025-06-03 22:05:30,979 - INFO -   EHVI: 9878 candidates with 500 MC samples
2025-06-03 22:07:17,821 - INFO -  EHVI time: 106.842s
f1 shape: (1,)
f2 shape: (1,)
2025-06-03 22:07:17,823 - INFO -  Selected idx=2532 (Cc1nn(-c2ccccc2)c(C)c1CC(=O)NC1CC(=O)N(C)C1) → [0.21008403 1.        ]
2025-06-03 22:07:17,933 - INFO -  Hypervolume: 0.1503
2025-06-03 22:07:17,934 - INFO - 
--- Iter 113 (train size (123, 2)) ---
2025-06-03 22:07:17,934 - INFO -  Inferred reference point at iter 113: [0.08033976579251195, -0.09999999999998607]
2025-06-03 22:07:17,937 - INFO -  Scoring full pool: 9877 candidates
2025-06-03 22:07:28,859 - INFO -  GP predict time: 10.922s
2025-06-03 22:07:28,859 - INFO -   EHVI: 9877 candidates with 500 MC samples
2025-06-03 22:09:15,202 - INFO -  EHVI time: 106.343s
f1 shape: (1,)
f2 shape: (1,)
2025-06-03 22:09:15,204 - INFO -  Selected idx=5517 (Cn1c(=O)c(=O)n(C)c2cc(S(=O)(=O)NCc3ccc(Cl)cc3)ccc21) → [0.14728682 1.        ]
2025-06-03 22:09:15,316 - INFO -  Hypervolume: 0.1503
2025-06-03 22:09:15,316 - INFO - 
--- Iter 114 (train size (124, 2)) ---
2025-06-03 22:09:15,316 - INFO -  Inferred reference point at iter 114: [0.08033976579251195, -0.09999999999998607]
2025-06-03 22:09:15,320 - INFO -  Scoring full pool: 9876 candidates
2025-06-03 22:09:26,447 - INFO -  GP predict time: 11.128s
2025-06-03 22:09:26,448 - INFO -   EHVI: 9876 candidates with 500 MC samples
2025-06-03 22:11:12,774 - INFO -  EHVI time: 106.326s
f1 shape: (1,)
f2 shape: (1,)
2025-06-03 22:11:12,776 - INFO -  Selected idx=7272 (Cc1csc(=O)n1CC(=O)OCC(=O)Nc1ccc(C(N)=O)cc1) → [0.19166667 0.13533528]
2025-06-03 22:11:12,888 - INFO -  Hypervolume: 0.1503
2025-06-03 22:11:12,888 - INFO - 
--- Iter 115 (train size (125, 2)) ---
2025-06-03 22:11:12,888 - INFO -  Inferred reference point at iter 115: [0.08033976579251195, -0.09999999999998607]
2025-06-03 22:11:12,892 - INFO -  Scoring full pool: 9875 candidates
2025-06-03 22:11:24,057 - INFO -  GP predict time: 11.165s
2025-06-03 22:11:24,057 - INFO -   EHVI: 9875 candidates with 500 MC samples
2025-06-03 22:13:10,827 - INFO -  EHVI time: 106.770s
f1 shape: (1,)
f2 shape: (1,)
2025-06-03 22:13:10,829 - INFO -  Selected idx=2596 (Cc1ccc(S(=O)(=O)n2cc(NC(=O)c3nccs3)cn2)cc1) → [0.12698413 1.        ]
2025-06-03 22:13:10,942 - INFO -  Hypervolume: 0.1503
2025-06-03 22:13:10,942 - INFO - 
--- Iter 116 (train size (126, 2)) ---
2025-06-03 22:13:10,942 - INFO -  Inferred reference point at iter 116: [0.08033976579251195, -0.09999999999998607]
2025-06-03 22:13:10,946 - INFO -  Scoring full pool: 9874 candidates
2025-06-03 22:13:22,172 - INFO -  GP predict time: 11.227s
2025-06-03 22:13:22,172 - INFO -   EHVI: 9874 candidates with 500 MC samples
2025-06-03 22:15:08,890 - INFO -  EHVI time: 106.717s
f1 shape: (1,)
f2 shape: (1,)
2025-06-03 22:15:08,891 - INFO -  Selected idx=8354 (CC1CCN(S(=O)(=O)c2ccc(F)c(C(=O)O)c2)CC1) → [0.11965812 0.13533528]
2025-06-03 22:15:09,009 - INFO -  Hypervolume: 0.1503
2025-06-03 22:15:09,009 - INFO - 
--- Iter 117 (train size (127, 2)) ---
2025-06-03 22:15:09,009 - INFO -  Inferred reference point at iter 117: [0.08033976579251195, -0.09999999999998607]
2025-06-03 22:15:09,012 - INFO -  Scoring full pool: 9873 candidates
2025-06-03 22:15:20,493 - INFO -  GP predict time: 11.480s
2025-06-03 22:15:20,493 - INFO -   EHVI: 9873 candidates with 500 MC samples
2025-06-03 22:17:06,760 - INFO -  EHVI time: 106.267s
f1 shape: (1,)
f2 shape: (1,)
2025-06-03 22:17:06,762 - INFO -  Selected idx=7101 (CC(C)(OCC1OC(n2cnc3c(N)ncnc32)C(O)C1O)c1ccccc1) → [0.14705882 0.13533528]
2025-06-03 22:17:06,880 - INFO -  Hypervolume: 0.1503
2025-06-03 22:17:06,880 - INFO - 
--- Iter 118 (train size (128, 2)) ---
2025-06-03 22:17:06,880 - INFO -  Inferred reference point at iter 118: [0.08033976579251195, -0.09999999999998607]
2025-06-03 22:17:06,884 - INFO -  Scoring full pool: 9872 candidates
2025-06-03 22:17:17,861 - INFO -  GP predict time: 10.977s
2025-06-03 22:17:17,861 - INFO -   EHVI: 9872 candidates with 500 MC samples
2025-06-03 22:19:04,665 - INFO -  EHVI time: 106.804s
f1 shape: (1,)
f2 shape: (1,)
2025-06-03 22:19:04,666 - INFO -  Selected idx=5137 (CC1CCCN1CCc1ccc2ccccc2c1) → [0.15044248 1.        ]
2025-06-03 22:19:04,786 - INFO -  Hypervolume: 0.1503
2025-06-03 22:19:04,786 - INFO - 
--- Iter 119 (train size (129, 2)) ---
2025-06-03 22:19:04,786 - INFO -  Inferred reference point at iter 119: [0.08033976579251195, -0.09999999999998607]
2025-06-03 22:19:04,789 - INFO -  Scoring full pool: 9871 candidates
2025-06-03 22:19:16,266 - INFO -  GP predict time: 11.477s
2025-06-03 22:19:16,267 - INFO -   EHVI: 9871 candidates with 500 MC samples
2025-06-03 22:21:02,452 - INFO -  EHVI time: 106.185s
f1 shape: (1,)
f2 shape: (1,)
2025-06-03 22:21:02,454 - INFO -  Selected idx=787 (CCc1nccn1-c1cncc(C2CCCN2Cc2ccc(F)cc2)n1) → [0.11678832 0.13533528]
2025-06-03 22:21:02,574 - INFO -  Hypervolume: 0.1503
2025-06-03 22:21:02,575 - INFO - 
--- Iter 120 (train size (130, 2)) ---
2025-06-03 22:21:02,575 - INFO -  Inferred reference point at iter 120: [0.08033976579251195, -0.09999999999998607]
2025-06-03 22:21:02,578 - INFO -  Scoring full pool: 9870 candidates
2025-06-03 22:21:14,158 - INFO -  GP predict time: 11.580s
2025-06-03 22:21:14,159 - INFO -   EHVI: 9870 candidates with 500 MC samples
2025-06-03 22:23:00,555 - INFO -  EHVI time: 106.396s
f1 shape: (1,)
f2 shape: (1,)
2025-06-03 22:23:00,557 - INFO -  Selected idx=3394 (O=C(CCN1C(=O)CSC1=O)Nc1ccccc1) → [0.17431193 0.13533528]
2025-06-03 22:23:00,680 - INFO -  Hypervolume: 0.1503
2025-06-03 22:23:00,680 - INFO - 
--- Iter 121 (train size (131, 2)) ---
2025-06-03 22:23:00,680 - INFO -  Inferred reference point at iter 121: [0.08033976579251195, -0.09999999999998607]
2025-06-03 22:23:00,683 - INFO -  Scoring full pool: 9869 candidates
2025-06-03 22:23:12,310 - INFO -  GP predict time: 11.627s
2025-06-03 22:23:12,310 - INFO -   EHVI: 9869 candidates with 500 MC samples
2025-06-03 22:24:59,166 - INFO -  EHVI time: 106.855s
f1 shape: (1,)
f2 shape: (1,)
2025-06-03 22:24:59,167 - INFO -  Selected idx=9233 (NC(=O)c1cc2ccccc2n1Cc1ccc(Cl)c(Cl)c1) → [0.21428571 1.        ]
2025-06-03 22:24:59,292 - INFO -  Hypervolume: 0.1503
2025-06-03 22:24:59,292 - INFO - 
--- Iter 122 (train size (132, 2)) ---
2025-06-03 22:24:59,292 - INFO -  Inferred reference point at iter 122: [0.08033976579251195, -0.09999999999998607]
2025-06-03 22:24:59,296 - INFO -  Scoring full pool: 9868 candidates
2025-06-03 22:25:11,341 - INFO -  GP predict time: 12.045s
2025-06-03 22:25:11,341 - INFO -   EHVI: 9868 candidates with 500 MC samples
2025-06-03 22:26:57,961 - INFO -  EHVI time: 106.619s
f1 shape: (1,)
f2 shape: (1,)
2025-06-03 22:26:57,962 - INFO -  Selected idx=7559 (CCOC(=O)c1cc(-c2csc(CS(=O)(=O)c3ccccc3)n2)c(=O)[nH]c1C) → [0.2704918 1.       ]
2025-06-03 22:26:58,088 - INFO -  Hypervolume: 0.2092
2025-06-03 22:26:58,088 - INFO - 
--- Iter 123 (train size (133, 2)) ---
2025-06-03 22:26:58,088 - INFO -  Inferred reference point at iter 123: [0.07527640106747999, -0.09999999999998607]
2025-06-03 22:26:58,092 - INFO -  Scoring full pool: 9867 candidates
2025-06-03 22:27:09,604 - INFO -  GP predict time: 11.512s
2025-06-03 22:27:09,604 - INFO -   EHVI: 9867 candidates with 500 MC samples
2025-06-03 22:28:38,914 - INFO -  EHVI time: 89.310s
f1 shape: (1,)
f2 shape: (1,)
2025-06-03 22:28:38,916 - INFO -  Selected idx=5263 (CC(=O)c1cc(C)c(C)cc1NCC(=O)Nc1ccccc1C(=O)O) → [0.22881356 0.13533528]
2025-06-03 22:28:39,043 - INFO -  Hypervolume: 0.2147
2025-06-03 22:28:39,043 - INFO - 
--- Iter 124 (train size (134, 2)) ---
2025-06-03 22:28:39,043 - INFO -  Inferred reference point at iter 124: [0.07527640106747999, -0.09999999999998607]
2025-06-03 22:28:39,047 - INFO -  Scoring full pool: 9866 candidates
2025-06-03 22:28:50,550 - INFO -  GP predict time: 11.502s
2025-06-03 22:28:50,550 - INFO -   EHVI: 9866 candidates with 500 MC samples
2025-06-03 22:30:19,236 - INFO -  EHVI time: 88.686s
f1 shape: (1,)
f2 shape: (1,)
2025-06-03 22:30:19,238 - INFO -  Selected idx=1863 (CCc1cc(C(=O)NC(CCl)c2ccc(Cl)cc2)n(C)n1) → [0.17391304 0.13533528]
2025-06-03 22:30:19,365 - INFO -  Hypervolume: 0.2147
2025-06-03 22:30:19,365 - INFO - 
--- Iter 125 (train size (135, 2)) ---
2025-06-03 22:30:19,366 - INFO -  Inferred reference point at iter 125: [0.07527640106747999, -0.09999999999998607]
2025-06-03 22:30:19,370 - INFO -  Scoring full pool: 9865 candidates
2025-06-03 22:30:30,936 - INFO -  GP predict time: 11.566s
2025-06-03 22:30:30,936 - INFO -   EHVI: 9865 candidates with 500 MC samples
2025-06-03 22:31:59,789 - INFO -  EHVI time: 88.853s
f1 shape: (1,)
f2 shape: (1,)
2025-06-03 22:31:59,791 - INFO -  Selected idx=2672 (CCOC(=O)c1cnc2n(c1=O)C(C)CCC2=NNc1ccccc1) → [0.25423729 1.        ]
2025-06-03 22:31:59,921 - INFO -  Hypervolume: 0.2147
2025-06-03 22:31:59,921 - INFO - 
--- Iter 126 (train size (136, 2)) ---
2025-06-03 22:31:59,922 - INFO -  Inferred reference point at iter 126: [0.07527640106747999, -0.09999999999998607]
2025-06-03 22:31:59,926 - INFO -  Scoring full pool: 9864 candidates
2025-06-03 22:32:12,134 - INFO -  GP predict time: 12.207s
2025-06-03 22:32:12,134 - INFO -   EHVI: 9864 candidates with 500 MC samples
2025-06-03 22:33:40,719 - INFO -  EHVI time: 88.585s
f1 shape: (1,)
f2 shape: (1,)
2025-06-03 22:33:40,720 - INFO -  Selected idx=3050 (Cc1cccc2c1C(=O)N1CCSC21c1ccccc1) → [0.15384615 0.13533528]
2025-06-03 22:33:40,852 - INFO -  Hypervolume: 0.2147
2025-06-03 22:33:40,852 - INFO - 
--- Iter 127 (train size (137, 2)) ---
2025-06-03 22:33:40,852 - INFO -  Inferred reference point at iter 127: [0.07527640106747999, -0.09999999999998607]
2025-06-03 22:33:40,856 - INFO -  Scoring full pool: 9863 candidates
2025-06-03 22:33:52,675 - INFO -  GP predict time: 11.819s
2025-06-03 22:33:52,676 - INFO -   EHVI: 9863 candidates with 500 MC samples
2025-06-03 22:35:21,497 - INFO -  EHVI time: 88.821s
f1 shape: (1,)
f2 shape: (1,)
2025-06-03 22:35:21,499 - INFO -  Selected idx=5929 (O=C1c2ccccc2-c2cccc(C(=O)N3CCCCC3)c21) → [0.16528926 0.13533528]
2025-06-03 22:35:21,633 - INFO -  Hypervolume: 0.2147
2025-06-03 22:35:21,633 - INFO - 
--- Iter 128 (train size (138, 2)) ---
2025-06-03 22:35:21,633 - INFO -  Inferred reference point at iter 128: [0.07527640106747999, -0.09999999999998607]
2025-06-03 22:35:21,637 - INFO -  Scoring full pool: 9862 candidates
2025-06-03 22:35:33,590 - INFO -  GP predict time: 11.953s
2025-06-03 22:35:33,590 - INFO -   EHVI: 9862 candidates with 500 MC samples
2025-06-03 22:37:02,188 - INFO -  EHVI time: 88.597s
f1 shape: (1,)
f2 shape: (1,)
2025-06-03 22:37:02,189 - INFO -  Selected idx=4187 (CC(N)=C(C#N)C(=O)COC(=O)c1ccccc1Cc1ccccc1) → [0.21487603 0.13533528]
2025-06-03 22:37:02,324 - INFO -  Hypervolume: 0.2147
2025-06-03 22:37:02,324 - INFO - 
--- Iter 129 (train size (139, 2)) ---
2025-06-03 22:37:02,324 - INFO -  Inferred reference point at iter 129: [0.07527640106747999, -0.09999999999998607]
2025-06-03 22:37:02,328 - INFO -  Scoring full pool: 9861 candidates
2025-06-03 22:37:14,323 - INFO -  GP predict time: 11.995s
2025-06-03 22:37:14,323 - INFO -   EHVI: 9861 candidates with 500 MC samples
2025-06-03 22:38:43,331 - INFO -  EHVI time: 89.007s
f1 shape: (1,)
f2 shape: (1,)
2025-06-03 22:38:43,332 - INFO -  Selected idx=9031 (CCn1ncc(C=NNC(=O)Cc2ccc([N+](=O)[O-])cc2)c1C) → [0.16528926 0.13533528]
2025-06-03 22:38:43,470 - INFO -  Hypervolume: 0.2147
2025-06-03 22:38:43,470 - INFO - 
--- Iter 130 (train size (140, 2)) ---
2025-06-03 22:38:43,470 - INFO -  Inferred reference point at iter 130: [0.07527640106747999, -0.09999999999998607]
2025-06-03 22:38:43,474 - INFO -  Scoring full pool: 9860 candidates
2025-06-03 22:38:55,505 - INFO -  GP predict time: 12.030s
2025-06-03 22:38:55,505 - INFO -   EHVI: 9860 candidates with 500 MC samples
2025-06-03 22:40:24,106 - INFO -  EHVI time: 88.601s
f1 shape: (1,)
f2 shape: (1,)
2025-06-03 22:40:24,108 - INFO -  Selected idx=284 (Cc1ccccc1C1CC(c2cccs2)=NN1S(C)(=O)=O) → [0.19298246 1.        ]
2025-06-03 22:40:24,246 - INFO -  Hypervolume: 0.2147
2025-06-03 22:40:24,247 - INFO - 
--- Iter 131 (train size (141, 2)) ---
2025-06-03 22:40:24,247 - INFO -  Inferred reference point at iter 131: [0.07527640106747999, -0.09999999999998607]
2025-06-03 22:40:24,251 - INFO -  Scoring full pool: 9859 candidates
2025-06-03 22:40:36,834 - INFO -  GP predict time: 12.583s
2025-06-03 22:40:36,835 - INFO -   EHVI: 9859 candidates with 500 MC samples
2025-06-03 22:42:05,573 - INFO -  EHVI time: 88.738s
f1 shape: (1,)
f2 shape: (1,)
2025-06-03 22:42:05,575 - INFO -  Selected idx=825 (O=C(Cc1ccccc1)Nc1ccc(NC(=O)c2cccs2)cc1) → [0.16666667 1.        ]
2025-06-03 22:42:05,715 - INFO -  Hypervolume: 0.2147
2025-06-03 22:42:05,715 - INFO - 
--- Iter 132 (train size (142, 2)) ---
2025-06-03 22:42:05,715 - INFO -  Inferred reference point at iter 132: [0.07527640106747999, -0.09999999999998607]
2025-06-03 22:42:05,720 - INFO -  Scoring full pool: 9858 candidates
2025-06-03 22:42:17,933 - INFO -  GP predict time: 12.213s
2025-06-03 22:42:17,933 - INFO -   EHVI: 9858 candidates with 500 MC samples
2025-06-03 22:43:46,445 - INFO -  EHVI time: 88.512s
f1 shape: (1,)
f2 shape: (1,)
2025-06-03 22:43:46,446 - INFO -  Selected idx=9381 (O=C(CCC1CC(=O)Nc2ccccc21)NCc1cccnc1) → [0.22033898 1.        ]
2025-06-03 22:43:46,587 - INFO -  Hypervolume: 0.2147
2025-06-03 22:43:46,588 - INFO - 
--- Iter 133 (train size (143, 2)) ---
2025-06-03 22:43:46,588 - INFO -  Inferred reference point at iter 133: [0.07527640106747999, -0.09999999999998607]
2025-06-03 22:43:46,593 - INFO -  Scoring full pool: 9857 candidates
2025-06-03 22:43:58,860 - INFO -  GP predict time: 12.267s
2025-06-03 22:43:58,860 - INFO -   EHVI: 9857 candidates with 500 MC samples
2025-06-03 22:45:27,740 - INFO -  EHVI time: 88.880s
f1 shape: (1,)
f2 shape: (1,)
2025-06-03 22:45:27,742 - INFO -  Selected idx=5973 (CC1(C(=O)NCc2cccs2)CCN1C(=O)Cc1ccc(Cl)cc1Cl) → [0.18548387 1.        ]
2025-06-03 22:45:27,885 - INFO -  Hypervolume: 0.2147
2025-06-03 22:45:27,885 - INFO - 
--- Iter 134 (train size (144, 2)) ---
2025-06-03 22:45:27,885 - INFO -  Inferred reference point at iter 134: [0.07527640106747999, -0.09999999999998607]
2025-06-03 22:45:27,890 - INFO -  Scoring full pool: 9856 candidates
2025-06-03 22:45:41,016 - INFO -  GP predict time: 13.127s
2025-06-03 22:45:41,016 - INFO -   EHVI: 9856 candidates with 500 MC samples
2025-06-03 22:47:09,407 - INFO -  EHVI time: 88.390s
f1 shape: (1,)
f2 shape: (1,)
2025-06-03 22:47:09,408 - INFO -  Selected idx=9619 (CCOC(=O)CN1C(=O)C(=O)N(CCc2ccccc2)C1=O) → [0.25454545 0.13533528]
2025-06-03 22:47:09,554 - INFO -  Hypervolume: 0.2147
2025-06-03 22:47:09,554 - INFO - 
--- Iter 135 (train size (145, 2)) ---
2025-06-03 22:47:09,554 - INFO -  Inferred reference point at iter 135: [0.07527640106747999, -0.09999999999998607]
2025-06-03 22:47:09,559 - INFO -  Scoring full pool: 9855 candidates
2025-06-03 22:47:22,009 - INFO -  GP predict time: 12.450s
2025-06-03 22:47:22,009 - INFO -   EHVI: 9855 candidates with 500 MC samples
2025-06-03 22:48:50,835 - INFO -  EHVI time: 88.825s
f1 shape: (1,)
f2 shape: (1,)
2025-06-03 22:48:50,836 - INFO -  Selected idx=4414 (CCOC1CC(C)N(C(=O)c2ccccc2)O1) → [0.20192308 0.13533528]
2025-06-03 22:48:50,984 - INFO -  Hypervolume: 0.2147
2025-06-03 22:48:50,984 - INFO - 
--- Iter 136 (train size (146, 2)) ---
2025-06-03 22:48:50,984 - INFO -  Inferred reference point at iter 136: [0.07527640106747999, -0.09999999999998607]
2025-06-03 22:48:50,989 - INFO -  Scoring full pool: 9854 candidates
2025-06-03 22:49:04,091 - INFO -  GP predict time: 13.101s
2025-06-03 22:49:04,091 - INFO -   EHVI: 9854 candidates with 500 MC samples
2025-06-03 22:50:33,092 - INFO -  EHVI time: 89.000s
f1 shape: (1,)
f2 shape: (1,)
2025-06-03 22:50:33,093 - INFO -  Selected idx=5145 (Cn1ccc2c1-c1[nH]c(=O)c(S(=O)(=O)c3ccccc3)cc1CC2) → [0.16       0.13533528]
2025-06-03 22:50:33,243 - INFO -  Hypervolume: 0.2147
2025-06-03 22:50:33,243 - INFO - 
--- Iter 137 (train size (147, 2)) ---
2025-06-03 22:50:33,244 - INFO -  Inferred reference point at iter 137: [0.07527640106747999, -0.09999999999998607]
2025-06-03 22:50:33,249 - INFO -  Scoring full pool: 9853 candidates
2025-06-03 22:50:46,103 - INFO -  GP predict time: 12.854s
2025-06-03 22:50:46,103 - INFO -   EHVI: 9853 candidates with 500 MC samples
2025-06-03 22:52:14,846 - INFO -  EHVI time: 88.743s
f1 shape: (1,)
f2 shape: (1,)
2025-06-03 22:52:14,848 - INFO -  Selected idx=6990 (CC(=O)c1cc(CN2CCC(n3nccc3NC(=O)c3ccccc3C)CC2)cs1) → [0.18978102 0.13533528]
2025-06-03 22:52:14,998 - INFO -  Hypervolume: 0.2147
2025-06-03 22:52:14,998 - INFO - 
--- Iter 138 (train size (148, 2)) ---
2025-06-03 22:52:14,998 - INFO -  Inferred reference point at iter 138: [0.07527640106747999, -0.09999999999998607]
2025-06-03 22:52:15,003 - INFO -  Scoring full pool: 9852 candidates
2025-06-03 22:52:27,723 - INFO -  GP predict time: 12.720s
2025-06-03 22:52:27,723 - INFO -   EHVI: 9852 candidates with 500 MC samples
2025-06-03 22:53:56,775 - INFO -  EHVI time: 89.052s
f1 shape: (1,)
f2 shape: (1,)
2025-06-03 22:53:56,777 - INFO -  Selected idx=8901 (Cc1ccc(C(=N)NOC(=O)Cc2cccs2)cc1) → [0.15929204 0.13533528]
2025-06-03 22:53:56,928 - INFO -  Hypervolume: 0.2147
2025-06-03 22:53:56,929 - INFO - 
--- Iter 139 (train size (149, 2)) ---
2025-06-03 22:53:56,929 - INFO -  Inferred reference point at iter 139: [0.07527640106747999, -0.09999999999998607]
2025-06-03 22:53:56,934 - INFO -  Scoring full pool: 9851 candidates
2025-06-03 22:54:10,149 - INFO -  GP predict time: 13.215s
2025-06-03 22:54:10,149 - INFO -   EHVI: 9851 candidates with 500 MC samples
2025-06-03 22:55:38,520 - INFO -  EHVI time: 88.371s
f1 shape: (1,)
f2 shape: (1,)
2025-06-03 22:55:38,522 - INFO -  Selected idx=9298 (Cc1ccc(CNC(=O)c2oc3ccc(S(=O)(=O)N4CCCC(C)C4)cc3c2C)cc1) → [0.15492958 0.13533528]
2025-06-03 22:55:38,676 - INFO -  Hypervolume: 0.2147
2025-06-03 22:55:38,676 - INFO - 
--- Iter 140 (train size (150, 2)) ---
2025-06-03 22:55:38,676 - INFO -  Inferred reference point at iter 140: [0.07527640106747999, -0.09999999999998607]
2025-06-03 22:55:38,681 - INFO -  Scoring full pool: 9850 candidates
2025-06-03 22:55:51,965 - INFO -  GP predict time: 13.284s
2025-06-03 22:55:51,965 - INFO -   EHVI: 9850 candidates with 500 MC samples
2025-06-03 22:57:20,123 - INFO -  EHVI time: 88.157s
f1 shape: (1,)
f2 shape: (1,)
2025-06-03 22:57:20,124 - INFO -  Selected idx=7321 (O=C(O)c1cc(-c2cccnc2)nn1-c1ccccn1) → [0.13445378 1.        ]
2025-06-03 22:57:20,281 - INFO -  Hypervolume: 0.2147
2025-06-03 22:57:20,281 - INFO - 
--- Iter 141 (train size (151, 2)) ---
2025-06-03 22:57:20,281 - INFO -  Inferred reference point at iter 141: [0.07527640106747999, -0.09999999999998607]
2025-06-03 22:57:20,286 - INFO -  Scoring full pool: 9849 candidates
2025-06-03 22:57:33,653 - INFO -  GP predict time: 13.366s
2025-06-03 22:57:33,653 - INFO -   EHVI: 9849 candidates with 500 MC samples
2025-06-03 22:59:02,720 - INFO -  EHVI time: 89.067s
f1 shape: (1,)
f2 shape: (1,)
2025-06-03 22:59:02,722 - INFO -  Selected idx=7816 (c1ccc2c3c([nH]c2c1)CCN(CCCCc1ccncc1)C3) → [0.15873016 0.13533528]
2025-06-03 22:59:02,879 - INFO -  Hypervolume: 0.2147
2025-06-03 22:59:02,879 - INFO - 
--- Iter 142 (train size (152, 2)) ---
2025-06-03 22:59:02,879 - INFO -  Inferred reference point at iter 142: [0.07527640106747999, -0.09999999999998607]
2025-06-03 22:59:02,884 - INFO -  Scoring full pool: 9848 candidates
2025-06-03 22:59:15,945 - INFO -  GP predict time: 13.060s
2025-06-03 22:59:15,945 - INFO -   EHVI: 9848 candidates with 500 MC samples
2025-06-03 23:00:44,698 - INFO -  EHVI time: 88.753s
f1 shape: (1,)
f2 shape: (1,)
2025-06-03 23:00:44,699 - INFO -  Selected idx=7657 (CN1CC(=O)N(c2ccccc2)CC12CCN(Cc1nccs1)C2) → [0.1221374  0.13533528]
2025-06-03 23:00:44,855 - INFO -  Hypervolume: 0.2147
2025-06-03 23:00:44,855 - INFO - 
--- Iter 143 (train size (153, 2)) ---
2025-06-03 23:00:44,855 - INFO -  Inferred reference point at iter 143: [0.07527640106747999, -0.09999999999998607]
2025-06-03 23:00:44,860 - INFO -  Scoring full pool: 9847 candidates
2025-06-03 23:00:58,279 - INFO -  GP predict time: 13.419s
2025-06-03 23:00:58,279 - INFO -   EHVI: 9847 candidates with 500 MC samples
2025-06-03 23:02:26,951 - INFO -  EHVI time: 88.672s
f1 shape: (1,)
f2 shape: (1,)
2025-06-03 23:02:26,953 - INFO -  Selected idx=1864 (NC1CN(c2ccccc2)C(=O)CC1c1ccccc1Cl) → [0.21238938 1.        ]
2025-06-03 23:02:27,116 - INFO -  Hypervolume: 0.2147
2025-06-03 23:02:27,116 - INFO - 
--- Iter 144 (train size (154, 2)) ---
2025-06-03 23:02:27,116 - INFO -  Inferred reference point at iter 144: [0.07527640106747999, -0.09999999999998607]
2025-06-03 23:02:27,121 - INFO -  Scoring full pool: 9846 candidates
2025-06-03 23:02:40,717 - INFO -  GP predict time: 13.596s
2025-06-03 23:02:40,717 - INFO -   EHVI: 9846 candidates with 500 MC samples
2025-06-03 23:04:09,709 - INFO -  EHVI time: 88.992s
f1 shape: (1,)
f2 shape: (1,)
2025-06-03 23:04:09,711 - INFO -  Selected idx=1992 (O=C1CCCC(=O)C1C(=O)c1ccccc1Cl) → [0.22772277 0.13533528]
2025-06-03 23:04:09,876 - INFO -  Hypervolume: 0.2147
2025-06-03 23:04:09,876 - INFO - 
--- Iter 145 (train size (155, 2)) ---
2025-06-03 23:04:09,877 - INFO -  Inferred reference point at iter 145: [0.07527640106747999, -0.09999999999998607]
2025-06-03 23:04:09,882 - INFO -  Scoring full pool: 9845 candidates
2025-06-03 23:04:23,516 - INFO -  GP predict time: 13.634s
2025-06-03 23:04:23,517 - INFO -   EHVI: 9845 candidates with 500 MC samples
2025-06-03 23:05:52,572 - INFO -  EHVI time: 89.055s
f1 shape: (1,)
f2 shape: (1,)
2025-06-03 23:05:52,573 - INFO -  Selected idx=700 (CN1C(=CC(=O)c2cccs2)C(C)(C)c2ccccc21) → [0.17699115 1.        ]
2025-06-03 23:05:52,738 - INFO -  Hypervolume: 0.2147
2025-06-03 23:05:52,739 - INFO - 
--- Iter 146 (train size (156, 2)) ---
2025-06-03 23:05:52,739 - INFO -  Inferred reference point at iter 146: [0.07527640106747999, -0.09999999999998607]
2025-06-03 23:05:52,744 - INFO -  Scoring full pool: 9844 candidates
2025-06-03 23:06:06,897 - INFO -  GP predict time: 14.152s
2025-06-03 23:06:06,897 - INFO -   EHVI: 9844 candidates with 500 MC samples
2025-06-03 23:07:35,755 - INFO -  EHVI time: 88.858s
f1 shape: (1,)
f2 shape: (1,)
2025-06-03 23:07:35,757 - INFO -  Selected idx=3172 (Cc1ccc(C)c(OCCCC(C)(C)C(=O)NS(=O)(=O)c2ccccc2)c1) → [0.21774194 0.13533528]
2025-06-03 23:07:35,925 - INFO -  Hypervolume: 0.2147
2025-06-03 23:07:35,925 - INFO - 
--- Iter 147 (train size (157, 2)) ---
2025-06-03 23:07:35,925 - INFO -  Inferred reference point at iter 147: [0.07527640106747999, -0.09999999999998607]
2025-06-03 23:07:35,931 - INFO -  Scoring full pool: 9843 candidates
2025-06-03 23:07:50,024 - INFO -  GP predict time: 14.093s
2025-06-03 23:07:50,024 - INFO -   EHVI: 9843 candidates with 500 MC samples
2025-06-03 23:09:18,867 - INFO -  EHVI time: 88.842s
f1 shape: (1,)
f2 shape: (1,)
2025-06-03 23:09:18,869 - INFO -  Selected idx=1479 (NC(Cc1ccccc1)C(=O)N1CCCC1CC(=O)NCc1cc(Cl)ccc1-n1cnnn1) → [0.1862069  0.13533528]
2025-06-03 23:09:19,038 - INFO -  Hypervolume: 0.2147
2025-06-03 23:09:19,039 - INFO - 
--- Iter 148 (train size (158, 2)) ---
2025-06-03 23:09:19,039 - INFO -  Inferred reference point at iter 148: [0.07527640106747999, -0.09999999999998607]
2025-06-03 23:09:19,044 - INFO -  Scoring full pool: 9842 candidates
2025-06-03 23:09:32,494 - INFO -  GP predict time: 13.449s
2025-06-03 23:09:32,494 - INFO -   EHVI: 9842 candidates with 500 MC samples
2025-06-03 23:11:01,290 - INFO -  EHVI time: 88.796s
f1 shape: (1,)
f2 shape: (1,)
2025-06-03 23:11:01,292 - INFO -  Selected idx=5629 (O=C(N=C1SCC(=O)N1c1ccccc1Cl)c1ccco1) → [0.20175439 1.        ]
2025-06-03 23:11:01,464 - INFO -  Hypervolume: 0.2147
2025-06-03 23:11:01,464 - INFO - 
--- Iter 149 (train size (159, 2)) ---
2025-06-03 23:11:01,464 - INFO -  Inferred reference point at iter 149: [0.07527640106747999, -0.09999999999998607]
2025-06-03 23:11:01,470 - INFO -  Scoring full pool: 9841 candidates
2025-06-03 23:11:15,481 - INFO -  GP predict time: 14.011s
2025-06-03 23:11:15,481 - INFO -   EHVI: 9841 candidates with 500 MC samples
2025-06-03 23:12:44,312 - INFO -  EHVI time: 88.831s
f1 shape: (1,)
f2 shape: (1,)
2025-06-03 23:12:44,313 - INFO -  Selected idx=6143 (COc1ccccc1C(=O)n1nnc2ccccc21) → [0.17857143 1.        ]
2025-06-03 23:12:44,485 - INFO -  Hypervolume: 0.2147
2025-06-03 23:12:44,485 - INFO - 
--- Iter 150 (train size (160, 2)) ---
2025-06-03 23:12:44,486 - INFO -  Inferred reference point at iter 150: [0.07527640106747999, -0.09999999999998607]
2025-06-03 23:12:44,491 - INFO -  Scoring full pool: 9840 candidates
2025-06-03 23:12:58,566 - INFO -  GP predict time: 14.075s
2025-06-03 23:12:58,566 - INFO -   EHVI: 9840 candidates with 500 MC samples
2025-06-03 23:14:26,843 - INFO -  EHVI time: 88.277s
f1 shape: (1,)
f2 shape: (1,)
2025-06-03 23:14:26,845 - INFO -  Selected idx=5380 (CC(C)C(=O)NC1CCN(c2cccc(OC(F)(F)F)c2)C1=O) → [0.14876033 0.13533528]
2025-06-03 23:14:27,020 - INFO -  Hypervolume: 0.2147
2025-06-03 23:14:27,020 - INFO - 
--- Iter 151 (train size (161, 2)) ---
2025-06-03 23:14:27,020 - INFO -  Inferred reference point at iter 151: [0.07527640106747999, -0.09999999999998607]
2025-06-03 23:14:27,026 - INFO -  Scoring full pool: 9839 candidates
2025-06-03 23:14:41,214 - INFO -  GP predict time: 14.188s
2025-06-03 23:14:41,214 - INFO -   EHVI: 9839 candidates with 500 MC samples
2025-06-03 23:16:09,739 - INFO -  EHVI time: 88.525s
f1 shape: (1,)
f2 shape: (1,)
2025-06-03 23:16:09,741 - INFO -  Selected idx=1255 (O=c1c(Cl)c(Cl)cnn1-c1ccccc1) → [0.17821782 0.13533528]
2025-06-03 23:16:09,916 - INFO -  Hypervolume: 0.2147
2025-06-03 23:16:09,917 - INFO - 
--- Iter 152 (train size (162, 2)) ---
2025-06-03 23:16:09,917 - INFO -  Inferred reference point at iter 152: [0.07527640106747999, -0.09999999999998607]
2025-06-03 23:16:09,922 - INFO -  Scoring full pool: 9838 candidates
2025-06-03 23:16:23,746 - INFO -  GP predict time: 13.823s
2025-06-03 23:16:23,746 - INFO -   EHVI: 9838 candidates with 500 MC samples
2025-06-03 23:17:52,601 - INFO -  EHVI time: 88.855s
f1 shape: (1,)
f2 shape: (1,)
2025-06-03 23:17:52,603 - INFO -  Selected idx=227 (CN(CCc1ccccn1)C(=O)C1Cc2ccccc2CN1C) → [0.17213115 1.        ]
2025-06-03 23:17:53,250 - INFO -  Hypervolume: 0.2147
2025-06-03 23:17:53,250 - INFO - 
--- Iter 153 (train size (163, 2)) ---
2025-06-03 23:17:53,250 - INFO -  Inferred reference point at iter 153: [0.07527640106747999, -0.09999999999998607]
2025-06-03 23:17:53,256 - INFO -  Scoring full pool: 9837 candidates
2025-06-03 23:18:07,524 - INFO -  GP predict time: 14.268s
2025-06-03 23:18:07,524 - INFO -   EHVI: 9837 candidates with 500 MC samples
2025-06-03 23:19:35,703 - INFO -  EHVI time: 88.179s
f1 shape: (1,)
f2 shape: (1,)
2025-06-03 23:19:35,705 - INFO -  Selected idx=9324 (CN(C)C(=O)N1c2ccccc2Sc2ccccc21) → [0.16964286 1.        ]
2025-06-03 23:19:35,886 - INFO -  Hypervolume: 0.2147
2025-06-03 23:19:35,886 - INFO - 
--- Iter 154 (train size (164, 2)) ---
2025-06-03 23:19:35,886 - INFO -  Inferred reference point at iter 154: [0.07527640106747999, -0.09999999999998607]
2025-06-03 23:19:35,892 - INFO -  Scoring full pool: 9836 candidates
2025-06-03 23:19:50,265 - INFO -  GP predict time: 14.373s
2025-06-03 23:19:50,265 - INFO -   EHVI: 9836 candidates with 500 MC samples
2025-06-03 23:21:18,671 - INFO -  EHVI time: 88.406s
f1 shape: (1,)
f2 shape: (1,)
2025-06-03 23:21:18,673 - INFO -  Selected idx=1420 (COc1ccc(N2CC(NC(=O)Cc3cccs3)CC2=O)cc1) → [0.16260163 1.        ]
2025-06-03 23:21:18,856 - INFO -  Hypervolume: 0.2147
2025-06-03 23:21:18,856 - INFO - 
--- Iter 155 (train size (165, 2)) ---
2025-06-03 23:21:18,856 - INFO -  Inferred reference point at iter 155: [0.07527640106747999, -0.09999999999998607]
2025-06-03 23:21:18,862 - INFO -  Scoring full pool: 9835 candidates
2025-06-03 23:21:33,351 - INFO -  GP predict time: 14.489s
2025-06-03 23:21:33,351 - INFO -   EHVI: 9835 candidates with 500 MC samples
2025-06-03 23:23:02,139 - INFO -  EHVI time: 88.788s
f1 shape: (1,)
f2 shape: (1,)
2025-06-03 23:23:02,141 - INFO -  Selected idx=9918 (O=C(CN(Cc1cccs1)C(=O)CNS(=O)(=O)c1ccccc1)NC1CCCC1) → [0.15942029 1.        ]
2025-06-03 23:23:02,326 - INFO -  Hypervolume: 0.2147
2025-06-03 23:23:02,326 - INFO - 
--- Iter 156 (train size (166, 2)) ---
2025-06-03 23:23:02,326 - INFO -  Inferred reference point at iter 156: [0.07527640106747999, -0.09999999999998607]
2025-06-03 23:23:02,332 - INFO -  Scoring full pool: 9834 candidates
2025-06-03 23:23:17,268 - INFO -  GP predict time: 14.936s
2025-06-03 23:23:17,268 - INFO -   EHVI: 9834 candidates with 500 MC samples
2025-06-03 23:24:45,638 - INFO -  EHVI time: 88.369s
f1 shape: (1,)
f2 shape: (1,)
2025-06-03 23:24:45,640 - INFO -  Selected idx=8217 (O=C(CN1CCN(C(=O)c2ccccc2)CC1)Nc1ccc(Br)cn1) → [0.15503876 1.        ]
2025-06-03 23:24:45,829 - INFO -  Hypervolume: 0.2147
2025-06-03 23:24:45,829 - INFO - 
--- Iter 157 (train size (167, 2)) ---
2025-06-03 23:24:45,829 - INFO -  Inferred reference point at iter 157: [0.07527640106747999, -0.09999999999998607]
2025-06-03 23:24:45,835 - INFO -  Scoring full pool: 9833 candidates
2025-06-03 23:25:00,681 - INFO -  GP predict time: 14.846s
2025-06-03 23:25:00,681 - INFO -   EHVI: 9833 candidates with 500 MC samples
2025-06-03 23:26:29,128 - INFO -  EHVI time: 88.447s
f1 shape: (1,)
f2 shape: (1,)
2025-06-03 23:26:29,130 - INFO -  Selected idx=1629 (OC1(C(F)(F)F)CSC(=Nc2ccccc2)N1c1ccccc1) → [0.10077519 1.        ]
2025-06-03 23:26:29,318 - INFO -  Hypervolume: 0.2147
2025-06-03 23:26:29,318 - INFO - 
--- Iter 158 (train size (168, 2)) ---
2025-06-03 23:26:29,318 - INFO -  Inferred reference point at iter 158: [0.07527640106747999, -0.09999999999998607]
2025-06-03 23:26:29,324 - INFO -  Scoring full pool: 9832 candidates
2025-06-03 23:26:44,481 - INFO -  GP predict time: 15.156s
2025-06-03 23:26:44,481 - INFO -   EHVI: 9832 candidates with 500 MC samples
2025-06-03 23:28:13,226 - INFO -  EHVI time: 88.746s
f1 shape: (1,)
f2 shape: (1,)
2025-06-03 23:28:13,228 - INFO -  Selected idx=6341 (NC(=O)c1cccnc1Nc1ccccc1F) → [0.1682243  0.13533528]
2025-06-03 23:28:13,418 - INFO -  Hypervolume: 0.2147
2025-06-03 23:28:13,419 - INFO - 
--- Iter 159 (train size (169, 2)) ---
2025-06-03 23:28:13,419 - INFO -  Inferred reference point at iter 159: [0.07527640106747999, -0.09999999999998607]
2025-06-03 23:28:13,425 - INFO -  Scoring full pool: 9831 candidates
2025-06-03 23:28:27,774 - INFO -  GP predict time: 14.349s
2025-06-03 23:28:27,774 - INFO -   EHVI: 9831 candidates with 500 MC samples
2025-06-03 23:29:56,579 - INFO -  EHVI time: 88.805s
f1 shape: (1,)
f2 shape: (1,)
2025-06-03 23:29:56,580 - INFO -  Selected idx=5449 (O=C1SC(=Cc2ccccn2)C(=O)N1Cc1ccccc1F) → [0.15702479 1.        ]
2025-06-03 23:29:56,774 - INFO -  Hypervolume: 0.2147
2025-06-03 23:29:56,774 - INFO - 
--- Iter 160 (train size (170, 2)) ---
2025-06-03 23:29:56,774 - INFO -  Inferred reference point at iter 160: [0.07527640106747999, -0.09999999999998607]
2025-06-03 23:29:56,780 - INFO -  Scoring full pool: 9830 candidates
2025-06-03 23:30:11,706 - INFO -  GP predict time: 14.926s
2025-06-03 23:30:11,706 - INFO -   EHVI: 9830 candidates with 500 MC samples
2025-06-03 23:31:39,838 - INFO -  EHVI time: 88.131s
f1 shape: (1,)
f2 shape: (1,)
2025-06-03 23:31:39,840 - INFO -  Selected idx=1920 (CCOC(=O)c1cc2ccccc2n1Cc1cccc(C(=N)N)c1) → [0.26086957 1.        ]
2025-06-03 23:31:40,035 - INFO -  Hypervolume: 0.2147
2025-06-03 23:31:40,035 - INFO - 
--- Iter 161 (train size (171, 2)) ---
2025-06-03 23:31:40,035 - INFO -  Inferred reference point at iter 161: [0.07527640106747999, -0.09999999999998607]
2025-06-03 23:31:40,042 - INFO -  Scoring full pool: 9829 candidates
2025-06-03 23:31:54,581 - INFO -  GP predict time: 14.539s
2025-06-03 23:31:54,581 - INFO -   EHVI: 9829 candidates with 500 MC samples
2025-06-03 23:33:22,761 - INFO -  EHVI time: 88.179s
f1 shape: (1,)
f2 shape: (1,)
2025-06-03 23:33:22,762 - INFO -  Selected idx=9210 (Cc1ccc(S(=O)(=O)N2C(=O)CCC2C(=O)NCc2ccco2)cc1) → [0.1484375 1.       ]
2025-06-03 23:33:22,961 - INFO -  Hypervolume: 0.2147
2025-06-03 23:33:22,961 - INFO - 
--- Iter 162 (train size (172, 2)) ---
2025-06-03 23:33:22,961 - INFO -  Inferred reference point at iter 162: [0.07527640106747999, -0.09999999999998607]
2025-06-03 23:33:22,967 - INFO -  Scoring full pool: 9828 candidates
2025-06-03 23:33:38,488 - INFO -  GP predict time: 15.521s
2025-06-03 23:33:38,488 - INFO -   EHVI: 9828 candidates with 500 MC samples
2025-06-03 23:35:06,899 - INFO -  EHVI time: 88.411s
f1 shape: (1,)
f2 shape: (1,)
2025-06-03 23:35:06,901 - INFO -  Selected idx=6845 (Cc1cccc(OC2=NS(=O)(=O)c3ccccc32)c1) → [0.18018018 1.        ]
2025-06-03 23:35:07,100 - INFO -  Hypervolume: 0.2147
2025-06-03 23:35:07,100 - INFO - 
--- Iter 163 (train size (173, 2)) ---
2025-06-03 23:35:07,100 - INFO -  Inferred reference point at iter 163: [0.07527640106747999, -0.09999999999998607]
2025-06-03 23:35:07,107 - INFO -  Scoring full pool: 9827 candidates
2025-06-03 23:35:22,742 - INFO -  GP predict time: 15.635s
2025-06-03 23:35:22,742 - INFO -   EHVI: 9827 candidates with 500 MC samples
2025-06-03 23:36:50,815 - INFO -  EHVI time: 88.073s
f1 shape: (1,)
f2 shape: (1,)
2025-06-03 23:36:50,817 - INFO -  Selected idx=2556 (CC1C(=O)Oc2ccc(C(=O)c3cccs3)cc21) → [0.17431193 1.        ]
2025-06-03 23:36:51,017 - INFO -  Hypervolume: 0.2147
2025-06-03 23:36:51,017 - INFO - 
--- Iter 164 (train size (174, 2)) ---
2025-06-03 23:36:51,017 - INFO -  Inferred reference point at iter 164: [0.07527640106747999, -0.09999999999998607]
2025-06-03 23:36:51,023 - INFO -  Scoring full pool: 9826 candidates
2025-06-03 23:37:06,313 - INFO -  GP predict time: 15.289s
2025-06-03 23:37:06,313 - INFO -   EHVI: 9826 candidates with 500 MC samples
2025-06-03 23:38:34,719 - INFO -  EHVI time: 88.406s
f1 shape: (1,)
f2 shape: (1,)
2025-06-03 23:38:34,721 - INFO -  Selected idx=7126 (O=C(NCc1ccccc1)C(c1cccs1)N(C(=O)c1csnn1)C1CC1) → [0.15671642 0.13533528]
2025-06-03 23:38:34,924 - INFO -  Hypervolume: 0.2147
2025-06-03 23:38:34,924 - INFO - 
--- Iter 165 (train size (175, 2)) ---
2025-06-03 23:38:34,924 - INFO -  Inferred reference point at iter 165: [0.07527640106747999, -0.09999999999998607]
2025-06-03 23:38:34,931 - INFO -  Scoring full pool: 9825 candidates
2025-06-03 23:38:50,736 - INFO -  GP predict time: 15.805s
2025-06-03 23:38:50,736 - INFO -   EHVI: 9825 candidates with 500 MC samples
2025-06-03 23:40:18,833 - INFO -  EHVI time: 88.097s
f1 shape: (1,)
f2 shape: (1,)
2025-06-03 23:40:18,834 - INFO -  Selected idx=9026 (CCOC(=O)c1csc(NN=Cc2cccc3ccccc23)n1) → [0.23076923 1.        ]
2025-06-03 23:40:19,041 - INFO -  Hypervolume: 0.2147
2025-06-03 23:40:19,041 - INFO - 
--- Iter 166 (train size (176, 2)) ---
2025-06-03 23:40:19,041 - INFO -  Inferred reference point at iter 166: [0.07527640106747999, -0.09999999999998607]
2025-06-03 23:40:19,048 - INFO -  Scoring full pool: 9824 candidates
2025-06-03 23:40:34,945 - INFO -  GP predict time: 15.897s
2025-06-03 23:40:34,946 - INFO -   EHVI: 9824 candidates with 500 MC samples
2025-06-03 23:42:02,997 - INFO -  EHVI time: 88.052s
f1 shape: (1,)
f2 shape: (1,)
2025-06-03 23:42:02,999 - INFO -  Selected idx=5972 (NC(=NOC(=O)c1ccc([N+](=O)[O-])cc1)c1ccc(Br)cc1) → [0.15       0.13533528]
2025-06-03 23:42:03,209 - INFO -  Hypervolume: 0.2147
2025-06-03 23:42:03,209 - INFO - 
--- Iter 167 (train size (177, 2)) ---
2025-06-03 23:42:03,209 - INFO -  Inferred reference point at iter 167: [0.07527640106747999, -0.09999999999998607]
2025-06-03 23:42:03,216 - INFO -  Scoring full pool: 9823 candidates
2025-06-03 23:42:19,012 - INFO -  GP predict time: 15.796s
2025-06-03 23:42:19,012 - INFO -   EHVI: 9823 candidates with 500 MC samples
2025-06-03 23:43:47,931 - INFO -  EHVI time: 88.919s
f1 shape: (1,)
f2 shape: (1,)
2025-06-03 23:43:47,933 - INFO -  Selected idx=2555 (O=C(C=Cc1ccccc1)N(Cc1cccs1)C1CCS(=O)(=O)C1) → [0.140625 1.      ]
2025-06-03 23:43:48,146 - INFO -  Hypervolume: 0.2147
2025-06-03 23:43:48,146 - INFO - 
--- Iter 168 (train size (178, 2)) ---
2025-06-03 23:43:48,146 - INFO -  Inferred reference point at iter 168: [0.07527640106747999, -0.09999999999998607]
2025-06-03 23:43:48,153 - INFO -  Scoring full pool: 9822 candidates
2025-06-03 23:44:03,946 - INFO -  GP predict time: 15.793s
2025-06-03 23:44:03,946 - INFO -   EHVI: 9822 candidates with 500 MC samples
2025-06-03 23:45:32,252 - INFO -  EHVI time: 88.306s
f1 shape: (1,)
f2 shape: (1,)
2025-06-03 23:45:32,254 - INFO -  Selected idx=8227 (O=C(NC(CC1=CCCCC1)c1ccc2ccccc2c1)C(F)(F)F) → [0.13846154 1.        ]
2025-06-03 23:45:32,466 - INFO -  Hypervolume: 0.2147
2025-06-03 23:45:32,466 - INFO - 
--- Iter 169 (train size (179, 2)) ---
2025-06-03 23:45:32,466 - INFO -  Inferred reference point at iter 169: [0.07527640106747999, -0.09999999999998607]
2025-06-03 23:45:32,473 - INFO -  Scoring full pool: 9821 candidates
2025-06-03 23:45:48,662 - INFO -  GP predict time: 16.189s
2025-06-03 23:45:48,663 - INFO -   EHVI: 9821 candidates with 500 MC samples
2025-06-03 23:47:16,577 - INFO -  EHVI time: 87.914s
f1 shape: (1,)
f2 shape: (1,)
2025-06-03 23:47:16,579 - INFO -  Selected idx=6182 (O=C(C=Cc1ccc2ccccc2c1)NC1=C(C(=O)O)CCCC1) → [0.168 1.   ]
2025-06-03 23:47:16,792 - INFO -  Hypervolume: 0.2147
2025-06-03 23:47:16,792 - INFO - 
--- Iter 170 (train size (180, 2)) ---
2025-06-03 23:47:16,792 - INFO -  Inferred reference point at iter 170: [0.07527640106747999, -0.09999999999998607]
2025-06-03 23:47:16,799 - INFO -  Scoring full pool: 9820 candidates
2025-06-03 23:47:32,535 - INFO -  GP predict time: 15.736s
2025-06-03 23:47:32,536 - INFO -   EHVI: 9820 candidates with 500 MC samples
2025-06-03 23:49:00,708 - INFO -  EHVI time: 88.172s
f1 shape: (1,)
f2 shape: (1,)
2025-06-03 23:49:00,709 - INFO -  Selected idx=5404 (CCSC1=NCCN1S(=O)(=O)c1ccc2ccccc2c1) → [0.16101695 1.        ]
2025-06-03 23:49:00,927 - INFO -  Hypervolume: 0.2147
2025-06-03 23:49:00,927 - INFO - 
--- Iter 171 (train size (181, 2)) ---
2025-06-03 23:49:00,928 - INFO -  Inferred reference point at iter 171: [0.07527640106747999, -0.09999999999998607]
2025-06-03 23:49:00,934 - INFO -  Scoring full pool: 9819 candidates
2025-06-03 23:49:16,849 - INFO -  GP predict time: 15.914s
2025-06-03 23:49:16,849 - INFO -   EHVI: 9819 candidates with 500 MC samples
2025-06-03 23:50:45,208 - INFO -  EHVI time: 88.359s
f1 shape: (1,)
f2 shape: (1,)
2025-06-03 23:50:45,210 - INFO -  Selected idx=4489 (CC(C(=O)Nc1ccc(C#N)cc1)N(C)Cc1cccs1) → [0.13333333 0.13533528]
2025-06-03 23:50:45,430 - INFO -  Hypervolume: 0.2147
2025-06-03 23:50:45,430 - INFO - 
--- Iter 172 (train size (182, 2)) ---
2025-06-03 23:50:45,430 - INFO -  Inferred reference point at iter 172: [0.07527640106747999, -0.09999999999998607]
2025-06-03 23:50:45,437 - INFO -  Scoring full pool: 9818 candidates
2025-06-03 23:51:00,886 - INFO -  GP predict time: 15.449s
2025-06-03 23:51:00,886 - INFO -   EHVI: 9818 candidates with 500 MC samples
2025-06-03 23:52:29,496 - INFO -  EHVI time: 88.610s
f1 shape: (1,)
f2 shape: (1,)
2025-06-03 23:52:29,498 - INFO -  Selected idx=2833 (O=C(c1cccs1)N1N=C(c2cccnc2)CC1c1ccccc1O) → [0.1627907  0.13533528]
2025-06-03 23:52:29,720 - INFO -  Hypervolume: 0.2147
2025-06-03 23:52:29,720 - INFO - 
--- Iter 173 (train size (183, 2)) ---
2025-06-03 23:52:29,720 - INFO -  Inferred reference point at iter 173: [0.07527640106747999, -0.09999999999998607]
2025-06-03 23:52:29,727 - INFO -  Scoring full pool: 9817 candidates
2025-06-03 23:52:45,690 - INFO -  GP predict time: 15.963s
2025-06-03 23:52:45,690 - INFO -   EHVI: 9817 candidates with 500 MC samples
2025-06-03 23:54:14,303 - INFO -  EHVI time: 88.612s
f1 shape: (1,)
f2 shape: (1,)
2025-06-03 23:54:14,304 - INFO -  Selected idx=8946 (CCCC(NC(=O)OCc1ccccc1)C(=O)NC(CC1CCNC1=O)C(O)S(=O)(=O)O) → [0.21323529 0.13533528]
2025-06-03 23:54:14,529 - INFO -  Hypervolume: 0.2147
2025-06-03 23:54:14,529 - INFO - 
--- Iter 174 (train size (184, 2)) ---
2025-06-03 23:54:14,529 - INFO -  Inferred reference point at iter 174: [0.07527640106747999, -0.09999999999998607]
2025-06-03 23:54:14,536 - INFO -  Scoring full pool: 9816 candidates
2025-06-03 23:54:30,732 - INFO -  GP predict time: 16.196s
2025-06-03 23:54:30,732 - INFO -   EHVI: 9816 candidates with 500 MC samples
2025-06-03 23:55:58,879 - INFO -  EHVI time: 88.147s
f1 shape: (1,)
f2 shape: (1,)
2025-06-03 23:55:58,881 - INFO -  Selected idx=6200 (Cn1c(=O)cc(NC2CCOCC2)c2cc(-c3cncs3)ccc21) → [0.11363636 0.13533528]
2025-06-03 23:55:59,106 - INFO -  Hypervolume: 0.2147
2025-06-03 23:55:59,107 - INFO - 
--- Iter 175 (train size (185, 2)) ---
2025-06-03 23:55:59,107 - INFO -  Inferred reference point at iter 175: [0.07527640106747999, -0.09999999999998607]
2025-06-03 23:55:59,114 - INFO -  Scoring full pool: 9815 candidates
2025-06-03 23:56:15,804 - INFO -  GP predict time: 16.691s
2025-06-03 23:56:15,804 - INFO -   EHVI: 9815 candidates with 500 MC samples
2025-06-03 23:57:44,155 - INFO -  EHVI time: 88.350s
f1 shape: (1,)
f2 shape: (1,)
2025-06-03 23:57:44,157 - INFO -  Selected idx=5005 (O=C(NC1CCCC1)c1ccc(COc2ccccc2Br)o1) → [0.175 1.   ]
2025-06-03 23:57:44,385 - INFO -  Hypervolume: 0.2147
2025-06-03 23:57:44,385 - INFO - 
--- Iter 176 (train size (186, 2)) ---
2025-06-03 23:57:44,385 - INFO -  Inferred reference point at iter 176: [0.07527640106747999, -0.09999999999998607]
2025-06-03 23:57:44,392 - INFO -  Scoring full pool: 9814 candidates
2025-06-03 23:58:00,751 - INFO -  GP predict time: 16.359s
2025-06-03 23:58:00,751 - INFO -   EHVI: 9814 candidates with 500 MC samples
2025-06-03 23:59:28,834 - INFO -  EHVI time: 88.083s
f1 shape: (1,)
f2 shape: (1,)
2025-06-03 23:59:28,836 - INFO -  Selected idx=6642 (O=C1CC2(CCN(C(=O)c3ccccc3[N+](=O)[O-])CC2)Oc2ccccc21) → [0.14074074 0.13533528]
2025-06-03 23:59:29,068 - INFO -  Hypervolume: 0.2147
2025-06-03 23:59:29,068 - INFO - 
--- Iter 177 (train size (187, 2)) ---
2025-06-03 23:59:29,068 - INFO -  Inferred reference point at iter 177: [0.07527640106747999, -0.09999999999998607]
2025-06-03 23:59:29,075 - INFO -  Scoring full pool: 9813 candidates
2025-06-03 23:59:46,071 - INFO -  GP predict time: 16.995s
2025-06-03 23:59:46,071 - INFO -   EHVI: 9813 candidates with 500 MC samples
2025-06-04 00:01:14,828 - INFO -  EHVI time: 88.757s
f1 shape: (1,)
f2 shape: (1,)
2025-06-04 00:01:14,829 - INFO -  Selected idx=6690 (O=C(COC(=O)C1CCCN1C(=O)c1cccs1)NCCc1ccccc1) → [0.18320611 1.        ]
2025-06-04 00:01:15,064 - INFO -  Hypervolume: 0.2147
2025-06-04 00:01:15,064 - INFO - 
--- Iter 178 (train size (188, 2)) ---
2025-06-04 00:01:15,064 - INFO -  Inferred reference point at iter 178: [0.07527640106747999, -0.09999999999998607]
2025-06-04 00:01:15,071 - INFO -  Scoring full pool: 9812 candidates
2025-06-04 00:01:31,961 - INFO -  GP predict time: 16.890s
2025-06-04 00:01:31,961 - INFO -   EHVI: 9812 candidates with 500 MC samples
2025-06-04 00:03:00,359 - INFO -  EHVI time: 88.397s
f1 shape: (1,)
f2 shape: (1,)
2025-06-04 00:03:00,360 - INFO -  Selected idx=6691 (COc1ccccc1N1C(=O)C2CC=CC(C)C2C1=O) → [0.1875 1.    ]
2025-06-04 00:03:01,113 - INFO -  Hypervolume: 0.2147
2025-06-04 00:03:01,113 - INFO - 
--- Iter 179 (train size (189, 2)) ---
2025-06-04 00:03:01,113 - INFO -  Inferred reference point at iter 179: [0.07527640106747999, -0.09999999999998607]
2025-06-04 00:03:01,120 - INFO -  Scoring full pool: 9811 candidates
2025-06-04 00:03:17,519 - INFO -  GP predict time: 16.399s
2025-06-04 00:03:17,520 - INFO -   EHVI: 9811 candidates with 500 MC samples
2025-06-04 00:04:45,739 - INFO -  EHVI time: 88.220s
f1 shape: (1,)
f2 shape: (1,)
2025-06-04 00:04:45,741 - INFO -  Selected idx=4590 (NC(Cc1ccccc1)C(=O)NC1CCC(=O)N(CC(=O)Nc2cccc(Cl)c2)C1=O) → [0.19708029 1.        ]
2025-06-04 00:04:46,498 - INFO -  Hypervolume: 0.2147
2025-06-04 00:04:46,498 - INFO - 
--- Iter 180 (train size (190, 2)) ---
2025-06-04 00:04:46,498 - INFO -  Inferred reference point at iter 180: [0.07527640106747999, -0.09999999999998607]
2025-06-04 00:04:46,505 - INFO -  Scoring full pool: 9810 candidates
2025-06-04 00:05:03,539 - INFO -  GP predict time: 17.034s
2025-06-04 00:05:03,539 - INFO -   EHVI: 9810 candidates with 500 MC samples
2025-06-04 00:06:31,402 - INFO -  EHVI time: 87.863s
f1 shape: (1,)
f2 shape: (1,)
2025-06-04 00:06:31,403 - INFO -  Selected idx=2728 (CCOC(=O)c1sc(NS(=O)(=O)c2ccccc2Cl)nc1C) → [0.33009709 0.13533528]
2025-06-04 00:06:31,643 - INFO -  Hypervolume: 0.2288
2025-06-04 00:06:31,643 - INFO - 
--- Iter 181 (train size (191, 2)) ---
2025-06-04 00:06:31,643 - INFO -  Inferred reference point at iter 181: [0.06931587265748476, -0.09999999999998607]
2025-06-04 00:06:31,650 - INFO -  Scoring full pool: 9809 candidates
2025-06-04 00:06:48,362 - INFO -  GP predict time: 16.712s
2025-06-04 00:06:48,362 - INFO -   EHVI: 9809 candidates with 500 MC samples
2025-06-04 00:08:33,700 - INFO -  EHVI time: 105.338s
f1 shape: (1,)
f2 shape: (1,)
2025-06-04 00:08:33,702 - INFO -  Selected idx=7166 (CC(C)(C)NC(=O)C1Cc2ccccc2CN1C(=O)Nc1cccc(Cl)c1) → [0.20634921 1.        ]
2025-06-04 00:08:33,945 - INFO -  Hypervolume: 0.2353
2025-06-04 00:08:33,945 - INFO - 
--- Iter 182 (train size (192, 2)) ---
2025-06-04 00:08:33,945 - INFO -  Inferred reference point at iter 182: [0.06931587265748476, -0.09999999999998607]
2025-06-04 00:08:33,952 - INFO -  Scoring full pool: 9808 candidates
2025-06-04 00:08:51,285 - INFO -  GP predict time: 17.332s
2025-06-04 00:08:51,285 - INFO -   EHVI: 9808 candidates with 500 MC samples
2025-06-04 00:10:36,616 - INFO -  EHVI time: 105.331s
f1 shape: (1,)
f2 shape: (1,)
2025-06-04 00:10:36,618 - INFO -  Selected idx=7691 (Cc1ccc(C2=C(CC(=O)O)C(c3cccs3)NC(S)=N2)cc1) → [0.17355372 1.        ]
2025-06-04 00:10:36,861 - INFO -  Hypervolume: 0.2353
2025-06-04 00:10:36,861 - INFO - 
--- Iter 183 (train size (193, 2)) ---
2025-06-04 00:10:36,861 - INFO -  Inferred reference point at iter 183: [0.06931587265748476, -0.09999999999998607]
2025-06-04 00:10:36,868 - INFO -  Scoring full pool: 9807 candidates
2025-06-04 00:10:54,282 - INFO -  GP predict time: 17.414s
2025-06-04 00:10:54,282 - INFO -   EHVI: 9807 candidates with 500 MC samples
2025-06-04 00:12:39,618 - INFO -  EHVI time: 105.336s
f1 shape: (1,)
f2 shape: (1,)
2025-06-04 00:12:39,619 - INFO -  Selected idx=3929 (Cn1cccc1C(=O)N1CC2CN(Cc3cccs3)CC2C1) → [0.128      0.13533528]
2025-06-04 00:12:39,860 - INFO -  Hypervolume: 0.2353
2025-06-04 00:12:39,861 - INFO - 
--- Iter 184 (train size (194, 2)) ---
2025-06-04 00:12:39,861 - INFO -  Inferred reference point at iter 184: [0.06931587265748476, -0.09999999999998607]
2025-06-04 00:12:39,868 - INFO -  Scoring full pool: 9806 candidates
2025-06-04 00:12:57,205 - INFO -  GP predict time: 17.337s
2025-06-04 00:12:57,205 - INFO -   EHVI: 9806 candidates with 500 MC samples
2025-06-04 00:14:42,357 - INFO -  EHVI time: 105.152s
f1 shape: (1,)
f2 shape: (1,)
2025-06-04 00:14:42,359 - INFO -  Selected idx=9156 (Cc1ccccc1NC(=S)NC(=O)COc1ccccc1C) → [0.19827586 0.13533528]
2025-06-04 00:14:43,219 - INFO -  Hypervolume: 0.2353
2025-06-04 00:14:43,219 - INFO - 
--- Iter 185 (train size (195, 2)) ---
2025-06-04 00:14:43,219 - INFO -  Inferred reference point at iter 185: [0.06931587265748476, -0.09999999999998607]
2025-06-04 00:14:43,226 - INFO -  Scoring full pool: 9805 candidates
2025-06-04 00:15:00,690 - INFO -  GP predict time: 17.464s
2025-06-04 00:15:00,690 - INFO -   EHVI: 9805 candidates with 500 MC samples
2025-06-04 00:16:45,650 - INFO -  EHVI time: 104.960s
f1 shape: (1,)
f2 shape: (1,)
2025-06-04 00:16:45,652 - INFO -  Selected idx=528 (CCC(C)C(NC(=O)c1cccc(Cn2ccnc2)c1)C(=O)NNS(=O)(=O)c1ccc(OC)cc1) → [0.16666667 1.        ]
2025-06-04 00:16:45,907 - INFO -  Hypervolume: 0.2353
2025-06-04 00:16:45,907 - INFO - 
--- Iter 186 (train size (196, 2)) ---
2025-06-04 00:16:45,907 - INFO -  Inferred reference point at iter 186: [0.06931587265748476, -0.09999999999998607]
2025-06-04 00:16:45,915 - INFO -  Scoring full pool: 9804 candidates
2025-06-04 00:17:02,541 - INFO -  GP predict time: 16.626s
2025-06-04 00:17:02,541 - INFO -   EHVI: 9804 candidates with 500 MC samples
2025-06-04 00:18:47,773 - INFO -  EHVI time: 105.231s
f1 shape: (1,)
f2 shape: (1,)
2025-06-04 00:18:47,775 - INFO -  Selected idx=6876 (O=C(Cn1c(=O)sc2ccc(Cl)cc21)N1CCCC(c2ccccc2)C1CN1CCCC1) → [0.16438356 0.00033546]
2025-06-04 00:18:48,031 - INFO -  Hypervolume: 0.2353
2025-06-04 00:18:48,031 - INFO - 
--- Iter 187 (train size (197, 2)) ---
2025-06-04 00:18:48,031 - INFO -  Inferred reference point at iter 187: [0.06931587265748476, -0.09999999999998607]
2025-06-04 00:18:48,039 - INFO -  Scoring full pool: 9803 candidates
2025-06-04 00:19:05,673 - INFO -  GP predict time: 17.635s
2025-06-04 00:19:05,674 - INFO -   EHVI: 9803 candidates with 500 MC samples
2025-06-04 00:20:50,949 - INFO -  EHVI time: 105.275s
f1 shape: (1,)
f2 shape: (1,)
2025-06-04 00:20:50,951 - INFO -  Selected idx=4471 (O=C(O)CC1c2[nH]c3ccccc3c2CCN1C(=O)Cc1ccccc1) → [0.19685039 0.13533528]
2025-06-04 00:20:51,729 - INFO -  Hypervolume: 0.2353
2025-06-04 00:20:51,729 - INFO - 
--- Iter 188 (train size (198, 2)) ---
2025-06-04 00:20:51,730 - INFO -  Inferred reference point at iter 188: [0.06931587265748476, -0.09999999999998607]
2025-06-04 00:20:51,737 - INFO -  Scoring full pool: 9802 candidates
2025-06-04 00:21:08,637 - INFO -  GP predict time: 16.900s
2025-06-04 00:21:08,637 - INFO -   EHVI: 9802 candidates with 500 MC samples
2025-06-04 00:22:53,979 - INFO -  EHVI time: 105.341s
f1 shape: (1,)
f2 shape: (1,)
2025-06-04 00:22:53,981 - INFO -  Selected idx=6375 (COc1cccc(OC)c1C1CCCCC(=O)N1Cc1ccnc(-c2ccccc2)c1) → [0.16783217 0.13533528]
2025-06-04 00:22:54,237 - INFO -  Hypervolume: 0.2353
2025-06-04 00:22:54,237 - INFO - 
--- Iter 189 (train size (199, 2)) ---
2025-06-04 00:22:54,237 - INFO -  Inferred reference point at iter 189: [0.06931587265748476, -0.09999999999998607]
2025-06-04 00:22:54,245 - INFO -  Scoring full pool: 9801 candidates
2025-06-04 00:23:11,921 - INFO -  GP predict time: 17.676s
2025-06-04 00:23:11,921 - INFO -   EHVI: 9801 candidates with 500 MC samples
2025-06-04 00:24:57,174 - INFO -  EHVI time: 105.253s
f1 shape: (1,)
f2 shape: (1,)
2025-06-04 00:24:57,176 - INFO -  Selected idx=2776 (COC(=O)C1=C(c2ccc3ccccc3c2)CC2CCC1N2C) → [0.24347826 0.13533528]
2025-06-04 00:24:57,430 - INFO -  Hypervolume: 0.2353
2025-06-04 00:24:57,430 - INFO - 
--- Iter 190 (train size (200, 2)) ---
2025-06-04 00:24:57,430 - INFO -  Inferred reference point at iter 190: [0.06931587265748476, -0.09999999999998607]
2025-06-04 00:24:57,438 - INFO -  Scoring full pool: 9800 candidates
2025-06-04 00:25:14,614 - INFO -  GP predict time: 17.176s
2025-06-04 00:25:14,614 - INFO -   EHVI: 9800 candidates with 500 MC samples
2025-06-04 00:26:59,490 - INFO -  EHVI time: 104.876s
f1 shape: (1,)
f2 shape: (1,)
2025-06-04 00:26:59,491 - INFO -  Selected idx=6516 (O=S(=O)(Nc1ccc(C(F)(F)F)cc1)c1cccs1) → [0.1025641  0.13533528]
2025-06-04 00:26:59,752 - INFO -  Hypervolume: 0.2353
2025-06-04 00:26:59,752 - INFO - 
--- Iter 191 (train size (201, 2)) ---
2025-06-04 00:26:59,752 - INFO -  Inferred reference point at iter 191: [0.06931587265748476, -0.09999999999998607]
2025-06-04 00:26:59,760 - INFO -  Scoring full pool: 9799 candidates
2025-06-04 00:27:17,605 - INFO -  GP predict time: 17.845s
2025-06-04 00:27:17,605 - INFO -   EHVI: 9799 candidates with 500 MC samples
2025-06-04 00:29:03,272 - INFO -  EHVI time: 105.667s
f1 shape: (1,)
f2 shape: (1,)
2025-06-04 00:29:03,274 - INFO -  Selected idx=8524 (O=C(NN=Cc1ccc(OC(=O)c2ccccc2Br)cc1)c1ccccn1) → [0.17424242 1.        ]
2025-06-04 00:29:03,537 - INFO -  Hypervolume: 0.2353
2025-06-04 00:29:03,537 - INFO - 
--- Iter 192 (train size (202, 2)) ---
2025-06-04 00:29:03,537 - INFO -  Inferred reference point at iter 192: [0.06931587265748476, -0.09999999999998607]
2025-06-04 00:29:03,545 - INFO -  Scoring full pool: 9798 candidates
2025-06-04 00:29:21,326 - INFO -  GP predict time: 17.781s
2025-06-04 00:29:21,327 - INFO -   EHVI: 9798 candidates with 500 MC samples
2025-06-04 00:31:06,108 - INFO -  EHVI time: 104.782s
f1 shape: (1,)
f2 shape: (1,)
2025-06-04 00:31:06,110 - INFO -  Selected idx=9583 (Cc1ccc(CN2C(=O)C(C)Nc3ncnc(N4CCOCC4)c32)cc1) → [0.14285714 0.13533528]
2025-06-04 00:31:06,378 - INFO -  Hypervolume: 0.2353
2025-06-04 00:31:06,378 - INFO - 
--- Iter 193 (train size (203, 2)) ---
2025-06-04 00:31:06,378 - INFO -  Inferred reference point at iter 193: [0.06931587265748476, -0.09999999999998607]
2025-06-04 00:31:06,386 - INFO -  Scoring full pool: 9797 candidates
2025-06-04 00:31:23,842 - INFO -  GP predict time: 17.456s
2025-06-04 00:31:23,842 - INFO -   EHVI: 9797 candidates with 500 MC samples
2025-06-04 00:33:08,933 - INFO -  EHVI time: 105.091s
f1 shape: (1,)
f2 shape: (1,)
2025-06-04 00:33:08,934 - INFO -  Selected idx=3700 (Cc1ccc(S(=O)(=O)N(C)c2cccc3cccnc23)cc1) → [0.14876033 1.        ]
2025-06-04 00:33:09,202 - INFO -  Hypervolume: 0.2353
2025-06-04 00:33:09,202 - INFO - 
--- Iter 194 (train size (204, 2)) ---
2025-06-04 00:33:09,202 - INFO -  Inferred reference point at iter 194: [0.06931587265748476, -0.09999999999998607]
2025-06-04 00:33:09,210 - INFO -  Scoring full pool: 9796 candidates
2025-06-04 00:33:27,291 - INFO -  GP predict time: 18.080s
2025-06-04 00:33:27,291 - INFO -   EHVI: 9796 candidates with 500 MC samples
2025-06-04 00:35:12,682 - INFO -  EHVI time: 105.391s
f1 shape: (1,)
f2 shape: (1,)
2025-06-04 00:35:12,683 - INFO -  Selected idx=3447 (O=S(=O)(Cc1cc(-c2ccccc2)no1)CC1CCCO1) → [0.15 1.  ]
2025-06-04 00:35:12,954 - INFO -  Hypervolume: 0.2353
2025-06-04 00:35:12,954 - INFO - 
--- Iter 195 (train size (205, 2)) ---
2025-06-04 00:35:12,954 - INFO -  Inferred reference point at iter 195: [0.06931587265748476, -0.09999999999998607]
2025-06-04 00:35:12,962 - INFO -  Scoring full pool: 9795 candidates
2025-06-04 00:35:31,038 - INFO -  GP predict time: 18.076s
2025-06-04 00:35:31,038 - INFO -   EHVI: 9795 candidates with 500 MC samples
2025-06-04 00:37:16,503 - INFO -  EHVI time: 105.465s
f1 shape: (1,)
f2 shape: (1,)
2025-06-04 00:37:16,504 - INFO -  Selected idx=7014 (CCCCNC(=O)CC(NS(=O)(=O)c1ccc(C)cc1)c1ccco1) → [0.176      0.13533528]
2025-06-04 00:37:16,775 - INFO -  Hypervolume: 0.2353
2025-06-04 00:37:16,775 - INFO - 
--- Iter 196 (train size (206, 2)) ---
2025-06-04 00:37:16,775 - INFO -  Inferred reference point at iter 196: [0.06931587265748476, -0.09999999999998607]
2025-06-04 00:37:16,783 - INFO -  Scoring full pool: 9794 candidates
2025-06-04 00:37:34,557 - INFO -  GP predict time: 17.774s
2025-06-04 00:37:34,557 - INFO -   EHVI: 9794 candidates with 500 MC samples
2025-06-04 00:39:19,847 - INFO -  EHVI time: 105.290s
f1 shape: (1,)
f2 shape: (1,)
2025-06-04 00:39:19,849 - INFO -  Selected idx=9278 (Cc1cc(OCC2CN(C)c3ccccc3O2)ccc1C(=O)Nc1cc(CC(=O)O)ccc1Cl) → [0.22695035 0.13533528]
2025-06-04 00:39:20,122 - INFO -  Hypervolume: 0.2353
2025-06-04 00:39:20,123 - INFO - 
--- Iter 197 (train size (207, 2)) ---
2025-06-04 00:39:20,123 - INFO -  Inferred reference point at iter 197: [0.06931587265748476, -0.09999999999998607]
2025-06-04 00:39:20,131 - INFO -  Scoring full pool: 9793 candidates
2025-06-04 00:39:37,817 - INFO -  GP predict time: 17.686s
2025-06-04 00:39:37,817 - INFO -   EHVI: 9793 candidates with 500 MC samples
2025-06-04 00:41:22,995 - INFO -  EHVI time: 105.178s
f1 shape: (1,)
f2 shape: (1,)
2025-06-04 00:41:22,997 - INFO -  Selected idx=1820 (Cc1nc2c(CCc3ccccc3)cccn2c1CC#N) → [0.16949153 1.        ]
2025-06-04 00:41:23,833 - INFO -  Hypervolume: 0.2353
2025-06-04 00:41:23,833 - INFO - 
--- Iter 198 (train size (208, 2)) ---
2025-06-04 00:41:23,833 - INFO -  Inferred reference point at iter 198: [0.06931587265748476, -0.09999999999998607]
2025-06-04 00:41:23,841 - INFO -  Scoring full pool: 9792 candidates
2025-06-04 00:41:42,096 - INFO -  GP predict time: 18.255s
2025-06-04 00:41:42,096 - INFO -   EHVI: 9792 candidates with 500 MC samples
2025-06-04 00:43:26,706 - INFO -  EHVI time: 104.609s
f1 shape: (1,)
f2 shape: (1,)
2025-06-04 00:43:26,707 - INFO -  Selected idx=2947 (C(=Cc1nnc(-c2cccs2)o1)c1ccccc1) → [0.11965812 1.        ]
2025-06-04 00:43:26,988 - INFO -  Hypervolume: 0.2353
2025-06-04 00:43:26,988 - INFO - 
--- Iter 199 (train size (209, 2)) ---
2025-06-04 00:43:26,988 - INFO -  Inferred reference point at iter 199: [0.06931587265748476, -0.09999999999998607]
2025-06-04 00:43:26,996 - INFO -  Scoring full pool: 9791 candidates
2025-06-04 00:43:44,500 - INFO -  GP predict time: 17.504s
2025-06-04 00:43:44,501 - INFO -   EHVI: 9791 candidates with 500 MC samples
2025-06-04 00:45:29,920 - INFO -  EHVI time: 105.419s
f1 shape: (1,)
f2 shape: (1,)
2025-06-04 00:45:29,921 - INFO -  Selected idx=2989 (CCCCN1CC(c2nc3ccccc3n2CCCCOc2cc(C)cc(C)c2)CC1=O) → [0.20714286 0.13533528]
2025-06-04 00:45:30,757 - INFO -  Hypervolume: 0.2353
2025-06-04 00:45:30,815 - INFO - 
Final Pareto front points: [[0.27049180327868855, 1.0], [0.3300970873786408, 0.13533528323661267]]
2025-06-04 00:45:30,815 - INFO - Final Pareto front SMILES: [None, None]
