Initial SMILES: ['CN1C2CCC1CC(NC(=O)c1ccc3c(c1)OC(C)(C)C3)C2',
 'Cc1cccc(NC(=O)ON=C(N)c2ccc3nonc3c2)c1',
 'COc1ccc(C=CC(=O)c2cccc(-n3cc(COc4ccc5ccc(=O)oc5c4)nn3)c2)cc1OC',
 'N#CC1=C(N)OC2=C(C(=O)CN(c3ccccc3)C2)C1c1ccccc1',
 'COc1ccc(C(CC(=O)NCc2ccccc2)N2C(=O)c3ccccc3C2=O)cc1OC',
 'Cc1ccc(NC(=O)CSc2nc(-c3ccc(C)cc3)nc3ccc(Cl)cc23)cc1',
 'CCOC(=O)CCn1c(=O)c(C)cn(C2CC(N=[N+]=[N-])C(CO)O2)c1=O',
 'O=C(C1=C(O)C(=O)N(CCc2ccccc2)C1c1ccc(Br)cc1)c1cccs1',
 'COc1cccc(Nc2nc3c([nH]2)c(=O)n(C)c(=O)n3C)c1',
 'O=C(NCCCCCCCCNC(=O)Nc1cccc2ccccc12)Nc1cccc2ccccc12']
f1 shape: (10,)
f2 shape: (10,)
f3 shape: (10,)
2025-06-03 18:37:03,087 - INFO - Initial objectives:
[[8.07026289e-06 1.99335548e-01 1.00000000e+00]
 [1.00000000e+00 9.43396226e-02 1.00000000e+00]
 [1.00000000e+00 1.75061425e-01 6.87304399e-01]
 [5.67160753e-01 1.81213018e-01 1.00000000e+00]
 [8.79837542e-01 2.12234707e-01 1.00000000e+00]
 [2.09736811e-03 1.66440217e-01 7.13588196e-02]
 [1.00000000e+00 1.20677233e-01 1.00000000e+00]
 [5.27086655e-03 2.21914008e-01 4.12062896e-01]
 [1.00000000e+00 6.94444444e-02 1.00000000e+00]
 [7.41160558e-01 3.38820827e-01 4.66014311e-03]]
2025-06-03 18:37:04,938 - INFO - Precomputed 10000 Morgan-fps in 1.851s
2025-06-03 18:37:05,835 - INFO - 
--- Iter 0 (train size (10, 3)) ---
2025-06-03 18:37:05,835 - INFO -  Inferred reference point at iter 0: [-0.09999112271082096, 0.04250680619363621, -0.09487384257379343]
2025-06-03 18:37:05,836 - INFO -  Scoring full pool: 9990 candidates
2025-06-03 18:37:07,570 - INFO -  GP predict time: 1.734s
2025-06-03 18:37:07,571 - INFO -   EHVI: 9990 candidates with 500 MC samples
2025-06-03 18:41:46,973 - INFO -  EHVI time: 279.402s
f1 shape: (1,)
f2 shape: (1,)
f3 shape: (1,)
2025-06-03 18:41:46,975 - INFO -  Selected idx=7068 (O=C(O)c1cc(C2CC2)ccc1Nc1ccc(-c2ccccc2Cl)nc1) → [0.02109663 0.21653543 0.22734997]
2025-06-03 18:41:46,984 - INFO -  Hypervolume: 0.2085
2025-06-03 18:41:46,985 - INFO - 
--- Iter 1 (train size (11, 3)) ---
2025-06-03 18:41:46,985 - INFO -  Inferred reference point at iter 1: [-0.09999112271082096, 0.04250680619363621, -0.09487384257379343]
2025-06-03 18:41:46,985 - INFO -  Scoring full pool: 9989 candidates
2025-06-03 18:41:48,691 - INFO -  GP predict time: 1.705s
2025-06-03 18:41:48,691 - INFO -   EHVI: 9989 candidates with 500 MC samples
2025-06-03 18:47:13,453 - INFO -  EHVI time: 324.763s
f1 shape: (1,)
f2 shape: (1,)
f3 shape: (1,)
2025-06-03 18:47:13,456 - INFO -  Selected idx=5622 (O=c1cc(OCc2ccccc2)ccn1-c1ccc2c(c1)CCN2C1CNC1) → [7.78092686e-05 3.06946688e-01 1.00000000e+00]
2025-06-03 18:47:13,466 - INFO -  Hypervolume: 0.2175
2025-06-03 18:47:13,466 - INFO - 
--- Iter 2 (train size (12, 3)) ---
2025-06-03 18:47:13,466 - INFO -  Inferred reference point at iter 2: [-0.09999112271082096, 0.04250680619363621, -0.09487384257379343]
2025-06-03 18:47:13,467 - INFO -  Scoring full pool: 9988 candidates
2025-06-03 18:47:15,235 - INFO -  GP predict time: 1.768s
2025-06-03 18:47:15,235 - INFO -   EHVI: 9988 candidates with 500 MC samples
2025-06-03 18:53:29,093 - INFO -  EHVI time: 373.858s
f1 shape: (1,)
f2 shape: (1,)
f3 shape: (1,)
2025-06-03 18:53:29,095 - INFO -  Selected idx=4262 (O=C1C(=CC=Cc2ccco2)SC(=Nc2ccccc2)N1c1ccccc1) → [5.74968439e-05 1.66908563e-01 2.58715654e-01]
2025-06-03 18:53:29,104 - INFO -  Hypervolume: 0.2175
2025-06-03 18:53:29,104 - INFO - 
--- Iter 3 (train size (13, 3)) ---
2025-06-03 18:53:29,104 - INFO -  Inferred reference point at iter 3: [-0.09999112271082096, 0.04250680619363621, -0.09487384257379343]
2025-06-03 18:53:29,105 - INFO -  Scoring full pool: 9987 candidates
2025-06-03 18:53:30,952 - INFO -  GP predict time: 1.847s
2025-06-03 18:53:30,952 - INFO -   EHVI: 9987 candidates with 500 MC samples
2025-06-03 18:59:43,720 - INFO -  EHVI time: 372.768s
f1 shape: (1,)
f2 shape: (1,)
f3 shape: (1,)
2025-06-03 18:59:43,723 - INFO -  Selected idx=1522 (CNC(C)C(O)=Nc1ccc(-c2c(-c3ccncc3)nc3cc(C)ccn23)c(C#Cc2ccc3c(c2)OCC(=O)N3C)n1) → [1.         0.15716374 0.77298995]
2025-06-03 18:59:43,734 - INFO -  Hypervolume: 0.2179
2025-06-03 18:59:43,734 - INFO - 
--- Iter 4 (train size (14, 3)) ---
2025-06-03 18:59:43,734 - INFO -  Inferred reference point at iter 4: [-0.09999112271082096, 0.04250680619363621, -0.09487384257379343]
2025-06-03 18:59:43,735 - INFO -  Scoring full pool: 9986 candidates
2025-06-03 18:59:45,760 - INFO -  GP predict time: 2.025s
2025-06-03 18:59:45,760 - INFO -   EHVI: 9986 candidates with 500 MC samples
2025-06-03 19:06:48,567 - INFO -  EHVI time: 422.806s
f1 shape: (1,)
f2 shape: (1,)
f3 shape: (1,)
2025-06-03 19:06:48,569 - INFO -  Selected idx=9422 (Cc1nn(-c2ccccc2)c2c1c(=O)oc1ccc(Br)cc12) → [1.49621094e-04 1.28617363e-01 9.79642102e-01]
2025-06-03 19:06:48,579 - INFO -  Hypervolume: 0.2179
2025-06-03 19:06:48,579 - INFO - 
--- Iter 5 (train size (15, 3)) ---
2025-06-03 19:06:48,579 - INFO -  Inferred reference point at iter 5: [-0.09999112271082096, 0.04250680619363621, -0.09487384257379343]
2025-06-03 19:06:48,580 - INFO -  Scoring full pool: 9985 candidates
2025-06-03 19:06:50,725 - INFO -  GP predict time: 2.145s
2025-06-03 19:06:50,725 - INFO -   EHVI: 9985 candidates with 500 MC samples
2025-06-03 19:13:53,963 - INFO -  EHVI time: 423.238s
f1 shape: (1,)
f2 shape: (1,)
f3 shape: (1,)
2025-06-03 19:13:53,965 - INFO -  Selected idx=7864 (Cc1cccc(C)c1NC(=O)CC(NCc1ccco1)C(=O)O) → [1.         0.16004862 1.        ]
2025-06-03 19:13:53,978 - INFO -  Hypervolume: 0.2190
2025-06-03 19:13:53,978 - INFO - 
--- Iter 6 (train size (16, 3)) ---
2025-06-03 19:13:53,978 - INFO -  Inferred reference point at iter 6: [-0.09999112271082096, 0.04250680619363621, -0.09487384257379343]
2025-06-03 19:13:53,979 - INFO -  Scoring full pool: 9984 candidates
2025-06-03 19:13:56,241 - INFO -  GP predict time: 2.262s
2025-06-03 19:13:56,241 - INFO -   EHVI: 9984 candidates with 500 MC samples
2025-06-03 19:20:10,886 - INFO -  EHVI time: 374.644s
f1 shape: (1,)
f2 shape: (1,)
f3 shape: (1,)
2025-06-03 19:20:10,888 - INFO -  Selected idx=543 (COc1ccccc1CC(=O)Nc1c(O)c2ccccc2oc1=O) → [0.99246404 0.15576324 1.        ]
2025-06-03 19:20:10,901 - INFO -  Hypervolume: 0.2190
2025-06-03 19:20:10,901 - INFO - 
--- Iter 7 (train size (17, 3)) ---
2025-06-03 19:20:10,901 - INFO -  Inferred reference point at iter 7: [-0.09999112271082096, 0.04250680619363621, -0.09487384257379343]
2025-06-03 19:20:10,903 - INFO -  Scoring full pool: 9983 candidates
2025-06-03 19:20:13,327 - INFO -  GP predict time: 2.425s
2025-06-03 19:20:13,328 - INFO -   EHVI: 9983 candidates with 500 MC samples
2025-06-03 19:26:27,318 - INFO -  EHVI time: 373.990s
f1 shape: (1,)
f2 shape: (1,)
f3 shape: (1,)
2025-06-03 19:26:27,320 - INFO -  Selected idx=2289 (COc1ccc(CC(=O)Nc2ccc3c(c2)C(=O)N(CCC(=O)O)C3=O)cc1) → [1.        0.2118003 1.       ]
2025-06-03 19:26:27,331 - INFO -  Hypervolume: 0.2244
2025-06-03 19:26:27,331 - INFO - 
--- Iter 8 (train size (18, 3)) ---
2025-06-03 19:26:27,331 - INFO -  Inferred reference point at iter 8: [-0.09999112271082096, 0.04250680619363621, -0.09487384257379343]
2025-06-03 19:26:27,332 - INFO -  Scoring full pool: 9982 candidates
2025-06-03 19:26:29,777 - INFO -  GP predict time: 2.445s
2025-06-03 19:26:29,777 - INFO -   EHVI: 9982 candidates with 500 MC samples
2025-06-03 19:31:57,067 - INFO -  EHVI time: 327.290s
f1 shape: (1,)
f2 shape: (1,)
f3 shape: (1,)
2025-06-03 19:31:57,070 - INFO -  Selected idx=4225 (COc1ccc(C2OC(=O)Cc3cc(OC)c(OC)cc32)cc1) → [0.0015283  0.18089431 1.        ]
2025-06-03 19:31:57,084 - INFO -  Hypervolume: 0.2244
2025-06-03 19:31:57,084 - INFO - 
--- Iter 9 (train size (19, 3)) ---
2025-06-03 19:31:57,084 - INFO -  Inferred reference point at iter 9: [-0.09999112271082096, 0.04250680619363621, -0.09487384257379343]
2025-06-03 19:31:57,086 - INFO -  Scoring full pool: 9981 candidates
2025-06-03 19:31:59,729 - INFO -  GP predict time: 2.643s
2025-06-03 19:31:59,729 - INFO -   EHVI: 9981 candidates with 500 MC samples
2025-06-03 19:37:26,243 - INFO -  EHVI time: 326.514s
f1 shape: (1,)
f2 shape: (1,)
f3 shape: (1,)
2025-06-03 19:37:26,246 - INFO -  Selected idx=2751 (COc1ccc(CC(=O)Nc2c(C(=O)N3CCN(c4ccccc4OC)CC3)oc3ccccc23)cc1OC) → [1.         0.25029621 0.83416636]
2025-06-03 19:37:26,261 - INFO -  Hypervolume: 0.2570
2025-06-03 19:37:26,261 - INFO - 
--- Iter 10 (train size (20, 3)) ---
2025-06-03 19:37:26,261 - INFO -  Inferred reference point at iter 10: [-0.09999112271082096, 0.04250680619363621, -0.09487384257379343]
2025-06-03 19:37:26,262 - INFO -  Scoring full pool: 9980 candidates
2025-06-03 19:37:28,975 - INFO -  GP predict time: 2.713s
2025-06-03 19:37:28,975 - INFO -   EHVI: 9980 candidates with 500 MC samples
2025-06-03 19:42:10,332 - INFO -  EHVI time: 281.358s
f1 shape: (1,)
f2 shape: (1,)
f3 shape: (1,)
2025-06-03 19:42:10,335 - INFO -  Selected idx=5593 (Cc1ccc(C)c(S(=O)(=O)N2CCN(CC(=O)NC(=O)NCc3ccco3)CC2)c1) → [1.         0.21386431 1.        ]
2025-06-03 19:42:10,348 - INFO -  Hypervolume: 0.2573
2025-06-03 19:42:10,348 - INFO - 
--- Iter 11 (train size (21, 3)) ---
2025-06-03 19:42:10,348 - INFO -  Inferred reference point at iter 11: [-0.09999112271082096, 0.04250680619363621, -0.09487384257379343]
2025-06-03 19:42:10,349 - INFO -  Scoring full pool: 9979 candidates
2025-06-03 19:42:13,188 - INFO -  GP predict time: 2.838s
2025-06-03 19:42:13,188 - INFO -   EHVI: 9979 candidates with 500 MC samples
2025-06-03 19:46:09,988 - INFO -  EHVI time: 236.800s
f1 shape: (1,)
f2 shape: (1,)
f3 shape: (1,)
2025-06-03 19:46:09,990 - INFO -  Selected idx=7540 (COc1cccc(Cn2nnc(-c3cccc(C(=O)NCc4ccc(C(=O)O)cc4)c3)n2)c1) → [1.         0.17664872 1.        ]
2025-06-03 19:46:10,006 - INFO -  Hypervolume: 0.2573
2025-06-03 19:46:10,006 - INFO - 
--- Iter 12 (train size (22, 3)) ---
2025-06-03 19:46:10,006 - INFO -  Inferred reference point at iter 12: [-0.09999112271082096, 0.04250680619363621, -0.09487384257379343]
2025-06-03 19:46:10,008 - INFO -  Scoring full pool: 9978 candidates
2025-06-03 19:46:13,032 - INFO -  GP predict time: 3.024s
2025-06-03 19:46:13,032 - INFO -   EHVI: 9978 candidates with 500 MC samples
2025-06-03 19:50:10,321 - INFO -  EHVI time: 237.289s
f1 shape: (1,)
f2 shape: (1,)
f3 shape: (1,)
2025-06-03 19:50:10,323 - INFO -  Selected idx=4721 (COc1ccnc(Nc2cc(C)cc(-c3ccc(CCC(=O)O)cc3)c2)n1) → [0.85199212 0.20068807 0.97578461]
2025-06-03 19:50:10,337 - INFO -  Hypervolume: 0.2573
2025-06-03 19:50:10,337 - INFO - 
--- Iter 13 (train size (23, 3)) ---
2025-06-03 19:50:10,337 - INFO -  Inferred reference point at iter 13: [-0.09999112271082096, 0.04250680619363621, -0.09487384257379343]
2025-06-03 19:50:10,339 - INFO -  Scoring full pool: 9977 candidates
2025-06-03 19:50:13,430 - INFO -  GP predict time: 3.091s
2025-06-03 19:50:13,430 - INFO -   EHVI: 9977 candidates with 500 MC samples
2025-06-03 19:54:10,156 - INFO -  EHVI time: 236.726s
f1 shape: (1,)
f2 shape: (1,)
f3 shape: (1,)
2025-06-03 19:54:10,158 - INFO -  Selected idx=2023 (COC(=O)C1CC(NC(=O)Cn2c(=O)cc(C)c3ccccc32)CN1C) → [0.64529481 0.20801233 1.        ]
2025-06-03 19:54:10,174 - INFO -  Hypervolume: 0.2573
2025-06-03 19:54:10,174 - INFO - 
--- Iter 14 (train size (24, 3)) ---
2025-06-03 19:54:10,174 - INFO -  Inferred reference point at iter 14: [-0.09999112271082096, 0.04250680619363621, -0.09487384257379343]
2025-06-03 19:54:10,175 - INFO -  Scoring full pool: 9976 candidates
2025-06-03 19:54:13,396 - INFO -  GP predict time: 3.221s
2025-06-03 19:54:13,396 - INFO -   EHVI: 9976 candidates with 500 MC samples
2025-06-03 19:58:10,687 - INFO -  EHVI time: 237.291s
f1 shape: (1,)
f2 shape: (1,)
f3 shape: (1,)
2025-06-03 19:58:10,689 - INFO -  Selected idx=639 (COC(CNC(=O)C1CCCN1C(=O)OCc1ccccc1)OC) → [0.4351563  0.18760196 1.        ]
2025-06-03 19:58:10,706 - INFO -  Hypervolume: 0.2573
2025-06-03 19:58:10,706 - INFO - 
--- Iter 15 (train size (25, 3)) ---
2025-06-03 19:58:10,707 - INFO -  Inferred reference point at iter 15: [-0.09999112271082096, 0.04250680619363621, -0.09487384257379343]
2025-06-03 19:58:10,708 - INFO -  Scoring full pool: 9975 candidates
2025-06-03 19:58:14,071 - INFO -  GP predict time: 3.363s
2025-06-03 19:58:14,071 - INFO -   EHVI: 9975 candidates with 500 MC samples
2025-06-03 20:02:13,033 - INFO -  EHVI time: 238.962s
f1 shape: (1,)
f2 shape: (1,)
f3 shape: (1,)
2025-06-03 20:02:13,035 - INFO -  Selected idx=7960 (Cc1cccc(C)c1NC(=O)c1cc(-c2ccc(NC(=N)N)cc2)[nH]n1) → [1.         0.12072808 1.        ]
2025-06-03 20:02:13,053 - INFO -  Hypervolume: 0.2573
2025-06-03 20:02:13,053 - INFO - 
--- Iter 16 (train size (26, 3)) ---
2025-06-03 20:02:13,053 - INFO -  Inferred reference point at iter 16: [-0.09999112271082096, 0.04250680619363621, -0.09487384257379343]
2025-06-03 20:02:13,055 - INFO -  Scoring full pool: 9974 candidates
2025-06-03 20:02:16,567 - INFO -  GP predict time: 3.512s
2025-06-03 20:02:16,567 - INFO -   EHVI: 9974 candidates with 500 MC samples
2025-06-03 20:06:13,636 - INFO -  EHVI time: 237.069s
f1 shape: (1,)
f2 shape: (1,)
f3 shape: (1,)
2025-06-03 20:06:13,639 - INFO -  Selected idx=4302 (COc1cccc(OC)c1-c1ccc(CC(Nc2ccc(S(=O)(=O)N3CCCC3)cc2)C(=O)O)cc1) → [1.         0.28204272 0.9659813 ]
2025-06-03 20:06:13,656 - INFO -  Hypervolume: 0.2934
2025-06-03 20:06:13,656 - INFO - 
--- Iter 17 (train size (27, 3)) ---
2025-06-03 20:06:13,656 - INFO -  Inferred reference point at iter 17: [-0.09999112271082096, 0.04250680619363621, -0.09487384257379343]
2025-06-03 20:06:13,657 - INFO -  Scoring full pool: 9973 candidates
2025-06-03 20:06:17,245 - INFO -  GP predict time: 3.588s
2025-06-03 20:06:17,245 - INFO -   EHVI: 9973 candidates with 500 MC samples
2025-06-03 20:10:14,354 - INFO -  EHVI time: 237.108s
f1 shape: (1,)
f2 shape: (1,)
f3 shape: (1,)
2025-06-03 20:10:14,356 - INFO -  Selected idx=6822 (Cc1ccc(C2(O)CCN(C(=O)c3cccc(S(C)(=O)=O)c3)CC2)nc1) → [0.97090709 0.23412698 1.        ]
2025-06-03 20:10:14,374 - INFO -  Hypervolume: 0.2941
2025-06-03 20:10:14,374 - INFO - 
--- Iter 18 (train size (28, 3)) ---
2025-06-03 20:10:14,375 - INFO -  Inferred reference point at iter 18: [-0.09999112271082096, 0.04250680619363621, -0.09487384257379343]
2025-06-03 20:10:14,376 - INFO -  Scoring full pool: 9972 candidates
2025-06-03 20:10:18,091 - INFO -  GP predict time: 3.715s
2025-06-03 20:10:18,091 - INFO -   EHVI: 9972 candidates with 500 MC samples
2025-06-03 20:14:58,482 - INFO -  EHVI time: 280.391s
f1 shape: (1,)
f2 shape: (1,)
f3 shape: (1,)
2025-06-03 20:14:58,484 - INFO -  Selected idx=7428 (COc1ccc(-c2nn(C)c(=O)c3ccccc23)cc1NS(C)(=O)=O) → [1.        0.1317716 1.       ]
2025-06-03 20:14:58,502 - INFO -  Hypervolume: 0.2941
2025-06-03 20:14:58,502 - INFO - 
--- Iter 19 (train size (29, 3)) ---
2025-06-03 20:14:58,502 - INFO -  Inferred reference point at iter 19: [-0.09999112271082096, 0.04250680619363621, -0.09487384257379343]
2025-06-03 20:14:58,504 - INFO -  Scoring full pool: 9971 candidates
2025-06-03 20:15:02,291 - INFO -  GP predict time: 3.787s
2025-06-03 20:15:02,291 - INFO -   EHVI: 9971 candidates with 500 MC samples
2025-06-03 20:19:42,882 - INFO -  EHVI time: 280.591s
f1 shape: (1,)
f2 shape: (1,)
f3 shape: (1,)
2025-06-03 20:19:42,884 - INFO -  Selected idx=5019 (COCC(C)n1c(C)cc(C(=O)COc2ccc(S(=O)(=O)N3CCOCC3)cc2Cl)c1C) → [0.95798372 0.17375169 1.        ]
2025-06-03 20:19:42,902 - INFO -  Hypervolume: 0.2941
2025-06-03 20:19:42,902 - INFO - 
--- Iter 20 (train size (30, 3)) ---
2025-06-03 20:19:42,902 - INFO -  Inferred reference point at iter 20: [-0.09999112271082096, 0.04250680619363621, -0.09487384257379343]
2025-06-03 20:19:42,904 - INFO -  Scoring full pool: 9970 candidates
2025-06-03 20:19:46,895 - INFO -  GP predict time: 3.991s
2025-06-03 20:19:46,895 - INFO -   EHVI: 9970 candidates with 500 MC samples
2025-06-03 20:24:28,783 - INFO -  EHVI time: 281.888s
f1 shape: (1,)
f2 shape: (1,)
f3 shape: (1,)
2025-06-03 20:24:28,785 - INFO -  Selected idx=4917 (CNC(=O)c1ccc2cccc(CNC(C)=O)c2c1) → [0.00636972 0.14483066 1.        ]
2025-06-03 20:24:28,803 - INFO -  Hypervolume: 0.2941
2025-06-03 20:24:28,803 - INFO - 
--- Iter 21 (train size (31, 3)) ---
2025-06-03 20:24:28,803 - INFO -  Inferred reference point at iter 21: [-0.09999112271082096, 0.04250680619363621, -0.09487384257379343]
2025-06-03 20:24:28,805 - INFO -  Scoring full pool: 9969 candidates
2025-06-03 20:24:32,915 - INFO -  GP predict time: 4.110s
2025-06-03 20:24:32,915 - INFO -   EHVI: 9969 candidates with 500 MC samples
2025-06-03 20:29:13,867 - INFO -  EHVI time: 280.952s
f1 shape: (1,)
f2 shape: (1,)
f3 shape: (1,)
2025-06-03 20:29:13,870 - INFO -  Selected idx=5454 (COc1ccc(C)cc1NC(=O)NCc1ccc2c(c1)CCN2C(=O)c1ccccc1) → [0.15439446 0.24524158 0.8697859 ]
2025-06-03 20:29:13,892 - INFO -  Hypervolume: 0.2941
2025-06-03 20:29:13,892 - INFO - 
--- Iter 22 (train size (32, 3)) ---
2025-06-03 20:29:13,892 - INFO -  Inferred reference point at iter 22: [-0.09999112271082096, 0.04250680619363621, -0.09487384257379343]
2025-06-03 20:29:13,894 - INFO -  Scoring full pool: 9968 candidates
2025-06-03 20:29:18,148 - INFO -  GP predict time: 4.254s
2025-06-03 20:29:18,148 - INFO -   EHVI: 9968 candidates with 500 MC samples
2025-06-03 20:33:58,853 - INFO -  EHVI time: 280.705s
f1 shape: (1,)
f2 shape: (1,)
f3 shape: (1,)
2025-06-03 20:33:58,855 - INFO -  Selected idx=547 (CCc1ccc(N2CCN(C(=O)c3ccc(OC)c(OC)c3)CC2)cc1) → [9.97727551e-06 2.43506494e-01 1.00000000e+00]
2025-06-03 20:33:58,875 - INFO -  Hypervolume: 0.2941
2025-06-03 20:33:58,875 - INFO - 
--- Iter 23 (train size (33, 3)) ---
2025-06-03 20:33:58,875 - INFO -  Inferred reference point at iter 23: [-0.09999112271082096, 0.04250680619363621, -0.09487384257379343]
2025-06-03 20:33:58,877 - INFO -  Scoring full pool: 9967 candidates
2025-06-03 20:34:03,139 - INFO -  GP predict time: 4.261s
2025-06-03 20:34:03,139 - INFO -   EHVI: 9967 candidates with 500 MC samples
2025-06-03 20:38:44,436 - INFO -  EHVI time: 281.297s
f1 shape: (1,)
f2 shape: (1,)
f3 shape: (1,)
2025-06-03 20:38:44,438 - INFO -  Selected idx=5413 (COc1ccc(Cn2cc(CNC(=O)c3cccnc3Nc3ccc(OC)cc3)nn2)cc1) → [1.         0.20089286 1.        ]
2025-06-03 20:38:44,461 - INFO -  Hypervolume: 0.2941
2025-06-03 20:38:44,461 - INFO - 
--- Iter 24 (train size (34, 3)) ---
2025-06-03 20:38:44,461 - INFO -  Inferred reference point at iter 24: [-0.09999112271082096, 0.04250680619363621, -0.09487384257379343]
2025-06-03 20:38:44,463 - INFO -  Scoring full pool: 9966 candidates
2025-06-03 20:38:48,924 - INFO -  GP predict time: 4.461s
2025-06-03 20:38:48,924 - INFO -   EHVI: 9966 candidates with 500 MC samples
2025-06-03 20:43:29,548 - INFO -  EHVI time: 280.624s
f1 shape: (1,)
f2 shape: (1,)
f3 shape: (1,)
2025-06-03 20:43:29,551 - INFO -  Selected idx=5657 (CCOC(=O)Nc1cc2c(nc(SCc3ccc(OC)cc3)n2N)c(N)n1) → [1.         0.10729614 1.        ]
2025-06-03 20:43:29,575 - INFO -  Hypervolume: 0.2941
2025-06-03 20:43:29,575 - INFO - 
--- Iter 25 (train size (35, 3)) ---
2025-06-03 20:43:29,575 - INFO -  Inferred reference point at iter 25: [-0.09999112271082096, 0.04250680619363621, -0.09487384257379343]
2025-06-03 20:43:29,577 - INFO -  Scoring full pool: 9965 candidates
2025-06-03 20:43:34,202 - INFO -  GP predict time: 4.625s
2025-06-03 20:43:34,202 - INFO -   EHVI: 9965 candidates with 500 MC samples
2025-06-03 20:48:14,701 - INFO -  EHVI time: 280.499s
f1 shape: (1,)
f2 shape: (1,)
f3 shape: (1,)
2025-06-03 20:48:14,704 - INFO -  Selected idx=7768 (COc1cccc(OC)c1C(=O)Nc1cccc(-c2ccc(N3CCOCC3)nn2)c1) → [0.91596191 0.23792614 1.        ]
2025-06-03 20:48:14,729 - INFO -  Hypervolume: 0.2942
2025-06-03 20:48:14,729 - INFO - 
--- Iter 26 (train size (36, 3)) ---
2025-06-03 20:48:14,729 - INFO -  Inferred reference point at iter 26: [-0.09999112271082096, 0.04250680619363621, -0.09487384257379343]
2025-06-03 20:48:14,731 - INFO -  Scoring full pool: 9964 candidates
2025-06-03 20:48:19,584 - INFO -  GP predict time: 4.853s
2025-06-03 20:48:19,584 - INFO -   EHVI: 9964 candidates with 500 MC samples
2025-06-03 20:53:46,063 - INFO -  EHVI time: 326.478s
f1 shape: (1,)
f2 shape: (1,)
f3 shape: (1,)
2025-06-03 20:53:46,065 - INFO -  Selected idx=1937 (CCOc1ccc(-c2nnc(NC(=O)CCCOc3cccc(C)c3)o2)cc1) → [0.939928   0.1882764  0.97127872]
2025-06-03 20:53:46,091 - INFO -  Hypervolume: 0.2942
2025-06-03 20:53:46,091 - INFO - 
--- Iter 27 (train size (37, 3)) ---
2025-06-03 20:53:46,091 - INFO -  Inferred reference point at iter 27: [-0.09999112271082096, 0.04250680619363621, -0.09487384257379343]
2025-06-03 20:53:46,093 - INFO -  Scoring full pool: 9963 candidates
2025-06-03 20:53:50,976 - INFO -  GP predict time: 4.883s
2025-06-03 20:53:50,976 - INFO -   EHVI: 9963 candidates with 500 MC samples
2025-06-03 20:59:17,225 - INFO -  EHVI time: 326.249s
f1 shape: (1,)
f2 shape: (1,)
f3 shape: (1,)
2025-06-03 20:59:17,227 - INFO -  Selected idx=6922 (O=C(CN1CCN(S(=O)(=O)c2ccc3c(c2)OCCO3)CC1)Nc1cccc(F)c1) → [0.9835744  0.24887725 1.        ]
2025-06-03 20:59:17,251 - INFO -  Hypervolume: 0.2946
2025-06-03 20:59:17,251 - INFO - 
--- Iter 28 (train size (38, 3)) ---
2025-06-03 20:59:17,251 - INFO -  Inferred reference point at iter 28: [-0.09999112271082096, 0.04250680619363621, -0.09487384257379343]
2025-06-03 20:59:17,254 - INFO -  Scoring full pool: 9962 candidates
2025-06-03 20:59:22,163 - INFO -  GP predict time: 4.909s
2025-06-03 20:59:22,163 - INFO -   EHVI: 9962 candidates with 500 MC samples
2025-06-03 21:04:01,937 - INFO -  EHVI time: 279.773s
f1 shape: (1,)
f2 shape: (1,)
f3 shape: (1,)
2025-06-03 21:04:01,939 - INFO -  Selected idx=1401 (O=C(O)c1nn(CCOc2cccc(Br)c2)c(=O)c2ccccc12) → [0.69206043 0.1765873  1.        ]
2025-06-03 21:04:01,965 - INFO -  Hypervolume: 0.2946
2025-06-03 21:04:01,965 - INFO - 
--- Iter 29 (train size (39, 3)) ---
2025-06-03 21:04:01,965 - INFO -  Inferred reference point at iter 29: [-0.09999112271082096, 0.04250680619363621, -0.09487384257379343]
2025-06-03 21:04:01,967 - INFO -  Scoring full pool: 9961 candidates
2025-06-03 21:04:07,122 - INFO -  GP predict time: 5.155s
2025-06-03 21:04:07,122 - INFO -   EHVI: 9961 candidates with 500 MC samples
2025-06-03 21:08:47,609 - INFO -  EHVI time: 280.487s
f1 shape: (1,)
f2 shape: (1,)
f3 shape: (1,)
2025-06-03 21:08:47,612 - INFO -  Selected idx=6018 (O=C(Nc1ccc(Cl)cc1)c1cc(-c2cccc(O)c2)on1) → [0.3424437  0.14303483 1.        ]
2025-06-03 21:08:47,640 - INFO -  Hypervolume: 0.2946
2025-06-03 21:08:47,640 - INFO - 
--- Iter 30 (train size (40, 3)) ---
2025-06-03 21:08:47,640 - INFO -  Inferred reference point at iter 30: [-0.09999112271082096, 0.04250680619363621, -0.09487384257379343]
2025-06-03 21:08:47,642 - INFO -  Scoring full pool: 9960 candidates
2025-06-03 21:08:52,794 - INFO -  GP predict time: 5.151s
2025-06-03 21:08:52,794 - INFO -   EHVI: 9960 candidates with 500 MC samples
2025-06-03 21:13:34,230 - INFO -  EHVI time: 281.436s
f1 shape: (1,)
f2 shape: (1,)
f3 shape: (1,)
2025-06-03 21:13:34,232 - INFO -  Selected idx=8483 (CCOc1ccccc1NC(=O)CCN1CCN(S(=O)(=O)c2ccc(OC)cc2)CC1) → [0.9835744  0.32176287 1.        ]
2025-06-03 21:13:34,259 - INFO -  Hypervolume: 0.3370
2025-06-03 21:13:34,259 - INFO - 
--- Iter 31 (train size (41, 3)) ---
2025-06-03 21:13:34,259 - INFO -  Inferred reference point at iter 31: [-0.09999112271082096, 0.04250680619363621, -0.09487384257379343]
2025-06-03 21:13:34,261 - INFO -  Scoring full pool: 9959 candidates
2025-06-03 21:13:39,603 - INFO -  GP predict time: 5.341s
2025-06-03 21:13:39,603 - INFO -   EHVI: 9959 candidates with 500 MC samples
2025-06-03 21:17:36,341 - INFO -  EHVI time: 236.739s
f1 shape: (1,)
f2 shape: (1,)
f3 shape: (1,)
2025-06-03 21:17:36,344 - INFO -  Selected idx=2774 (COC(=O)C1=C(c2cccc(OCc3ccccc3)c2)CC2CCC1N2C(=O)NCc1ccc(N(C)C)cc1) → [0.16793799 0.30747837 0.37284554]
2025-06-03 21:17:36,372 - INFO -  Hypervolume: 0.3370
2025-06-03 21:17:36,372 - INFO - 
--- Iter 32 (train size (42, 3)) ---
2025-06-03 21:17:36,372 - INFO -  Inferred reference point at iter 32: [-0.09999112271082096, 0.04250680619363621, -0.09487384257379343]
2025-06-03 21:17:36,374 - INFO -  Scoring full pool: 9958 candidates
2025-06-03 21:17:41,769 - INFO -  GP predict time: 5.395s
2025-06-03 21:17:41,770 - INFO -   EHVI: 9958 candidates with 500 MC samples
2025-06-03 21:21:38,582 - INFO -  EHVI time: 236.813s
f1 shape: (1,)
f2 shape: (1,)
f3 shape: (1,)
2025-06-03 21:21:38,585 - INFO -  Selected idx=8969 (COc1ccc(CC(=O)CC(=O)NC2CCOC2=O)cc1) → [0.70860998 0.17513135 1.        ]
2025-06-03 21:21:38,615 - INFO -  Hypervolume: 0.3370
2025-06-03 21:21:38,615 - INFO - 
--- Iter 33 (train size (43, 3)) ---
2025-06-03 21:21:38,615 - INFO -  Inferred reference point at iter 33: [-0.09999112271082096, 0.04250680619363621, -0.09487384257379343]
2025-06-03 21:21:38,618 - INFO -  Scoring full pool: 9957 candidates
2025-06-03 21:21:44,109 - INFO -  GP predict time: 5.491s
2025-06-03 21:21:44,109 - INFO -   EHVI: 9957 candidates with 500 MC samples
2025-06-03 21:25:40,870 - INFO -  EHVI time: 236.760s
f1 shape: (1,)
f2 shape: (1,)
f3 shape: (1,)
2025-06-03 21:25:40,872 - INFO -  Selected idx=6605 (Cc1ccc(NC(=O)C2CCCN2S(=O)(=O)c2cccc3cccnc23)c(C)c1) → [0.56836896 0.2318117  1.        ]
2025-06-03 21:25:40,903 - INFO -  Hypervolume: 0.3370
2025-06-03 21:25:40,903 - INFO - 
--- Iter 34 (train size (44, 3)) ---
2025-06-03 21:25:40,903 - INFO -  Inferred reference point at iter 34: [-0.09999112271082096, 0.04250680619363621, -0.09487384257379343]
2025-06-03 21:25:40,906 - INFO -  Scoring full pool: 9956 candidates
2025-06-03 21:25:46,573 - INFO -  GP predict time: 5.667s
2025-06-03 21:25:46,573 - INFO -   EHVI: 9956 candidates with 500 MC samples
2025-06-03 21:29:43,384 - INFO -  EHVI time: 236.811s
f1 shape: (1,)
f2 shape: (1,)
f3 shape: (1,)
2025-06-03 21:29:43,387 - INFO -  Selected idx=9434 (COc1ccc(-c2cnc3ccccn3c2=O)cc1) → [2.11303534e-05 1.83486239e-01 1.00000000e+00]
2025-06-03 21:29:43,418 - INFO -  Hypervolume: 0.3370
2025-06-03 21:29:43,418 - INFO - 
--- Iter 35 (train size (45, 3)) ---
2025-06-03 21:29:43,418 - INFO -  Inferred reference point at iter 35: [-0.09999112271082096, 0.04250680619363621, -0.09487384257379343]
2025-06-03 21:29:43,421 - INFO -  Scoring full pool: 9955 candidates
2025-06-03 21:29:49,090 - INFO -  GP predict time: 5.669s
2025-06-03 21:29:49,090 - INFO -   EHVI: 9955 candidates with 500 MC samples
2025-06-03 21:33:46,029 - INFO -  EHVI time: 236.938s
f1 shape: (1,)
f2 shape: (1,)
f3 shape: (1,)
2025-06-03 21:33:46,031 - INFO -  Selected idx=5061 (CCC(Nc1cccc(OC)c1)C(=O)NCc1ccc2[nH]c(=O)[nH]c2c1) → [1.         0.17554012 1.        ]
2025-06-03 21:33:46,063 - INFO -  Hypervolume: 0.3370
2025-06-03 21:33:46,063 - INFO - 
--- Iter 36 (train size (46, 3)) ---
2025-06-03 21:33:46,063 - INFO -  Inferred reference point at iter 36: [-0.09999112271082096, 0.04250680619363621, -0.09487384257379343]
2025-06-03 21:33:46,066 - INFO -  Scoring full pool: 9954 candidates
2025-06-03 21:33:51,849 - INFO -  GP predict time: 5.783s
2025-06-03 21:33:51,849 - INFO -   EHVI: 9954 candidates with 500 MC samples
2025-06-03 21:37:48,683 - INFO -  EHVI time: 236.834s
f1 shape: (1,)
f2 shape: (1,)
f3 shape: (1,)
2025-06-03 21:37:48,685 - INFO -  Selected idx=7147 (COc1ccc(CNS(=O)(=O)c2ccc3oc(C(=O)O)c(C)c3c2)cc1) → [1.         0.17366412 1.        ]
2025-06-03 21:37:48,720 - INFO -  Hypervolume: 0.3370
2025-06-03 21:37:48,720 - INFO - 
--- Iter 37 (train size (47, 3)) ---
2025-06-03 21:37:48,720 - INFO -  Inferred reference point at iter 37: [-0.09999112271082096, 0.04250680619363621, -0.09487384257379343]
2025-06-03 21:37:48,723 - INFO -  Scoring full pool: 9953 candidates
2025-06-03 21:37:54,748 - INFO -  GP predict time: 6.025s
2025-06-03 21:37:54,748 - INFO -   EHVI: 9953 candidates with 500 MC samples
2025-06-03 21:41:51,434 - INFO -  EHVI time: 236.686s
f1 shape: (1,)
f2 shape: (1,)
f3 shape: (1,)
2025-06-03 21:41:51,436 - INFO -  Selected idx=5336 (COc1ccc(NC(=O)C2CCCN(S(=O)(=O)c3cccc4nonc34)C2)cc1OC) → [1.         0.21522039 1.        ]
2025-06-03 21:41:51,469 - INFO -  Hypervolume: 0.3370
2025-06-03 21:41:51,469 - INFO - 
--- Iter 38 (train size (48, 3)) ---
2025-06-03 21:41:51,469 - INFO -  Inferred reference point at iter 38: [-0.09999112271082096, 0.04250680619363621, -0.09487384257379343]
2025-06-03 21:41:51,472 - INFO -  Scoring full pool: 9952 candidates
2025-06-03 21:41:57,602 - INFO -  GP predict time: 6.130s
2025-06-03 21:41:57,602 - INFO -   EHVI: 9952 candidates with 500 MC samples
2025-06-03 21:45:54,828 - INFO -  EHVI time: 237.226s
f1 shape: (1,)
f2 shape: (1,)
f3 shape: (1,)
2025-06-03 21:45:54,831 - INFO -  Selected idx=9044 (Cc1cccnc1NC(=O)c1cccc(S(=O)(=O)N2CCCC2)c1) → [0.56836896 0.21783388 1.        ]
2025-06-03 21:45:54,868 - INFO -  Hypervolume: 0.3370
2025-06-03 21:45:54,868 - INFO - 
--- Iter 39 (train size (49, 3)) ---
2025-06-03 21:45:54,868 - INFO -  Inferred reference point at iter 39: [-0.09999112271082096, 0.04250680619363621, -0.09487384257379343]
2025-06-03 21:45:54,871 - INFO -  Scoring full pool: 9951 candidates
2025-06-03 21:46:01,172 - INFO -  GP predict time: 6.301s
2025-06-03 21:46:01,172 - INFO -   EHVI: 9951 candidates with 500 MC samples
2025-06-03 21:49:58,591 - INFO -  EHVI time: 237.420s
f1 shape: (1,)
f2 shape: (1,)
f3 shape: (1,)
2025-06-03 21:49:58,593 - INFO -  Selected idx=6139 (CCC(=O)Nc1cccc(-c2cn3cccc(C)c3n2)c1) → [7.44934020e-05 1.89130435e-01 1.00000000e+00]
2025-06-03 21:49:58,628 - INFO -  Hypervolume: 0.3370
2025-06-03 21:49:58,628 - INFO - 
--- Iter 40 (train size (50, 3)) ---
2025-06-03 21:49:58,628 - INFO -  Inferred reference point at iter 40: [-0.09999112271082096, 0.04250680619363621, -0.09487384257379343]
2025-06-03 21:49:58,631 - INFO -  Scoring full pool: 9950 candidates
2025-06-03 21:50:04,953 - INFO -  GP predict time: 6.321s
2025-06-03 21:50:04,953 - INFO -   EHVI: 9950 candidates with 500 MC samples
2025-06-03 21:54:02,599 - INFO -  EHVI time: 237.646s
f1 shape: (1,)
f2 shape: (1,)
f3 shape: (1,)
2025-06-03 21:54:02,601 - INFO -  Selected idx=7067 (Cc1ccc(N2C(=O)c3ccc(C(=O)Nc4cccnc4)cc3C2=O)c(C)c1) → [0.56836896 0.14551192 1.        ]
2025-06-03 21:54:02,640 - INFO -  Hypervolume: 0.3370
2025-06-03 21:54:02,640 - INFO - 
--- Iter 41 (train size (51, 3)) ---
2025-06-03 21:54:02,640 - INFO -  Inferred reference point at iter 41: [-0.09999112271082096, 0.04250680619363621, -0.09487384257379343]
2025-06-03 21:54:02,643 - INFO -  Scoring full pool: 9949 candidates
2025-06-03 21:54:09,100 - INFO -  GP predict time: 6.457s
2025-06-03 21:54:09,100 - INFO -   EHVI: 9949 candidates with 500 MC samples
2025-06-03 21:58:06,782 - INFO -  EHVI time: 237.682s
f1 shape: (1,)
f2 shape: (1,)
f3 shape: (1,)
2025-06-03 21:58:06,785 - INFO -  Selected idx=7844 (COc1ccc2oc(=O)c(C(=O)Nc3cccc(C(C)=O)c3)cc2c1) → [0.90813657 0.13533835 1.        ]
2025-06-03 21:58:06,824 - INFO -  Hypervolume: 0.3370
2025-06-03 21:58:06,824 - INFO - 
--- Iter 42 (train size (52, 3)) ---
2025-06-03 21:58:06,824 - INFO -  Inferred reference point at iter 42: [-0.09999112271082096, 0.04250680619363621, -0.09487384257379343]
2025-06-03 21:58:06,827 - INFO -  Scoring full pool: 9948 candidates
2025-06-03 21:58:13,421 - INFO -  GP predict time: 6.594s
2025-06-03 21:58:13,421 - INFO -   EHVI: 9948 candidates with 500 MC samples
2025-06-03 22:02:10,101 - INFO -  EHVI time: 236.680s
f1 shape: (1,)
f2 shape: (1,)
f3 shape: (1,)
2025-06-03 22:02:10,104 - INFO -  Selected idx=811 (COc1ccc(NC(=O)CCNS(=O)(=O)c2ccc(C(=N)N)cc2)cc1OC) → [1.         0.15416048 1.        ]
2025-06-03 22:02:10,145 - INFO -  Hypervolume: 0.3370
2025-06-03 22:02:10,145 - INFO - 
--- Iter 43 (train size (53, 3)) ---
2025-06-03 22:02:10,145 - INFO -  Inferred reference point at iter 43: [-0.09999112271082096, 0.04250680619363621, -0.09487384257379343]
2025-06-03 22:02:10,148 - INFO -  Scoring full pool: 9947 candidates
2025-06-03 22:02:16,863 - INFO -  GP predict time: 6.715s
2025-06-03 22:02:16,863 - INFO -   EHVI: 9947 candidates with 500 MC samples
2025-06-03 22:06:13,651 - INFO -  EHVI time: 236.788s
f1 shape: (1,)
f2 shape: (1,)
f3 shape: (1,)
2025-06-03 22:06:13,654 - INFO -  Selected idx=5931 (Cc1cc(F)ccc1NC(=O)CCc1ccc(S(=O)(=O)N2CCOCC2)cc1) → [0.36022714 0.21511628 1.        ]
2025-06-03 22:06:13,695 - INFO -  Hypervolume: 0.3370
2025-06-03 22:06:13,696 - INFO - 
--- Iter 44 (train size (54, 3)) ---
2025-06-03 22:06:13,696 - INFO -  Inferred reference point at iter 44: [-0.09999112271082096, 0.04250680619363621, -0.09487384257379343]
2025-06-03 22:06:13,699 - INFO -  Scoring full pool: 9946 candidates
2025-06-03 22:06:20,663 - INFO -  GP predict time: 6.964s
2025-06-03 22:06:20,663 - INFO -   EHVI: 9946 candidates with 500 MC samples
2025-06-03 22:10:17,797 - INFO -  EHVI time: 237.134s
f1 shape: (1,)
f2 shape: (1,)
f3 shape: (1,)
2025-06-03 22:10:17,800 - INFO -  Selected idx=2969 (COc1ccc(S(=O)(=O)NCCSC2c3ccccc3COc3ccc(C(=O)O)cc32)cc1OC) → [1.         0.25       0.99545026]
2025-06-03 22:10:17,843 - INFO -  Hypervolume: 0.3370
2025-06-03 22:10:17,843 - INFO - 
--- Iter 45 (train size (55, 3)) ---
2025-06-03 22:10:17,844 - INFO -  Inferred reference point at iter 45: [-0.09999112271082096, 0.04250680619363621, -0.09487384257379343]
2025-06-03 22:10:17,847 - INFO -  Scoring full pool: 9945 candidates
2025-06-03 22:10:24,912 - INFO -  GP predict time: 7.066s
2025-06-03 22:10:24,913 - INFO -   EHVI: 9945 candidates with 500 MC samples
2025-06-03 22:15:05,332 - INFO -  EHVI time: 280.420s
f1 shape: (1,)
f2 shape: (1,)
f3 shape: (1,)
2025-06-03 22:15:05,335 - INFO -  Selected idx=2900 (CCC(C(=O)Nc1ccccc1OC)n1c(C(=O)OC)cc2ccsc21) → [0.12381485 0.14326648 0.996153  ]
2025-06-03 22:15:05,379 - INFO -  Hypervolume: 0.3370
2025-06-03 22:15:05,379 - INFO - 
--- Iter 46 (train size (56, 3)) ---
2025-06-03 22:15:05,379 - INFO -  Inferred reference point at iter 46: [-0.09999112271082096, 0.04250680619363621, -0.09487384257379343]
2025-06-03 22:15:05,382 - INFO -  Scoring full pool: 9944 candidates
2025-06-03 22:15:12,421 - INFO -  GP predict time: 7.039s
2025-06-03 22:15:12,421 - INFO -   EHVI: 9944 candidates with 500 MC samples
2025-06-03 22:19:52,298 - INFO -  EHVI time: 279.876s
f1 shape: (1,)
f2 shape: (1,)
f3 shape: (1,)
2025-06-03 22:19:52,300 - INFO -  Selected idx=5515 (Cc1csc(NC(=O)c2cccc(Oc3ccc(S(C)(=O)=O)cc3)c2)n1) → [0.89794362 0.15648855 1.        ]
2025-06-03 22:19:52,345 - INFO -  Hypervolume: 0.3370
2025-06-03 22:19:52,345 - INFO - 
--- Iter 47 (train size (57, 3)) ---
2025-06-03 22:19:52,345 - INFO -  Inferred reference point at iter 47: [-0.09999112271082096, 0.04250680619363621, -0.09487384257379343]
2025-06-03 22:19:52,348 - INFO -  Scoring full pool: 9943 candidates
2025-06-03 22:19:59,509 - INFO -  GP predict time: 7.160s
2025-06-03 22:19:59,509 - INFO -   EHVI: 9943 candidates with 500 MC samples
2025-06-03 22:24:39,896 - INFO -  EHVI time: 280.387s
f1 shape: (1,)
f2 shape: (1,)
f3 shape: (1,)
2025-06-03 22:24:39,897 - INFO -  Selected idx=1536 (COc1cccc(NC(=O)c2cccc(OC)c2)c1) → [1.22700025e-04 1.65307971e-01 1.00000000e+00]
2025-06-03 22:24:39,940 - INFO -  Hypervolume: 0.3370
2025-06-03 22:24:39,940 - INFO - 
--- Iter 48 (train size (58, 3)) ---
2025-06-03 22:24:39,940 - INFO -  Inferred reference point at iter 48: [-0.09999112271082096, 0.04250680619363621, -0.09487384257379343]
2025-06-03 22:24:39,943 - INFO -  Scoring full pool: 9942 candidates
2025-06-03 22:24:47,321 - INFO -  GP predict time: 7.378s
2025-06-03 22:24:47,321 - INFO -   EHVI: 9942 candidates with 500 MC samples
2025-06-03 22:29:27,200 - INFO -  EHVI time: 279.879s
f1 shape: (1,)
f2 shape: (1,)
f3 shape: (1,)
2025-06-03 22:29:27,203 - INFO -  Selected idx=339 (CCc1ccc(C=NNC(=O)Nc2c(C)cccc2C)cc1) → [0.00127488 0.14495798 0.99977019]
2025-06-03 22:29:27,249 - INFO -  Hypervolume: 0.3370
2025-06-03 22:29:27,250 - INFO - 
--- Iter 49 (train size (59, 3)) ---
2025-06-03 22:29:27,250 - INFO -  Inferred reference point at iter 49: [-0.09999112271082096, 0.04250680619363621, -0.09487384257379343]
2025-06-03 22:29:27,253 - INFO -  Scoring full pool: 9941 candidates
2025-06-03 22:29:34,932 - INFO -  GP predict time: 7.679s
2025-06-03 22:29:34,932 - INFO -   EHVI: 9941 candidates with 500 MC samples
2025-06-03 22:34:14,980 - INFO -  EHVI time: 280.048s
f1 shape: (1,)
f2 shape: (1,)
f3 shape: (1,)
2025-06-03 22:34:14,982 - INFO -  Selected idx=6056 (COc1ccc(CCNCC(O)COC(=O)c2ccc(N)cc2)cc1OC) → [1.         0.22504092 1.        ]
2025-06-03 22:34:15,030 - INFO -  Hypervolume: 0.3370
2025-06-03 22:34:15,030 - INFO - 
--- Iter 50 (train size (60, 3)) ---
2025-06-03 22:34:15,030 - INFO -  Inferred reference point at iter 50: [-0.09999112271082096, 0.04250680619363621, -0.09487384257379343]
2025-06-03 22:34:15,034 - INFO -  Scoring full pool: 9940 candidates
2025-06-03 22:34:22,573 - INFO -  GP predict time: 7.540s
2025-06-03 22:34:22,574 - INFO -   EHVI: 9940 candidates with 500 MC samples
2025-06-03 22:39:02,988 - INFO -  EHVI time: 280.415s
f1 shape: (1,)
f2 shape: (1,)
f3 shape: (1,)
2025-06-03 22:39:02,991 - INFO -  Selected idx=1031 (COc1ccc(C)cc1NC(=O)Cn1c(=O)oc2cc(S(=O)(=O)N3CCCCC3)ccc21) → [1.         0.20302013 1.        ]
2025-06-03 22:39:03,038 - INFO -  Hypervolume: 0.3370
2025-06-03 22:39:03,038 - INFO - 
--- Iter 51 (train size (61, 3)) ---
2025-06-03 22:39:03,038 - INFO -  Inferred reference point at iter 51: [-0.09999112271082096, 0.04250680619363621, -0.09487384257379343]
2025-06-03 22:39:03,042 - INFO -  Scoring full pool: 9939 candidates
2025-06-03 22:39:10,769 - INFO -  GP predict time: 7.727s
2025-06-03 22:39:10,769 - INFO -   EHVI: 9939 candidates with 500 MC samples
2025-06-03 22:43:50,778 - INFO -  EHVI time: 280.009s
f1 shape: (1,)
f2 shape: (1,)
f3 shape: (1,)
2025-06-03 22:43:50,781 - INFO -  Selected idx=81 (COc1ccc(S(=O)(=O)N(Cc2ccc3c(c2)OCO3)C(CCC(=O)N2CCN(C)CC2)C(=O)NO)cc1) → [1.         0.24746907 1.        ]
2025-06-03 22:43:50,832 - INFO -  Hypervolume: 0.3370
2025-06-03 22:43:50,832 - INFO - 
--- Iter 52 (train size (62, 3)) ---
2025-06-03 22:43:50,832 - INFO -  Inferred reference point at iter 52: [-0.09999112271082096, 0.04250680619363621, -0.09487384257379343]
2025-06-03 22:43:50,836 - INFO -  Scoring full pool: 9938 candidates
2025-06-03 22:43:58,864 - INFO -  GP predict time: 8.028s
2025-06-03 22:43:58,864 - INFO -   EHVI: 9938 candidates with 500 MC samples
2025-06-03 22:48:39,306 - INFO -  EHVI time: 280.442s
f1 shape: (1,)
f2 shape: (1,)
f3 shape: (1,)
2025-06-03 22:48:39,309 - INFO -  Selected idx=9019 (COc1ccc(CNC(=O)C2CCN(Cc3nc(-c4ccc(OC)c(OC)c4)oc3C)CC2)cc1) → [0.92531783 0.29829545 0.97936301]
2025-06-03 22:48:39,360 - INFO -  Hypervolume: 0.3370
2025-06-03 22:48:39,360 - INFO - 
--- Iter 53 (train size (63, 3)) ---
2025-06-03 22:48:39,360 - INFO -  Inferred reference point at iter 53: [-0.09999112271082096, 0.04250680619363621, -0.09487384257379343]
2025-06-03 22:48:39,364 - INFO -  Scoring full pool: 9937 candidates
2025-06-03 22:48:47,447 - INFO -  GP predict time: 8.083s
2025-06-03 22:48:47,447 - INFO -   EHVI: 9937 candidates with 500 MC samples
2025-06-03 22:53:27,971 - INFO -  EHVI time: 280.524s
f1 shape: (1,)
f2 shape: (1,)
f3 shape: (1,)
2025-06-03 22:53:27,974 - INFO -  Selected idx=7444 (CCC(C)C(NC(=O)c1cccc(Cn2ccnc2)c1)C(=O)NNS(=O)(=O)c1ccc(OC)cc1) → [1.        0.1684178 1.       ]
2025-06-03 22:53:28,028 - INFO -  Hypervolume: 0.3370
2025-06-03 22:53:28,028 - INFO - 
--- Iter 54 (train size (64, 3)) ---
2025-06-03 22:53:28,028 - INFO -  Inferred reference point at iter 54: [-0.09999112271082096, 0.04250680619363621, -0.09487384257379343]
2025-06-03 22:53:28,032 - INFO -  Scoring full pool: 9936 candidates
2025-06-03 22:53:36,305 - INFO -  GP predict time: 8.273s
2025-06-03 22:53:36,305 - INFO -   EHVI: 9936 candidates with 500 MC samples
2025-06-03 22:58:15,403 - INFO -  EHVI time: 279.098s
f1 shape: (1,)
f2 shape: (1,)
f3 shape: (1,)
2025-06-03 22:58:15,406 - INFO -  Selected idx=5317 (CCc1ccc(NC(=O)CN(C)S(=O)(=O)c2ccc3c(c2)c(=O)n(C)c(=O)n3C)cc1) → [1.         0.15520694 1.        ]
2025-06-03 22:58:15,460 - INFO -  Hypervolume: 0.3370
2025-06-03 22:58:15,460 - INFO - 
--- Iter 55 (train size (65, 3)) ---
2025-06-03 22:58:15,460 - INFO -  Inferred reference point at iter 55: [-0.09999112271082096, 0.04250680619363621, -0.09487384257379343]
2025-06-03 22:58:15,464 - INFO -  Scoring full pool: 9935 candidates
2025-06-03 22:58:23,753 - INFO -  GP predict time: 8.289s
2025-06-03 22:58:23,753 - INFO -   EHVI: 9935 candidates with 500 MC samples
2025-06-03 23:03:03,713 - INFO -  EHVI time: 279.960s
f1 shape: (1,)
f2 shape: (1,)
f3 shape: (1,)
2025-06-03 23:03:03,715 - INFO -  Selected idx=8077 (COc1cccc(CNC(=O)COC(=O)c2ccc(S(C)(=O)=O)c([N+](=O)[O-])c2)c1) → [1.         0.16351744 1.        ]
2025-06-03 23:03:03,771 - INFO -  Hypervolume: 0.3370
2025-06-03 23:03:03,771 - INFO - 
--- Iter 56 (train size (66, 3)) ---
2025-06-03 23:03:03,771 - INFO -  Inferred reference point at iter 56: [-0.09999112271082096, 0.04250680619363621, -0.09487384257379343]
2025-06-03 23:03:03,775 - INFO -  Scoring full pool: 9934 candidates
2025-06-03 23:03:12,202 - INFO -  GP predict time: 8.427s
2025-06-03 23:03:12,202 - INFO -   EHVI: 9934 candidates with 500 MC samples
2025-06-03 23:07:52,799 - INFO -  EHVI time: 280.596s
f1 shape: (1,)
f2 shape: (1,)
f3 shape: (1,)
2025-06-03 23:07:52,801 - INFO -  Selected idx=5669 (COc1ccc(CC(=O)Oc2ccc(C(C)C)cc2)cc1S(=O)(=O)N1CCOCC1) → [0.73425566 0.25919118 1.        ]
2025-06-03 23:07:53,092 - INFO -  Hypervolume: 0.3370
2025-06-03 23:07:53,092 - INFO - 
--- Iter 57 (train size (67, 3)) ---
2025-06-03 23:07:53,092 - INFO -  Inferred reference point at iter 57: [-0.09999112271082096, 0.04250680619363621, -0.09487384257379343]
2025-06-03 23:07:53,096 - INFO -  Scoring full pool: 9933 candidates
2025-06-03 23:08:01,524 - INFO -  GP predict time: 8.427s
2025-06-03 23:08:01,524 - INFO -   EHVI: 9933 candidates with 500 MC samples
2025-06-03 23:12:42,114 - INFO -  EHVI time: 280.590s
f1 shape: (1,)
f2 shape: (1,)
f3 shape: (1,)
2025-06-03 23:12:42,116 - INFO -  Selected idx=4693 (COc1cc(C)c(CNCC(NC(=O)c2cc(C)on2)c2ccc(F)cc2)cc1C) → [0.39607151 0.16025641 0.99996421]
2025-06-03 23:12:42,172 - INFO -  Hypervolume: 0.3370
2025-06-03 23:12:42,172 - INFO - 
--- Iter 58 (train size (68, 3)) ---
2025-06-03 23:12:42,172 - INFO -  Inferred reference point at iter 58: [-0.09999112271082096, 0.04250680619363621, -0.09487384257379343]
2025-06-03 23:12:42,176 - INFO -  Scoring full pool: 9932 candidates
2025-06-03 23:12:50,668 - INFO -  GP predict time: 8.491s
2025-06-03 23:12:50,668 - INFO -   EHVI: 9932 candidates with 500 MC samples
2025-06-03 23:17:31,397 - INFO -  EHVI time: 280.729s
f1 shape: (1,)
f2 shape: (1,)
f3 shape: (1,)
2025-06-03 23:17:31,400 - INFO -  Selected idx=6960 (CCc1ccc2c(c1)c(=O)c(S(=O)(=O)c1ccc(F)cc1)cn2CC(=O)Nc1ccccc1OC) → [1.         0.17236385 0.98337691]
2025-06-03 23:17:31,457 - INFO -  Hypervolume: 0.3370
2025-06-03 23:17:31,457 - INFO - 
--- Iter 59 (train size (69, 3)) ---
2025-06-03 23:17:31,457 - INFO -  Inferred reference point at iter 59: [-0.09999112271082096, 0.04250680619363621, -0.09487384257379343]
2025-06-03 23:17:31,461 - INFO -  Scoring full pool: 9931 candidates
2025-06-03 23:17:40,289 - INFO -  GP predict time: 8.827s
2025-06-03 23:17:40,289 - INFO -   EHVI: 9931 candidates with 500 MC samples
2025-06-03 23:22:20,350 - INFO -  EHVI time: 280.061s
f1 shape: (1,)
f2 shape: (1,)
f3 shape: (1,)
2025-06-03 23:22:20,352 - INFO -  Selected idx=8837 (Cc1ccc(C)c(NC(=O)COC(=O)c2ccc(S(=O)(=O)N3CCCC3)cc2)c1) → [1.         0.19473294 1.        ]
2025-06-03 23:22:20,411 - INFO -  Hypervolume: 0.3370
2025-06-03 23:22:20,411 - INFO - 
--- Iter 60 (train size (70, 3)) ---
2025-06-03 23:22:20,411 - INFO -  Inferred reference point at iter 60: [-0.09999112271082096, 0.04250680619363621, -0.09487384257379343]
2025-06-03 23:22:20,415 - INFO -  Scoring full pool: 9930 candidates
2025-06-03 23:22:29,375 - INFO -  GP predict time: 8.960s
2025-06-03 23:22:29,375 - INFO -   EHVI: 9930 candidates with 500 MC samples
2025-06-03 23:27:09,591 - INFO -  EHVI time: 280.216s
f1 shape: (1,)
f2 shape: (1,)
f3 shape: (1,)
2025-06-03 23:27:09,593 - INFO -  Selected idx=5023 (CCOc1cc(NC(=O)N2CCC(O)(CC(CC)CC)CC2)cc(Oc2ccc(F)cc2)c1) → [0.16541389 0.29432624 0.08857004]
2025-06-03 23:27:09,653 - INFO -  Hypervolume: 0.3370
2025-06-03 23:27:09,653 - INFO - 
--- Iter 61 (train size (71, 3)) ---
2025-06-03 23:27:09,653 - INFO -  Inferred reference point at iter 61: [-0.09999112271082096, 0.04250680619363621, -0.09487384257379343]
2025-06-03 23:27:09,657 - INFO -  Scoring full pool: 9929 candidates
2025-06-03 23:27:18,591 - INFO -  GP predict time: 8.934s
2025-06-03 23:27:18,591 - INFO -   EHVI: 9929 candidates with 500 MC samples
2025-06-03 23:31:58,527 - INFO -  EHVI time: 279.936s
f1 shape: (1,)
f2 shape: (1,)
f3 shape: (1,)
2025-06-03 23:31:58,530 - INFO -  Selected idx=3257 (COc1ccc(C(=O)OCC(=O)NCc2ccco2)cc1OC) → [0.95599748 0.12318255 1.        ]
2025-06-03 23:31:58,594 - INFO -  Hypervolume: 0.3370
2025-06-03 23:31:58,594 - INFO - 
--- Iter 62 (train size (72, 3)) ---
2025-06-03 23:31:58,594 - INFO -  Inferred reference point at iter 62: [-0.09999112271082096, 0.04250680619363621, -0.09487384257379343]
2025-06-03 23:31:58,598 - INFO -  Scoring full pool: 9928 candidates
2025-06-03 23:32:07,944 - INFO -  GP predict time: 9.346s
2025-06-03 23:32:07,944 - INFO -   EHVI: 9928 candidates with 500 MC samples
2025-06-03 23:36:48,019 - INFO -  EHVI time: 280.075s
f1 shape: (1,)
f2 shape: (1,)
f3 shape: (1,)
2025-06-03 23:36:48,022 - INFO -  Selected idx=9336 (COc1ccc(C(C(=O)NC(C)(C)C)N(C(=O)CCC(=O)Nc2cc(C)on2)c2c(C)cccc2C)cc1) → [1.         0.18086817 0.5966087 ]
2025-06-03 23:36:48,088 - INFO -  Hypervolume: 0.3370
2025-06-03 23:36:48,088 - INFO - 
--- Iter 63 (train size (73, 3)) ---
2025-06-03 23:36:48,088 - INFO -  Inferred reference point at iter 63: [-0.09999112271082096, 0.04250680619363621, -0.09487384257379343]
2025-06-03 23:36:48,093 - INFO -  Scoring full pool: 9927 candidates
2025-06-03 23:36:57,340 - INFO -  GP predict time: 9.248s
2025-06-03 23:36:57,340 - INFO -   EHVI: 9927 candidates with 500 MC samples
2025-06-03 23:41:37,461 - INFO -  EHVI time: 280.121s
f1 shape: (1,)
f2 shape: (1,)
f3 shape: (1,)
2025-06-03 23:41:37,464 - INFO -  Selected idx=727 (CCOc1ccc(C(=O)Cc2cc3cccc(OC)c3oc2=O)cc1) → [0.05272118 0.17633229 1.        ]
2025-06-03 23:41:37,776 - INFO -  Hypervolume: 0.3370
2025-06-03 23:41:37,776 - INFO - 
--- Iter 64 (train size (74, 3)) ---
2025-06-03 23:41:37,776 - INFO -  Inferred reference point at iter 64: [-0.09999112271082096, 0.04250680619363621, -0.09487384257379343]
2025-06-03 23:41:37,781 - INFO -  Scoring full pool: 9926 candidates
2025-06-03 23:41:47,170 - INFO -  GP predict time: 9.390s
2025-06-03 23:41:47,170 - INFO -   EHVI: 9926 candidates with 500 MC samples
2025-06-03 23:46:27,182 - INFO -  EHVI time: 280.011s
f1 shape: (1,)
f2 shape: (1,)
f3 shape: (1,)
2025-06-03 23:46:27,185 - INFO -  Selected idx=2877 (COC(=O)CN(c1ccc(C)cc1)S(=O)(=O)c1ccc2c(c1)n(C)c(=O)c(=O)n2C) → [1.         0.15122265 1.        ]
2025-06-03 23:46:27,253 - INFO -  Hypervolume: 0.3370
2025-06-03 23:46:27,253 - INFO - 
--- Iter 65 (train size (75, 3)) ---
2025-06-03 23:46:27,253 - INFO -  Inferred reference point at iter 65: [-0.09999112271082096, 0.04250680619363621, -0.09487384257379343]
2025-06-03 23:46:27,258 - INFO -  Scoring full pool: 9925 candidates
2025-06-03 23:46:36,875 - INFO -  GP predict time: 9.617s
2025-06-03 23:46:36,875 - INFO -   EHVI: 9925 candidates with 500 MC samples
2025-06-03 23:51:16,706 - INFO -  EHVI time: 279.830s
f1 shape: (1,)
f2 shape: (1,)
f3 shape: (1,)
2025-06-03 23:51:16,708 - INFO -  Selected idx=9967 (COc1ccc(N2CCN(S(=O)(=O)CCNC(=O)COc3cccc(OC)c3)CC2)cc1) → [1.         0.25894188 1.        ]
2025-06-03 23:51:16,779 - INFO -  Hypervolume: 0.3370
2025-06-03 23:51:16,779 - INFO - 
--- Iter 66 (train size (76, 3)) ---
2025-06-03 23:51:16,779 - INFO -  Inferred reference point at iter 66: [-0.09999112271082096, 0.04250680619363621, -0.09487384257379343]
2025-06-03 23:51:16,784 - INFO -  Scoring full pool: 9924 candidates
2025-06-03 23:51:26,486 - INFO -  GP predict time: 9.703s
2025-06-03 23:51:26,486 - INFO -   EHVI: 9924 candidates with 500 MC samples
2025-06-03 23:55:24,820 - INFO -  EHVI time: 238.334s
f1 shape: (1,)
f2 shape: (1,)
f3 shape: (1,)
2025-06-03 23:55:24,823 - INFO -  Selected idx=9201 (Cc1ccc(CNC(=O)c2oc3ccc(S(=O)(=O)N4CCCC(C)C4)cc3c2C)cc1) → [0.58349348 0.22202797 0.9230277 ]
2025-06-03 23:55:24,895 - INFO -  Hypervolume: 0.3370
2025-06-03 23:55:24,895 - INFO - 
--- Iter 67 (train size (77, 3)) ---
2025-06-03 23:55:24,895 - INFO -  Inferred reference point at iter 67: [-0.09999112271082096, 0.04250680619363621, -0.09487384257379343]
2025-06-03 23:55:24,900 - INFO -  Scoring full pool: 9923 candidates
2025-06-03 23:55:34,857 - INFO -  GP predict time: 9.957s
2025-06-03 23:55:34,857 - INFO -   EHVI: 9923 candidates with 500 MC samples
2025-06-03 23:59:32,696 - INFO -  EHVI time: 237.839s
f1 shape: (1,)
f2 shape: (1,)
f3 shape: (1,)
2025-06-03 23:59:32,699 - INFO -  Selected idx=3508 (COc1ccc(CC(=O)OCC(=O)Nc2cc(S(=O)(=O)N3CCOCC3)ccc2N2CCCC2)cc1) → [1.         0.21616541 1.        ]
2025-06-03 23:59:32,773 - INFO -  Hypervolume: 0.3370
2025-06-03 23:59:32,773 - INFO - 
--- Iter 68 (train size (78, 3)) ---
2025-06-03 23:59:32,773 - INFO -  Inferred reference point at iter 68: [-0.09999112271082096, 0.04250680619363621, -0.09487384257379343]
2025-06-03 23:59:32,778 - INFO -  Scoring full pool: 9922 candidates
2025-06-03 23:59:42,920 - INFO -  GP predict time: 10.141s
2025-06-03 23:59:42,920 - INFO -   EHVI: 9922 candidates with 500 MC samples
2025-06-04 00:03:39,299 - INFO -  EHVI time: 236.379s
f1 shape: (1,)
f2 shape: (1,)
f3 shape: (1,)
2025-06-04 00:03:39,301 - INFO -  Selected idx=6937 (Cc1cc(CN2CCN(C)CC2)ccc1C(=O)Cn1ccc(OCc2ccc(Cl)cn2)cc1=O) → [0.08264967 0.2638102  1.        ]
2025-06-04 00:03:39,373 - INFO -  Hypervolume: 0.3370
2025-06-04 00:03:39,373 - INFO - 
--- Iter 69 (train size (79, 3)) ---
2025-06-04 00:03:39,373 - INFO -  Inferred reference point at iter 69: [-0.09999112271082096, 0.04250680619363621, -0.09487384257379343]
2025-06-04 00:03:39,378 - INFO -  Scoring full pool: 9921 candidates
2025-06-04 00:03:49,334 - INFO -  GP predict time: 9.955s
2025-06-04 00:03:49,334 - INFO -   EHVI: 9921 candidates with 500 MC samples
2025-06-04 00:07:45,980 - INFO -  EHVI time: 236.646s
f1 shape: (1,)
f2 shape: (1,)
f3 shape: (1,)
2025-06-04 00:07:45,982 - INFO -  Selected idx=1977 (COc1ccc(O)c(C=NNC(=S)Nc2cccc(S(=O)(=O)N(C)C)c2)c1) → [1.         0.13187221 1.        ]
2025-06-04 00:07:46,059 - INFO -  Hypervolume: 0.3370
2025-06-04 00:07:46,059 - INFO - 
--- Iter 70 (train size (80, 3)) ---
2025-06-04 00:07:46,060 - INFO -  Inferred reference point at iter 70: [-0.09999112271082096, 0.04250680619363621, -0.09487384257379343]
2025-06-04 00:07:46,065 - INFO -  Scoring full pool: 9920 candidates
2025-06-04 00:07:56,363 - INFO -  GP predict time: 10.298s
2025-06-04 00:07:56,363 - INFO -   EHVI: 9920 candidates with 500 MC samples
2025-06-04 00:11:53,453 - INFO -  EHVI time: 237.090s
f1 shape: (1,)
f2 shape: (1,)
f3 shape: (1,)
2025-06-04 00:11:53,456 - INFO -  Selected idx=5543 (COc1ccccc1CNC(=O)CN1C(=O)COc2ccc(S(=O)(=O)N3CCCCC3)cc21) → [1.         0.22996058 1.        ]
2025-06-04 00:11:53,535 - INFO -  Hypervolume: 0.3370
2025-06-04 00:11:53,535 - INFO - 
--- Iter 71 (train size (81, 3)) ---
2025-06-04 00:11:53,535 - INFO -  Inferred reference point at iter 71: [-0.09999112271082096, 0.04250680619363621, -0.09487384257379343]
2025-06-04 00:11:53,540 - INFO -  Scoring full pool: 9919 candidates
2025-06-04 00:12:03,997 - INFO -  GP predict time: 10.457s
2025-06-04 00:12:03,997 - INFO -   EHVI: 9919 candidates with 500 MC samples
2025-06-04 00:16:00,887 - INFO -  EHVI time: 236.890s
f1 shape: (1,)
f2 shape: (1,)
f3 shape: (1,)
2025-06-04 00:16:00,890 - INFO -  Selected idx=1779 (Cc1ccc(OCC(=O)NCCCNC(=O)c2ccncc2)cc1C) → [0.62593296 0.21794872 1.        ]
2025-06-04 00:16:00,969 - INFO -  Hypervolume: 0.3370
2025-06-04 00:16:00,969 - INFO - 
--- Iter 72 (train size (82, 3)) ---
2025-06-04 00:16:00,969 - INFO -  Inferred reference point at iter 72: [-0.09999112271082096, 0.04250680619363621, -0.09487384257379343]
2025-06-04 00:16:00,975 - INFO -  Scoring full pool: 9918 candidates
2025-06-04 00:16:11,286 - INFO -  GP predict time: 10.312s
2025-06-04 00:16:11,287 - INFO -   EHVI: 9918 candidates with 500 MC samples
2025-06-04 00:20:08,284 - INFO -  EHVI time: 236.997s
f1 shape: (1,)
f2 shape: (1,)
f3 shape: (1,)
2025-06-04 00:20:08,286 - INFO -  Selected idx=8746 (COc1cc(CCC(=O)Nc2ccc(C)c(S(=O)(=O)N3CCCCCC3)c2)cc(OC)c1OC) → [1.         0.22333333 0.98777903]
2025-06-04 00:20:08,365 - INFO -  Hypervolume: 0.3370
2025-06-04 00:20:08,365 - INFO - 
--- Iter 73 (train size (83, 3)) ---
2025-06-04 00:20:08,365 - INFO -  Inferred reference point at iter 73: [-0.09999112271082096, 0.04250680619363621, -0.09487384257379343]
2025-06-04 00:20:08,371 - INFO -  Scoring full pool: 9917 candidates
2025-06-04 00:20:18,584 - INFO -  GP predict time: 10.213s
2025-06-04 00:20:18,584 - INFO -   EHVI: 9917 candidates with 500 MC samples
2025-06-04 00:24:16,130 - INFO -  EHVI time: 237.546s
f1 shape: (1,)
f2 shape: (1,)
f3 shape: (1,)
2025-06-04 00:24:16,133 - INFO -  Selected idx=7874 (COc1ccc(NC(=O)COC(=O)CNS(=O)(=O)c2ccc(C)cc2)c(OC)c1) → [1.         0.15328467 1.        ]
2025-06-04 00:24:16,490 - INFO -  Hypervolume: 0.3370
2025-06-04 00:24:16,490 - INFO - 
--- Iter 74 (train size (84, 3)) ---
2025-06-04 00:24:16,490 - INFO -  Inferred reference point at iter 74: [-0.09999112271082096, 0.04250680619363621, -0.09487384257379343]
2025-06-04 00:24:16,495 - INFO -  Scoring full pool: 9916 candidates
2025-06-04 00:24:27,201 - INFO -  GP predict time: 10.706s
2025-06-04 00:24:27,202 - INFO -   EHVI: 9916 candidates with 500 MC samples
2025-06-04 00:28:24,076 - INFO -  EHVI time: 236.874s
f1 shape: (1,)
f2 shape: (1,)
f3 shape: (1,)
2025-06-04 00:28:24,078 - INFO -  Selected idx=8195 (COc1ccc(NS(=O)(=O)c2ccc3c(c2)N(C(C)=O)CCO3)c(OC)c1) → [1.         0.16366906 1.        ]
2025-06-04 00:28:24,160 - INFO -  Hypervolume: 0.3370
2025-06-04 00:28:24,160 - INFO - 
--- Iter 75 (train size (85, 3)) ---
2025-06-04 00:28:24,160 - INFO -  Inferred reference point at iter 75: [-0.09999112271082096, 0.04250680619363621, -0.09487384257379343]
2025-06-04 00:28:24,166 - INFO -  Scoring full pool: 9915 candidates
2025-06-04 00:28:34,620 - INFO -  GP predict time: 10.454s
2025-06-04 00:28:34,620 - INFO -   EHVI: 9915 candidates with 500 MC samples
2025-06-04 00:32:31,544 - INFO -  EHVI time: 236.924s
f1 shape: (1,)
f2 shape: (1,)
f3 shape: (1,)
2025-06-04 00:32:31,547 - INFO -  Selected idx=7351 (COc1ccc(C(=O)NC(=Cc2ccco2)C(=O)NCc2cccnc2)cc1) → [1.         0.15669014 1.        ]
2025-06-04 00:32:31,634 - INFO -  Hypervolume: 0.3370
2025-06-04 00:32:31,634 - INFO - 
--- Iter 76 (train size (86, 3)) ---
2025-06-04 00:32:31,634 - INFO -  Inferred reference point at iter 76: [-0.09999112271082096, 0.04250680619363621, -0.09487384257379343]
2025-06-04 00:32:31,639 - INFO -  Scoring full pool: 9914 candidates
2025-06-04 00:32:42,854 - INFO -  GP predict time: 11.215s
2025-06-04 00:32:42,854 - INFO -   EHVI: 9914 candidates with 500 MC samples
2025-06-04 00:36:39,502 - INFO -  EHVI time: 236.647s
f1 shape: (1,)
f2 shape: (1,)
f3 shape: (1,)
2025-06-04 00:36:39,504 - INFO -  Selected idx=8102 (COc1ccc(OC)c(-c2ccc(=O)n(CC(=O)Nc3cccc4ccccc34)n2)c1) → [0.75200485 0.17379679 1.        ]
2025-06-04 00:36:39,593 - INFO -  Hypervolume: 0.3370
2025-06-04 00:36:39,593 - INFO - 
--- Iter 77 (train size (87, 3)) ---
2025-06-04 00:36:39,593 - INFO -  Inferred reference point at iter 77: [-0.09999112271082096, 0.04250680619363621, -0.09487384257379343]
2025-06-04 00:36:39,598 - INFO -  Scoring full pool: 9913 candidates
2025-06-04 00:36:50,555 - INFO -  GP predict time: 10.956s
2025-06-04 00:36:50,555 - INFO -   EHVI: 9913 candidates with 500 MC samples
2025-06-04 00:40:47,072 - INFO -  EHVI time: 236.517s
f1 shape: (1,)
f2 shape: (1,)
f3 shape: (1,)
2025-06-04 00:40:47,075 - INFO -  Selected idx=5178 (COc1cc(N2CCN(C)CC2)ccc1Nc1nc(N)n(C(=O)NCc2ccc(S(C)(=O)=O)cc2)n1) → [1.        0.1609375 1.       ]
2025-06-04 00:40:47,161 - INFO -  Hypervolume: 0.3370
2025-06-04 00:40:47,162 - INFO - 
--- Iter 78 (train size (88, 3)) ---
2025-06-04 00:40:47,162 - INFO -  Inferred reference point at iter 78: [-0.09999112271082096, 0.04250680619363621, -0.09487384257379343]
2025-06-04 00:40:47,167 - INFO -  Scoring full pool: 9912 candidates
2025-06-04 00:40:58,237 - INFO -  GP predict time: 11.069s
2025-06-04 00:40:58,237 - INFO -   EHVI: 9912 candidates with 500 MC samples
2025-06-04 00:44:55,649 - INFO -  EHVI time: 237.412s
f1 shape: (1,)
f2 shape: (1,)
f3 shape: (1,)
2025-06-04 00:44:55,651 - INFO -  Selected idx=4905 (COc1cc2c(=O)c(C(=O)c3ccc(C)cc3)cn(CC3CC3)c2cc1OC) → [0.00513588 0.2394775  1.        ]
2025-06-04 00:44:55,743 - INFO -  Hypervolume: 0.3370
2025-06-04 00:44:55,743 - INFO - 
--- Iter 79 (train size (89, 3)) ---
2025-06-04 00:44:55,744 - INFO -  Inferred reference point at iter 79: [-0.09999112271082096, 0.04250680619363621, -0.09487384257379343]
2025-06-04 00:44:55,749 - INFO -  Scoring full pool: 9911 candidates
2025-06-04 00:45:07,473 - INFO -  GP predict time: 11.724s
2025-06-04 00:45:07,474 - INFO -   EHVI: 9911 candidates with 500 MC samples
2025-06-04 00:49:05,195 - INFO -  EHVI time: 237.722s
f1 shape: (1,)
f2 shape: (1,)
f3 shape: (1,)
2025-06-04 00:49:05,197 - INFO -  Selected idx=7525 (CC(=O)N1CCN(S(=O)(=O)c2cccc(C(=O)OCC(=O)NC(=O)c3cccn3C)c2)CC1) → [1.        0.1835781 1.       ]
2025-06-04 00:49:05,289 - INFO -  Hypervolume: 0.3370
2025-06-04 00:49:05,289 - INFO - 
--- Iter 80 (train size (90, 3)) ---
2025-06-04 00:49:05,289 - INFO -  Inferred reference point at iter 80: [-0.09999112271082096, 0.04250680619363621, -0.09487384257379343]
2025-06-04 00:49:05,295 - INFO -  Scoring full pool: 9910 candidates
2025-06-04 00:49:16,672 - INFO -  GP predict time: 11.377s
2025-06-04 00:49:16,672 - INFO -   EHVI: 9910 candidates with 500 MC samples
2025-06-04 00:53:13,470 - INFO -  EHVI time: 236.798s
f1 shape: (1,)
f2 shape: (1,)
f3 shape: (1,)
2025-06-04 00:53:13,473 - INFO -  Selected idx=2127 (CC(C)(C)Cn1cc(-c2ccc(C(=O)NCCc3ccc(S(C)(=O)=O)cc3)cc2)c(N)n1) → [1.         0.19176136 1.        ]
2025-06-04 00:53:13,865 - INFO -  Hypervolume: 0.3370
2025-06-04 00:53:13,865 - INFO - 
--- Iter 81 (train size (91, 3)) ---
2025-06-04 00:53:13,865 - INFO -  Inferred reference point at iter 81: [-0.09999112271082096, 0.04250680619363621, -0.09487384257379343]
2025-06-04 00:53:13,871 - INFO -  Scoring full pool: 9909 candidates
2025-06-04 00:53:25,464 - INFO -  GP predict time: 11.593s
2025-06-04 00:53:25,464 - INFO -   EHVI: 9909 candidates with 500 MC samples
2025-06-04 00:57:22,606 - INFO -  EHVI time: 237.141s
f1 shape: (1,)
f2 shape: (1,)
f3 shape: (1,)
2025-06-04 00:57:22,608 - INFO -  Selected idx=8085 (COc1ccc(S(=O)(=O)NCCc2ccc(F)c3ccccc23)cc1N1CCN(C)CC1) → [0.01918413 0.22058824 1.        ]
2025-06-04 00:57:22,707 - INFO -  Hypervolume: 0.3370
2025-06-04 00:57:22,707 - INFO - 
--- Iter 82 (train size (92, 3)) ---
2025-06-04 00:57:22,707 - INFO -  Inferred reference point at iter 82: [-0.09999112271082096, 0.04250680619363621, -0.09487384257379343]
2025-06-04 00:57:22,714 - INFO -  Scoring full pool: 9908 candidates
2025-06-04 00:57:34,511 - INFO -  GP predict time: 11.797s
2025-06-04 00:57:34,511 - INFO -   EHVI: 9908 candidates with 500 MC samples
2025-06-04 01:01:31,468 - INFO -  EHVI time: 236.957s
f1 shape: (1,)
f2 shape: (1,)
f3 shape: (1,)
2025-06-04 01:01:31,470 - INFO -  Selected idx=1213 (Cn1nc(C(=O)NNC(=O)c2ccc(Cl)c(S(N)(=O)=O)c2)c2ccccc2c1=O) → [1.         0.08940397 1.        ]
2025-06-04 01:01:31,570 - INFO -  Hypervolume: 0.3370
2025-06-04 01:01:31,570 - INFO - 
--- Iter 83 (train size (93, 3)) ---
2025-06-04 01:01:31,570 - INFO -  Inferred reference point at iter 83: [-0.09999112271082096, 0.04250680619363621, -0.09487384257379343]
2025-06-04 01:01:31,576 - INFO -  Scoring full pool: 9907 candidates
2025-06-04 01:01:43,821 - INFO -  GP predict time: 12.245s
2025-06-04 01:01:43,821 - INFO -   EHVI: 9907 candidates with 500 MC samples
2025-06-04 01:05:40,932 - INFO -  EHVI time: 237.111s
f1 shape: (1,)
f2 shape: (1,)
f3 shape: (1,)
2025-06-04 01:05:40,934 - INFO -  Selected idx=2169 (COc1ccc(CNC(=O)c2ccccc2NS(C)(=O)=O)cc1) → [0.85963276 0.14067524 1.        ]
2025-06-04 01:05:41,033 - INFO -  Hypervolume: 0.3370
2025-06-04 01:05:41,033 - INFO - 
--- Iter 84 (train size (94, 3)) ---
2025-06-04 01:05:41,033 - INFO -  Inferred reference point at iter 84: [-0.09999112271082096, 0.04250680619363621, -0.09487384257379343]
2025-06-04 01:05:41,039 - INFO -  Scoring full pool: 9906 candidates
2025-06-04 01:05:52,838 - INFO -  GP predict time: 11.800s
2025-06-04 01:05:52,838 - INFO -   EHVI: 9906 candidates with 500 MC samples
2025-06-04 01:09:49,956 - INFO -  EHVI time: 237.118s
f1 shape: (1,)
f2 shape: (1,)
f3 shape: (1,)
2025-06-04 01:09:49,959 - INFO -  Selected idx=5527 (COc1ccc(CC(=O)NCC(C)(C)N2CCOCC2)cc1) → [4.60498942e-04 2.12346760e-01 1.00000000e+00]
2025-06-04 01:09:50,062 - INFO -  Hypervolume: 0.3370
2025-06-04 01:09:50,062 - INFO - 
--- Iter 85 (train size (95, 3)) ---
2025-06-04 01:09:50,062 - INFO -  Inferred reference point at iter 85: [-0.09999112271082096, 0.04250680619363621, -0.09487384257379343]
2025-06-04 01:09:50,069 - INFO -  Scoring full pool: 9905 candidates
2025-06-04 01:10:02,222 - INFO -  GP predict time: 12.153s
2025-06-04 01:10:02,222 - INFO -   EHVI: 9905 candidates with 500 MC samples
2025-06-04 01:13:59,088 - INFO -  EHVI time: 236.866s
f1 shape: (1,)
f2 shape: (1,)
f3 shape: (1,)
2025-06-04 01:13:59,090 - INFO -  Selected idx=6376 (COc1ccc(CNC(=O)CCCn2nc(C)c([N+](=O)[O-])c2C)cc1OC) → [1.         0.15961538 1.        ]
2025-06-04 01:13:59,195 - INFO -  Hypervolume: 0.3370
2025-06-04 01:13:59,196 - INFO - 
--- Iter 86 (train size (96, 3)) ---
2025-06-04 01:13:59,196 - INFO -  Inferred reference point at iter 86: [-0.09999112271082096, 0.04250680619363621, -0.09487384257379343]
2025-06-04 01:13:59,202 - INFO -  Scoring full pool: 9904 candidates
2025-06-04 01:14:11,536 - INFO -  GP predict time: 12.334s
2025-06-04 01:14:11,536 - INFO -   EHVI: 9904 candidates with 500 MC samples
2025-06-04 01:18:08,576 - INFO -  EHVI time: 237.039s
f1 shape: (1,)
f2 shape: (1,)
f3 shape: (1,)
2025-06-04 01:18:08,578 - INFO -  Selected idx=4633 (COc1ccc(CCNC(=O)CN2C(=O)CSc3ccc(S(=O)(=O)N4CCOCC4)cc32)cc1OC) → [1.         0.21622475 1.        ]
2025-06-04 01:18:08,682 - INFO -  Hypervolume: 0.3370
2025-06-04 01:18:08,682 - INFO - 
--- Iter 87 (train size (97, 3)) ---
2025-06-04 01:18:08,682 - INFO -  Inferred reference point at iter 87: [-0.09999112271082096, 0.04250680619363621, -0.09487384257379343]
2025-06-04 01:18:08,688 - INFO -  Scoring full pool: 9903 candidates
2025-06-04 01:18:20,816 - INFO -  GP predict time: 12.128s
2025-06-04 01:18:20,816 - INFO -   EHVI: 9903 candidates with 500 MC samples
2025-06-04 01:22:17,880 - INFO -  EHVI time: 237.063s
f1 shape: (1,)
f2 shape: (1,)
f3 shape: (1,)
2025-06-04 01:22:17,882 - INFO -  Selected idx=6639 (Cc1cc(NC(=O)COn2nnc3ccc(S(C)(=O)=O)cc32)ccc1Br) → [1.         0.11430678 1.        ]
2025-06-04 01:22:17,991 - INFO -  Hypervolume: 0.3370
2025-06-04 01:22:17,991 - INFO - 
--- Iter 88 (train size (98, 3)) ---
2025-06-04 01:22:17,991 - INFO -  Inferred reference point at iter 88: [-0.09999112271082096, 0.04250680619363621, -0.09487384257379343]
2025-06-04 01:22:17,997 - INFO -  Scoring full pool: 9902 candidates
2025-06-04 01:22:30,537 - INFO -  GP predict time: 12.540s
2025-06-04 01:22:30,537 - INFO -   EHVI: 9902 candidates with 500 MC samples
2025-06-04 01:26:27,765 - INFO -  EHVI time: 237.228s
f1 shape: (1,)
f2 shape: (1,)
f3 shape: (1,)
2025-06-04 01:26:27,767 - INFO -  Selected idx=1684 (CC(=O)Oc1ccc(-c2csc(Nc3ccc(S(N)(=O)=O)cc3)n2)cc1) → [1.         0.13147866 1.        ]
2025-06-04 01:26:27,877 - INFO -  Hypervolume: 0.3370
2025-06-04 01:26:27,878 - INFO - 
--- Iter 89 (train size (99, 3)) ---
2025-06-04 01:26:27,878 - INFO -  Inferred reference point at iter 89: [-0.09999112271082096, 0.04250680619363621, -0.09487384257379343]
2025-06-04 01:26:27,884 - INFO -  Scoring full pool: 9901 candidates
2025-06-04 01:26:40,607 - INFO -  GP predict time: 12.723s
2025-06-04 01:26:40,607 - INFO -   EHVI: 9901 candidates with 500 MC samples
2025-06-04 01:30:37,898 - INFO -  EHVI time: 237.291s
f1 shape: (1,)
f2 shape: (1,)
f3 shape: (1,)
2025-06-04 01:30:37,901 - INFO -  Selected idx=9254 (CC(=O)c1ccc(N2CCN(S(=O)(=O)c3cc(-c4onc(C)c4C)ccc3C)CC2)cc1) → [0.82103298 0.2527894  1.        ]
2025-06-04 01:30:38,011 - INFO -  Hypervolume: 0.3370
2025-06-04 01:30:38,011 - INFO - 
--- Iter 90 (train size (100, 3)) ---
2025-06-04 01:30:38,012 - INFO -  Inferred reference point at iter 90: [-0.09999112271082096, 0.04250680619363621, -0.09487384257379343]
2025-06-04 01:30:38,018 - INFO -  Scoring full pool: 9900 candidates
2025-06-04 01:30:50,536 - INFO -  GP predict time: 12.518s
2025-06-04 01:30:50,536 - INFO -   EHVI: 9900 candidates with 500 MC samples
2025-06-04 01:34:47,973 - INFO -  EHVI time: 237.437s
f1 shape: (1,)
f2 shape: (1,)
f3 shape: (1,)
2025-06-04 01:34:47,975 - INFO -  Selected idx=6548 (O=C(Cn1c(=O)ccc2cc(S(=O)(=O)N3CCCC3)ccc21)Nc1ccc(Cl)cc1) → [0.98851447 0.22970085 1.        ]
2025-06-04 01:34:48,086 - INFO -  Hypervolume: 0.3370
2025-06-04 01:34:48,087 - INFO - 
--- Iter 91 (train size (101, 3)) ---
2025-06-04 01:34:48,087 - INFO -  Inferred reference point at iter 91: [-0.09999112271082096, 0.04250680619363621, -0.09487384257379343]
2025-06-04 01:34:48,093 - INFO -  Scoring full pool: 9899 candidates
2025-06-04 01:35:00,756 - INFO -  GP predict time: 12.662s
2025-06-04 01:35:00,756 - INFO -   EHVI: 9899 candidates with 500 MC samples
2025-06-04 01:38:57,914 - INFO -  EHVI time: 237.158s
f1 shape: (1,)
f2 shape: (1,)
f3 shape: (1,)
2025-06-04 01:38:57,916 - INFO -  Selected idx=1803 (COc1ccc(S(=O)(=O)N2CCN(Cc3cc(OC)c(OC)cc3OC)CC2)cc1) → [0.46012458 0.23540146 1.        ]
2025-06-04 01:38:58,031 - INFO -  Hypervolume: 0.3370
2025-06-04 01:38:58,031 - INFO - 
--- Iter 92 (train size (102, 3)) ---
2025-06-04 01:38:58,031 - INFO -  Inferred reference point at iter 92: [-0.09999112271082096, 0.04250680619363621, -0.09487384257379343]
2025-06-04 01:38:58,038 - INFO -  Scoring full pool: 9898 candidates
2025-06-04 01:39:11,201 - INFO -  GP predict time: 13.163s
2025-06-04 01:39:11,202 - INFO -   EHVI: 9898 candidates with 500 MC samples
2025-06-04 01:43:07,624 - INFO -  EHVI time: 236.422s
f1 shape: (1,)
f2 shape: (1,)
f3 shape: (1,)
2025-06-04 01:43:07,626 - INFO -  Selected idx=7751 (COc1ccc(CNC(=O)NS(=O)(=O)c2ccc3[nH]c(=O)oc3c2)c(OC)c1) → [1.         0.11619718 1.        ]
2025-06-04 01:43:08,074 - INFO -  Hypervolume: 0.3370
2025-06-04 01:43:08,074 - INFO - 
--- Iter 93 (train size (103, 3)) ---
2025-06-04 01:43:08,075 - INFO -  Inferred reference point at iter 93: [-0.09999112271082096, 0.04250680619363621, -0.09487384257379343]
2025-06-04 01:43:08,081 - INFO -  Scoring full pool: 9897 candidates
2025-06-04 01:43:20,746 - INFO -  GP predict time: 12.665s
2025-06-04 01:43:20,746 - INFO -   EHVI: 9897 candidates with 500 MC samples
2025-06-04 01:47:17,518 - INFO -  EHVI time: 236.772s
f1 shape: (1,)
f2 shape: (1,)
f3 shape: (1,)
2025-06-04 01:47:17,521 - INFO -  Selected idx=9472 (COc1ccc(NC(=O)c2c(C)noc2C(C)C)cc1S(=O)(=O)N1CCCCC1) → [1.         0.17588798 1.        ]
2025-06-04 01:47:17,643 - INFO -  Hypervolume: 0.3370
2025-06-04 01:47:17,643 - INFO - 
--- Iter 94 (train size (104, 3)) ---
2025-06-04 01:47:17,643 - INFO -  Inferred reference point at iter 94: [-0.09999112271082096, 0.04250680619363621, -0.09487384257379343]
2025-06-04 01:47:17,650 - INFO -  Scoring full pool: 9896 candidates
2025-06-04 01:47:31,115 - INFO -  GP predict time: 13.464s
2025-06-04 01:47:31,115 - INFO -   EHVI: 9896 candidates with 500 MC samples
2025-06-04 01:51:27,785 - INFO -  EHVI time: 236.670s
f1 shape: (1,)
f2 shape: (1,)
f3 shape: (1,)
2025-06-04 01:51:27,788 - INFO -  Selected idx=1601 (Cc1cccc(NC(=O)COC(=O)CCc2ccc(S(=O)(=O)N3CCOCC3)cc2)c1C) → [1.         0.24002954 1.        ]
2025-06-04 01:51:27,910 - INFO -  Hypervolume: 0.3370
2025-06-04 01:51:27,910 - INFO - 
--- Iter 95 (train size (105, 3)) ---
2025-06-04 01:51:27,910 - INFO -  Inferred reference point at iter 95: [-0.09999112271082096, 0.04250680619363621, -0.09487384257379343]
2025-06-04 01:51:27,917 - INFO -  Scoring full pool: 9895 candidates
2025-06-04 01:51:41,542 - INFO -  GP predict time: 13.626s
2025-06-04 01:51:41,542 - INFO -   EHVI: 9895 candidates with 500 MC samples
2025-06-04 01:55:38,537 - INFO -  EHVI time: 236.995s
f1 shape: (1,)
f2 shape: (1,)
f3 shape: (1,)
2025-06-04 01:55:38,539 - INFO -  Selected idx=4842 (CCCOC(=O)Nc1ccc(S(=O)(=O)N2CC(c3ccccc3)NC2=O)cc1CC) → [1.         0.19874477 1.        ]
2025-06-04 01:55:38,662 - INFO -  Hypervolume: 0.3370
2025-06-04 01:55:38,662 - INFO - 
--- Iter 96 (train size (106, 3)) ---
2025-06-04 01:55:38,662 - INFO -  Inferred reference point at iter 96: [-0.09999112271082096, 0.04250680619363621, -0.09487384257379343]
2025-06-04 01:55:38,669 - INFO -  Scoring full pool: 9894 candidates
2025-06-04 01:55:52,138 - INFO -  GP predict time: 13.469s
2025-06-04 01:55:52,138 - INFO -   EHVI: 9894 candidates with 500 MC samples
2025-06-04 01:59:50,649 - INFO -  EHVI time: 238.511s
f1 shape: (1,)
f2 shape: (1,)
f3 shape: (1,)
2025-06-04 01:59:50,652 - INFO -  Selected idx=9171 (COc1ccc(-c2nc(S(=O)(=O)CC(C)=O)[nH]c2-c2ccc(OC)cc2)cc1) → [1.        0.1605663 1.       ]
2025-06-04 01:59:50,779 - INFO -  Hypervolume: 0.3370
2025-06-04 01:59:50,779 - INFO - 
--- Iter 97 (train size (107, 3)) ---
2025-06-04 01:59:50,779 - INFO -  Inferred reference point at iter 97: [-0.09999112271082096, 0.04250680619363621, -0.09487384257379343]
2025-06-04 01:59:50,786 - INFO -  Scoring full pool: 9893 candidates
2025-06-04 02:00:04,960 - INFO -  GP predict time: 14.173s
2025-06-04 02:00:04,960 - INFO -   EHVI: 9893 candidates with 500 MC samples
2025-06-04 02:04:01,151 - INFO -  EHVI time: 236.192s
f1 shape: (1,)
f2 shape: (1,)
f3 shape: (1,)
2025-06-04 02:04:01,154 - INFO -  Selected idx=9738 (O=C(COc1ccc(S(=O)(=O)N2CCCC2)cc1)NCc1ccccn1) → [0.99024786 0.19       1.        ]
2025-06-04 02:04:01,282 - INFO -  Hypervolume: 0.3370
2025-06-04 02:04:01,282 - INFO - 
--- Iter 98 (train size (108, 3)) ---
2025-06-04 02:04:01,282 - INFO -  Inferred reference point at iter 98: [-0.09999112271082096, 0.04250680619363621, -0.09487384257379343]
2025-06-04 02:04:01,289 - INFO -  Scoring full pool: 9892 candidates
2025-06-04 02:04:15,317 - INFO -  GP predict time: 14.027s
2025-06-04 02:04:15,317 - INFO -   EHVI: 9892 candidates with 500 MC samples
2025-06-04 02:08:11,754 - INFO -  EHVI time: 236.437s
f1 shape: (1,)
f2 shape: (1,)
f3 shape: (1,)
2025-06-04 02:08:11,756 - INFO -  Selected idx=9366 (COc1cccc(C(=O)NNS(=O)(=O)c2ccccc2)c1) → [0.85963276 0.10914333 1.        ]
2025-06-04 02:08:12,238 - INFO -  Hypervolume: 0.3370
2025-06-04 02:08:12,238 - INFO - 
--- Iter 99 (train size (109, 3)) ---
2025-06-04 02:08:12,238 - INFO -  Inferred reference point at iter 99: [-0.09999112271082096, 0.04250680619363621, -0.09487384257379343]
2025-06-04 02:08:12,245 - INFO -  Scoring full pool: 9891 candidates
2025-06-04 02:08:26,133 - INFO -  GP predict time: 13.888s
2025-06-04 02:08:26,133 - INFO -   EHVI: 9891 candidates with 500 MC samples
2025-06-04 02:12:22,348 - INFO -  EHVI time: 236.215s
f1 shape: (1,)
f2 shape: (1,)
f3 shape: (1,)
2025-06-04 02:12:22,351 - INFO -  Selected idx=1822 (COc1ccccc1-c1ccc(S(=O)(=O)NCCCCCO)cc1) → [0.35612108 0.25862069 1.        ]
2025-06-04 02:12:22,484 - INFO -  Hypervolume: 0.3370
2025-06-04 02:12:22,485 - INFO - 
--- Iter 100 (train size (110, 3)) ---
2025-06-04 02:12:22,485 - INFO -  Inferred reference point at iter 100: [-0.09999112271082096, 0.04250680619363621, -0.09487384257379343]
2025-06-04 02:12:22,492 - INFO -  Scoring full pool: 9890 candidates
2025-06-04 02:12:37,098 - INFO -  GP predict time: 14.605s
2025-06-04 02:12:37,098 - INFO -   EHVI: 9890 candidates with 500 MC samples
2025-06-04 02:16:35,031 - INFO -  EHVI time: 237.934s
f1 shape: (1,)
f2 shape: (1,)
f3 shape: (1,)
2025-06-04 02:16:35,033 - INFO -  Selected idx=7480 (COc1cccc(CNC(=O)c2cc(S(=O)(=O)N3CCCC3)cn2C)c1) → [0.64529481 0.18461538 1.        ]
2025-06-04 02:16:35,167 - INFO -  Hypervolume: 0.3370
2025-06-04 02:16:35,167 - INFO - 
--- Iter 101 (train size (111, 3)) ---
2025-06-04 02:16:35,167 - INFO -  Inferred reference point at iter 101: [-0.09999112271082096, 0.04250680619363621, -0.09487384257379343]
2025-06-04 02:16:35,174 - INFO -  Scoring full pool: 9889 candidates
2025-06-04 02:16:49,638 - INFO -  GP predict time: 14.464s
2025-06-04 02:16:49,638 - INFO -   EHVI: 9889 candidates with 500 MC samples
2025-06-04 02:20:46,541 - INFO -  EHVI time: 236.903s
f1 shape: (1,)
f2 shape: (1,)
f3 shape: (1,)
2025-06-04 02:20:46,544 - INFO -  Selected idx=8631 (COc1ccc(S(=O)(=O)Cc2ccc(C(=O)N3CCN(c4cccc(C)c4)C(C)C3)o2)cc1) → [0.6101698  0.25837989 1.        ]
2025-06-04 02:20:46,680 - INFO -  Hypervolume: 0.3370
2025-06-04 02:20:46,680 - INFO - 
--- Iter 102 (train size (112, 3)) ---
2025-06-04 02:20:46,680 - INFO -  Inferred reference point at iter 102: [-0.09999112271082096, 0.04250680619363621, -0.09487384257379343]
2025-06-04 02:20:46,688 - INFO -  Scoring full pool: 9888 candidates
2025-06-04 02:21:01,447 - INFO -  GP predict time: 14.759s
2025-06-04 02:21:01,447 - INFO -   EHVI: 9888 candidates with 500 MC samples
2025-06-04 02:24:58,040 - INFO -  EHVI time: 236.593s
f1 shape: (1,)
f2 shape: (1,)
f3 shape: (1,)
2025-06-04 02:24:58,042 - INFO -  Selected idx=9848 (Cc1nc2c(OCc3ccc(S(C)(=O)=O)cc3)cccn2c1CC#N) → [0.85773679 0.14615385 1.        ]
2025-06-04 02:24:58,182 - INFO -  Hypervolume: 0.3370
2025-06-04 02:24:58,183 - INFO - 
--- Iter 103 (train size (113, 3)) ---
2025-06-04 02:24:58,183 - INFO -  Inferred reference point at iter 103: [-0.09999112271082096, 0.04250680619363621, -0.09487384257379343]
2025-06-04 02:24:58,190 - INFO -  Scoring full pool: 9887 candidates
2025-06-04 02:25:13,304 - INFO -  GP predict time: 15.114s
2025-06-04 02:25:13,305 - INFO -   EHVI: 9887 candidates with 500 MC samples
2025-06-04 02:29:09,861 - INFO -  EHVI time: 236.556s
f1 shape: (1,)
f2 shape: (1,)
f3 shape: (1,)
2025-06-04 02:29:09,864 - INFO -  Selected idx=3753 (CCOc1ccc(NC(=O)Cn2cc(C(=O)c3ccc(CC)cc3)c(=O)c3cc(C)ccc32)cc1) → [0.45212346 0.18772894 0.52172166]
2025-06-04 02:29:10,006 - INFO -  Hypervolume: 0.3370
2025-06-04 02:29:10,007 - INFO - 
--- Iter 104 (train size (114, 3)) ---
2025-06-04 02:29:10,007 - INFO -  Inferred reference point at iter 104: [-0.09999112271082096, 0.04250680619363621, -0.09487384257379343]
2025-06-04 02:29:10,014 - INFO -  Scoring full pool: 9886 candidates
2025-06-04 02:29:25,213 - INFO -  GP predict time: 15.199s
2025-06-04 02:29:25,213 - INFO -   EHVI: 9886 candidates with 500 MC samples
2025-06-04 02:33:21,884 - INFO -  EHVI time: 236.671s
f1 shape: (1,)
f2 shape: (1,)
f3 shape: (1,)
2025-06-04 02:33:21,887 - INFO -  Selected idx=816 (COc1ccc(S(=O)(=O)N(Cc2ccccn2)C(C(=O)NO)C(C)C)cc1) → [1.         0.12534341 1.        ]
2025-06-04 02:33:22,033 - INFO -  Hypervolume: 0.3370
2025-06-04 02:33:22,033 - INFO - 
--- Iter 105 (train size (115, 3)) ---
2025-06-04 02:33:22,033 - INFO -  Inferred reference point at iter 105: [-0.09999112271082096, 0.04250680619363621, -0.09487384257379343]
2025-06-04 02:33:22,041 - INFO -  Scoring full pool: 9885 candidates
2025-06-04 02:33:37,072 - INFO -  GP predict time: 15.031s
2025-06-04 02:33:37,072 - INFO -   EHVI: 9885 candidates with 500 MC samples
2025-06-04 02:37:34,280 - INFO -  EHVI time: 237.208s
f1 shape: (1,)
f2 shape: (1,)
f3 shape: (1,)
2025-06-04 02:37:34,283 - INFO -  Selected idx=2782 (COc1ccc(NS(=O)(=O)c2cc(NC(=O)CNC(=O)c3cccc(OC)c3)ccc2C)cc1) → [1.         0.15926641 1.        ]
2025-06-04 02:37:34,432 - INFO -  Hypervolume: 0.3370
2025-06-04 02:37:34,432 - INFO - 
--- Iter 106 (train size (116, 3)) ---
2025-06-04 02:37:34,432 - INFO -  Inferred reference point at iter 106: [-0.09999112271082096, 0.04250680619363621, -0.09487384257379343]
2025-06-04 02:37:34,439 - INFO -  Scoring full pool: 9884 candidates
2025-06-04 02:37:49,614 - INFO -  GP predict time: 15.175s
2025-06-04 02:37:49,614 - INFO -   EHVI: 9884 candidates with 500 MC samples
2025-06-04 02:41:46,341 - INFO -  EHVI time: 236.726s
f1 shape: (1,)
f2 shape: (1,)
f3 shape: (1,)
2025-06-04 02:41:46,343 - INFO -  Selected idx=1558 (CCOc1ccc(S(=O)(=O)Nc2ccc3oc(C)c(C(=O)OC(C)C)c3c2)cc1) → [1.         0.15387275 0.87987316]
2025-06-04 02:41:46,492 - INFO -  Hypervolume: 0.3370
2025-06-04 02:41:46,493 - INFO - 
--- Iter 107 (train size (117, 3)) ---
2025-06-04 02:41:46,493 - INFO -  Inferred reference point at iter 107: [-0.09999112271082096, 0.04250680619363621, -0.09487384257379343]
2025-06-04 02:41:46,500 - INFO -  Scoring full pool: 9883 candidates
2025-06-04 02:42:02,065 - INFO -  GP predict time: 15.564s
2025-06-04 02:42:02,065 - INFO -   EHVI: 9883 candidates with 500 MC samples
2025-06-04 02:45:59,279 - INFO -  EHVI time: 237.214s
f1 shape: (1,)
f2 shape: (1,)
f3 shape: (1,)
2025-06-04 02:45:59,281 - INFO -  Selected idx=1396 (COc1ccc(NC(=O)c2ccc(COc3ccccc3Br)o2)cc1OC) → [0.13345052 0.16717325 0.67261365]
2025-06-04 02:45:59,430 - INFO -  Hypervolume: 0.3370
2025-06-04 02:45:59,430 - INFO - 
--- Iter 108 (train size (118, 3)) ---
2025-06-04 02:45:59,430 - INFO -  Inferred reference point at iter 108: [-0.09999112271082096, 0.04250680619363621, -0.09487384257379343]
2025-06-04 02:45:59,438 - INFO -  Scoring full pool: 9882 candidates
2025-06-04 02:46:14,678 - INFO -  GP predict time: 15.240s
2025-06-04 02:46:14,678 - INFO -   EHVI: 9882 candidates with 500 MC samples
2025-06-04 02:50:10,686 - INFO -  EHVI time: 236.008s
f1 shape: (1,)
f2 shape: (1,)
f3 shape: (1,)
2025-06-04 02:50:10,689 - INFO -  Selected idx=1652 (COc1ccc(S(=O)(=O)N(CC(=O)Nc2cccnc2)c2ccc(C)cc2)cc1OC) → [1.         0.16041931 1.        ]
2025-06-04 02:50:10,842 - INFO -  Hypervolume: 0.3370
2025-06-04 02:50:10,842 - INFO - 
--- Iter 109 (train size (119, 3)) ---
2025-06-04 02:50:10,842 - INFO -  Inferred reference point at iter 109: [-0.09999112271082096, 0.04250680619363621, -0.09487384257379343]
2025-06-04 02:50:10,849 - INFO -  Scoring full pool: 9881 candidates
2025-06-04 02:50:26,648 - INFO -  GP predict time: 15.799s
2025-06-04 02:50:26,649 - INFO -   EHVI: 9881 candidates with 500 MC samples
2025-06-04 02:54:22,158 - INFO -  EHVI time: 235.509s
f1 shape: (1,)
f2 shape: (1,)
f3 shape: (1,)
2025-06-04 02:54:22,161 - INFO -  Selected idx=9856 (COc1ccc2cc(S(=O)(=O)NN(Cc3cccc(C(=N)NO)c3)C(=O)N3CCCCC3C)ccc2c1) → [1.         0.28799759 1.        ]
2025-06-04 02:54:22,829 - INFO -  Hypervolume: 0.3371
2025-06-04 02:54:22,829 - INFO - 
--- Iter 110 (train size (120, 3)) ---
2025-06-04 02:54:22,829 - INFO -  Inferred reference point at iter 110: [-0.09999112271082096, 0.04250680619363621, -0.09487384257379343]
2025-06-04 02:54:22,837 - INFO -  Scoring full pool: 9880 candidates
2025-06-04 02:54:38,556 - INFO -  GP predict time: 15.718s
2025-06-04 02:54:38,556 - INFO -   EHVI: 9880 candidates with 500 MC samples
2025-06-04 02:57:52,901 - INFO -  EHVI time: 194.346s
f1 shape: (1,)
f2 shape: (1,)
f3 shape: (1,)
2025-06-04 02:57:52,904 - INFO -  Selected idx=4290 (COc1ccc(C=NNC(=O)Cn2c(=O)c(C)nc3ccccc32)c(OC)c1) → [1.         0.15195369 1.        ]
2025-06-04 02:57:53,063 - INFO -  Hypervolume: 0.3371
2025-06-04 02:57:53,063 - INFO - 
--- Iter 111 (train size (121, 3)) ---
2025-06-04 02:57:53,063 - INFO -  Inferred reference point at iter 111: [-0.09999112271082096, 0.04250680619363621, -0.09487384257379343]
2025-06-04 02:57:53,071 - INFO -  Scoring full pool: 9879 candidates
2025-06-04 02:58:09,203 - INFO -  GP predict time: 16.132s
2025-06-04 02:58:09,203 - INFO -   EHVI: 9879 candidates with 500 MC samples
2025-06-04 03:01:23,374 - INFO -  EHVI time: 194.171s
f1 shape: (1,)
f2 shape: (1,)
f3 shape: (1,)
2025-06-04 03:01:23,377 - INFO -  Selected idx=4220 (O=C(Nc1cccc(S(=O)(=O)N2CCOCC2)c1)c1ccc2c(=O)n3c(nc2c1)CCCCC3) → [1.         0.27232747 1.        ]
2025-06-04 03:01:23,538 - INFO -  Hypervolume: 0.3371
2025-06-04 03:01:23,538 - INFO - 
--- Iter 112 (train size (122, 3)) ---
2025-06-04 03:01:23,538 - INFO -  Inferred reference point at iter 112: [-0.09999112271082096, 0.04250680619363621, -0.09487384257379343]
2025-06-04 03:01:23,546 - INFO -  Scoring full pool: 9878 candidates
2025-06-04 03:01:39,457 - INFO -  GP predict time: 15.910s
2025-06-04 03:01:39,457 - INFO -   EHVI: 9878 candidates with 500 MC samples
2025-06-04 03:04:53,650 - INFO -  EHVI time: 194.193s
f1 shape: (1,)
f2 shape: (1,)
f3 shape: (1,)
2025-06-04 03:04:53,653 - INFO -  Selected idx=5882 (COc1ccc(OC)c(S(=O)(=O)N2CCC(Oc3ccc(C(F)(F)F)cc3)CC2)c1C(=O)NO) → [1.         0.22116645 1.        ]
2025-06-04 03:04:53,817 - INFO -  Hypervolume: 0.3371
2025-06-04 03:04:53,817 - INFO - 
--- Iter 113 (train size (123, 3)) ---
2025-06-04 03:04:53,817 - INFO -  Inferred reference point at iter 113: [-0.09999112271082096, 0.04250680619363621, -0.09487384257379343]
2025-06-04 03:04:53,825 - INFO -  Scoring full pool: 9877 candidates
2025-06-04 03:05:09,767 - INFO -  GP predict time: 15.942s
2025-06-04 03:05:09,767 - INFO -   EHVI: 9877 candidates with 500 MC samples
2025-06-04 03:08:23,890 - INFO -  EHVI time: 194.123s
f1 shape: (1,)
f2 shape: (1,)
f3 shape: (1,)
2025-06-04 03:08:23,892 - INFO -  Selected idx=6943 (COc1ccccc1CCC(=O)Nc1ccc(S(=O)(=O)Nc2cc(C)nc(C)n2)cc1) → [1.         0.16061453 1.        ]
2025-06-04 03:08:24,059 - INFO -  Hypervolume: 0.3371
2025-06-04 03:08:24,059 - INFO - 
--- Iter 114 (train size (124, 3)) ---
2025-06-04 03:08:24,059 - INFO -  Inferred reference point at iter 114: [-0.09999112271082096, 0.04250680619363621, -0.09487384257379343]
2025-06-04 03:08:24,067 - INFO -  Scoring full pool: 9876 candidates
2025-06-04 03:08:40,241 - INFO -  GP predict time: 16.174s
2025-06-04 03:08:40,241 - INFO -   EHVI: 9876 candidates with 500 MC samples
2025-06-04 03:11:54,871 - INFO -  EHVI time: 194.630s
f1 shape: (1,)
f2 shape: (1,)
f3 shape: (1,)
2025-06-04 03:11:54,874 - INFO -  Selected idx=6486 (CC(C)(C(=O)NCc1ccc(S(N)(=O)=O)cc1)c1ccc(S(=O)(=O)C=CC#N)cc1) → [1.         0.18188302 1.        ]
2025-06-04 03:11:55,431 - INFO -  Hypervolume: 0.3371
2025-06-04 03:11:55,431 - INFO - 
--- Iter 115 (train size (125, 3)) ---
2025-06-04 03:11:55,431 - INFO -  Inferred reference point at iter 115: [-0.09999112271082096, 0.04250680619363621, -0.09487384257379343]
2025-06-04 03:11:55,439 - INFO -  Scoring full pool: 9875 candidates
2025-06-04 03:12:11,665 - INFO -  GP predict time: 16.226s
2025-06-04 03:12:11,666 - INFO -   EHVI: 9875 candidates with 500 MC samples
2025-06-04 03:15:25,343 - INFO -  EHVI time: 193.677s
f1 shape: (1,)
f2 shape: (1,)
f3 shape: (1,)
2025-06-04 03:15:25,345 - INFO -  Selected idx=6208 (COc1ccccc1CNC(=O)Cn1nc(-c2ccc(F)cc2)oc1=O) → [0.93589873 0.1374247  1.        ]
2025-06-04 03:15:25,516 - INFO -  Hypervolume: 0.3371
2025-06-04 03:15:25,516 - INFO - 
--- Iter 116 (train size (126, 3)) ---
2025-06-04 03:15:25,516 - INFO -  Inferred reference point at iter 116: [-0.09999112271082096, 0.04250680619363621, -0.09487384257379343]
2025-06-04 03:15:25,525 - INFO -  Scoring full pool: 9874 candidates
2025-06-04 03:15:42,265 - INFO -  GP predict time: 16.740s
2025-06-04 03:15:42,265 - INFO -   EHVI: 9874 candidates with 500 MC samples
2025-06-04 03:18:56,451 - INFO -  EHVI time: 194.186s
f1 shape: (1,)
f2 shape: (1,)
f3 shape: (1,)
2025-06-04 03:18:56,454 - INFO -  Selected idx=9479 (CCN(CC)S(=O)(=O)c1ccc(N2CCOCC2)c(NC(=O)c2ccc(O)nc2)c1) → [1.        0.2380137 1.       ]
2025-06-04 03:18:57,021 - INFO -  Hypervolume: 0.3371
2025-06-04 03:18:57,021 - INFO - 
--- Iter 117 (train size (127, 3)) ---
2025-06-04 03:18:57,021 - INFO -  Inferred reference point at iter 117: [-0.09999112271082096, 0.04250680619363621, -0.09487384257379343]
2025-06-04 03:18:57,030 - INFO -  Scoring full pool: 9873 candidates
2025-06-04 03:19:13,492 - INFO -  GP predict time: 16.462s
2025-06-04 03:19:13,492 - INFO -   EHVI: 9873 candidates with 500 MC samples
2025-06-04 03:22:26,909 - INFO -  EHVI time: 193.417s
f1 shape: (1,)
f2 shape: (1,)
f3 shape: (1,)
2025-06-04 03:22:26,911 - INFO -  Selected idx=9381 (CC(=O)c1ccc(OCCCC(=O)Nc2cc(Cl)ccc2-n2cncn2)cc1) → [0.92713091 0.21484375 1.        ]
2025-06-04 03:22:27,534 - INFO -  Hypervolume: 0.3371
2025-06-04 03:22:27,534 - INFO - 
--- Iter 118 (train size (128, 3)) ---
2025-06-04 03:22:27,534 - INFO -  Inferred reference point at iter 118: [-0.09999112271082096, 0.04250680619363621, -0.09487384257379343]
2025-06-04 03:22:27,543 - INFO -  Scoring full pool: 9872 candidates
2025-06-04 03:22:44,135 - INFO -  GP predict time: 16.592s
2025-06-04 03:22:44,135 - INFO -   EHVI: 9872 candidates with 500 MC samples
2025-06-04 03:25:57,666 - INFO -  EHVI time: 193.531s
f1 shape: (1,)
f2 shape: (1,)
f3 shape: (1,)
2025-06-04 03:25:57,669 - INFO -  Selected idx=6883 (CC(C)CNC(=O)c1ccc(Oc2nc(Oc3cccc(C(=N)N)c3)c(F)c(N(C(C)C)C(C)C)c2F)c(C(=O)O)c1) → [1.         0.12536162 0.15359912]
2025-06-04 03:25:57,848 - INFO -  Hypervolume: 0.3371
2025-06-04 03:25:57,848 - INFO - 
--- Iter 119 (train size (129, 3)) ---
2025-06-04 03:25:57,848 - INFO -  Inferred reference point at iter 119: [-0.09999112271082096, 0.04250680619363621, -0.09487384257379343]
2025-06-04 03:25:57,857 - INFO -  Scoring full pool: 9871 candidates
2025-06-04 03:26:15,056 - INFO -  GP predict time: 17.199s
2025-06-04 03:26:15,057 - INFO -   EHVI: 9871 candidates with 500 MC samples
2025-06-04 03:29:28,513 - INFO -  EHVI time: 193.456s
f1 shape: (1,)
f2 shape: (1,)
f3 shape: (1,)
2025-06-04 03:29:28,516 - INFO -  Selected idx=7249 (O=C(O)COc1ccc(C(F)(F)F)cc1CN1CCN(S(=O)(=O)c2ccccc2)CC1) → [0.96020114 0.2658046  1.        ]
2025-06-04 03:29:28,696 - INFO -  Hypervolume: 0.3371
2025-06-04 03:29:28,696 - INFO - 
--- Iter 120 (train size (130, 3)) ---
2025-06-04 03:29:28,696 - INFO -  Inferred reference point at iter 120: [-0.09999112271082096, 0.04250680619363621, -0.09487384257379343]
2025-06-04 03:29:28,705 - INFO -  Scoring full pool: 9870 candidates
2025-06-04 03:29:45,686 - INFO -  GP predict time: 16.981s
2025-06-04 03:29:45,686 - INFO -   EHVI: 9870 candidates with 500 MC samples
2025-06-04 03:32:59,173 - INFO -  EHVI time: 193.487s
f1 shape: (1,)
f2 shape: (1,)
f3 shape: (1,)
2025-06-04 03:32:59,176 - INFO -  Selected idx=2973 (COc1ccc(S(=O)(=O)Nc2ccc(C)cc2)cc1N(C)S(=O)(=O)c1ccc(Cl)cc1) → [1.         0.13853503 0.96076843]
2025-06-04 03:32:59,360 - INFO -  Hypervolume: 0.3371
2025-06-04 03:32:59,360 - INFO - 
--- Iter 121 (train size (131, 3)) ---
2025-06-04 03:32:59,360 - INFO -  Inferred reference point at iter 121: [-0.09999112271082096, 0.04250680619363621, -0.09487384257379343]
2025-06-04 03:32:59,369 - INFO -  Scoring full pool: 9869 candidates
2025-06-04 03:33:16,815 - INFO -  GP predict time: 17.446s
2025-06-04 03:33:16,815 - INFO -   EHVI: 9869 candidates with 500 MC samples
2025-06-04 03:36:31,015 - INFO -  EHVI time: 194.200s
f1 shape: (1,)
f2 shape: (1,)
f3 shape: (1,)
2025-06-04 03:36:31,017 - INFO -  Selected idx=9866 (CCCCC(Cc1cccnc1)(C(=O)NO)S(=O)(=O)c1ccc(OC)cc1) → [1.         0.22242647 1.        ]
2025-06-04 03:36:31,206 - INFO -  Hypervolume: 0.3371
2025-06-04 03:36:31,206 - INFO - 
--- Iter 122 (train size (132, 3)) ---
2025-06-04 03:36:31,206 - INFO -  Inferred reference point at iter 122: [-0.09999112271082096, 0.04250680619363621, -0.09487384257379343]
2025-06-04 03:36:31,215 - INFO -  Scoring full pool: 9868 candidates
2025-06-04 03:36:48,846 - INFO -  GP predict time: 17.631s
2025-06-04 03:36:48,846 - INFO -   EHVI: 9868 candidates with 500 MC samples
2025-06-04 03:40:02,377 - INFO -  EHVI time: 193.531s
f1 shape: (1,)
f2 shape: (1,)
f3 shape: (1,)
2025-06-04 03:40:02,380 - INFO -  Selected idx=4642 (Cc1ccc(NC(=O)CCCOc2ccccc2)cc1S(=O)(=O)N1CCOCC1) → [0.87983754 0.23176292 1.        ]
2025-06-04 03:40:02,570 - INFO -  Hypervolume: 0.3371
2025-06-04 03:40:02,570 - INFO - 
--- Iter 123 (train size (133, 3)) ---
2025-06-04 03:40:02,570 - INFO -  Inferred reference point at iter 123: [-0.09999112271082096, 0.04250680619363621, -0.09487384257379343]
2025-06-04 03:40:02,579 - INFO -  Scoring full pool: 9867 candidates
2025-06-04 03:40:20,288 - INFO -  GP predict time: 17.708s
2025-06-04 03:40:20,288 - INFO -   EHVI: 9867 candidates with 500 MC samples
2025-06-04 03:43:34,195 - INFO -  EHVI time: 193.907s
f1 shape: (1,)
f2 shape: (1,)
f3 shape: (1,)
2025-06-04 03:43:34,198 - INFO -  Selected idx=1524 (COc1ccc(OC)c(S(=O)(=O)Nc2c(C)n(C)n(-c3ccccc3)c2=O)c1) → [1.         0.10278515 1.        ]
2025-06-04 03:43:34,389 - INFO -  Hypervolume: 0.3371
2025-06-04 03:43:34,389 - INFO - 
--- Iter 124 (train size (134, 3)) ---
2025-06-04 03:43:34,389 - INFO -  Inferred reference point at iter 124: [-0.09999112271082096, 0.04250680619363621, -0.09487384257379343]
2025-06-04 03:43:34,399 - INFO -  Scoring full pool: 9866 candidates
2025-06-04 03:43:52,232 - INFO -  GP predict time: 17.833s
2025-06-04 03:43:52,232 - INFO -   EHVI: 9866 candidates with 500 MC samples
2025-06-04 03:47:06,028 - INFO -  EHVI time: 193.797s
f1 shape: (1,)
f2 shape: (1,)
f3 shape: (1,)
2025-06-04 03:47:06,031 - INFO -  Selected idx=5856 (COc1ccc(Cl)cc1S(=O)(=O)N1CCOc2ccc(C(=O)Nc3ccc(C(=O)O)cc3)cc21) → [1.         0.20833333 1.        ]
2025-06-04 03:47:06,227 - INFO -  Hypervolume: 0.3371
2025-06-04 03:47:06,227 - INFO - 
--- Iter 125 (train size (135, 3)) ---
2025-06-04 03:47:06,227 - INFO -  Inferred reference point at iter 125: [-0.09999112271082096, 0.04250680619363621, -0.09487384257379343]
2025-06-04 03:47:06,236 - INFO -  Scoring full pool: 9865 candidates
2025-06-04 03:47:24,642 - INFO -  GP predict time: 18.405s
2025-06-04 03:47:24,642 - INFO -   EHVI: 9865 candidates with 500 MC samples
2025-06-04 03:50:38,692 - INFO -  EHVI time: 194.050s
f1 shape: (1,)
f2 shape: (1,)
f3 shape: (1,)
2025-06-04 03:50:38,694 - INFO -  Selected idx=9286 (CCc1ccc(NC(=O)C2CCN(S(=O)(=O)c3c(C)nc(O)nc3O)CC2)cc1) → [1.         0.21418021 1.        ]
2025-06-04 03:50:38,892 - INFO -  Hypervolume: 0.3371
2025-06-04 03:50:38,893 - INFO - 
--- Iter 126 (train size (136, 3)) ---
2025-06-04 03:50:38,893 - INFO -  Inferred reference point at iter 126: [-0.09999112271082096, 0.04250680619363621, -0.09487384257379343]
2025-06-04 03:50:38,902 - INFO -  Scoring full pool: 9864 candidates
2025-06-04 03:50:57,071 - INFO -  GP predict time: 18.169s
2025-06-04 03:50:57,071 - INFO -   EHVI: 9864 candidates with 500 MC samples
2025-06-04 03:54:11,509 - INFO -  EHVI time: 194.437s
f1 shape: (1,)
f2 shape: (1,)
f3 shape: (1,)
2025-06-04 03:54:11,511 - INFO -  Selected idx=3241 (COc1cccc(CNc2ccc(S(=O)(=O)Nc3cc(C)on3)cc2)c1O) → [1.         0.15225564 1.        ]
2025-06-04 03:54:12,123 - INFO -  Hypervolume: 0.3371
2025-06-04 03:54:12,123 - INFO - 
--- Iter 127 (train size (137, 3)) ---
2025-06-04 03:54:12,123 - INFO -  Inferred reference point at iter 127: [-0.09999112271082096, 0.04250680619363621, -0.09487384257379343]
2025-06-04 03:54:12,133 - INFO -  Scoring full pool: 9863 candidates
2025-06-04 03:54:29,927 - INFO -  GP predict time: 17.794s
2025-06-04 03:54:29,927 - INFO -   EHVI: 9863 candidates with 500 MC samples
2025-06-04 03:57:44,026 - INFO -  EHVI time: 194.100s
f1 shape: (1,)
f2 shape: (1,)
f3 shape: (1,)
2025-06-04 03:57:44,029 - INFO -  Selected idx=7048 (COc1ccc(S(=O)(=O)N2CCCN(S(=O)(=O)c3ccc(OC)cc3C)CC2)c(C)c1) → [1.         0.22727273 1.        ]
2025-06-04 03:57:44,233 - INFO -  Hypervolume: 0.3371
2025-06-04 03:57:44,233 - INFO - 
--- Iter 128 (train size (138, 3)) ---
2025-06-04 03:57:44,233 - INFO -  Inferred reference point at iter 128: [-0.09999112271082096, 0.04250680619363621, -0.09487384257379343]
2025-06-04 03:57:44,243 - INFO -  Scoring full pool: 9862 candidates
2025-06-04 03:58:02,325 - INFO -  GP predict time: 18.082s
2025-06-04 03:58:02,325 - INFO -   EHVI: 9862 candidates with 500 MC samples
2025-06-04 04:01:15,815 - INFO -  EHVI time: 193.490s
f1 shape: (1,)
f2 shape: (1,)
f3 shape: (1,)
2025-06-04 04:01:15,818 - INFO -  Selected idx=6163 (COC(C(=O)Nc1ccc(S(=O)(=O)N2CCCCC2)cc1)c1ccccc1) → [0.36022714 0.25396825 1.        ]
2025-06-04 04:01:16,460 - INFO -  Hypervolume: 0.3371
2025-06-04 04:01:16,460 - INFO - 
--- Iter 129 (train size (139, 3)) ---
2025-06-04 04:01:16,461 - INFO -  Inferred reference point at iter 129: [-0.09999112271082096, 0.04250680619363621, -0.09487384257379343]
2025-06-04 04:01:16,470 - INFO -  Scoring full pool: 9861 candidates
2025-06-04 04:01:34,599 - INFO -  GP predict time: 18.129s
2025-06-04 04:01:34,599 - INFO -   EHVI: 9861 candidates with 500 MC samples
2025-06-04 04:04:47,723 - INFO -  EHVI time: 193.124s
f1 shape: (1,)
f2 shape: (1,)
f3 shape: (1,)
2025-06-04 04:04:47,726 - INFO -  Selected idx=2323 (Cc1cc(C)c(C)c(S(=O)(=O)NCc2ccc(C(=O)N3CCCCC3)cc2)c1C) → [0.06291617 0.18978102 0.99969054]
2025-06-04 04:04:47,934 - INFO -  Hypervolume: 0.3371
2025-06-04 04:04:47,934 - INFO - 
--- Iter 130 (train size (140, 3)) ---
2025-06-04 04:04:47,934 - INFO -  Inferred reference point at iter 130: [-0.09999112271082096, 0.04250680619363621, -0.09487384257379343]
2025-06-04 04:04:47,944 - INFO -  Scoring full pool: 9860 candidates
2025-06-04 04:05:06,598 - INFO -  GP predict time: 18.655s
2025-06-04 04:05:06,599 - INFO -   EHVI: 9860 candidates with 500 MC samples
2025-06-04 04:08:20,566 - INFO -  EHVI time: 193.968s
f1 shape: (1,)
f2 shape: (1,)
f3 shape: (1,)
2025-06-04 04:08:20,568 - INFO -  Selected idx=5077 (COc1ccc(S(=O)(=O)NCCc2sc(-c3cccc(F)c3)nc2C)cc1) → [0.09473986 0.15953453 1.        ]
2025-06-04 04:08:20,778 - INFO -  Hypervolume: 0.3371
2025-06-04 04:08:20,778 - INFO - 
--- Iter 131 (train size (141, 3)) ---
2025-06-04 04:08:20,778 - INFO -  Inferred reference point at iter 131: [-0.09999112271082096, 0.04250680619363621, -0.09487384257379343]
2025-06-04 04:08:20,788 - INFO -  Scoring full pool: 9859 candidates
2025-06-04 04:08:39,170 - INFO -  GP predict time: 18.382s
2025-06-04 04:08:39,170 - INFO -   EHVI: 9859 candidates with 500 MC samples
2025-06-04 04:11:51,675 - INFO -  EHVI time: 192.505s
f1 shape: (1,)
f2 shape: (1,)
f3 shape: (1,)
2025-06-04 04:11:51,677 - INFO -  Selected idx=2358 (CCn1cc(C(=O)Nc2ccccc2)c(=O)c2ccc(C)nc21) → [0.03395903 0.15350877 1.        ]
2025-06-04 04:11:52,328 - INFO -  Hypervolume: 0.3371
2025-06-04 04:11:52,328 - INFO - 
--- Iter 132 (train size (142, 3)) ---
2025-06-04 04:11:52,328 - INFO -  Inferred reference point at iter 132: [-0.09999112271082096, 0.04250680619363621, -0.09487384257379343]
2025-06-04 04:11:52,338 - INFO -  Scoring full pool: 9858 candidates
2025-06-04 04:12:10,815 - INFO -  GP predict time: 18.477s
2025-06-04 04:12:10,815 - INFO -   EHVI: 9858 candidates with 500 MC samples
2025-06-04 04:15:23,771 - INFO -  EHVI time: 192.956s
f1 shape: (1,)
f2 shape: (1,)
f3 shape: (1,)
2025-06-04 04:15:23,774 - INFO -  Selected idx=2971 (Cc1ccc(S(=O)(=O)N2CCC(C(=O)OCC(=O)NC(C)c3ccc(F)cc3)CC2)cc1C) → [1.         0.24964337 1.        ]
2025-06-04 04:15:23,991 - INFO -  Hypervolume: 0.3371
2025-06-04 04:15:23,991 - INFO - 
--- Iter 133 (train size (143, 3)) ---
2025-06-04 04:15:23,991 - INFO -  Inferred reference point at iter 133: [-0.09999112271082096, 0.04250680619363621, -0.09487384257379343]
2025-06-04 04:15:24,001 - INFO -  Scoring full pool: 9857 candidates
2025-06-04 04:15:42,755 - INFO -  GP predict time: 18.754s
2025-06-04 04:15:42,755 - INFO -   EHVI: 9857 candidates with 500 MC samples
2025-06-04 04:18:55,731 - INFO -  EHVI time: 192.976s
f1 shape: (1,)
f2 shape: (1,)
f3 shape: (1,)
2025-06-04 04:18:55,734 - INFO -  Selected idx=3134 (COc1ccc(S(=O)(=O)NC(CC(C)C)C(=O)NC(C)c2cccs2)cc1) → [0.85963276 0.1227209  1.        ]
2025-06-04 04:18:56,439 - INFO -  Hypervolume: 0.3371
2025-06-04 04:18:56,439 - INFO - 
--- Iter 134 (train size (144, 3)) ---
2025-06-04 04:18:56,439 - INFO -  Inferred reference point at iter 134: [-0.09999112271082096, 0.04250680619363621, -0.09487384257379343]
2025-06-04 04:18:56,449 - INFO -  Scoring full pool: 9856 candidates
2025-06-04 04:19:15,207 - INFO -  GP predict time: 18.758s
2025-06-04 04:19:15,207 - INFO -   EHVI: 9856 candidates with 500 MC samples
2025-06-04 04:22:28,645 - INFO -  EHVI time: 193.438s
f1 shape: (1,)
f2 shape: (1,)
f3 shape: (1,)
2025-06-04 04:22:28,647 - INFO -  Selected idx=5372 (COc1ccc(C(=O)Nc2ccc(Cl)c(S(=O)(=O)Nc3ccccc3OC)c2)cc1) → [1.         0.14300135 0.91927217]
2025-06-04 04:22:28,871 - INFO -  Hypervolume: 0.3371
2025-06-04 04:22:28,871 - INFO - 
--- Iter 135 (train size (145, 3)) ---
2025-06-04 04:22:28,871 - INFO -  Inferred reference point at iter 135: [-0.09999112271082096, 0.04250680619363621, -0.09487384257379343]
2025-06-04 04:22:28,881 - INFO -  Scoring full pool: 9855 candidates
2025-06-04 04:22:48,238 - INFO -  GP predict time: 19.358s
2025-06-04 04:22:48,239 - INFO -   EHVI: 9855 candidates with 500 MC samples
2025-06-04 04:26:01,877 - INFO -  EHVI time: 193.639s
f1 shape: (1,)
f2 shape: (1,)
f3 shape: (1,)
2025-06-04 04:26:01,880 - INFO -  Selected idx=9727 (COc1ccccc1N(CC(=O)NN=C(C)c1ccccc1O)S(=O)(=O)c1ccc(C)cc1) → [1.        0.1828125 1.       ]
2025-06-04 04:26:02,105 - INFO -  Hypervolume: 0.3371
2025-06-04 04:26:02,106 - INFO - 
--- Iter 136 (train size (146, 3)) ---
2025-06-04 04:26:02,106 - INFO -  Inferred reference point at iter 136: [-0.09999112271082096, 0.04250680619363621, -0.09487384257379343]
2025-06-04 04:26:02,116 - INFO -  Scoring full pool: 9854 candidates
2025-06-04 04:26:21,234 - INFO -  GP predict time: 19.119s
2025-06-04 04:26:21,235 - INFO -   EHVI: 9854 candidates with 500 MC samples
2025-06-04 04:29:34,079 - INFO -  EHVI time: 192.845s
f1 shape: (1,)
f2 shape: (1,)
f3 shape: (1,)
2025-06-04 04:29:34,082 - INFO -  Selected idx=1379 (Cc1ccc(NC(=O)c2c(F)cccc2Cl)cc1S(=O)(=O)N1CCOCC1) → [0.36022714 0.19244868 1.        ]
2025-06-04 04:29:34,801 - INFO -  Hypervolume: 0.3371
2025-06-04 04:29:34,801 - INFO - 
--- Iter 137 (train size (147, 3)) ---
2025-06-04 04:29:34,801 - INFO -  Inferred reference point at iter 137: [-0.09999112271082096, 0.04250680619363621, -0.09487384257379343]
2025-06-04 04:29:34,811 - INFO -  Scoring full pool: 9853 candidates
2025-06-04 04:29:54,093 - INFO -  GP predict time: 19.281s
2025-06-04 04:29:54,093 - INFO -   EHVI: 9853 candidates with 500 MC samples
2025-06-04 04:33:06,843 - INFO -  EHVI time: 192.751s
f1 shape: (1,)
f2 shape: (1,)
f3 shape: (1,)
2025-06-04 04:33:06,846 - INFO -  Selected idx=5083 (Cc1ccc(S(=O)(=O)N2CCCC2CNC(=O)C(=O)NCc2ccccn2)cc1) → [1.         0.22201493 1.        ]
2025-06-04 04:33:07,078 - INFO -  Hypervolume: 0.3371
2025-06-04 04:33:07,078 - INFO - 
--- Iter 138 (train size (148, 3)) ---
2025-06-04 04:33:07,078 - INFO -  Inferred reference point at iter 138: [-0.09999112271082096, 0.04250680619363621, -0.09487384257379343]
2025-06-04 04:33:07,089 - INFO -  Scoring full pool: 9852 candidates
2025-06-04 04:33:26,959 - INFO -  GP predict time: 19.870s
2025-06-04 04:33:26,959 - INFO -   EHVI: 9852 candidates with 500 MC samples
2025-06-04 04:36:40,275 - INFO -  EHVI time: 193.317s
f1 shape: (1,)
f2 shape: (1,)
f3 shape: (1,)
2025-06-04 04:36:40,279 - INFO -  Selected idx=3025 (Cn1cncc1CN1C(=O)C(N(CC(=O)NC(C)(C)C)S(=O)(=O)c2ccc3c(c2)OCCCO3)Cc2cc(C#N)ccc21) → [1.         0.19418605 1.        ]
2025-06-04 04:36:41,012 - INFO -  Hypervolume: 0.3371
2025-06-04 04:36:41,012 - INFO - 
--- Iter 139 (train size (149, 3)) ---
2025-06-04 04:36:41,012 - INFO -  Inferred reference point at iter 139: [-0.09999112271082096, 0.04250680619363621, -0.09487384257379343]
2025-06-04 04:36:41,022 - INFO -  Scoring full pool: 9851 candidates
2025-06-04 04:37:00,528 - INFO -  GP predict time: 19.506s
2025-06-04 04:37:00,528 - INFO -   EHVI: 9851 candidates with 500 MC samples
2025-06-04 04:40:14,789 - INFO -  EHVI time: 194.261s
f1 shape: (1,)
f2 shape: (1,)
f3 shape: (1,)
2025-06-04 04:40:14,792 - INFO -  Selected idx=3715 (COc1ccc(NS(=O)(=O)c2cccc(C(=O)N3CCN(CC=Cc4ccccc4)CC3)c2)cc1) → [0.54307247 0.36184211 1.        ]
2025-06-04 04:40:15,031 - INFO -  Hypervolume: 0.3643
2025-06-04 04:40:15,031 - INFO - 
--- Iter 140 (train size (150, 3)) ---
2025-06-04 04:40:15,031 - INFO -  Inferred reference point at iter 140: [-0.09999112271082096, 0.040204678362573104, -0.09487384257379343]
2025-06-04 04:40:15,042 - INFO -  Scoring full pool: 9850 candidates
2025-06-04 04:40:34,881 - INFO -  GP predict time: 19.839s
2025-06-04 04:40:34,881 - INFO -   EHVI: 9850 candidates with 500 MC samples
2025-06-04 04:44:31,103 - INFO -  EHVI time: 236.222s
f1 shape: (1,)
f2 shape: (1,)
f3 shape: (1,)
2025-06-04 04:44:31,106 - INFO -  Selected idx=4895 (CC(=O)c1cccc(NC(=O)CCc2nnc3ccc(NCc4ccco4)nn23)c1) → [1.         0.18035714 1.        ]
2025-06-04 04:44:31,350 - INFO -  Hypervolume: 0.3670
2025-06-04 04:44:31,350 - INFO - 
--- Iter 141 (train size (151, 3)) ---
2025-06-04 04:44:31,350 - INFO -  Inferred reference point at iter 141: [-0.09999112271082096, 0.040204678362573104, -0.09487384257379343]
2025-06-04 04:44:31,361 - INFO -  Scoring full pool: 9849 candidates
2025-06-04 04:44:52,013 - INFO -  GP predict time: 20.652s
2025-06-04 04:44:52,013 - INFO -   EHVI: 9849 candidates with 500 MC samples
2025-06-04 04:48:47,979 - INFO -  EHVI time: 235.966s
f1 shape: (1,)
f2 shape: (1,)
f3 shape: (1,)
2025-06-04 04:48:47,982 - INFO -  Selected idx=9929 (O=C(Cn1nnc2ccccc2c1=O)NC(C(=O)O)c1ccccc1) → [1.         0.16437309 1.        ]
2025-06-04 04:48:48,230 - INFO -  Hypervolume: 0.3670
2025-06-04 04:48:48,230 - INFO - 
--- Iter 142 (train size (152, 3)) ---
2025-06-04 04:48:48,230 - INFO -  Inferred reference point at iter 142: [-0.09999112271082096, 0.040204678362573104, -0.09487384257379343]
2025-06-04 04:48:48,241 - INFO -  Scoring full pool: 9848 candidates
2025-06-04 04:49:08,788 - INFO -  GP predict time: 20.547s
2025-06-04 04:49:08,788 - INFO -   EHVI: 9848 candidates with 500 MC samples
2025-06-04 04:53:04,495 - INFO -  EHVI time: 235.706s
f1 shape: (1,)
f2 shape: (1,)
f3 shape: (1,)
2025-06-04 04:53:04,497 - INFO -  Selected idx=318 (CCOC(=O)N1CCN(S(=O)(=O)c2ccc(OC)c(Br)c2)CC1) → [0.38323285 0.17008197 1.        ]
2025-06-04 04:53:04,744 - INFO -  Hypervolume: 0.3670
2025-06-04 04:53:04,744 - INFO - 
--- Iter 143 (train size (153, 3)) ---
2025-06-04 04:53:04,744 - INFO -  Inferred reference point at iter 143: [-0.09999112271082096, 0.040204678362573104, -0.09487384257379343]
2025-06-04 04:53:04,755 - INFO -  Scoring full pool: 9847 candidates
2025-06-04 04:53:25,773 - INFO -  GP predict time: 21.018s
2025-06-04 04:53:25,774 - INFO -   EHVI: 9847 candidates with 500 MC samples
2025-06-04 04:57:21,005 - INFO -  EHVI time: 235.231s
f1 shape: (1,)
f2 shape: (1,)
f3 shape: (1,)
2025-06-04 04:57:21,008 - INFO -  Selected idx=2860 (Cc1cc(S(=O)(=O)N(CCC(C)C)c2cccc(-c3ccc(C(F)(F)F)cc3)c2)ccc1OCC(=O)O) → [0.83073826 0.2490887  0.0580999 ]
2025-06-04 04:57:21,848 - INFO -  Hypervolume: 0.3670
2025-06-04 04:57:21,848 - INFO - 
--- Iter 144 (train size (154, 3)) ---
2025-06-04 04:57:21,848 - INFO -  Inferred reference point at iter 144: [-0.09999112271082096, 0.040204678362573104, -0.09487384257379343]
2025-06-04 04:57:21,859 - INFO -  Scoring full pool: 9846 candidates
2025-06-04 04:57:42,133 - INFO -  GP predict time: 20.274s
2025-06-04 04:57:42,134 - INFO -   EHVI: 9846 candidates with 500 MC samples
2025-06-04 05:01:37,444 - INFO -  EHVI time: 235.311s
f1 shape: (1,)
f2 shape: (1,)
f3 shape: (1,)
2025-06-04 05:01:37,447 - INFO -  Selected idx=4211 (COc1ccccc1Oc1c(NS(=O)(=O)c2ccc(C(C)(C)C)cc2)nc(C)nc1OCCNC(=O)Nc1ccccn1) → [1.         0.16365979 0.44094213]
2025-06-04 05:01:37,703 - INFO -  Hypervolume: 0.3670
2025-06-04 05:01:37,703 - INFO - 
--- Iter 145 (train size (155, 3)) ---
2025-06-04 05:01:37,704 - INFO -  Inferred reference point at iter 145: [-0.09999112271082096, 0.040204678362573104, -0.09487384257379343]
2025-06-04 05:01:37,714 - INFO -  Scoring full pool: 9845 candidates
2025-06-04 05:01:58,478 - INFO -  GP predict time: 20.763s
2025-06-04 05:01:58,478 - INFO -   EHVI: 9845 candidates with 500 MC samples
2025-06-04 05:05:54,468 - INFO -  EHVI time: 235.990s
f1 shape: (1,)
f2 shape: (1,)
f3 shape: (1,)
2025-06-04 05:05:54,470 - INFO -  Selected idx=6472 (CON(C)S(=O)(=O)c1ccc2c(c1)N(Cc1ccc(C)cc1)C(=O)C1CCCN21) → [0.13971816 0.2613798  1.        ]
2025-06-04 05:05:54,728 - INFO -  Hypervolume: 0.3670
2025-06-04 05:05:54,728 - INFO - 
--- Iter 146 (train size (156, 3)) ---
2025-06-04 05:05:54,728 - INFO -  Inferred reference point at iter 146: [-0.09999112271082096, 0.040204678362573104, -0.09487384257379343]
2025-06-04 05:05:54,739 - INFO -  Scoring full pool: 9844 candidates
2025-06-04 05:06:15,514 - INFO -  GP predict time: 20.775s
2025-06-04 05:06:15,514 - INFO -   EHVI: 9844 candidates with 500 MC samples
2025-06-04 05:10:11,388 - INFO -  EHVI time: 235.874s
f1 shape: (1,)
f2 shape: (1,)
f3 shape: (1,)
2025-06-04 05:10:11,391 - INFO -  Selected idx=3401 (COc1ccc2c(c1)C1CC1(C(=O)N1CC34CCC3(CN(C)C4)C1)Cn1c-2c(C2CCCCC2)c2ccc(C(=O)NS(=O)(=O)C(C)C)cc21) → [1.         0.28930131 0.17271276]
2025-06-04 05:10:11,654 - INFO -  Hypervolume: 0.3670
2025-06-04 05:10:11,654 - INFO - 
--- Iter 147 (train size (157, 3)) ---
2025-06-04 05:10:11,654 - INFO -  Inferred reference point at iter 147: [-0.09999112271082096, 0.040204678362573104, -0.09487384257379343]
2025-06-04 05:10:11,665 - INFO -  Scoring full pool: 9843 candidates
2025-06-04 05:10:32,782 - INFO -  GP predict time: 21.116s
2025-06-04 05:10:32,782 - INFO -   EHVI: 9843 candidates with 500 MC samples
2025-06-04 05:15:11,086 - INFO -  EHVI time: 278.304s
f1 shape: (1,)
f2 shape: (1,)
f3 shape: (1,)
2025-06-04 05:15:11,088 - INFO -  Selected idx=6323 (Cc1ccc(S(=O)(=O)NC(=O)COc2ccccc2C)c(C)c1) → [0.21513178 0.12678288 1.        ]
2025-06-04 05:15:11,353 - INFO -  Hypervolume: 0.3670
2025-06-04 05:15:11,354 - INFO - 
--- Iter 148 (train size (158, 3)) ---
2025-06-04 05:15:11,354 - INFO -  Inferred reference point at iter 148: [-0.09999112271082096, 0.040204678362573104, -0.09487384257379343]
2025-06-04 05:15:11,365 - INFO -  Scoring full pool: 9842 candidates
2025-06-04 05:15:32,569 - INFO -  GP predict time: 21.204s
2025-06-04 05:15:32,569 - INFO -   EHVI: 9842 candidates with 500 MC samples
2025-06-04 05:20:10,505 - INFO -  EHVI time: 277.936s
f1 shape: (1,)
f2 shape: (1,)
f3 shape: (1,)
2025-06-04 05:20:10,508 - INFO -  Selected idx=1172 (COc1ccc2c(c1)c(Cc1csc(-c3cccnc3)n1)c(C)n2C(=O)c1ccc(Cl)cc1) → [0.00433211 0.16104294 0.05486425]
2025-06-04 05:20:11,265 - INFO -  Hypervolume: 0.3670
2025-06-04 05:20:11,265 - INFO - 
--- Iter 149 (train size (159, 3)) ---
2025-06-04 05:20:11,265 - INFO -  Inferred reference point at iter 149: [-0.09999112271082096, 0.040204678362573104, -0.09487384257379343]
2025-06-04 05:20:11,276 - INFO -  Scoring full pool: 9841 candidates
2025-06-04 05:20:32,757 - INFO -  GP predict time: 21.481s
2025-06-04 05:20:32,757 - INFO -   EHVI: 9841 candidates with 500 MC samples
2025-06-04 05:25:10,209 - INFO -  EHVI time: 277.451s
f1 shape: (1,)
f2 shape: (1,)
f3 shape: (1,)
2025-06-04 05:25:10,212 - INFO -  Selected idx=2172 (CCNC(=N)c1ccc(C2=NOC(CC(=O)NCC(NS(=O)(=O)c3cccc(C)c3)C(=O)O)C2)cc1) → [1.         0.21981627 1.        ]
2025-06-04 05:25:10,972 - INFO -  Hypervolume: 0.3670
2025-06-04 05:25:10,972 - INFO - 
--- Iter 150 (train size (160, 3)) ---
2025-06-04 05:25:10,973 - INFO -  Inferred reference point at iter 150: [-0.09999112271082096, 0.040204678362573104, -0.09487384257379343]
2025-06-04 05:25:10,984 - INFO -  Scoring full pool: 9840 candidates
2025-06-04 05:25:32,564 - INFO -  GP predict time: 21.580s
2025-06-04 05:25:32,564 - INFO -   EHVI: 9840 candidates with 500 MC samples
2025-06-04 05:30:09,378 - INFO -  EHVI time: 276.814s
f1 shape: (1,)
f2 shape: (1,)
f3 shape: (1,)
2025-06-04 05:30:09,381 - INFO -  Selected idx=6406 (COc1ccc(S(=O)(=O)N(CC(C)C)CC(O)C(Cc2cccc(-c3ccccc3OC)c2)NC(=O)OC2COC3OCCC23)cc1) → [1.         0.27875    0.89234036]
2025-06-04 05:30:09,658 - INFO -  Hypervolume: 0.3670
2025-06-04 05:30:09,658 - INFO - 
--- Iter 151 (train size (161, 3)) ---
2025-06-04 05:30:09,659 - INFO -  Inferred reference point at iter 151: [-0.09999112271082096, 0.040204678362573104, -0.09487384257379343]
2025-06-04 05:30:09,670 - INFO -  Scoring full pool: 9839 candidates
2025-06-04 05:30:31,475 - INFO -  GP predict time: 21.805s
2025-06-04 05:30:31,475 - INFO -   EHVI: 9839 candidates with 500 MC samples
2025-06-04 05:35:09,726 - INFO -  EHVI time: 278.251s
f1 shape: (1,)
f2 shape: (1,)
f3 shape: (1,)
2025-06-04 05:35:09,729 - INFO -  Selected idx=1531 (O=C(NCc1ccccc1)C(=O)NCC1OCCN1S(=O)(=O)c1ccc2c(c1)OCCO2) → [1.         0.19243869 1.        ]
2025-06-04 05:35:10,008 - INFO -  Hypervolume: 0.3670
2025-06-04 05:35:10,008 - INFO - 
--- Iter 152 (train size (162, 3)) ---
2025-06-04 05:35:10,008 - INFO -  Inferred reference point at iter 152: [-0.09999112271082096, 0.040204678362573104, -0.09487384257379343]
2025-06-04 05:35:10,020 - INFO -  Scoring full pool: 9838 candidates
2025-06-04 05:35:31,434 - INFO -  GP predict time: 21.415s
2025-06-04 05:35:31,435 - INFO -   EHVI: 9838 candidates with 500 MC samples
2025-06-04 05:40:09,933 - INFO -  EHVI time: 278.498s
f1 shape: (1,)
f2 shape: (1,)
f3 shape: (1,)
2025-06-04 05:40:09,935 - INFO -  Selected idx=4892 (Cc1ccc(S(=O)(=O)N2C(=O)CCC2C(=O)NCc2ccco2)cc1) → [1.         0.16819572 1.        ]
2025-06-04 05:40:10,703 - INFO -  Hypervolume: 0.3670
2025-06-04 05:40:10,703 - INFO - 
--- Iter 153 (train size (163, 3)) ---
2025-06-04 05:40:10,703 - INFO -  Inferred reference point at iter 153: [-0.09999112271082096, 0.040204678362573104, -0.09487384257379343]
2025-06-04 05:40:10,714 - INFO -  Scoring full pool: 9837 candidates
2025-06-04 05:40:32,304 - INFO -  GP predict time: 21.589s
2025-06-04 05:40:32,304 - INFO -   EHVI: 9837 candidates with 500 MC samples
2025-06-04 05:45:09,938 - INFO -  EHVI time: 277.634s
f1 shape: (1,)
f2 shape: (1,)
f3 shape: (1,)
2025-06-04 05:45:09,940 - INFO -  Selected idx=1179 (COc1ccc(OC)c(C(=O)CCC(=O)NC(Cc2ccccc2)C(=O)C(N)=O)c1) → [1.         0.19393512 1.        ]
2025-06-04 05:45:10,228 - INFO -  Hypervolume: 0.3670
2025-06-04 05:45:10,228 - INFO - 
--- Iter 154 (train size (164, 3)) ---
2025-06-04 05:45:10,228 - INFO -  Inferred reference point at iter 154: [-0.09999112271082096, 0.040204678362573104, -0.09487384257379343]
2025-06-04 05:45:10,239 - INFO -  Scoring full pool: 9836 candidates
2025-06-04 05:45:32,380 - INFO -  GP predict time: 22.141s
2025-06-04 05:45:32,380 - INFO -   EHVI: 9836 candidates with 500 MC samples
2025-06-04 05:50:09,435 - INFO -  EHVI time: 277.055s
f1 shape: (1,)
f2 shape: (1,)
f3 shape: (1,)
2025-06-04 05:50:09,438 - INFO -  Selected idx=8668 (CCCNC(=O)c1cccc(C(=O)NC(Cc2ccccc2)C(O)CN(CC(C)C)S(=O)(=O)c2ccc(OC)cc2)c1) → [1.        0.2779299 1.       ]
2025-06-04 05:50:10,223 - INFO -  Hypervolume: 0.3670
2025-06-04 05:50:10,223 - INFO - 
--- Iter 155 (train size (165, 3)) ---
2025-06-04 05:50:10,223 - INFO -  Inferred reference point at iter 155: [-0.09999112271082096, 0.040204678362573104, -0.09487384257379343]
2025-06-04 05:50:10,235 - INFO -  Scoring full pool: 9835 candidates
2025-06-04 05:50:32,040 - INFO -  GP predict time: 21.805s
2025-06-04 05:50:32,040 - INFO -   EHVI: 9835 candidates with 500 MC samples
2025-06-04 05:55:09,716 - INFO -  EHVI time: 277.676s
f1 shape: (1,)
f2 shape: (1,)
f3 shape: (1,)
2025-06-04 05:55:09,718 - INFO -  Selected idx=1060 (Cc1noc(NS(=O)(=O)c2cccc3c(C(C)(C)O)cccc23)c1C) → [1.         0.15298507 1.        ]
2025-06-04 05:55:10,012 - INFO -  Hypervolume: 0.3670
2025-06-04 05:55:10,012 - INFO - 
--- Iter 156 (train size (166, 3)) ---
2025-06-04 05:55:10,012 - INFO -  Inferred reference point at iter 156: [-0.09999112271082096, 0.040204678362573104, -0.09487384257379343]
2025-06-04 05:55:10,024 - INFO -  Scoring full pool: 9834 candidates
2025-06-04 05:55:32,122 - INFO -  GP predict time: 22.099s
2025-06-04 05:55:32,123 - INFO -   EHVI: 9834 candidates with 500 MC samples
2025-06-04 06:00:10,686 - INFO -  EHVI time: 278.563s
f1 shape: (1,)
f2 shape: (1,)
f3 shape: (1,)
2025-06-04 06:00:10,688 - INFO -  Selected idx=5607 (CC(C)c1cccc(C(C)C)c1OC(=O)NS(=O)(=O)N1CCc2ccccc21) → [0.36022714 0.18511989 0.94722441]
2025-06-04 06:00:10,986 - INFO -  Hypervolume: 0.3670
2025-06-04 06:00:10,986 - INFO - 
--- Iter 157 (train size (167, 3)) ---
2025-06-04 06:00:10,986 - INFO -  Inferred reference point at iter 157: [-0.09999112271082096, 0.040204678362573104, -0.09487384257379343]
2025-06-04 06:00:10,998 - INFO -  Scoring full pool: 9833 candidates
2025-06-04 06:00:33,536 - INFO -  GP predict time: 22.538s
2025-06-04 06:00:33,536 - INFO -   EHVI: 9833 candidates with 500 MC samples
2025-06-04 06:05:11,861 - INFO -  EHVI time: 278.325s
f1 shape: (1,)
f2 shape: (1,)
f3 shape: (1,)
2025-06-04 06:05:11,863 - INFO -  Selected idx=681 (COc1cccc(NC(=O)CN(Cc2ccccc2)S(=O)(=O)c2ccc3nc(C)sc3c2)c1) → [0.99024786 0.18277571 0.90656816]
2025-06-04 06:05:12,164 - INFO -  Hypervolume: 0.3670
2025-06-04 06:05:12,164 - INFO - 
--- Iter 158 (train size (168, 3)) ---
2025-06-04 06:05:12,164 - INFO -  Inferred reference point at iter 158: [-0.09999112271082096, 0.040204678362573104, -0.09487384257379343]
2025-06-04 06:05:12,176 - INFO -  Scoring full pool: 9832 candidates
2025-06-04 06:05:35,299 - INFO -  GP predict time: 23.123s
2025-06-04 06:05:35,299 - INFO -   EHVI: 9832 candidates with 500 MC samples
2025-06-04 06:10:13,336 - INFO -  EHVI time: 278.037s
f1 shape: (1,)
f2 shape: (1,)
f3 shape: (1,)
2025-06-04 06:10:13,339 - INFO -  Selected idx=1085 (CNc1c(NC(=O)c2ccc3c(c2)OCO3)c(=O)oc2ccccc12) → [0.99980002 0.12721239 1.        ]
2025-06-04 06:10:13,644 - INFO -  Hypervolume: 0.3670
2025-06-04 06:10:13,644 - INFO - 
--- Iter 159 (train size (169, 3)) ---
2025-06-04 06:10:13,644 - INFO -  Inferred reference point at iter 159: [-0.09999112271082096, 0.040204678362573104, -0.09487384257379343]
2025-06-04 06:10:13,656 - INFO -  Scoring full pool: 9831 candidates
2025-06-04 06:10:36,515 - INFO -  GP predict time: 22.859s
2025-06-04 06:10:36,515 - INFO -   EHVI: 9831 candidates with 500 MC samples
2025-06-04 06:15:14,619 - INFO -  EHVI time: 278.104s
f1 shape: (1,)
f2 shape: (1,)
f3 shape: (1,)
2025-06-04 06:15:14,622 - INFO -  Selected idx=8452 (CCc1nc(N)nc(N2CCOCC2)c1-c1ccc(NCc2ccc(S(C)(=O)=O)cc2)cc1) → [1.         0.23858921 1.        ]
2025-06-04 06:15:14,928 - INFO -  Hypervolume: 0.3670
2025-06-04 06:15:14,928 - INFO - 
--- Iter 160 (train size (170, 3)) ---
2025-06-04 06:15:14,928 - INFO -  Inferred reference point at iter 160: [-0.09999112271082096, 0.040204678362573104, -0.09487384257379343]
2025-06-04 06:15:14,940 - INFO -  Scoring full pool: 9830 candidates
2025-06-04 06:15:37,442 - INFO -  GP predict time: 22.502s
2025-06-04 06:15:37,443 - INFO -   EHVI: 9830 candidates with 500 MC samples
2025-06-04 06:20:16,620 - INFO -  EHVI time: 279.177s
f1 shape: (1,)
f2 shape: (1,)
f3 shape: (1,)
2025-06-04 06:20:16,622 - INFO -  Selected idx=3219 (COc1ccccc1S(=O)(=O)NCc1ccc(C(=O)N(C)Cc2ccc(F)cc2)cc1) → [0.36022714 0.17580872 1.        ]
2025-06-04 06:20:16,934 - INFO -  Hypervolume: 0.3670
2025-06-04 06:20:16,934 - INFO - 
--- Iter 161 (train size (171, 3)) ---
2025-06-04 06:20:16,935 - INFO -  Inferred reference point at iter 161: [-0.09999112271082096, 0.040204678362573104, -0.09487384257379343]
2025-06-04 06:20:16,947 - INFO -  Scoring full pool: 9829 candidates
2025-06-04 06:20:40,043 - INFO -  GP predict time: 23.096s
2025-06-04 06:20:40,043 - INFO -   EHVI: 9829 candidates with 500 MC samples
2025-06-04 06:25:18,396 - INFO -  EHVI time: 278.353s
f1 shape: (1,)
f2 shape: (1,)
f3 shape: (1,)
2025-06-04 06:25:18,398 - INFO -  Selected idx=1238 (CCn1nccc1N(CC(=O)NCc1ccc(Cl)cc1)S(=O)(=O)c1ccc(C)cc1) → [0.85005859 0.18387314 1.        ]
2025-06-04 06:25:18,715 - INFO -  Hypervolume: 0.3670
2025-06-04 06:25:18,715 - INFO - 
--- Iter 162 (train size (172, 3)) ---
2025-06-04 06:25:18,715 - INFO -  Inferred reference point at iter 162: [-0.09999112271082096, 0.040204678362573104, -0.09487384257379343]
2025-06-04 06:25:18,727 - INFO -  Scoring full pool: 9828 candidates
2025-06-04 06:25:42,052 - INFO -  GP predict time: 23.325s
2025-06-04 06:25:42,053 - INFO -   EHVI: 9828 candidates with 500 MC samples
2025-06-04 06:30:17,918 - INFO -  EHVI time: 275.865s
f1 shape: (1,)
f2 shape: (1,)
f3 shape: (1,)
2025-06-04 06:30:17,920 - INFO -  Selected idx=9196 (COCCNC(=O)c1ccccc1N(Cc1ccccc1)S(=O)(=O)c1ccc(C)cc1) → [0.36022714 0.22532895 1.        ]
2025-06-04 06:30:18,239 - INFO -  Hypervolume: 0.3670
2025-06-04 06:30:18,239 - INFO - 
--- Iter 163 (train size (173, 3)) ---
2025-06-04 06:30:18,239 - INFO -  Inferred reference point at iter 163: [-0.09999112271082096, 0.040204678362573104, -0.09487384257379343]
2025-06-04 06:30:18,252 - INFO -  Scoring full pool: 9827 candidates
2025-06-04 06:30:41,774 - INFO -  GP predict time: 23.523s
2025-06-04 06:30:41,774 - INFO -   EHVI: 9827 candidates with 500 MC samples
2025-06-04 06:35:19,578 - INFO -  EHVI time: 277.804s
f1 shape: (1,)
f2 shape: (1,)
f3 shape: (1,)
2025-06-04 06:35:19,581 - INFO -  Selected idx=9808 (CC(=O)NCCc1nc2cc(NS(=O)(=O)c3ccc(Cl)cc3)ccc2n1C) → [1.         0.16977612 1.        ]
2025-06-04 06:35:20,436 - INFO -  Hypervolume: 0.3670
2025-06-04 06:35:20,437 - INFO - 
--- Iter 164 (train size (174, 3)) ---
2025-06-04 06:35:20,437 - INFO -  Inferred reference point at iter 164: [-0.09999112271082096, 0.040204678362573104, -0.09487384257379343]
2025-06-04 06:35:20,449 - INFO -  Scoring full pool: 9826 candidates
2025-06-04 06:35:43,925 - INFO -  GP predict time: 23.476s
2025-06-04 06:35:43,925 - INFO -   EHVI: 9826 candidates with 500 MC samples
2025-06-04 06:40:21,256 - INFO -  EHVI time: 277.331s
f1 shape: (1,)
f2 shape: (1,)
f3 shape: (1,)
2025-06-04 06:40:21,259 - INFO -  Selected idx=4914 (CCN(CC)S(=O)(=O)c1ccc(-c2nnc(SCC(=O)Nc3nc(C)cs3)o2)cc1) → [1.         0.11962552 1.        ]
2025-06-04 06:40:21,584 - INFO -  Hypervolume: 0.3670
2025-06-04 06:40:21,584 - INFO - 
--- Iter 165 (train size (175, 3)) ---
2025-06-04 06:40:21,584 - INFO -  Inferred reference point at iter 165: [-0.09999112271082096, 0.040204678362573104, -0.09487384257379343]
2025-06-04 06:40:21,597 - INFO -  Scoring full pool: 9825 candidates
2025-06-04 06:40:45,755 - INFO -  GP predict time: 24.159s
2025-06-04 06:40:45,755 - INFO -   EHVI: 9825 candidates with 500 MC samples
2025-06-04 06:45:22,216 - INFO -  EHVI time: 276.460s
f1 shape: (1,)
f2 shape: (1,)
f3 shape: (1,)
2025-06-04 06:45:22,218 - INFO -  Selected idx=3795 (CCCC(CC(=O)NO)S(=O)(=O)c1ccc(OC)c(OC2CCCC2)c1) → [1.         0.19548872 1.        ]
2025-06-04 06:45:23,080 - INFO -  Hypervolume: 0.3670
2025-06-04 06:45:23,080 - INFO - 
--- Iter 166 (train size (176, 3)) ---
2025-06-04 06:45:23,080 - INFO -  Inferred reference point at iter 166: [-0.09999112271082096, 0.040204678362573104, -0.09487384257379343]
2025-06-04 06:45:23,093 - INFO -  Scoring full pool: 9824 candidates
2025-06-04 06:45:47,440 - INFO -  GP predict time: 24.347s
2025-06-04 06:45:47,440 - INFO -   EHVI: 9824 candidates with 500 MC samples
2025-06-04 06:50:24,591 - INFO -  EHVI time: 277.152s
f1 shape: (1,)
f2 shape: (1,)
f3 shape: (1,)
2025-06-04 06:50:24,594 - INFO -  Selected idx=5835 (O=C(COC(=O)c1cnc(O)nc1O)Nc1cccc(S(=O)(=O)N2CCCCC2)c1) → [1.         0.19604317 1.        ]
2025-06-04 06:50:25,458 - INFO -  Hypervolume: 0.3670
2025-06-04 06:50:25,459 - INFO - 
--- Iter 167 (train size (177, 3)) ---
2025-06-04 06:50:25,459 - INFO -  Inferred reference point at iter 167: [-0.09999112271082096, 0.040204678362573104, -0.09487384257379343]
2025-06-04 06:50:25,471 - INFO -  Scoring full pool: 9823 candidates
2025-06-04 06:50:49,441 - INFO -  GP predict time: 23.970s
2025-06-04 06:50:49,441 - INFO -   EHVI: 9823 candidates with 500 MC samples
2025-06-04 06:55:26,225 - INFO -  EHVI time: 276.783s
f1 shape: (1,)
f2 shape: (1,)
f3 shape: (1,)
2025-06-04 06:55:26,227 - INFO -  Selected idx=9700 (COc1cc(C(=O)NNC(=O)c2ccc(Cl)c(Cl)c2)cc(OC)c1OC) → [0.91900796 0.08583691 1.        ]
2025-06-04 06:55:26,562 - INFO -  Hypervolume: 0.3670
2025-06-04 06:55:26,562 - INFO - 
--- Iter 168 (train size (178, 3)) ---
2025-06-04 06:55:26,562 - INFO -  Inferred reference point at iter 168: [-0.09999112271082096, 0.040204678362573104, -0.09487384257379343]
2025-06-04 06:55:26,574 - INFO -  Scoring full pool: 9822 candidates
2025-06-04 06:55:51,093 - INFO -  GP predict time: 24.518s
2025-06-04 06:55:51,093 - INFO -   EHVI: 9822 candidates with 500 MC samples
2025-06-04 07:00:28,178 - INFO -  EHVI time: 277.085s
f1 shape: (1,)
f2 shape: (1,)
f3 shape: (1,)
2025-06-04 07:00:28,180 - INFO -  Selected idx=2205 (Cc1noc(NS(=O)(=O)c2cc(O)ccc2-c2ccc(CC(C)C)cc2)c1C) → [1.         0.16304348 0.80251079]
2025-06-04 07:00:28,519 - INFO -  Hypervolume: 0.3670
2025-06-04 07:00:28,519 - INFO - 
--- Iter 169 (train size (179, 3)) ---
2025-06-04 07:00:28,519 - INFO -  Inferred reference point at iter 169: [-0.09999112271082096, 0.040204678362573104, -0.09487384257379343]
2025-06-04 07:00:28,532 - INFO -  Scoring full pool: 9821 candidates
2025-06-04 07:00:52,751 - INFO -  GP predict time: 24.219s
2025-06-04 07:00:52,751 - INFO -   EHVI: 9821 candidates with 500 MC samples
2025-06-04 07:05:29,137 - INFO -  EHVI time: 276.386s
f1 shape: (1,)
f2 shape: (1,)
f3 shape: (1,)
2025-06-04 07:05:29,140 - INFO -  Selected idx=5546 (CCCc1c(OCCCCOc2ccc(S(N)(=O)=O)cc2)ccc(C(C)=O)c1O) → [1.         0.24603175 1.        ]
2025-06-04 07:05:30,002 - INFO -  Hypervolume: 0.3670
2025-06-04 07:05:30,002 - INFO - 
--- Iter 170 (train size (180, 3)) ---
2025-06-04 07:05:30,002 - INFO -  Inferred reference point at iter 170: [-0.09999112271082096, 0.040204678362573104, -0.09487384257379343]
2025-06-04 07:05:30,015 - INFO -  Scoring full pool: 9820 candidates
2025-06-04 07:05:54,217 - INFO -  GP predict time: 24.202s
2025-06-04 07:05:54,217 - INFO -   EHVI: 9820 candidates with 500 MC samples
2025-06-04 07:10:31,863 - INFO -  EHVI time: 277.646s
f1 shape: (1,)
f2 shape: (1,)
f3 shape: (1,)
2025-06-04 07:10:31,866 - INFO -  Selected idx=3334 (CCC(NC(=O)N1CC(=O)NCC(Cc2cc(Cl)ccc2OC)C1=O)c1cncc(C(=O)O)c1) → [1.         0.22468354 1.        ]
2025-06-04 07:10:32,217 - INFO -  Hypervolume: 0.3670
2025-06-04 07:10:32,217 - INFO - 
--- Iter 171 (train size (181, 3)) ---
2025-06-04 07:10:32,217 - INFO -  Inferred reference point at iter 171: [-0.09999112271082096, 0.040204678362573104, -0.09487384257379343]
2025-06-04 07:10:32,230 - INFO -  Scoring full pool: 9819 candidates
2025-06-04 07:10:56,596 - INFO -  GP predict time: 24.366s
2025-06-04 07:10:56,596 - INFO -   EHVI: 9819 candidates with 500 MC samples
2025-06-04 07:15:35,339 - INFO -  EHVI time: 278.743s
f1 shape: (1,)
f2 shape: (1,)
f3 shape: (1,)
2025-06-04 07:15:35,341 - INFO -  Selected idx=118 (CCOc1ccc(C(=O)CN2CCN(S(=O)(=O)c3ccc(Cl)cc3)CC2)cc1) → [0.06970857 0.25590551 1.        ]
2025-06-04 07:15:35,694 - INFO -  Hypervolume: 0.3670
2025-06-04 07:15:35,694 - INFO - 
--- Iter 172 (train size (182, 3)) ---
2025-06-04 07:15:35,694 - INFO -  Inferred reference point at iter 172: [-0.09999112271082096, 0.040204678362573104, -0.09487384257379343]
2025-06-04 07:15:35,707 - INFO -  Scoring full pool: 9818 candidates
2025-06-04 07:15:59,665 - INFO -  GP predict time: 23.958s
2025-06-04 07:15:59,665 - INFO -   EHVI: 9818 candidates with 500 MC samples
2025-06-04 07:20:37,874 - INFO -  EHVI time: 278.209s
f1 shape: (1,)
f2 shape: (1,)
f3 shape: (1,)
2025-06-04 07:20:37,877 - INFO -  Selected idx=3951 (CC(C)C(NS(=O)(=O)c1ccc2c(c1)oc1ccc(-n3cncn3)cc12)C(=O)O) → [1.         0.14403292 1.        ]
2025-06-04 07:20:38,231 - INFO -  Hypervolume: 0.3670
2025-06-04 07:20:38,232 - INFO - 
--- Iter 173 (train size (183, 3)) ---
2025-06-04 07:20:38,232 - INFO -  Inferred reference point at iter 173: [-0.09999112271082096, 0.040204678362573104, -0.09487384257379343]
2025-06-04 07:20:38,245 - INFO -  Scoring full pool: 9817 candidates
2025-06-04 07:21:03,045 - INFO -  GP predict time: 24.800s
2025-06-04 07:21:03,045 - INFO -   EHVI: 9817 candidates with 500 MC samples
2025-06-04 07:25:40,739 - INFO -  EHVI time: 277.694s
f1 shape: (1,)
f2 shape: (1,)
f3 shape: (1,)
2025-06-04 07:25:40,742 - INFO -  Selected idx=2996 (Cc1ccnc(NC(=O)c2cccc(S(=O)(=O)Nc3ccc(C)cc3C)c2)c1) → [0.98321447 0.1371308  0.99820401]
2025-06-04 07:25:41,100 - INFO -  Hypervolume: 0.3670
2025-06-04 07:25:41,100 - INFO - 
--- Iter 174 (train size (184, 3)) ---
2025-06-04 07:25:41,100 - INFO -  Inferred reference point at iter 174: [-0.09999112271082096, 0.040204678362573104, -0.09487384257379343]
2025-06-04 07:25:41,113 - INFO -  Scoring full pool: 9816 candidates
2025-06-04 07:26:06,380 - INFO -  GP predict time: 25.267s
2025-06-04 07:26:06,380 - INFO -   EHVI: 9816 candidates with 500 MC samples
2025-06-04 07:30:42,261 - INFO -  EHVI time: 275.881s
f1 shape: (1,)
f2 shape: (1,)
f3 shape: (1,)
2025-06-04 07:30:42,264 - INFO -  Selected idx=8397 (CC1CCCCN1C(=O)C(CCCN=C(N)N)NS(=O)(=O)c1cccc2c(N(C)C)cccc12) → [1.         0.27742347 1.        ]
2025-06-04 07:30:43,199 - INFO -  Hypervolume: 0.3670
2025-06-04 07:30:43,199 - INFO - 
--- Iter 175 (train size (185, 3)) ---
2025-06-04 07:30:43,199 - INFO -  Inferred reference point at iter 175: [-0.09999112271082096, 0.040204678362573104, -0.09487384257379343]
2025-06-04 07:30:43,212 - INFO -  Scoring full pool: 9815 candidates
2025-06-04 07:31:08,690 - INFO -  GP predict time: 25.478s
2025-06-04 07:31:08,690 - INFO -   EHVI: 9815 candidates with 500 MC samples
2025-06-04 07:35:44,295 - INFO -  EHVI time: 275.605s
f1 shape: (1,)
f2 shape: (1,)
f3 shape: (1,)
2025-06-04 07:35:44,298 - INFO -  Selected idx=8026 (Cc1cccc(NC(=O)C2CCN(S(=O)(=O)c3ccc4c(c3)OCCCO4)CC2)n1) → [1.        0.2252907 1.       ]
2025-06-04 07:35:45,442 - INFO -  Hypervolume: 0.3670
2025-06-04 07:35:45,442 - INFO - 
--- Iter 176 (train size (186, 3)) ---
2025-06-04 07:35:45,442 - INFO -  Inferred reference point at iter 176: [-0.09999112271082096, 0.040204678362573104, -0.09487384257379343]
2025-06-04 07:35:45,456 - INFO -  Scoring full pool: 9814 candidates
2025-06-04 07:36:10,877 - INFO -  GP predict time: 25.421s
2025-06-04 07:36:10,877 - INFO -   EHVI: 9814 candidates with 500 MC samples
2025-06-04 07:40:48,219 - INFO -  EHVI time: 277.343s
f1 shape: (1,)
f2 shape: (1,)
f3 shape: (1,)
2025-06-04 07:40:48,222 - INFO -  Selected idx=1690 (CCCNCCOc1cc(O)c2c(=O)cc(-c3ccc4c(c3)OCCO4)oc2c1) → [1.         0.24408284 1.        ]
2025-06-04 07:40:48,593 - INFO -  Hypervolume: 0.3670
2025-06-04 07:40:48,593 - INFO - 
--- Iter 177 (train size (187, 3)) ---
2025-06-04 07:40:48,593 - INFO -  Inferred reference point at iter 177: [-0.09999112271082096, 0.040204678362573104, -0.09487384257379343]
2025-06-04 07:40:48,607 - INFO -  Scoring full pool: 9813 candidates
2025-06-04 07:41:13,749 - INFO -  GP predict time: 25.142s
2025-06-04 07:41:13,749 - INFO -   EHVI: 9813 candidates with 500 MC samples
2025-06-04 07:45:50,313 - INFO -  EHVI time: 276.564s
f1 shape: (1,)
f2 shape: (1,)
f3 shape: (1,)
2025-06-04 07:45:50,316 - INFO -  Selected idx=6381 (O=C(Cn1nnc(-c2ccccc2Cl)n1)Nc1cccc(S(=O)(=O)N2CCCC2)c1) → [1.         0.17277856 1.        ]
2025-06-04 07:45:50,690 - INFO -  Hypervolume: 0.3670
2025-06-04 07:45:50,691 - INFO - 
--- Iter 178 (train size (188, 3)) ---
2025-06-04 07:45:50,691 - INFO -  Inferred reference point at iter 178: [-0.09999112271082096, 0.040204678362573104, -0.09487384257379343]
2025-06-04 07:45:50,704 - INFO -  Scoring full pool: 9812 candidates
2025-06-04 07:46:16,485 - INFO -  GP predict time: 25.780s
2025-06-04 07:46:16,485 - INFO -   EHVI: 9812 candidates with 500 MC samples
2025-06-04 07:50:53,930 - INFO -  EHVI time: 277.445s
f1 shape: (1,)
f2 shape: (1,)
f3 shape: (1,)
2025-06-04 07:50:53,932 - INFO -  Selected idx=4894 (CCCNS(=O)(=O)c1ccc(NC(=O)Nc2ncnc3c2ncn3C2OC(C(=O)NCC)C(O)C2O)cc1) → [1.         0.15276146 1.        ]
2025-06-04 07:50:54,309 - INFO -  Hypervolume: 0.3670
2025-06-04 07:50:54,309 - INFO - 
--- Iter 179 (train size (189, 3)) ---
2025-06-04 07:50:54,309 - INFO -  Inferred reference point at iter 179: [-0.09999112271082096, 0.040204678362573104, -0.09487384257379343]
2025-06-04 07:50:54,323 - INFO -  Scoring full pool: 9811 candidates
2025-06-04 07:51:19,902 - INFO -  GP predict time: 25.579s
2025-06-04 07:51:19,902 - INFO -   EHVI: 9811 candidates with 500 MC samples
2025-06-04 07:55:57,994 - INFO -  EHVI time: 278.091s
f1 shape: (1,)
f2 shape: (1,)
f3 shape: (1,)
2025-06-04 07:55:57,997 - INFO -  Selected idx=9544 (CC1CN(C(C)CO)C(=O)c2cc(NC(=O)Nc3ccccc3)ccc2OC1CN(C)S(=O)(=O)c1ccc(Cl)cc1) → [1.         0.23608079 0.87135351]
2025-06-04 07:55:58,944 - INFO -  Hypervolume: 0.3670
2025-06-04 07:55:58,944 - INFO - 
--- Iter 180 (train size (190, 3)) ---
2025-06-04 07:55:58,945 - INFO -  Inferred reference point at iter 180: [-0.09999112271082096, 0.040204678362573104, -0.09487384257379343]
2025-06-04 07:55:58,958 - INFO -  Scoring full pool: 9810 candidates
2025-06-04 07:56:24,731 - INFO -  GP predict time: 25.772s
2025-06-04 07:56:24,731 - INFO -   EHVI: 9810 candidates with 500 MC samples
2025-06-04 08:01:02,649 - INFO -  EHVI time: 277.918s
f1 shape: (1,)
f2 shape: (1,)
f3 shape: (1,)
2025-06-04 08:01:02,652 - INFO -  Selected idx=4923 (CSCCC(NC(=O)c1cccc(S(=O)(=O)N2CCN(C(C)=O)CC2)c1)c1nc2ccccc2[nH]1) → [1.         0.22040302 1.        ]
2025-06-04 08:01:03,036 - INFO -  Hypervolume: 0.3670
2025-06-04 08:01:03,036 - INFO - 
--- Iter 181 (train size (191, 3)) ---
2025-06-04 08:01:03,036 - INFO -  Inferred reference point at iter 181: [-0.09999112271082096, 0.040204678362573104, -0.09487384257379343]
2025-06-04 08:01:03,050 - INFO -  Scoring full pool: 9809 candidates
2025-06-04 08:01:28,863 - INFO -  GP predict time: 25.813s
2025-06-04 08:01:28,863 - INFO -   EHVI: 9809 candidates with 500 MC samples
2025-06-04 08:06:05,909 - INFO -  EHVI time: 277.046s
f1 shape: (1,)
f2 shape: (1,)
f3 shape: (1,)
2025-06-04 08:06:05,912 - INFO -  Selected idx=4374 (NS(=O)(=O)c1ccc(NC(=O)NC(Cc2ccccc2)C(=O)O)cc1) → [1.         0.15163297 1.        ]
2025-06-04 08:06:06,880 - INFO -  Hypervolume: 0.3670
2025-06-04 08:06:06,880 - INFO - 
--- Iter 182 (train size (192, 3)) ---
2025-06-04 08:06:06,880 - INFO -  Inferred reference point at iter 182: [-0.09999112271082096, 0.040204678362573104, -0.09487384257379343]
2025-06-04 08:06:06,895 - INFO -  Scoring full pool: 9808 candidates
2025-06-04 08:06:32,571 - INFO -  GP predict time: 25.676s
2025-06-04 08:06:32,571 - INFO -   EHVI: 9808 candidates with 500 MC samples
2025-06-04 08:11:10,640 - INFO -  EHVI time: 278.070s
f1 shape: (1,)
f2 shape: (1,)
f3 shape: (1,)
2025-06-04 08:11:10,643 - INFO -  Selected idx=4297 (CCNC(=O)NS(=O)(=O)c1ccc(Oc2c(F)cc(C=C(C)C(=O)N=C(N)N)cc2F)cc1) → [1.         0.12596899 1.        ]
2025-06-04 08:11:11,582 - INFO -  Hypervolume: 0.3670
2025-06-04 08:11:11,582 - INFO - 
--- Iter 183 (train size (193, 3)) ---
2025-06-04 08:11:11,582 - INFO -  Inferred reference point at iter 183: [-0.09999112271082096, 0.040204678362573104, -0.09487384257379343]
2025-06-04 08:11:11,597 - INFO -  Scoring full pool: 9807 candidates
2025-06-04 08:11:37,582 - INFO -  GP predict time: 25.985s
2025-06-04 08:11:37,582 - INFO -   EHVI: 9807 candidates with 500 MC samples
2025-06-04 08:16:15,118 - INFO -  EHVI time: 277.536s
f1 shape: (1,)
f2 shape: (1,)
f3 shape: (1,)
2025-06-04 08:16:15,121 - INFO -  Selected idx=7879 (CCN1CCCC1CNC(=O)Cn1cnc2ccc(S(=O)(=O)N3CCC(C)CC3)cc2c1=O) → [1.         0.23849797 1.        ]
2025-06-04 08:16:15,519 - INFO -  Hypervolume: 0.3670
2025-06-04 08:16:15,519 - INFO - 
--- Iter 184 (train size (194, 3)) ---
2025-06-04 08:16:15,519 - INFO -  Inferred reference point at iter 184: [-0.09999112271082096, 0.040204678362573104, -0.09487384257379343]
2025-06-04 08:16:15,534 - INFO -  Scoring full pool: 9806 candidates
2025-06-04 08:16:41,695 - INFO -  GP predict time: 26.161s
2025-06-04 08:16:41,695 - INFO -   EHVI: 9806 candidates with 500 MC samples
2025-06-04 08:21:17,881 - INFO -  EHVI time: 276.186s
f1 shape: (1,)
f2 shape: (1,)
f3 shape: (1,)
2025-06-04 08:21:17,884 - INFO -  Selected idx=4624 (CCOc1cccc(-c2ccc(C3CCN(S(=O)(=O)C(C)(C)C(=O)NO)CC3)cc2C)c1) → [1.         0.29927007 1.        ]
2025-06-04 08:21:18,836 - INFO -  Hypervolume: 0.3672
2025-06-04 08:21:18,836 - INFO - 
--- Iter 185 (train size (195, 3)) ---
2025-06-04 08:21:18,836 - INFO -  Inferred reference point at iter 185: [-0.09999112271082096, 0.040204678362573104, -0.09487384257379343]
2025-06-04 08:21:18,851 - INFO -  Scoring full pool: 9805 candidates
2025-06-04 08:21:45,604 - INFO -  GP predict time: 26.753s
2025-06-04 08:21:45,604 - INFO -   EHVI: 9805 candidates with 500 MC samples
2025-06-04 08:25:40,335 - INFO -  EHVI time: 234.730s
f1 shape: (1,)
f2 shape: (1,)
f3 shape: (1,)
2025-06-04 08:25:40,337 - INFO -  Selected idx=1845 (COc1cc(C(F)(F)F)ccc1N1CCOc2cc(S(=O)(=O)Nc3nccs3)ccc21) → [0.65253663 0.16469038 0.88170158]
2025-06-04 08:25:41,328 - INFO -  Hypervolume: 0.3672
2025-06-04 08:25:41,328 - INFO - 
--- Iter 186 (train size (196, 3)) ---
2025-06-04 08:25:41,328 - INFO -  Inferred reference point at iter 186: [-0.09999112271082096, 0.040204678362573104, -0.09487384257379343]
2025-06-04 08:25:41,343 - INFO -  Scoring full pool: 9804 candidates
2025-06-04 08:26:08,265 - INFO -  GP predict time: 26.923s
2025-06-04 08:26:08,266 - INFO -   EHVI: 9804 candidates with 500 MC samples
2025-06-04 08:30:01,862 - INFO -  EHVI time: 233.596s
f1 shape: (1,)
f2 shape: (1,)
f3 shape: (1,)
2025-06-04 08:30:01,864 - INFO -  Selected idx=5244 (CC(C(=O)NCCN)N1CCC(NS(=O)(=O)c2ccc3cc(Cl)ccc3c2)C1=O) → [1.         0.20622287 1.        ]
2025-06-04 08:30:02,966 - INFO -  Hypervolume: 0.3672
2025-06-04 08:30:02,966 - INFO - 
--- Iter 187 (train size (197, 3)) ---
2025-06-04 08:30:02,966 - INFO -  Inferred reference point at iter 187: [-0.09999112271082096, 0.040204678362573104, -0.09487384257379343]
2025-06-04 08:30:02,981 - INFO -  Scoring full pool: 9803 candidates
2025-06-04 08:30:30,051 - INFO -  GP predict time: 27.070s
2025-06-04 08:30:30,052 - INFO -   EHVI: 9803 candidates with 500 MC samples
2025-06-04 08:34:24,463 - INFO -  EHVI time: 234.411s
f1 shape: (1,)
f2 shape: (1,)
f3 shape: (1,)
2025-06-04 08:34:24,465 - INFO -  Selected idx=3891 (CC(C)(C)C(=O)CN1C(=O)N(CC(=O)Nc2cccc(C(=O)O)c2)N=C(C2CCCCCC2)c2ccccc21) → [1.         0.31755196 0.29839907]
2025-06-04 08:34:24,881 - INFO -  Hypervolume: 0.3674
2025-06-04 08:34:24,881 - INFO - 
--- Iter 188 (train size (198, 3)) ---
2025-06-04 08:34:24,881 - INFO -  Inferred reference point at iter 188: [-0.09999112271082096, 0.040204678362573104, -0.09487384257379343]
2025-06-04 08:34:24,896 - INFO -  Scoring full pool: 9802 candidates
2025-06-04 08:34:52,141 - INFO -  GP predict time: 27.244s
2025-06-04 08:34:52,141 - INFO -   EHVI: 9802 candidates with 500 MC samples
2025-06-04 08:39:28,730 - INFO -  EHVI time: 276.589s
f1 shape: (1,)
f2 shape: (1,)
f3 shape: (1,)
2025-06-04 08:39:28,732 - INFO -  Selected idx=3266 (CCCCC(N)C(=O)Nc1cc(C(=O)NC(Cc2c[nH]c3ccccc23)C(=O)O)ccc1N) → [1.         0.20833333 1.        ]
2025-06-04 08:39:29,152 - INFO -  Hypervolume: 0.3674
2025-06-04 08:39:29,152 - INFO - 
--- Iter 189 (train size (199, 3)) ---
2025-06-04 08:39:29,153 - INFO -  Inferred reference point at iter 189: [-0.09999112271082096, 0.040204678362573104, -0.09487384257379343]
2025-06-04 08:39:29,168 - INFO -  Scoring full pool: 9801 candidates
2025-06-04 08:39:56,028 - INFO -  GP predict time: 26.860s
2025-06-04 08:39:56,028 - INFO -   EHVI: 9801 candidates with 500 MC samples
2025-06-04 08:44:32,841 - INFO -  EHVI time: 276.813s
f1 shape: (1,)
f2 shape: (1,)
f3 shape: (1,)
2025-06-04 08:44:32,844 - INFO -  Selected idx=4725 (CC(=O)C1=C(O)C(=C(O)Nc2ccc(C)cc2)C(=O)OC1=O) → [1.         0.08816614 1.        ]
2025-06-04 08:44:33,832 - INFO -  Hypervolume: 0.3674
2025-06-04 08:44:33,832 - INFO - 
--- Iter 190 (train size (200, 3)) ---
2025-06-04 08:44:33,832 - INFO -  Inferred reference point at iter 190: [-0.09999112271082096, 0.040204678362573104, -0.09487384257379343]
2025-06-04 08:44:33,847 - INFO -  Scoring full pool: 9800 candidates
2025-06-04 08:45:00,746 - INFO -  GP predict time: 26.899s
2025-06-04 08:45:00,747 - INFO -   EHVI: 9800 candidates with 500 MC samples
2025-06-04 08:49:38,226 - INFO -  EHVI time: 277.480s
f1 shape: (1,)
f2 shape: (1,)
f3 shape: (1,)
2025-06-04 08:49:38,229 - INFO -  Selected idx=7271 (COc1cc(CN(C(=O)c2ccc(OC(C)C)cc2)C2CCS(=O)(=O)C2)cc(OC)c1OC) → [1.         0.22799745 1.        ]
2025-06-04 08:49:39,263 - INFO -  Hypervolume: 0.3674
2025-06-04 08:49:39,264 - INFO - 
--- Iter 191 (train size (201, 3)) ---
2025-06-04 08:49:39,264 - INFO -  Inferred reference point at iter 191: [-0.09999112271082096, 0.040204678362573104, -0.09487384257379343]
2025-06-04 08:49:39,280 - INFO -  Scoring full pool: 9799 candidates
2025-06-04 08:50:06,319 - INFO -  GP predict time: 27.040s
2025-06-04 08:50:06,320 - INFO -   EHVI: 9799 candidates with 500 MC samples
2025-06-04 08:54:41,640 - INFO -  EHVI time: 275.320s
f1 shape: (1,)
f2 shape: (1,)
f3 shape: (1,)
2025-06-04 08:54:41,643 - INFO -  Selected idx=931 (COc1ccc(S(=O)(=O)N2CCOCC2)cc1C(=O)Nc1ccc2c(c1)OCO2) → [1.         0.23527299 1.        ]
2025-06-04 08:54:42,887 - INFO -  Hypervolume: 0.3674
2025-06-04 08:54:42,887 - INFO - 
--- Iter 192 (train size (202, 3)) ---
2025-06-04 08:54:42,887 - INFO -  Inferred reference point at iter 192: [-0.09999112271082096, 0.040204678362573104, -0.09487384257379343]
2025-06-04 08:54:42,903 - INFO -  Scoring full pool: 9798 candidates
2025-06-04 08:55:10,693 - INFO -  GP predict time: 27.790s
2025-06-04 08:55:10,693 - INFO -   EHVI: 9798 candidates with 500 MC samples
2025-06-04 08:59:46,574 - INFO -  EHVI time: 275.881s
f1 shape: (1,)
f2 shape: (1,)
f3 shape: (1,)
2025-06-04 08:59:46,577 - INFO -  Selected idx=7819 (CCC(C)NC(=O)C(NS(=O)(=O)c1ccc2c(c1)c(=O)n(C)c(=O)n2C)c1ccccc1) → [1.         0.16229713 1.        ]
2025-06-04 08:59:47,822 - INFO -  Hypervolume: 0.3674
2025-06-04 08:59:47,822 - INFO - 
--- Iter 193 (train size (203, 3)) ---
2025-06-04 08:59:47,822 - INFO -  Inferred reference point at iter 193: [-0.09999112271082096, 0.040204678362573104, -0.09487384257379343]
2025-06-04 08:59:47,838 - INFO -  Scoring full pool: 9797 candidates
2025-06-04 09:00:15,301 - INFO -  GP predict time: 27.463s
2025-06-04 09:00:15,301 - INFO -   EHVI: 9797 candidates with 500 MC samples
2025-06-04 09:04:52,971 - INFO -  EHVI time: 277.670s
f1 shape: (1,)
f2 shape: (1,)
f3 shape: (1,)
2025-06-04 09:04:52,973 - INFO -  Selected idx=6073 (CC(=O)CC(c1ccccc1)c1c(SCC(NC(C)=O)C(=O)O)c2ccccc2oc1=O) → [1.         0.19574599 1.        ]
2025-06-04 09:04:53,414 - INFO -  Hypervolume: 0.3674
2025-06-04 09:04:53,414 - INFO - 
--- Iter 194 (train size (204, 3)) ---
2025-06-04 09:04:53,414 - INFO -  Inferred reference point at iter 194: [-0.09999112271082096, 0.040204678362573104, -0.09487384257379343]
2025-06-04 09:04:53,430 - INFO -  Scoring full pool: 9796 candidates
2025-06-04 09:05:21,322 - INFO -  GP predict time: 27.892s
2025-06-04 09:05:21,322 - INFO -   EHVI: 9796 candidates with 500 MC samples
2025-06-04 09:09:59,448 - INFO -  EHVI time: 278.126s
f1 shape: (1,)
f2 shape: (1,)
f3 shape: (1,)
2025-06-04 09:09:59,451 - INFO -  Selected idx=3959 (CC(C)CNS(=O)(=O)c1ccc(NC(=O)Cn2nc(-c3ccc(F)cc3)ccc2=O)cc1) → [1.         0.16112619 1.        ]
2025-06-04 09:09:59,896 - INFO -  Hypervolume: 0.3674
2025-06-04 09:09:59,896 - INFO - 
--- Iter 195 (train size (205, 3)) ---
2025-06-04 09:09:59,897 - INFO -  Inferred reference point at iter 195: [-0.09999112271082096, 0.040204678362573104, -0.09487384257379343]
2025-06-04 09:09:59,912 - INFO -  Scoring full pool: 9795 candidates
2025-06-04 09:10:28,009 - INFO -  GP predict time: 28.097s
2025-06-04 09:10:28,009 - INFO -   EHVI: 9795 candidates with 500 MC samples
2025-06-04 09:15:04,708 - INFO -  EHVI time: 276.699s
f1 shape: (1,)
f2 shape: (1,)
f3 shape: (1,)
2025-06-04 09:15:04,711 - INFO -  Selected idx=1138 (COC(=O)CC(NC(=O)Nc1ccc(N=Cc2cnc3nc(NC(C)=O)[nH]c(=O)c3n2)cc1)C(=O)OC) → [1.         0.11405109 1.        ]
2025-06-04 09:15:05,156 - INFO -  Hypervolume: 0.3674
2025-06-04 09:15:05,156 - INFO - 
--- Iter 196 (train size (206, 3)) ---
2025-06-04 09:15:05,156 - INFO -  Inferred reference point at iter 196: [-0.09999112271082096, 0.040204678362573104, -0.09487384257379343]
2025-06-04 09:15:05,172 - INFO -  Scoring full pool: 9794 candidates
2025-06-04 09:15:32,874 - INFO -  GP predict time: 27.702s
2025-06-04 09:15:32,874 - INFO -   EHVI: 9794 candidates with 500 MC samples
2025-06-04 09:20:09,143 - INFO -  EHVI time: 276.269s
f1 shape: (1,)
f2 shape: (1,)
f3 shape: (1,)
2025-06-04 09:20:09,146 - INFO -  Selected idx=160 (COc1cc2nc(N3CCN(S(=O)(=O)c4ccc(Br)cc4)CC3)nc(N)c2cc1OC) → [1.         0.20200276 1.        ]
2025-06-04 09:20:09,598 - INFO -  Hypervolume: 0.3674
2025-06-04 09:20:09,598 - INFO - 
--- Iter 197 (train size (207, 3)) ---
2025-06-04 09:20:09,598 - INFO -  Inferred reference point at iter 197: [-0.09999112271082096, 0.040204678362573104, -0.09487384257379343]
2025-06-04 09:20:09,614 - INFO -  Scoring full pool: 9793 candidates
2025-06-04 09:20:37,418 - INFO -  GP predict time: 27.803s
2025-06-04 09:20:37,418 - INFO -   EHVI: 9793 candidates with 500 MC samples
2025-06-04 09:25:13,987 - INFO -  EHVI time: 276.569s
f1 shape: (1,)
f2 shape: (1,)
f3 shape: (1,)
2025-06-04 09:25:13,990 - INFO -  Selected idx=268 (O=C(CCNC(=O)C1CCN(S(=O)(=O)c2ccccc2)CC1)NCc1cccc(C(F)(F)F)c1) → [1.         0.25539568 1.        ]
2025-06-04 09:25:15,064 - INFO -  Hypervolume: 0.3674
2025-06-04 09:25:15,064 - INFO - 
--- Iter 198 (train size (208, 3)) ---
2025-06-04 09:25:15,064 - INFO -  Inferred reference point at iter 198: [-0.09999112271082096, 0.040204678362573104, -0.09487384257379343]
2025-06-04 09:25:15,080 - INFO -  Scoring full pool: 9792 candidates
2025-06-04 09:25:43,182 - INFO -  GP predict time: 28.102s
2025-06-04 09:25:43,182 - INFO -   EHVI: 9792 candidates with 500 MC samples
2025-06-04 09:30:19,483 - INFO -  EHVI time: 276.301s
f1 shape: (1,)
f2 shape: (1,)
f3 shape: (1,)
2025-06-04 09:30:19,486 - INFO -  Selected idx=9063 (CCCCN(CCCC)C(=O)CN1CC(c2ccc3c(c2)OCCO3)C(C(=O)O)C1c1ccc(OC)cc1) → [0.9893986  0.34622302 0.76245169]
2025-06-04 09:30:19,947 - INFO -  Hypervolume: 0.3765
2025-06-04 09:30:19,947 - INFO - 
--- Iter 199 (train size (209, 3)) ---
2025-06-04 09:30:19,947 - INFO -  Inferred reference point at iter 199: [-0.09999112271082096, 0.040204678362573104, -0.09487384257379343]
2025-06-04 09:30:19,964 - INFO -  Scoring full pool: 9791 candidates
2025-06-04 09:30:48,161 - INFO -  GP predict time: 28.197s
2025-06-04 09:30:48,161 - INFO -   EHVI: 9791 candidates with 500 MC samples
2025-06-04 09:35:25,319 - INFO -  EHVI time: 277.157s
f1 shape: (1,)
f2 shape: (1,)
f3 shape: (1,)
2025-06-04 09:35:25,321 - INFO -  Selected idx=1298 (COc1ccccc1-c1cc(N)n(S(=O)(=O)c2ccc(F)c(C)c2)n1) → [0.96182717 0.11530015 1.        ]
2025-06-04 09:35:26,362 - INFO -  Hypervolume: 0.3765
2025-06-04 09:35:26,430 - INFO - 
Final Pareto front points: [[0.9835743958876585, 0.3217628705148206, 1.0], [0.5430724730991606, 0.3618421052631579, 1.0], [1.0, 0.2992700729927007, 1.0], [1.0, 0.31755196304849886, 0.2983990721721557], [0.9893985952395278, 0.3462230215827338, 0.7624516937244088]]
2025-06-04 09:35:26,430 - INFO - Final Pareto front SMILES: [None, None, None, None, None]
